accident_id;lieu_id;date_id;cause_id;lum_id;intemp_id;etat_surface_id;impliq_id;nb_blesses_graves;nb_blesses_legers;nb_indemnes;gravite;nb_morts;nb_impliqués
1113;13296;1113;71;2;7;7;6;0;1;1;1;0;2
1114;13297;1114;67;1;1;7;6;0;2;3;1;0;5
1115;13299;1115;64;3;1;7;5;0;1;1;1;0;2
1116;13312;1116;51;1;1;7;6;0;1;2;1;0;3
1117;13312;1117;52;3;3;2;6;1;1;0;2;0;2
1118;13312;1118;23;1;1;7;5;0;1;1;1;0;2
1119;13312;1119;21;1;1;7;3;0;2;0;1;0;2
1120;13312;1120;51;1;1;7;6;0;3;4;1;0;7
1121;13312;1121;52;1;3;1;0;0;1;1;1;0;2
1122;13312;1122;52;1;1;7;6;0;1;2;1;0;3
1123;13313;1123;71;1;1;7;6;0;1;1;1;0;2
1124;13313;1124;51;1;3;1;6;0;1;3;1;0;4
1125;13313;1125;23;1;2;1;6;0;2;1;1;0;3
1126;13313;1126;71;3;1;7;6;1;0;1;2;0;2
1127;13313;1127;51;2;3;1;6;0;2;1;1;0;3
1128;13313;1128;51;1;1;1;6;0;2;3;1;0;5
1129;13313;1129;71;3;3;1;6;1;0;1;2;0;2
1130;13314;1130;52;3;3;1;0;0;1;0;1;0;1
1131;13328;1131;74;3;1;7;3;0;1;1;1;0;2
1132;13328;1132;41;1;1;6;2;0;1;1;1;0;2
1133;13329;1133;74;1;1;2;4;0;1;1;1;0;2
1134;13334;1134;71;1;3;2;6;0;1;1;1;0;2
1135;13334;1135;52;1;1;7;7;1;0;1;2;0;2
1136;13334;1136;72;1;1;7;6;0;1;1;1;0;2
1137;13334;1137;21;1;1;7;6;0;1;1;1;0;2
1138;13334;1138;51;1;1;7;6;0;1;1;1;0;2
1139;13334;1139;71;2;1;7;6;1;0;1;2;0;2
1140;13336;1140;61;1;1;7;3;0;1;1;1;0;2
1141;13338;1141;64;1;1;7;6;0;1;1;1;0;2
1142;13338;1142;26;3;1;7;2;0;2;1;1;0;3
1143;13338;1143;71;1;1;7;6;0;1;1;1;0;2
1144;13338;1144;26;5;3;1;2;0;1;1;1;0;2
1145;13338;1145;26;3;1;7;1;0;1;1;1;0;2
1146;13339;1146;71;1;3;1;6;0;1;1;1;0;2
1147;13339;1147;52;1;3;1;6;0;1;1;1;0;2
1148;13341;1148;52;1;1;7;7;0;1;1;1;0;2
1149;13343;1149;36;1;1;7;6;0;1;1;1;0;2
1150;13343;1150;61;2;1;7;3;0;1;1;1;0;2
1151;13345;1151;52;1;1;7;6;0;1;1;1;0;2
1152;13345;1152;25;3;3;1;6;0;1;2;1;0;3
1153;13346;1153;64;3;1;7;5;0;1;1;1;0;2
1154;13349;1154;51;3;1;7;6;0;1;1;1;0;2
1155;13358;1155;21;1;1;7;6;0;2;1;1;0;3
1156;13368;1156;71;3;1;2;6;0;0;1;3;0;1
1157;13368;1157;72;3;1;2;6;1;0;1;2;0;2
1158;13373;1158;52;3;1;2;6;0;2;1;1;0;3
1159;13374;1159;52;1;3;1;6;0;1;2;1;0;3
1160;13376;1160;51;1;1;7;6;0;1;1;1;0;2
1161;13385;1161;51;1;1;7;0;0;1;0;1;0;1
1162;13403;1162;27;1;1;7;4;0;1;0;1;0;1
1163;13408;1163;51;1;3;2;6;0;1;1;1;0;2
1164;13408;1164;25;1;1;7;6;0;1;1;1;0;2
1165;13408;1165;25;1;1;7;6;1;0;1;2;0;2
1166;13408;1166;71;1;1;7;6;0;1;1;1;0;2
1167;13409;1167;72;1;1;7;6;0;2;1;1;0;3
1168;13413;1168;72;1;1;7;6;0;1;1;1;0;2
1169;13414;1169;25;1;1;7;7;0;1;1;1;0;2
1170;13421;1170;26;1;1;7;2;0;1;1;1;0;2
1171;13421;1171;71;1;1;7;6;0;1;1;1;0;2
1172;13422;1172;52;3;1;7;6;0;1;0;1;0;1
1173;13422;1173;32;1;1;7;6;0;1;2;1;0;3
1174;13422;1174;51;1;1;7;6;0;2;1;1;0;3
1175;13422;1175;71;3;3;1;6;0;1;1;1;0;2
1176;13424;1176;71;1;3;1;6;0;1;1;1;0;2
1177;13426;1177;71;3;1;7;6;1;0;1;2;0;2
1178;13426;1178;26;2;1;7;2;0;1;1;1;0;2
1179;13426;1179;25;3;1;7;6;0;1;1;1;0;2
1180;13426;1180;25;1;1;7;6;0;1;0;1;0;1
1181;13426;1181;51;3;3;1;6;0;1;4;1;0;5
1182;13428;1182;71;3;3;2;6;1;0;1;2;0;2
1183;13428;1183;64;1;1;7;5;0;2;1;1;0;3
1184;13428;1184;72;1;1;7;6;1;0;1;2;0;2
1185;13428;1185;67;1;1;7;4;0;1;1;1;0;2
1186;13428;1186;23;3;1;7;6;0;1;1;1;0;2
1187;13428;1187;81;1;1;7;6;0;4;0;1;0;4
1188;13428;1188;21;1;3;1;6;0;2;0;1;0;2
1189;13428;1189;63;3;1;7;4;0;1;1;1;0;2
1190;13429;1190;67;1;1;7;6;0;1;1;1;0;2
1191;13429;1191;52;3;1;7;6;0;1;1;1;0;2
1192;13429;1192;51;1;1;7;6;0;1;1;1;0;2
1193;13430;1193;72;1;1;7;4;0;1;1;1;0;2
1194;13430;1194;71;1;3;2;6;0;1;1;1;0;2
1195;13430;1195;26;1;1;7;1;0;1;1;1;0;2
1196;13430;1196;61;1;1;7;3;0;1;1;1;0;2
1197;13430;1197;72;2;3;1;6;0;1;1;1;0;2
1198;13430;1198;52;3;1;7;0;0;1;1;1;0;2
1199;13430;1199;51;3;1;1;6;0;1;0;1;0;1
1200;13430;1200;51;3;2;1;6;0;1;1;1;0;2
1201;13430;1201;51;1;1;7;6;0;1;1;1;0;2
1202;13431;1202;51;1;1;7;6;0;1;1;1;0;2
1203;13432;1203;26;2;1;7;1;0;1;1;1;0;2
1204;13432;1204;25;1;1;7;6;0;1;1;1;0;2
1205;13432;1205;72;1;1;7;5;0;1;1;1;0;2
1206;13432;1206;51;3;1;7;6;0;1;1;1;0;2
1207;13432;1207;71;2;1;7;5;0;2;0;1;0;2
1208;13433;1208;52;3;1;4;2;1;0;3;2;0;4
1209;13433;1209;51;1;1;7;0;0;1;0;1;0;1
1210;13433;1210;71;1;1;1;6;0;1;1;1;0;2
1211;13434;1211;63;1;1;7;4;0;1;1;1;0;2
1212;13434;1212;61;3;1;7;3;0;1;1;1;0;2
1213;13435;1213;26;1;1;1;2;0;2;1;1;0;3
1214;13436;1214;72;3;1;7;5;1;0;1;2;0;2
1215;13437;1215;72;1;1;7;6;0;1;1;1;0;2
1216;13437;1216;26;1;1;7;2;0;1;1;1;0;2
1217;13437;1217;26;1;1;7;2;0;1;1;1;0;2
1218;13449;1218;72;1;1;7;6;1;0;1;2;0;2
1219;13449;1219;25;3;3;1;6;0;2;1;1;0;3
1220;13450;1220;71;1;1;7;6;0;1;1;1;0;2
1221;13456;1221;71;1;1;7;6;0;1;1;1;0;2
1222;13464;1222;25;3;1;7;6;0;1;0;1;0;1
1223;13467;1223;72;1;1;7;6;0;1;1;1;0;2
1224;13488;1224;35;1;7;7;4;0;1;1;1;0;2
1225;13488;1225;71;1;1;7;4;0;2;0;1;0;2
1226;13515;1226;72;1;1;7;6;0;1;1;1;0;2
1227;13531;1227;72;1;1;7;6;0;1;1;1;0;2
1228;13542;1228;72;1;1;7;6;0;1;1;1;0;2
1229;13542;1229;64;1;1;7;6;0;1;1;1;0;2
1230;13542;1230;23;1;1;7;3;0;1;1;1;0;2
1231;13546;1231;71;1;1;7;6;0;1;1;1;0;2
1232;13565;1232;71;1;1;7;4;0;1;1;1;0;2
1233;13568;1233;71;1;1;7;6;0;1;1;1;0;2
1234;13586;1234;25;1;1;7;6;0;2;0;1;0;2
1235;13589;1235;64;1;3;1;4;0;1;1;1;0;2
1236;13589;1236;23;1;1;7;6;0;1;1;1;0;2
1237;13603;1237;72;1;1;7;6;0;1;1;1;0;2
1238;13603;1238;72;1;1;7;6;1;0;2;2;0;3
1239;13603;1239;21;1;1;7;5;0;1;1;1;0;2
1240;13604;1240;23;3;1;7;4;0;1;1;1;0;2
1241;13607;1241;51;1;1;7;4;1;0;1;2;0;2
1242;13607;1242;52;2;1;7;0;0;1;1;1;0;2
1243;13607;1243;51;3;1;7;6;0;1;1;1;0;2
1244;13607;1244;25;1;1;7;6;0;1;1;1;0;2
1245;13607;1245;61;1;1;7;4;0;1;1;1;0;2
1246;13609;1246;51;1;1;7;6;0;1;1;1;0;2
1247;13615;1247;51;1;4;4;4;0;1;1;1;0;2
1248;13616;1248;64;1;1;7;6;0;1;1;1;0;2
1249;13617;1249;26;1;1;7;2;0;1;1;1;0;2
1250;13617;1250;51;1;1;7;6;1;0;1;2;0;2
1251;13617;1251;26;3;1;7;2;1;0;1;2;0;2
1252;13617;1252;26;1;1;7;2;0;1;1;1;0;2
1253;13617;1253;51;3;1;1;0;0;1;0;1;0;1
1254;13617;1254;51;1;1;7;6;0;3;1;1;0;4
1255;13617;1255;51;1;1;7;6;0;1;1;1;0;2
1256;13617;1256;71;1;2;1;6;0;1;1;1;0;2
1257;13617;1257;25;3;6;1;6;0;1;1;1;0;2
1258;13617;1258;26;1;1;7;2;0;1;1;1;0;2
1259;13618;1259;26;1;1;7;2;0;1;1;1;0;2
1260;13618;1260;63;1;1;7;4;0;1;0;1;0;1
1261;13651;1261;72;1;1;7;6;1;0;1;2;0;2
1262;13655;1262;72;1;1;7;6;0;1;1;1;0;2
1263;13666;1263;72;1;1;7;6;0;1;1;1;0;2
1264;13667;1264;21;3;1;7;4;1;0;1;2;0;2
1265;13670;1265;51;1;1;7;6;1;0;2;2;0;3
1266;13670;1266;71;1;1;7;6;0;1;1;1;0;2
1267;13670;1267;99;1;3;1;3;0;2;0;1;0;2
1268;13671;1268;72;3;1;7;6;1;0;1;2;0;2
1269;13673;1269;52;1;1;2;0;0;3;0;1;0;3
1270;13688;1270;41;1;1;7;6;1;0;1;2;0;2
1271;13688;1271;72;1;1;1;6;1;0;1;2;0;2
1272;13691;1272;32;3;1;7;6;0;1;1;1;0;2
1273;13692;1273;51;3;1;7;6;0;3;0;1;0;3
1274;13693;1274;72;1;1;7;6;0;0;1;3;0;1
1275;13693;1275;99;3;1;1;9;0;1;0;1;0;1
1276;13695;1276;72;3;1;2;6;0;0;1;3;0;1
1277;13695;1277;51;1;1;7;7;0;3;1;1;0;4
1278;13695;1278;35;3;1;7;4;0;1;1;1;0;2
1279;13695;1279;25;3;1;7;6;0;1;1;1;0;2
1280;13695;1280;11;1;1;1;6;0;1;1;1;0;2
1281;13715;1281;20;1;1;7;2;0;1;1;1;0;2
1282;13716;1282;71;1;3;2;6;0;1;1;1;0;2
1283;13718;1283;63;1;1;7;4;0;1;1;1;0;2
1284;13729;1284;14;1;1;7;6;0;1;1;1;0;2
1285;13772;1285;64;1;1;7;6;0;1;1;1;0;2
1286;13772;1286;18;1;1;2;6;0;1;1;1;0;2
1287;13772;1287;20;1;1;7;2;0;1;1;1;0;2
1288;13773;1288;18;1;1;7;6;0;1;1;1;0;2
1289;13776;1289;21;1;3;2;6;1;0;1;2;0;2
1290;13776;1290;72;1;1;7;6;1;1;0;2;0;2
1291;13777;1291;64;3;1;7;6;1;1;1;2;0;3
1292;13777;1292;36;1;3;2;7;0;0;1;3;0;1
1293;13777;1293;51;1;1;7;6;0;1;3;1;0;4
1294;13777;1294;51;1;3;1;6;0;2;0;1;0;2
1295;13777;1295;21;1;3;1;6;0;1;1;1;0;2
1296;14377;1296;22;1;1;2;6;0;1;3;1;0;4
1297;14399;1297;52;1;1;7;0;0;0;0;3;0;0
1298;14399;1298;52;1;1;7;6;1;0;2;2;0;3
1299;14399;1299;52;1;3;1;3;0;1;1;1;0;2
1300;14399;1300;52;5;7;1;0;1;3;0;2;0;4
1301;14399;1301;52;1;2;1;0;0;2;3;1;0;5
1302;14399;1302;52;2;3;1;0;0;0;0;3;0;0
1303;14399;1303;52;1;1;1;0;0;0;0;3;0;0
1304;14407;1304;81;3;1;7;6;1;0;1;2;0;2
1305;14427;1305;52;1;4;4;0;1;0;2;2;0;3
1306;14431;1306;82;1;1;7;6;1;0;1;2;0;2
1307;14443;1307;65;1;1;7;3;0;1;1;1;0;2
1308;14443;1308;52;1;6;4;6;1;2;0;2;0;3
1309;14443;1309;52;5;2;2;0;2;0;0;2;0;2
1310;14443;1310;21;1;1;7;6;3;0;0;3;2;5
1311;14537;1311;52;1;6;7;7;0;1;0;3;0;1
1312;14564;1312;81;5;1;7;6;1;0;1;2;0;2
1313;15122;1313;32;1;1;7;6;0;1;1;1;0;2
1314;15123;1314;63;3;1;7;4;0;1;1;1;0;2
1315;15151;1315;52;1;3;1;0;0;1;1;1;0;2
1316;15159;1316;26;1;1;7;3;0;1;1;1;0;2
1317;15159;1317;21;1;1;7;6;2;0;0;2;0;2
1318;15160;1318;81;5;1;7;0;0;2;0;1;0;2
1319;15160;1319;36;1;1;2;6;0;4;0;1;0;4
1320;15167;1320;71;2;1;7;6;1;0;0;2;0;1
1321;15169;1321;81;3;1;7;6;0;2;0;1;0;2
1322;15183;1322;52;3;1;7;6;0;1;2;1;0;3
1323;15194;1323;72;1;1;7;6;0;1;1;1;0;2
1324;15220;1324;64;1;1;7;6;0;1;1;1;0;2
1325;15234;1325;21;1;3;2;3;0;2;1;1;0;3
1326;15234;1326;52;1;1;7;0;1;0;0;2;0;1
1327;15235;1327;52;1;4;4;6;0;2;0;1;0;2
1328;15236;1328;52;1;3;5;6;1;0;0;3;0;1
1329;15237;1329;52;3;1;7;0;1;0;0;2;0;1
1330;15237;1330;21;1;1;7;6;0;1;1;1;0;2
1331;15237;1331;52;1;3;2;0;0;2;0;1;0;2
1332;15239;1332;52;1;3;1;6;0;2;1;1;0;3
1333;15239;1333;52;1;3;1;6;0;3;1;1;0;4
1334;15239;1334;21;5;1;7;5;1;0;0;2;0;1
1335;15245;1335;52;3;6;7;0;0;2;2;1;0;4
1336;15248;1336;52;1;3;2;0;1;0;0;2;0;1
1337;15259;1337;52;5;1;7;2;0;1;1;1;0;2
1338;15263;1338;21;1;3;2;8;0;2;0;1;0;2
1339;15264;1339;36;1;1;7;6;0;4;0;1;0;4
1340;15266;1340;64;1;2;2;6;0;1;1;1;0;2
1341;15267;1341;64;1;1;7;6;0;1;1;1;0;2
1342;15298;1342;52;1;1;7;0;1;0;0;2;0;1
1343;15298;1343;21;1;3;2;6;1;1;0;2;0;2
1344;15315;1344;21;1;3;2;6;0;1;1;1;0;2
1345;15911;1345;27;2;1;7;6;1;0;0;2;0;1
1346;15911;1346;23;1;6;7;5;0;1;3;1;0;4
1347;15911;1347;26;3;1;7;2;1;0;1;2;0;2
1348;15922;1348;36;1;1;7;4;1;0;1;2;0;2
1349;15925;1349;81;1;1;7;6;0;2;1;1;0;3
1350;15930;1350;67;1;1;7;5;0;1;1;1;0;2
1351;15960;1351;72;3;2;1;6;1;0;1;2;0;2
1352;15984;1352;18;1;1;7;5;0;1;1;1;0;2
1353;15991;1353;51;3;1;7;6;1;0;2;2;0;3
1354;16001;1354;26;1;1;7;2;0;1;0;1;0;1
1355;16584;1355;35;1;1;7;4;0;1;1;1;0;2
1356;16591;1356;71;1;1;7;6;1;0;1;2;0;2
1357;16594;1357;52;1;1;1;6;0;2;3;1;0;5
1358;16608;1358;52;1;1;7;0;0;1;0;1;0;1
1359;16611;1359;81;5;1;7;0;1;0;0;2;0;1
1360;16611;1360;81;1;1;7;0;1;0;0;2;0;1
1361;16642;1361;28;1;1;7;9;1;0;1;2;0;2
1362;16642;1362;52;5;1;7;0;1;0;0;2;0;1
1363;16649;1363;81;5;1;7;0;0;1;0;1;0;1
1364;16696;1364;18;1;1;7;6;0;1;1;1;0;2
1365;16696;1365;51;1;3;1;6;0;1;1;1;0;2
1366;16712;1366;52;3;1;7;0;1;0;1;2;0;2
1367;16712;1367;67;1;1;7;5;1;0;1;2;0;2
1368;16712;1368;71;1;1;7;8;1;0;1;2;0;2
1369;16733;1369;52;5;1;7;0;0;2;0;1;0;2
1370;16733;1370;21;5;1;7;6;0;2;0;1;0;2
1371;16734;1371;71;1;1;7;6;0;1;2;1;0;3
1372;16734;1372;35;1;1;7;4;0;1;1;1;0;2
1373;16734;1373;52;5;1;7;0;1;1;0;2;0;2
1374;16734;1374;41;1;3;2;4;1;0;1;2;0;2
1375;16734;1375;67;1;1;7;3;0;1;1;1;0;2
1376;16734;1376;52;5;1;7;6;0;2;0;1;0;2
1377;16735;1377;18;1;1;7;4;0;1;1;1;0;2
1378;16738;1378;52;1;1;7;0;1;0;0;2;0;1
1379;16745;1379;51;1;1;7;6;0;1;1;1;0;2
1380;16760;1380;52;1;1;7;6;1;0;2;2;0;3
1381;16760;1381;51;3;2;1;6;0;2;2;1;0;4
1382;16763;1382;41;1;2;2;0;1;0;0;2;0;1
1383;16763;1383;51;3;1;7;9;0;1;1;1;0;2
1384;16763;1384;41;3;1;2;6;2;0;4;2;0;6
1385;17328;1385;81;5;1;7;0;1;0;1;2;0;2
1386;17949;1386;99;1;1;7;0;2;0;1;2;0;3
1387;17958;1387;21;3;1;7;6;0;2;6;1;0;8
1388;17959;1388;81;3;1;7;6;1;0;0;2;0;1
1389;17960;1389;21;5;1;7;7;0;1;1;3;0;2
1390;17960;1390;74;5;6;1;6;1;0;1;2;0;2
1391;17961;1391;74;1;1;7;6;0;1;1;1;0;2
1392;17961;1392;81;3;1;7;0;0;0;0;3;0;0
1393;17962;1393;23;5;1;7;6;0;2;2;1;0;4
1394;17963;1394;81;1;1;7;1;1;0;1;2;0;2
1395;17963;1395;51;1;1;7;5;0;1;1;1;0;2
1396;17964;1396;52;1;1;7;0;0;1;0;1;0;1
1397;17965;1397;81;3;1;7;0;0;1;0;1;0;1
1398;17965;1398;23;5;1;2;5;0;2;1;1;0;3
1399;17965;1399;52;3;2;1;0;1;1;0;2;0;2
1400;17966;1400;81;1;2;2;0;0;2;4;1;0;6
1401;17966;1401;21;2;3;1;7;1;0;1;2;0;2
1402;17980;1402;81;3;2;2;2;1;0;1;2;0;2
1403;17981;1403;51;1;3;2;6;1;0;1;2;0;2
1404;17982;1404;52;1;1;7;0;1;0;0;2;0;1
1405;17984;1405;72;1;1;7;4;0;2;0;1;0;2
1406;17984;1406;52;3;1;7;0;1;0;0;2;0;1
1407;17984;1407;52;3;1;7;0;4;1;0;2;0;5
1408;17985;1408;23;1;1;7;6;1;0;1;2;0;2
1409;17987;1409;25;1;1;7;6;1;0;1;2;0;2
1410;17987;1410;22;1;1;7;6;1;0;1;2;0;2
1411;17987;1411;52;3;1;1;6;0;1;1;1;0;2
1412;17988;1412;64;1;3;2;6;1;1;0;2;0;2
1413;17988;1413;26;1;1;7;2;0;1;1;1;0;2
1414;17991;1414;71;1;1;2;6;1;0;1;2;0;2
1415;17992;1415;64;1;3;2;6;1;0;1;2;0;2
1416;17992;1416;51;3;1;7;2;1;0;1;2;0;2
1417;17992;1417;26;5;1;7;2;0;0;1;3;0;1
1418;17997;1418;23;3;1;2;6;1;0;1;2;0;2
1419;17997;1419;51;3;1;7;6;0;1;1;1;0;2
1420;18003;1420;26;1;1;4;1;0;2;1;1;0;3
1421;18003;1421;71;5;3;2;6;0;1;1;1;0;2
1422;18013;1422;72;2;1;7;6;2;0;0;2;0;2
1423;18017;1423;52;5;1;7;0;1;0;0;2;0;1
1424;18019;1424;52;5;1;7;2;1;0;1;2;0;2
1425;18024;1425;81;1;1;7;0;1;0;0;2;0;1
1426;18024;1426;52;3;2;1;0;1;0;0;2;0;1
1427;18026;1427;51;2;1;7;0;1;0;0;2;0;1
1428;18026;1428;81;5;1;7;0;1;0;2;2;0;3
1429;18043;1429;71;1;1;7;6;1;0;1;2;0;2
1430;18083;1430;72;1;1;7;6;1;0;1;2;0;2
1431;18152;1431;32;1;1;7;7;1;0;1;2;0;2
1432;19378;1432;72;1;2;1;6;1;0;1;2;0;2
1433;19381;1433;21;1;1;7;6;0;1;1;1;0;2
1434;19385;1434;72;1;1;7;6;1;0;1;2;0;2
1435;19420;1435;24;1;1;7;3;1;0;1;2;0;2
1436;19438;1436;71;1;1;7;6;1;0;1;2;0;2
1437;19438;1437;71;1;1;7;6;0;1;1;1;0;2
1438;19450;1438;52;1;3;2;0;0;2;1;1;0;3
1439;19452;1439;71;1;1;7;6;0;1;1;1;0;2
1440;19457;1440;23;1;1;7;6;0;1;2;1;0;3
1441;19461;1441;71;1;1;7;6;1;0;1;2;0;2
1442;19471;1442;81;3;1;7;6;1;0;0;2;0;1
1443;19471;1443;72;1;2;1;6;1;0;1;2;0;2
1444;19490;1444;71;1;1;7;6;0;1;1;1;0;2
1445;19498;1445;64;1;1;7;6;1;0;1;2;0;2
1446;19520;1446;52;3;1;7;0;0;1;0;1;0;1
1447;19545;1447;41;1;1;7;2;1;0;1;2;0;2
1448;19547;1448;62;5;3;1;2;1;0;1;2;0;2
1449;19547;1449;71;5;1;7;6;1;0;1;2;0;2
1450;19551;1450;67;1;1;7;4;0;2;1;1;0;3
1451;19552;1451;72;1;3;1;6;0;1;1;1;0;2
1452;19618;1452;81;2;1;7;6;1;0;1;2;0;2
1453;19618;1453;23;1;1;7;6;0;1;1;1;0;2
1454;19618;1454;21;1;1;7;6;0;3;1;1;0;4
1455;19619;1455;71;1;1;7;6;1;0;1;2;0;2
1456;19622;1456;63;1;3;1;4;0;1;1;1;0;2
1457;19637;1457;72;1;1;7;5;1;1;0;2;0;2
1458;19640;1458;51;3;6;1;6;1;0;0;2;0;1
1459;19642;1459;20;1;1;7;6;0;1;1;1;0;2
1460;19643;1460;67;1;2;2;6;0;3;0;1;0;3
1461;19647;1461;26;3;1;7;2;0;1;1;1;0;2
1462;19649;1462;71;1;1;1;6;1;0;1;2;0;2
1463;19651;1463;71;1;1;7;6;1;0;1;2;0;2
1464;19680;1464;51;1;1;7;6;0;1;0;1;0;1
1465;19693;1465;51;1;3;2;6;0;1;1;1;0;2
1466;19693;1466;72;1;1;7;6;1;0;1;2;0;2
1467;19696;1467;75;1;1;7;6;1;0;1;2;0;2
1468;19696;1468;52;1;1;7;9;1;0;0;2;0;1
1469;19696;1469;72;1;1;7;6;0;1;1;1;0;2
1470;19697;1470;23;4;1;7;6;1;2;1;2;0;4
1471;19697;1471;21;1;1;7;6;0;3;0;1;0;3
1472;19700;1472;72;2;1;7;6;1;0;0;2;0;1
1473;19739;1473;52;3;1;7;0;0;2;0;1;0;2
1474;19740;1474;67;1;1;7;4;1;0;1;2;0;2
1475;19740;1475;67;1;3;1;6;0;1;1;1;0;2
1476;19774;1476;71;1;1;7;6;0;1;1;1;0;2
1477;19787;1477;52;1;1;7;6;0;1;0;1;0;1
1478;19797;1478;26;1;1;7;2;2;0;1;2;0;3
1479;19798;1479;67;2;3;1;2;1;0;1;2;0;2
1480;19852;1480;64;1;1;7;5;0;1;1;1;0;2
1481;19915;1481;71;2;1;7;6;1;0;1;2;0;2
1482;19927;1482;62;1;1;7;5;1;0;1;2;0;2
1483;19927;1483;21;1;3;1;6;0;2;0;1;0;2
1484;19963;1484;52;1;1;7;6;0;2;0;1;0;2
1485;19964;1485;74;1;1;7;6;0;0;1;3;0;1
1486;19965;1486;67;1;1;7;6;1;0;1;2;0;2
1487;19969;1487;23;1;2;2;4;1;0;1;2;0;2
1488;19973;1472;72;2;1;7;6;1;0;2;2;0;3
1489;19974;1489;64;1;1;7;6;1;0;1;2;0;2
1490;20542;1490;82;3;1;7;0;0;1;0;1;0;1
1491;20549;1491;52;1;3;1;0;0;2;0;1;0;2
1492;21212;1492;25;1;1;7;7;0;3;1;3;2;6
1493;21237;1493;81;5;1;7;6;1;3;0;2;0;4
1494;21238;1494;51;5;1;7;6;0;4;0;1;0;4
1495;21238;1495;52;1;7;7;6;1;2;1;2;0;4
1496;21238;1496;52;5;1;3;7;0;0;1;3;0;1
1497;21238;1497;52;3;1;1;0;1;1;0;2;0;2
1498;21238;1498;52;5;1;7;6;1;0;0;3;0;1
1499;21238;1499;81;1;1;7;6;1;1;0;2;0;2
1500;21238;1500;52;1;2;1;6;1;0;1;2;0;2
1501;21238;1501;36;2;1;7;6;0;3;1;1;0;4
1502;21239;1502;72;2;1;7;6;1;0;1;2;0;2
1503;21257;1503;52;5;4;4;7;1;0;1;2;0;2
1504;21258;1504;81;5;1;7;0;0;2;1;1;0;3
1505;21259;1505;53;1;1;7;0;2;0;0;2;0;2
1506;21259;1506;52;5;3;2;0;2;0;0;3;0;2
1507;21259;1507;52;5;1;4;0;0;0;0;3;0;0
1508;21259;1508;52;5;1;7;6;3;0;0;2;0;3
1509;21259;1509;52;5;1;7;0;2;1;0;2;0;3
1510;21259;1510;52;5;1;4;0;0;0;0;3;0;0
1511;21273;1511;81;5;1;7;6;0;1;5;1;0;6
1512;21905;1512;72;1;1;7;6;0;1;1;1;0;2
1513;21906;1513;52;1;3;1;0;1;2;0;2;0;3
1514;21908;1514;21;1;1;7;7;0;0;2;3;0;2
1515;21908;1515;52;3;3;2;6;1;2;0;2;0;3
1516;21908;1516;81;5;1;7;6;0;3;6;1;0;9
1517;21935;1517;51;1;1;7;3;0;1;1;3;0;2
1518;21935;1518;52;1;1;7;0;1;1;0;2;0;2
1519;21940;1519;52;5;1;7;6;1;0;1;2;0;2
1520;21940;1520;72;1;3;2;6;0;1;1;1;0;2
1521;21940;1521;71;5;3;2;6;0;1;1;1;0;2
1522;21940;1522;67;1;1;7;6;2;0;1;2;0;3
1523;21940;1523;25;1;3;1;6;1;0;1;2;0;2
1524;21943;1524;63;1;3;2;6;0;5;1;1;0;6
1525;21943;1525;81;2;3;2;4;0;1;0;3;0;1
1526;21943;1526;52;5;2;2;6;2;3;0;3;0;5
1527;21943;1527;52;1;3;2;0;1;2;0;2;0;3
1528;21943;1528;52;3;1;7;7;1;0;1;3;0;2
1529;21945;1529;81;1;1;7;7;0;1;1;1;0;2
1530;21949;1530;51;1;1;7;9;0;1;0;1;0;1
1531;21952;1531;21;3;1;7;6;1;1;0;2;0;2
1532;21953;1532;51;1;1;7;3;0;1;1;1;0;2
1533;21954;1533;52;1;1;5;0;1;0;1;2;0;2
1534;21955;1534;52;3;1;1;0;0;2;0;3;0;2
1535;21992;1535;52;1;1;7;7;4;0;2;2;0;6
1536;22063;1536;21;2;1;7;6;1;1;0;2;0;2
1537;22063;1537;81;1;1;7;0;1;1;1;2;0;3
1538;22063;1538;51;1;1;2;6;0;3;0;1;0;3
1539;22071;1539;52;1;1;7;8;1;0;0;2;0;1
1540;22655;1540;71;3;3;1;6;1;0;1;2;0;2
1541;22679;1541;21;1;2;2;6;0;1;1;1;0;2
1542;22694;1542;18;1;1;7;8;0;0;1;3;0;1
1543;22705;1543;63;3;3;2;4;0;1;1;1;0;2
1544;22715;1544;52;1;1;7;0;0;0;0;3;0;0
1545;22719;1545;21;1;3;1;6;2;1;0;3;0;3
1546;22721;1546;72;3;1;7;6;0;1;1;1;0;2
1547;22740;1547;72;1;1;7;6;1;0;1;2;0;2
1548;22749;1548;52;5;1;7;0;1;0;3;2;0;4
1549;22750;1549;52;3;2;2;0;1;0;1;3;0;2
1550;22750;1550;21;1;1;7;6;1;1;1;2;0;3
1551;22750;1551;81;1;1;7;0;0;1;0;1;0;1
1552;22750;1552;81;1;1;7;0;0;1;0;1;0;1
1553;22750;1553;52;3;3;1;6;0;1;2;1;0;3
1554;22750;1554;81;3;1;7;0;0;1;0;1;0;1
1555;22750;1555;52;5;1;7;6;1;5;0;2;0;6
1556;22751;1556;81;5;1;7;7;0;1;1;1;0;2
1557;22752;1557;99;1;1;7;7;0;0;1;3;0;1
1558;22752;1558;35;1;1;7;6;0;1;1;1;0;2
1559;22752;1559;51;1;3;1;7;0;2;3;1;0;5
1560;22752;1560;51;3;1;7;6;1;0;1;2;0;2
1561;22779;1561;52;3;1;2;0;0;2;0;1;0;2
1562;22782;1562;28;3;6;1;9;0;1;0;1;0;1
1563;22787;1563;21;3;1;2;6;1;1;0;2;0;2
1564;22787;1564;21;1;2;2;6;2;1;0;2;0;3
1565;22787;1565;65;5;1;7;7;0;1;2;1;0;3
1566;22787;1566;35;1;1;7;6;1;0;1;2;0;2
1567;22787;1567;21;1;1;7;4;1;1;0;2;0;2
1568;22787;1568;81;1;2;1;0;0;1;0;1;0;1
1569;22787;1569;52;1;1;7;6;0;3;0;1;0;3
1570;22787;1570;52;1;1;1;6;1;0;1;3;0;2
1571;22836;1571;67;1;1;7;5;1;0;1;2;0;2
1572;22843;1572;64;1;1;2;6;1;0;1;2;0;2
1573;22874;1573;52;5;1;7;0;0;2;0;1;0;2
1574;22875;1574;21;1;1;7;6;3;0;0;3;2;5
1575;22875;1575;21;1;1;7;7;1;0;1;2;0;2
1576;22881;1576;23;1;1;7;6;0;1;1;1;0;2
1577;22900;1577;51;1;1;7;9;1;0;1;2;0;2
1578;23497;1578;64;1;1;7;6;0;1;2;1;0;3
1579;23519;1579;52;2;1;7;0;1;0;1;2;0;2
1580;23526;1580;51;1;1;7;9;0;1;0;1;0;1
1581;23528;1581;52;5;1;4;0;1;0;0;2;0;1
1582;23535;1582;52;5;1;7;0;1;1;0;2;0;2