accident_id;lieu_id;date_id;cause_id;lum_id;intemp_id;etat_surface_id;impliq_id;nb_blesses_graves;nb_blesses_legers;nb_indemnes;gravite;nb_morts;nb_impliqués
2524;33705;2524;23;1;1;7;6;1;0;1;2;0;2
2525;33705;2525;26;1;3;1;3;0;1;1;1;0;2
2526;33705;2526;72;3;1;7;6;0;1;1;1;0;2
2527;33706;2527;53;1;1;7;0;0;1;0;1;0;1
2528;33710;2528;52;3;1;7;0;0;0;0;3;0;0
2529;33711;2529;25;4;1;7;6;0;1;1;1;0;2
2530;33715;2530;52;1;1;7;2;1;0;1;2;0;2
2531;33726;2531;24;1;1;7;1;0;1;1;1;0;2
2532;33726;2532;72;3;2;2;6;0;1;1;1;0;2
2533;33726;2533;52;1;1;7;6;0;1;1;1;0;2
2534;33726;2534;52;1;1;7;6;0;1;1;1;0;2
2535;33726;2535;72;1;3;1;6;0;1;1;1;0;2
2536;33743;2536;72;1;1;7;4;0;1;1;1;0;2
2537;33745;2537;24;1;1;7;3;0;1;1;1;0;2
2538;33763;2538;21;3;1;7;6;1;0;1;2;0;2
2539;33766;2539;22;2;1;1;3;0;1;1;1;0;2
2540;33767;2540;51;1;1;7;6;0;1;1;1;0;2
2541;33767;2541;26;2;1;7;2;0;1;1;1;0;2
2542;33771;2542;51;3;1;7;4;0;1;2;1;0;3
2543;33772;2543;72;1;1;7;6;0;1;1;1;0;2
2544;33775;2544;81;3;3;2;6;0;2;0;1;0;2
2545;33775;2545;72;1;1;7;6;0;1;1;1;0;2
2546;33775;2546;52;3;1;7;6;0;1;1;1;0;2
2547;33801;2547;25;1;2;2;6;0;1;1;1;0;2
2548;33819;2548;82;1;1;7;0;0;1;0;1;0;1
2549;33820;2549;72;3;1;7;6;0;1;1;1;0;2
2550;33823;2550;16;1;1;7;4;0;2;0;1;0;2
2551;33823;2551;52;3;1;7;0;0;1;0;1;0;1
2552;33841;2552;23;1;1;7;4;0;1;1;1;0;2
2553;33843;2553;36;3;3;1;3;0;1;1;1;0;2
2554;33851;2554;52;3;1;7;0;0;1;1;1;0;2
2555;33863;2555;71;3;1;7;6;0;1;1;1;0;2
2556;33866;2556;64;1;3;1;4;0;1;1;1;0;2
2557;33905;2557;71;1;1;7;6;1;0;1;2;0;2
2558;33905;2558;21;3;1;7;4;0;1;1;1;0;2
2559;33905;2559;63;1;1;7;6;0;2;0;1;0;2
2560;33905;2560;63;1;1;7;5;0;1;1;1;0;2
2561;33905;2561;72;1;1;7;6;0;1;1;1;0;2
2562;33906;2562;21;1;1;7;6;0;3;0;1;0;3
2563;33907;2563;35;1;1;7;6;1;0;1;2;0;2
2564;33907;2564;64;1;1;7;6;0;1;1;1;0;2
2565;33909;2565;51;3;3;1;3;0;1;1;1;0;2
2566;33909;2566;22;1;1;7;4;0;2;1;1;0;3
2567;33927;2567;82;3;1;7;6;0;6;2;1;0;8
2568;33933;2568;52;3;3;1;6;0;1;1;1;0;2
2569;33934;2569;51;3;3;1;3;0;1;1;1;0;2
2570;33938;2570;51;1;1;7;4;0;2;0;1;0;2
2571;33939;2571;52;1;2;2;6;0;2;0;1;0;2
2572;33939;2572;67;1;1;7;2;0;1;1;1;0;2
2573;33970;2573;72;1;1;7;6;0;1;1;1;0;2
2574;34012;2574;61;2;1;7;4;0;1;3;1;0;4
2575;34057;2575;26;1;1;7;1;0;1;1;1;0;2
2576;34066;2576;25;3;1;7;7;0;0;1;3;0;1
2577;34066;2577;52;3;1;7;0;0;2;1;1;0;3
2578;34066;2578;52;1;1;7;0;1;0;0;2;0;1
2579;34066;2579;52;1;1;1;6;0;2;1;1;0;3
2580;34066;2580;81;3;3;1;6;0;2;1;1;0;3
2581;34066;2581;66;1;1;7;4;0;1;1;1;0;2
2582;34066;2582;52;3;1;7;0;0;2;0;1;0;2
2583;34096;2583;41;3;3;1;6;0;1;1;1;0;2
2584;34109;2584;52;3;1;7;0;0;1;0;1;0;1
2585;34113;2585;72;1;1;7;6;0;1;1;1;0;2
2586;34118;2586;61;2;1;7;4;0;1;1;1;0;2
2587;34119;2587;52;1;1;7;0;0;1;0;1;0;1
2588;34119;2588;52;1;1;1;6;0;1;1;1;0;2
2589;34119;2589;21;1;3;2;6;0;1;1;1;0;2
2590;34119;2590;71;1;3;2;6;0;1;1;1;0;2
2591;34119;2591;52;1;1;7;6;0;1;1;1;0;2
2592;34121;2592;71;1;1;7;6;1;0;1;2;0;2
2593;34121;2593;64;3;1;1;4;0;1;1;1;0;2
2594;34121;2594;21;1;1;7;6;1;1;1;2;0;3
2595;34121;2595;72;1;1;7;6;0;1;1;1;0;2
2596;34124;2596;26;1;1;7;1;0;1;1;1;0;2
2597;34128;2597;21;1;1;7;6;0;2;0;1;0;2
2598;34130;2598;72;1;1;7;6;0;1;1;1;0;2
2599;34130;2599;72;1;1;7;6;1;0;1;2;0;2
2600;34130;2600;72;1;1;7;6;0;1;1;1;0;2
2601;34131;2601;72;3;1;7;4;0;1;1;1;0;2
2602;34656;2602;52;3;1;7;6;1;0;0;2;0;1
2603;34679;2603;52;1;1;7;1;0;1;1;1;0;2
2604;34685;2604;71;1;1;7;6;0;1;1;1;0;2
2605;34688;2605;71;1;1;7;6;0;1;1;1;0;2
2606;34692;2606;72;1;1;7;6;0;1;1;1;0;2
2607;34714;2607;71;3;3;1;6;0;1;1;1;0;2
2608;34714;2608;71;3;3;2;6;0;1;1;1;0;2
2609;34714;2609;26;1;1;7;2;0;1;1;1;0;2
2610;34714;2610;24;1;1;7;2;1;0;1;2;0;2
2611;34714;2611;72;1;1;7;4;0;1;2;1;0;3
2612;34714;2612;51;1;1;7;6;0;1;1;1;0;2
2613;34714;2613;36;1;1;7;6;0;2;1;1;0;3
2614;34714;2614;51;1;1;7;2;0;1;1;1;0;2
2615;34714;2615;51;1;1;7;2;0;1;1;1;0;2
2616;34715;2616;26;3;1;7;2;0;1;1;1;0;2
2617;34715;2617;13;1;1;7;4;0;1;1;1;0;2
2618;34716;2618;52;1;1;7;6;1;4;1;2;0;6
2619;34726;2619;51;1;1;7;6;0;1;0;1;0;1
2620;34726;2620;52;1;1;7;6;0;1;1;1;0;2
2621;34738;2621;25;1;1;7;6;0;1;4;1;0;5
2622;35375;2622;72;1;1;7;6;0;1;1;1;0;2
2623;35393;2623;22;3;1;7;6;0;1;2;1;0;3
2624;35394;2624;26;1;1;7;1;1;0;1;2;0;2
2625;35399;2625;74;1;1;7;6;0;1;1;1;0;2
2626;35420;2626;21;1;3;1;6;0;2;0;1;0;2
2627;35420;2627;21;2;3;1;6;0;1;0;1;0;1
2628;35422;2628;72;1;1;7;6;0;1;1;1;0;2
2629;35424;2629;52;3;1;7;6;0;1;0;1;0;1
2630;35427;2630;35;1;1;7;4;0;1;1;1;0;2
2631;35427;2631;61;1;1;7;3;0;1;1;1;0;2
2632;35431;2632;77;1;1;4;1;1;0;1;2;0;2
2633;35437;2633;75;1;1;7;6;0;1;1;1;0;2
2634;35472;2634;51;1;1;1;3;0;1;1;1;0;2
2635;35473;2635;82;2;3;1;6;0;1;0;1;0;1
2636;35474;2636;21;1;3;2;6;0;4;0;1;0;4
2637;35475;2637;51;1;1;7;0;0;1;0;1;0;1
2638;35478;2638;72;1;1;7;6;0;0;1;3;0;1
2639;35486;2639;64;1;1;7;6;0;1;1;1;0;2
2640;35493;2640;71;3;1;1;6;0;0;1;3;0;1
2641;35494;2641;67;2;2;1;6;0;1;1;1;0;2
2642;35494;2642;21;1;1;7;6;0;5;0;1;0;5
2643;35497;2643;81;1;1;7;6;0;4;0;1;0;4
2644;35499;2644;81;3;1;7;6;1;0;1;2;0;2
2645;35499;2645;21;3;3;1;6;0;2;0;1;0;2
2646;35499;2646;52;1;1;7;6;0;1;1;1;0;2
2647;35500;2647;51;3;4;3;8;0;1;0;1;0;1
2648;35500;2648;51;1;1;1;7;1;0;1;2;0;2
2649;35500;2649;52;3;1;7;0;0;2;0;1;0;2
2650;35506;2650;64;1;1;7;6;0;1;1;1;0;2
2651;35525;2651;52;1;2;1;6;0;1;0;1;0;1
2652;35528;2652;74;1;1;7;6;0;1;2;1;0;3
2653;35529;2653;72;1;1;7;6;0;1;1;1;0;2
2654;35530;2654;21;1;1;7;6;0;1;1;1;0;2
2655;35532;2655;72;1;1;7;6;1;0;1;2;0;2
2656;35563;2656;52;1;3;1;2;0;3;0;1;0;3
2657;35565;2657;22;1;3;2;6;0;1;1;1;0;2
2658;35565;2658;26;1;1;7;1;1;0;1;2;0;2
2659;35578;2659;36;3;1;7;6;0;2;0;1;0;2
2660;35578;2660;25;3;1;7;7;0;2;0;1;0;2
2661;35580;2661;25;1;1;7;6;1;0;1;2;0;2
2662;35582;2662;72;1;1;7;6;0;1;1;1;0;2
2663;35583;2663;71;1;1;7;6;0;0;1;3;0;1
2664;35589;2664;71;1;1;7;6;0;1;1;1;0;2
2665;35593;2665;51;1;1;7;3;0;1;1;1;0;2
2666;35599;2666;51;3;1;7;6;0;1;1;1;0;2
2667;35599;2667;52;1;3;1;2;0;1;0;1;0;1
2668;35604;2668;21;3;1;7;6;0;1;2;1;0;3
2669;35607;2669;25;3;6;1;0;0;1;0;1;0;1
2670;35609;2670;52;3;3;1;6;0;1;1;1;0;2
2671;35609;2671;21;3;1;7;4;1;0;0;2;0;1
2672;35609;2672;23;3;1;7;4;0;1;1;1;0;2
2673;35614;2673;67;1;1;7;5;0;1;1;1;0;2
2674;35633;2674;64;1;1;7;6;0;1;2;1;0;3
2675;35633;2675;74;1;1;7;6;0;1;1;1;0;2
2676;35633;2676;72;1;1;7;6;0;1;1;1;0;2
2677;35633;2677;26;1;1;7;2;0;2;0;1;0;2
2678;35633;2678;66;1;7;7;6;0;1;1;1;0;2
2679;35633;2679;51;1;1;7;6;1;0;1;2;0;2
2680;35633;2680;66;1;1;7;2;0;1;1;1;0;2
2681;35634;2681;63;1;1;7;4;0;1;1;1;0;2
2682;35634;2682;21;1;1;7;6;0;2;2;1;0;4
2683;35634;2683;19;1;3;1;6;0;1;2;1;0;3
2684;35634;2684;71;1;1;7;6;0;1;1;1;0;2
2685;35635;2685;73;1;1;7;7;0;1;2;1;0;3
2686;35635;2686;41;1;1;1;6;0;1;1;1;0;2
2687;35635;2687;71;3;2;1;6;0;1;1;1;0;2
2688;35638;2688;31;1;1;7;6;0;1;1;1;0;2
2689;35638;2689;14;1;3;2;6;0;1;0;1;0;1
2690;35638;2690;71;1;1;7;6;0;2;1;1;0;3
2691;35638;2691;66;1;1;7;6;0;1;1;1;0;2
2692;35638;2692;73;2;1;7;6;0;1;0;1;0;1
2693;35638;2693;66;1;1;7;6;0;1;0;1;0;1
2694;35638;2694;66;1;1;2;6;1;0;1;2;0;2
2695;35638;2695;19;1;1;7;6;0;1;1;1;0;2
2696;35638;2696;14;1;1;7;6;0;1;1;1;0;2
2697;35638;2697;26;1;1;7;2;0;1;1;1;0;2
2698;35719;2698;71;1;1;7;4;0;1;1;1;0;2
2699;35719;2699;51;3;1;7;6;0;1;2;1;0;3
2700;35720;2700;64;1;1;7;4;0;1;1;1;0;2
2701;35722;2701;52;3;1;7;0;0;4;0;1;0;4
2702;35723;2702;21;5;3;1;6;0;2;1;1;0;3
2703;35772;2703;52;1;1;7;6;0;1;0;1;0;1
2704;35789;2704;26;2;1;1;2;1;0;1;2;0;2
2705;35823;2705;81;1;3;1;3;0;1;1;1;0;2
2706;35823;2706;21;1;3;1;7;0;1;1;1;0;2
2707;35823;2707;52;3;1;1;6;1;1;0;3;0;2
2708;35823;2708;21;1;1;7;6;0;1;1;1;0;2
2709;35823;2709;27;1;1;7;9;0;1;1;1;0;2
2710;35827;2710;52;1;1;7;7;0;2;0;3;0;2
2711;35829;2711;28;4;1;2;0;0;1;0;1;0;1
2712;35830;2712;28;4;1;2;0;0;1;0;1;0;1
2713;35834;2713;72;1;1;1;6;0;1;1;1;0;2
2714;35834;2714;72;2;1;7;6;0;1;1;1;0;2
2715;35842;2715;21;1;1;7;6;0;1;1;1;0;2
2716;35843;2716;81;3;1;7;6;0;1;2;1;0;3
2717;35843;2717;21;1;1;1;6;0;1;1;1;0;2
2718;35847;2718;52;3;3;2;0;0;1;0;1;0;1
2719;36363;2719;51;1;3;2;6;1;1;1;2;0;3
2720;36366;2720;32;1;1;7;7;1;0;1;2;0;2
2721;36375;2721;13;1;1;7;7;1;0;1;2;0;2
2722;36389;2722;86;5;1;1;1;0;1;1;1;0;2
2723;36403;2723;71;1;1;7;6;0;1;2;1;0;3
2724;36412;2724;73;1;1;7;6;0;1;1;1;0;2
2725;36417;2725;21;1;3;1;6;0;0;1;3;0;1
2726;36424;2726;23;1;1;7;6;0;1;1;1;0;2
2727;36424;2727;23;1;1;7;6;0;1;1;1;0;2
2728;36427;2728;67;1;1;7;4;0;1;1;1;0;2
2729;36435;2729;72;1;1;7;4;0;1;1;1;0;2
2730;36442;2730;82;3;1;1;0;1;0;0;2;0;1
2731;36452;2731;64;1;1;7;5;0;2;1;1;0;3
2732;36454;2732;51;1;1;7;7;0;3;1;1;0;4
2733;36454;2733;67;1;1;7;6;0;2;0;1;0;2
2734;36454;2734;51;1;1;7;6;0;1;1;1;0;2
2735;36456;2735;18;1;1;7;3;1;0;1;2;0;2
2736;36456;2736;35;5;1;7;6;1;0;1;2;0;2
2737;36456;2737;22;3;1;7;6;0;1;1;1;0;2
2738;36459;2738;52;1;4;3;0;0;2;0;1;0;2
2739;36483;2739;82;1;1;7;0;1;1;0;2;0;2
2740;36507;2740;67;1;1;7;7;0;1;3;1;0;4
2741;36507;2741;67;1;1;7;5;1;0;1;2;0;2
2742;36508;2742;13;1;1;2;6;0;1;1;1;0;2
2743;36509;2743;81;1;1;7;4;1;0;1;2;0;2
2744;36509;2744;72;1;1;7;6;0;1;1;1;0;2
2745;36511;2745;52;3;4;4;0;1;0;0;2;0;1
2746;36511;2746;52;1;1;4;6;1;1;0;2;0;2
2747;36511;2747;52;1;1;7;0;0;0;0;3;0;0
2748;36512;2748;22;1;1;7;6;0;1;1;1;0;2
2749;36543;2749;52;3;1;7;6;0;2;0;1;0;2
2750;36577;2750;64;1;1;7;6;0;1;2;1;0;3
2751;36577;2751;63;1;1;7;6;0;1;0;1;0;1
2752;36606;2752;22;1;2;2;6;0;1;1;1;0;2
2753;36631;2753;81;1;1;7;3;0;1;0;3;0;1
2754;36641;2754;72;1;1;7;6;1;0;1;2;0;2
2755;36648;2755;52;1;4;3;7;0;1;1;1;0;2
2756;36657;2756;41;1;1;7;7;0;0;1;3;0;1
2757;36660;2757;81;1;1;7;6;0;1;0;1;0;1
2758;36661;2758;11;1;1;7;9;0;0;1;3;0;1
2759;36664;2759;52;1;1;7;0;1;0;0;2;0;1
2760;36664;2760;81;5;3;1;6;0;3;0;1;0;3
2761;36664;2761;36;5;1;7;4;1;1;1;2;0;3
2762;36664;2762;81;1;1;7;0;1;0;0;2;0;1
2763;36681;2763;72;3;1;7;6;1;0;1;2;0;2
2764;36684;2764;52;3;1;7;0;0;0;0;3;0;0
2765;37243;2765;41;2;1;7;1;0;1;1;1;0;2
2766;37244;2766;72;3;1;7;6;0;1;1;1;0;2
2767;37252;2767;72;1;1;7;6;0;1;1;1;0;2
2768;37257;2768;41;1;1;7;6;0;2;0;1;0;2
2769;37260;2769;51;3;1;7;6;0;1;1;1;0;2
2770;37280;2770;51;1;1;7;7;0;1;1;1;0;2
2771;37280;2771;25;3;7;2;7;0;1;1;1;0;2
2772;37280;2772;21;1;1;7;6;1;0;1;2;0;2
2773;37280;2773;41;1;1;7;6;0;1;1;1;0;2
2774;37282;2774;71;1;1;7;6;1;0;1;2;0;2
2775;37282;2775;72;1;1;1;6;1;0;1;2;0;2
2776;37282;2776;52;1;3;1;6;0;1;1;1;0;2
2777;37283;2777;25;1;1;7;6;0;1;1;1;0;2
2778;37283;2778;52;3;1;7;0;0;2;1;1;0;3
2779;37284;2779;67;1;1;7;5;0;1;1;1;0;2
2780;37288;2780;52;1;1;7;6;3;1;1;3;1;6
2781;37291;2781;26;1;1;7;1;0;1;1;1;0;2
2782;37309;2782;51;2;7;2;6;0;1;2;1;0;3
2783;37312;2783;51;1;1;1;6;0;1;1;1;0;2
2784;37322;2784;52;2;1;5;0;1;0;0;2;0;1
2785;37322;2785;74;5;1;7;6;0;1;1;1;0;2
2786;37322;2786;52;3;1;7;0;0;2;0;1;0;2
2787;37322;2787;52;3;1;7;0;0;1;0;1;0;1
2788;37323;2788;21;2;1;7;6;0;3;0;1;0;3
2789;37323;2789;51;1;1;1;5;0;1;1;1;0;2
2790;37323;2790;52;1;1;7;0;0;1;1;1;0;2
2791;37340;2791;52;1;1;7;0;0;0;0;3;0;0
2792;37346;2792;52;1;6;1;6;0;2;2;1;0;4
2793;37346;2793;21;5;1;7;6;0;2;1;1;0;3
2794;37348;2794;51;1;1;2;7;0;2;1;1;0;3
2795;37360;2795;21;1;1;7;6;0;2;0;1;0;2
2796;37360;2796;16;2;3;1;6;0;2;3;1;0;5
2797;37967;2797;16;1;1;7;6;0;1;1;1;0;2
2798;37967;2798;64;1;1;7;6;0;1;2;1;0;3
2799;37967;2799;21;1;1;7;4;0;1;1;1;0;2
2800;37969;2800;21;1;1;7;6;0;1;2;1;0;3
2801;37971;2801;72;1;1;7;6;0;1;1;1;0;2
2802;37977;2802;71;3;1;7;6;0;1;1;1;0;2
2803;37987;2803;52;1;1;7;6;0;1;1;1;0;2
2804;38019;2804;63;1;1;7;5;0;1;1;1;0;2
2805;38023;2805;26;1;1;7;1;0;1;1;1;0;2
2806;38023;2806;26;1;1;7;1;0;1;1;1;0;2
2807;38025;2807;53;1;1;7;2;0;1;1;1;0;2
2808;38029;2808;81;1;1;7;0;0;1;1;1;0;2
2809;38029;2809;41;1;1;7;2;0;1;1;1;0;2
2810;38031;2810;14;1;1;7;6;0;2;1;1;0;3
2811;38031;2811;72;1;1;7;6;1;0;1;2;0;2
2812;38032;2812;52;3;1;7;7;0;2;1;1;0;3
2813;38046;2813;72;1;1;7;6;0;1;1;1;0;2
2814;38047;2814;71;1;1;7;6;0;1;1;1;0;2
2815;38054;2815;25;1;1;7;6;0;1;1;1;0;2
2816;38057;2816;71;1;1;7;6;1;0;1;2;0;2
2817;38057;2817;81;3;1;7;6;1;0;2;2;0;3
2818;38061;2818;72;1;1;7;6;0;1;1;1;0;2
2819;38061;2819;67;1;1;7;4;0;1;1;1;0;2
2820;38063;2820;72;1;3;2;6;1;0;1;2;0;2
2821;38063;2821;81;3;1;7;2;0;1;1;1;0;2
2822;38065;2822;51;3;3;2;6;0;1;4;1;0;5
2823;38066;2823;20;2;1;7;2;0;1;1;1;0;2
2824;38074;2824;72;1;1;7;6;0;1;1;1;0;2
2825;38077;2825;71;1;1;7;6;0;1;1;1;0;2
2826;38082;2826;64;1;3;2;4;0;1;1;1;0;2
2827;38083;2827;72;1;1;7;6;1;0;1;2;0;2
2828;38085;2828;23;1;1;7;6;0;1;1;1;0;2
2829;38086;2829;23;1;1;2;4;0;1;1;1;0;2
2830;38087;2830;67;1;1;7;4;0;1;1;1;0;2
2831;38089;2831;71;1;1;7;6;0;1;1;1;0;2
2832;38089;2832;26;1;1;7;2;0;1;1;1;0;2
2833;38090;2833;72;1;1;7;6;0;1;1;1;0;2
2834;38090;2834;71;1;1;7;6;0;1;1;1;0;2
2835;38090;2835;73;1;1;7;6;1;0;1;2;0;2
2836;38090;2836;71;1;1;7;6;0;1;1;1;0;2
2837;38090;2837;71;1;1;7;6;1;0;1;2;0;2
2838;38090;2838;52;2;1;7;7;0;2;2;1;0;4
2839;38090;2839;72;1;1;7;6;0;1;1;1;0;2
2840;38090;2840;71;1;1;7;6;0;1;1;1;0;2
2841;38090;2841;71;1;1;7;6;0;1;1;1;0;2
2842;38090;2842;81;3;1;7;6;0;1;1;1;0;2
2843;38090;2843;71;2;1;7;6;0;1;1;1;0;2
2844;38090;2844;72;1;1;7;6;0;1;1;1;0;2
2845;38091;2845;72;1;1;7;6;0;1;1;1;0;2
2846;38091;2846;71;1;1;7;6;0;2;1;1;0;3
2847;38092;2847;71;1;1;7;6;0;1;1;1;0;2
2848;38092;2848;72;1;1;7;6;0;1;1;1;0;2
2849;38092;2849;71;1;1;7;6;0;1;1;1;0;2
2850;38092;2850;72;1;1;7;6;0;1;1;1;0;2
2851;38092;2851;71;1;1;7;6;0;1;1;1;0;2
2852;38092;2852;64;1;1;7;4;0;1;2;1;0;3
2853;38093;2853;81;1;1;7;6;2;0;0;2;0;2
2854;38099;2854;71;1;3;1;6;0;1;1;1;0;2
2855;38102;2855;72;1;1;7;6;1;0;1;2;0;2
2856;38103;2856;72;1;1;7;6;0;1;1;1;0;2
2857;38103;2857;72;1;1;7;6;1;0;1;2;0;2
2858;38104;2858;67;1;3;2;6;0;1;1;1;0;2
2859;38106;2859;72;5;1;7;6;0;1;1;1;0;2
2860;38111;2860;71;1;1;7;6;1;1;1;2;0;3
2861;38111;2861;71;2;1;7;4;0;1;1;1;0;2
2862;38112;2862;72;1;1;7;6;0;1;1;1;0;2
2863;38118;2863;72;1;1;7;6;0;1;1;1;0;2
2864;38118;2864;72;1;1;7;6;0;1;1;1;0;2
2865;38118;2865;26;2;1;7;2;0;2;0;1;0;2
2866;38118;2866;71;1;1;7;6;0;1;1;1;0;2
2867;38118;2867;71;1;1;7;6;0;1;1;1;0;2
2868;38118;2868;71;1;1;7;6;0;0;2;3;0;2
2869;38118;2869;61;1;1;7;3;0;1;1;1;0;2
2870;38118;2870;71;1;1;7;6;0;1;1;1;0;2
2871;38118;2871;23;1;3;2;4;0;1;1;1;0;2
2872;38118;2872;71;1;1;7;6;0;1;1;1;0;2
2873;38118;2873;71;3;3;1;6;0;1;1;1;0;2
2874;38120;2874;51;3;1;7;4;0;1;1;1;0;2
2875;38120;2875;71;4;3;7;6;0;1;1;1;0;2
2876;38123;2876;22;3;3;1;6;0;1;2;1;0;3
2877;38123;2877;61;1;1;7;3;0;1;2;1;0;3
2878;38128;2878;26;1;1;2;2;0;2;0;1;0;2
2879;38128;2879;71;1;1;7;6;1;0;1;2;0;2
2880;38129;2880;22;3;1;7;4;0;1;2;1;0;3
2881;38131;2881;71;1;1;2;6;0;1;1;1;0;2
2882;38131;2882;72;1;1;7;6;1;0;1;2;0;2
2883;38132;2883;72;3;1;7;6;1;0;1;2;0;2
2884;38134;2884;72;1;1;7;6;0;1;1;1;0;2
2885;38134;2885;61;1;1;7;3;0;1;1;1;0;2
2886;38134;2886;21;1;3;2;6;0;1;1;1;0;2
2887;38146;2887;52;1;1;7;6;0;3;1;1;0;4
2888;38147;2888;71;1;1;7;5;0;1;1;1;0;2
2889;38148;2889;51;1;1;7;6;1;1;1;2;0;3
2890;38149;2890;81;3;1;7;5;1;0;1;3;0;2
2891;38150;2891;81;3;1;7;6;0;2;2;1;0;4
2892;38155;2892;81;3;1;7;0;0;1;0;1;0;1
2893;38156;2893;72;1;1;7;6;0;1;1;1;0;2
2894;38157;2894;63;1;1;7;4;0;1;1;1;0;2
2895;38158;2895;26;1;1;7;1;0;1;1;1;0;2
2896;38159;2896;52;1;1;7;0;0;1;1;1;0;2
2897;38161;2897;28;3;1;7;0;0;2;0;1;0;2
2898;38161;2898;71;1;1;7;6;0;1;1;1;0;2
2899;38167;2899;63;1;1;7;4;0;1;1;1;0;2
2900;38168;2900;75;1;1;7;6;0;1;1;1;0;2
2901;38172;2901;51;1;1;7;6;0;1;1;1;0;2
2902;38175;2902;51;1;1;7;6;1;0;1;2;0;2
2903;38183;2903;71;1;3;1;6;0;1;1;1;0;2
2904;38183;2904;61;1;1;7;3;0;1;1;1;0;2
2905;38184;2905;71;1;1;7;6;0;1;1;1;0;2
2906;38188;2906;73;1;1;7;6;0;1;1;1;0;2
2907;38197;2907;72;1;1;7;6;0;1;1;1;0;2
2908;38203;2908;72;1;1;7;6;0;1;1;1;0;2
2909;38203;2909;73;1;1;7;6;0;0;1;3;0;1
2910;38205;2910;41;3;2;1;4;0;1;1;1;0;2
2911;38206;2911;51;1;1;7;6;0;1;1;1;0;2
2912;38219;2912;71;1;1;7;6;0;1;1;1;0;2
2913;38221;2913;71;1;1;7;6;0;1;1;1;0;2
2914;38221;2914;71;1;1;7;6;0;1;1;1;0;2
2915;38222;2915;74;1;1;7;7;1;0;1;2;0;2
2916;38222;2916;41;1;1;7;2;0;1;1;1;0;2
2917;38230;2917;71;1;1;7;6;0;1;1;1;0;2
2918;38230;2918;63;1;1;7;5;0;1;1;1;0;2
2919;38242;2919;72;1;1;7;6;0;1;1;1;0;2
2920;38243;2920;72;1;1;7;6;0;1;1;1;0;2
2921;38247;2921;71;1;1;7;6;0;1;1;1;0;2
2922;38252;2922;63;3;1;7;4;0;2;1;1;0;3
2923;38253;2923;28;1;1;7;6;0;1;1;1;0;2
2924;38257;2924;17;1;1;7;3;0;1;1;1;0;2
2925;38268;2925;41;1;1;7;2;0;1;1;1;0;2
2926;38270;2926;28;3;2;2;0;0;1;0;1;0;1
2927;38271;2927;51;1;1;7;6;0;1;2;1;0;3
2928;38273;2928;52;1;1;7;0;0;1;0;1;0;1
2929;38284;2929;72;1;1;7;6;1;0;1;2;0;2
2930;38294;2930;41;5;1;7;2;1;1;1;2;0;3
2931;38294;2931;51;2;2;2;6;0;1;2;1;0;3
2932;38299;2932;81;3;3;1;0;0;1;0;1;0;1
2933;38314;2933;81;1;1;7;1;0;1;1;1;0;2
2934;38314;2934;51;1;1;7;6;0;1;2;1;0;3
2935;38325;2935;72;1;1;7;6;1;0;1;2;0;2
2936;38326;2936;72;1;1;7;6;0;1;1;1;0;2
2937;38331;2937;72;1;1;7;6;0;1;1;1;0;2
2938;38334;2938;72;1;3;1;6;0;1;1;1;0;2
2939;38340;2939;63;1;3;2;6;0;2;0;1;0;2
2940;38340;2940;41;3;1;7;2;0;3;0;1;0;3
2941;38342;2941;23;1;1;7;6;0;1;1;1;0;2
2942;38358;2942;72;1;1;7;6;0;1;1;1;0;2
2943;38361;2943;72;1;1;7;6;0;1;1;1;0;2
2944;38364;2944;63;3;1;7;6;0;1;1;1;0;2
2945;38369;2945;72;4;3;1;6;1;0;1;2;0;2
2946;38371;2946;71;1;1;7;6;0;1;1;1;0;2
2947;38406;2947;71;1;1;7;6;0;1;1;1;0;2
2948;38409;2948;41;3;1;7;2;0;1;1;1;0;2
2949;38413;2949;82;3;1;7;6;0;1;1;1;0;2
2950;38414;2950;21;1;1;7;6;0;1;2;1;0;3
2951;38421;2951;72;1;1;7;6;0;1;1;1;0;2
2952;38421;2952;72;1;1;7;6;0;1;1;1;0;2
2953;38421;2953;52;3;1;7;0;0;1;0;1;0;1
2954;38422;2954;64;1;1;7;4;0;1;2;1;0;3
2955;38433;2955;25;3;1;7;6;0;1;1;1;0;2
2956;38434;2956;51;1;1;7;6;0;2;1;1;0;3
2957;38434;2957;25;1;1;7;6;0;1;1;1;0;2
2958;38438;2958;11;1;1;7;6;0;1;1;1;0;2
2959;38445;2959;71;1;1;7;6;0;1;1;1;0;2
2960;38445;2960;72;3;1;7;6;0;1;1;1;0;2
2961;38445;2961;72;1;1;7;6;1;0;1;2;0;2
2962;38445;2962;76;5;1;7;8;0;1;1;1;0;2
2963;38446;2963;41;1;1;7;6;0;1;1;1;0;2
2964;38446;2964;77;5;1;7;8;1;0;1;2;0;2
2965;38447;2965;72;1;1;7;6;0;1;1;1;0;2
2966;38451;2966;67;1;1;7;4;0;1;1;1;0;2
2967;38462;2967;64;1;1;7;6;0;1;1;1;0;2
2968;38462;2968;71;1;1;7;6;0;1;1;1;0;2
2969;38464;2969;72;1;1;7;6;1;0;1;2;0;2
2970;38480;2970;64;1;1;7;6;0;1;1;1;0;2
2971;38481;2971;72;1;1;7;6;0;1;1;1;0;2
2972;38481;2972;72;1;1;7;6;1;0;1;2;0;2
2973;38481;2973;72;1;1;7;6;0;1;1;1;0;2
2974;38481;2974;72;1;1;7;6;0;1;1;1;0;2
2975;38481;2975;52;3;3;1;6;2;0;1;2;0;3
2976;38481;2976;99;3;1;7;6;0;0;1;3;0;1
2977;38483;2977;51;5;1;7;6;0;2;1;1;0;3
2978;38483;2978;25;1;1;7;6;0;1;1;1;0;2
2979;38488;2979;72;1;1;7;6;0;1;1;1;0;2
2980;38488;2980;63;1;1;7;6;0;1;0;1;0;1
2981;38490;2981;71;3;3;1;6;0;1;1;1;0;2
2982;38490;2982;51;1;1;7;6;0;1;2;1;0;3
2983;38492;2983;71;1;1;7;8;0;1;1;1;0;2
2984;38492;2984;71;4;3;1;6;0;1;1;1;0;2
2985;38493;2985;71;1;3;2;6;0;1;1;1;0;2
2986;38494;2986;64;2;1;7;5;0;1;1;1;0;2
2987;38503;2987;72;1;1;7;6;0;1;1;1;0;2
2988;38503;2988;72;1;1;7;6;1;0;1;2;0;2
2989;38505;2989;41;1;1;7;4;0;1;1;1;0;2
2990;38507;2990;72;1;1;7;6;0;1;1;1;0;2
2991;38507;2991;72;5;1;1;6;0;1;1;1;0;2
2992;38514;2992;17;1;1;7;2;0;1;1;1;0;2
2993;38516;2993;22;1;1;7;6;0;1;1;1;0;2