accident_id;lieu_id;date_id;cause_id;lum_id;intemp_id;etat_surface_id;impliq_id;nb_blesses_graves;nb_blesses_legers;nb_indemnes;gravite;nb_morts;nb_impliqués
2994;38520;2994;22;1;1;7;6;0;1;2;1;0;3
2995;38520;2995;51;1;1;7;6;0;3;1;1;0;4
2996;38520;2996;25;1;1;7;6;0;1;1;1;0;2
2997;38520;2997;51;1;1;7;0;0;1;0;1;0;1
2998;38520;2998;24;1;1;7;2;0;1;1;1;0;2
2999;38520;2999;72;1;1;7;6;0;1;1;1;0;2
3000;38520;3000;52;1;1;7;0;0;1;0;1;0;1
3001;38520;3001;72;1;1;7;6;0;1;1;1;0;2
3002;38520;3002;51;1;1;7;6;0;3;1;1;0;4
3003;38520;3003;52;5;1;7;0;0;2;0;1;0;2
3004;38520;3004;72;1;1;7;6;0;1;1;1;0;2
3005;38520;3005;71;3;1;7;6;0;1;1;1;0;2
3006;38520;3006;81;3;1;7;6;0;2;0;1;0;2
3007;38520;3007;72;3;1;2;6;0;1;1;1;0;2
3008;38521;3008;52;1;2;2;0;1;1;0;2;0;2
3009;38521;3009;52;3;3;2;0;0;1;0;1;0;1
3010;38521;3010;52;3;1;4;0;1;3;0;2;0;4
3011;38521;3011;51;3;1;7;6;0;1;2;1;0;3
3012;38521;3012;51;1;3;2;6;0;1;2;1;0;3
3013;38521;3013;52;1;1;7;6;0;2;2;1;0;4
3014;38521;3014;51;1;3;2;6;0;1;1;1;0;2
3015;38521;3015;52;1;1;1;6;0;3;1;1;0;4
3016;38521;3016;52;3;2;1;0;1;0;0;2;0;1
3017;38521;3017;51;3;1;7;6;0;2;1;1;0;3
3018;38521;3018;72;5;1;7;6;1;0;1;2;0;2
3019;38521;3019;74;1;1;7;4;0;2;0;1;0;2
3020;38522;3020;51;4;3;1;6;0;1;1;1;0;2
3021;38522;3021;72;1;1;6;9;0;1;1;1;0;2
3022;38526;3022;51;1;1;7;0;0;3;0;1;0;3
3023;38529;3023;72;1;1;7;4;0;1;1;1;0;2
3024;38535;3024;52;1;1;7;6;0;1;2;1;0;3
3025;38538;3025;51;3;1;7;3;0;1;0;1;0;1
3026;38544;3026;51;1;1;7;6;0;1;2;1;0;3
3027;38549;3027;71;1;1;7;6;0;1;1;1;0;2
3028;38559;3028;27;1;1;7;0;0;1;0;1;0;1
3029;38563;3029;63;1;1;7;6;0;1;2;1;0;3
3030;38569;3030;72;2;1;7;6;0;1;1;1;0;2
3031;38569;3031;72;1;1;7;6;0;1;1;1;0;2
3032;38569;3032;72;3;1;7;6;0;1;1;1;0;2
3033;38572;3033;64;1;1;7;3;0;1;1;1;0;2
3034;38572;3034;71;1;1;7;6;0;1;1;1;0;2
3035;38578;3035;75;1;1;7;4;0;1;3;1;0;4
3036;38578;3036;71;1;1;7;6;0;1;1;1;0;2
3037;38578;3037;61;1;1;7;5;0;1;3;1;0;4
3038;38578;3038;72;5;1;7;6;0;1;1;1;0;2
3039;38579;3039;64;1;1;7;4;0;1;1;1;0;2
3040;38591;3040;52;5;1;7;6;0;1;1;1;0;2
3041;38593;3041;25;1;1;7;6;0;1;0;1;0;1
3042;38594;3042;51;1;1;7;6;0;1;1;1;0;2
3043;38595;3043;52;1;1;7;0;1;0;0;2;0;1
3044;38595;3044;52;1;1;7;0;0;1;0;1;0;1
3045;38595;3045;81;3;3;1;6;0;1;3;1;0;4
3046;38595;3046;64;1;1;7;6;0;1;1;1;0;2
3047;38595;3047;52;1;1;1;6;0;4;0;1;0;4
3048;38595;3048;18;2;3;2;6;0;1;1;1;0;2
3049;38605;3049;72;1;1;7;6;0;1;1;1;0;2
3050;38608;3050;71;1;1;7;6;0;1;1;1;0;2
3051;38608;3051;52;3;1;7;0;0;1;0;1;0;1
3052;38626;3052;71;1;1;7;6;0;1;1;1;0;2
3053;38632;3053;72;1;1;7;6;0;1;1;1;0;2
3054;38641;3054;72;1;1;7;6;0;1;1;1;0;2
3055;38642;3055;71;1;3;2;6;0;1;1;1;0;2
3056;38649;3056;71;1;1;7;6;0;1;1;1;0;2
3057;38659;3057;72;1;1;7;6;0;1;1;1;0;2
3058;38659;3058;72;1;1;7;6;0;1;1;1;0;2
3059;38659;3059;71;1;1;7;6;0;1;1;1;0;2
3060;38676;3060;67;1;1;7;6;0;1;2;1;0;3
3061;38677;3061;72;1;1;7;6;1;0;1;2;0;2
3062;38684;3062;62;1;1;7;2;1;0;1;2;0;2
3063;38689;3063;21;1;1;7;6;0;1;1;1;0;2
3064;38689;3064;26;2;1;2;2;0;1;1;1;0;2
3065;38692;3065;52;1;3;2;6;0;1;1;1;0;2
3066;38695;3066;28;1;1;7;0;0;1;0;1;0;1
3067;38707;3067;64;1;1;7;4;1;0;1;2;0;2
3068;38709;3068;72;1;1;7;6;1;0;1;2;0;2
3069;38709;3069;73;1;1;7;6;0;1;1;1;0;2
3070;38717;3070;73;1;1;7;2;0;1;1;1;0;2
3071;38723;3071;71;1;1;7;6;0;1;1;1;0;2
3072;38730;3072;72;1;1;7;6;0;1;1;1;0;2
3073;38734;3073;73;1;1;7;6;0;1;1;1;0;2
3074;38735;3074;71;1;1;7;6;1;0;1;2;0;2
3075;38738;3075;21;1;1;7;6;0;1;1;1;0;2
3076;38741;3076;73;1;1;7;6;1;0;1;2;0;2
3077;38742;3077;72;1;1;7;4;0;2;0;1;0;2
3078;38746;3078;35;1;1;7;4;0;1;1;1;0;2
3079;38746;3079;52;1;3;2;6;0;1;3;1;0;4
3080;38746;3080;52;1;3;1;6;0;3;1;1;0;4
3081;38746;3081;52;2;1;7;0;0;1;0;1;0;1
3082;38747;3082;81;3;1;7;2;0;2;0;1;0;2
3083;38763;3083;52;3;1;7;0;0;1;0;1;0;1
3084;38764;3084;82;1;1;7;6;0;1;1;1;0;2
3085;38769;3085;71;1;1;7;6;0;1;1;1;0;2
3086;38774;3086;72;1;1;7;6;1;0;1;2;0;2
3087;38785;3087;72;1;1;7;6;1;0;1;2;0;2
3088;38792;3088;61;1;1;7;3;0;1;1;1;0;2
3089;38792;3089;71;1;1;7;6;0;0;1;3;0;1
3090;38792;3090;51;1;1;2;6;0;2;1;1;0;3
3091;38793;3091;64;1;1;7;4;0;1;1;1;0;2
3092;38793;3092;72;1;1;7;6;0;1;1;1;0;2
3093;38793;3093;25;1;1;7;8;0;1;2;1;0;3
3094;38797;3094;71;1;1;7;6;1;0;1;2;0;2
3095;38797;3095;52;3;1;7;6;0;1;1;1;0;2
3096;38798;3096;51;1;1;7;6;0;1;1;1;0;2
3097;38798;3097;51;3;1;7;6;0;1;1;1;0;2
3098;38798;3098;64;1;1;7;2;0;1;1;1;0;2
3099;38798;3099;52;1;1;1;7;0;1;2;1;0;3
3100;38798;3100;51;1;1;7;6;0;2;1;1;0;3
3101;38817;3101;52;1;3;1;0;0;1;0;1;0;1
3102;38817;3102;52;1;1;2;0;0;2;0;1;0;2
3103;38824;3103;26;1;1;7;2;1;0;1;2;0;2
3104;38824;3104;41;1;1;7;6;0;1;1;1;0;2
3105;38824;3105;51;1;3;1;6;0;1;1;1;0;2
3106;38825;3106;52;3;1;7;0;0;4;0;1;0;4
3107;38825;3107;52;3;1;7;6;0;1;2;1;0;3
3108;38825;3108;71;1;1;7;6;0;1;1;1;0;2
3109;38826;3109;20;1;1;7;6;0;1;1;1;0;2
3110;38826;3110;81;3;3;1;6;0;5;0;1;0;5
3111;38826;3111;81;3;1;7;6;0;1;1;1;0;2
3112;38827;3112;81;1;1;7;0;0;1;1;1;0;2
3113;38842;3113;67;1;2;1;5;0;1;1;1;0;2
3114;38855;3114;73;1;1;7;6;0;1;1;1;0;2
3115;38858;3115;72;1;1;7;8;0;1;1;1;0;2
3116;38863;3116;72;1;1;7;6;0;1;1;1;0;2
3117;38868;3117;72;1;1;7;6;1;0;1;2;0;2
3118;38886;3118;41;1;1;7;4;0;1;1;1;0;2
3119;38886;3119;52;1;1;7;0;0;1;0;1;0;1
3120;38886;3120;52;3;3;2;0;1;0;0;2;0;1
3121;38886;3121;51;3;6;2;6;0;1;4;1;0;5
3122;38889;3122;20;1;2;2;2;0;1;1;1;0;2
3123;38895;3123;72;1;1;7;6;0;1;1;1;0;2
3124;38896;3124;72;1;1;7;6;0;0;1;3;0;1
3125;38896;3125;64;1;1;7;4;1;0;1;2;0;2
3126;38896;3126;22;1;1;7;6;0;1;1;1;0;2
3127;38896;3127;52;1;3;2;0;0;1;1;1;0;2
3128;38900;3128;72;3;1;7;6;0;1;1;1;0;2
3129;38901;3129;72;3;1;7;4;0;1;1;1;0;2
3130;38901;3130;71;1;1;7;6;0;1;1;1;0;2
3131;38927;3131;71;1;1;7;6;0;1;1;1;0;2
3132;38930;3132;41;3;1;7;6;0;1;1;1;0;2
3133;38930;3133;52;3;1;7;0;1;1;0;2;0;2
3134;38931;3134;22;1;1;7;4;1;1;0;2;0;2
3135;38931;3135;52;3;1;2;0;1;0;0;2;0;1
3136;38932;3136;52;5;1;7;0;0;2;0;1;0;2
3137;38932;3137;74;1;1;7;6;0;2;1;1;0;3
3138;38933;3138;51;3;1;6;6;0;2;2;1;0;4
3139;38934;3139;64;5;3;1;6;0;1;1;1;0;2
3140;38935;3140;81;3;1;7;6;0;1;2;1;0;3
3141;38935;3141;81;3;1;7;6;0;2;1;1;0;3
3142;38935;3142;61;1;1;7;3;0;1;2;1;0;3
3143;38936;3143;21;4;1;7;6;0;1;3;1;0;4
3144;38937;3144;64;1;1;7;5;0;1;2;1;0;3
3145;38937;3145;72;3;4;3;6;0;1;1;1;0;2
3146;38937;3146;72;1;3;2;6;0;1;1;1;0;2
3147;38937;3147;99;1;1;7;2;0;1;1;1;0;2
3148;38937;3148;64;1;1;7;4;0;1;2;1;0;3
3149;38938;3149;81;1;1;7;6;0;1;1;1;0;2
3150;38939;3150;72;1;1;7;6;0;1;1;1;0;2
3151;38939;3151;26;1;1;7;1;0;1;1;1;0;2
3152;38940;3152;71;1;1;7;6;1;0;1;2;0;2
3153;38940;3153;71;1;1;7;6;0;1;1;1;0;2
3154;38940;3154;23;3;1;7;4;0;1;1;1;0;2
3155;38940;3155;85;3;3;2;6;0;1;2;1;0;3
3156;38941;3156;72;1;1;7;6;0;1;1;1;0;2
3157;38941;3157;52;3;1;7;6;0;1;0;1;0;1
3158;38942;3158;71;1;1;2;6;0;1;1;1;0;2
3159;38942;3159;72;3;1;7;6;0;1;1;1;0;2
3160;38945;3160;81;1;1;7;6;0;2;0;1;0;2
3161;38950;3161;25;5;1;7;6;0;1;0;1;0;1
3162;38954;3162;72;1;1;7;8;0;1;1;1;0;2
3163;38955;3163;52;5;1;7;0;0;1;0;1;0;1
3164;38955;3164;18;3;1;1;6;0;2;1;1;0;3
3165;38955;3165;23;2;1;7;4;0;1;1;1;0;2
3166;38959;3166;52;3;1;7;0;0;1;0;1;0;1
3167;38960;3167;72;1;1;7;6;0;1;1;1;0;2
3168;38962;3168;72;1;1;7;6;1;0;1;2;0;2
3169;38963;3169;72;1;1;7;6;0;1;1;1;0;2
3170;38965;3170;52;3;1;7;0;1;1;0;2;0;2
3171;38965;3171;71;1;1;7;6;0;1;1;1;0;2
3172;38966;3172;64;1;1;7;4;0;1;1;1;0;2
3173;38967;3173;61;1;1;7;3;1;0;1;2;0;2
3174;38973;3174;41;2;1;7;6;1;0;1;2;0;2
3175;38976;3175;81;1;1;7;1;0;1;1;1;0;2
3176;38976;3176;72;1;1;7;6;0;1;1;1;0;2
3177;38981;3177;72;1;1;7;6;0;1;1;1;0;2
3178;38984;3178;21;1;2;2;6;0;1;1;1;0;2
3179;38986;3179;24;1;1;7;2;0;1;1;1;0;2
3180;38987;3180;74;3;1;7;8;1;0;1;2;0;2
3181;38987;3181;72;1;1;7;6;0;2;1;1;0;3
3182;38987;3182;71;1;1;7;6;0;1;1;1;0;2
3183;38987;3183;71;1;1;7;8;0;1;1;1;0;2
3184;38987;3184;51;4;1;7;6;0;1;2;1;0;3
3185;38987;3185;72;1;1;7;8;0;1;1;1;0;2
3186;38987;3186;72;1;1;7;6;0;1;1;1;0;2
3187;38988;3187;67;1;1;7;5;0;1;1;1;0;2
3188;38993;3188;52;1;1;7;0;1;0;0;2;0;1
3189;38994;3189;52;3;2;1;0;0;1;0;1;0;1
3190;38994;3190;64;1;1;7;1;1;0;1;2;0;2
3191;38994;3191;18;1;1;7;6;0;1;1;1;0;2
3192;38994;3192;72;1;1;7;6;0;1;1;1;0;2
3193;38994;3193;72;1;1;7;4;0;1;2;1;0;3
3194;38994;3194;51;1;1;7;6;0;1;4;1;0;5
3195;38994;3195;72;1;1;7;6;0;1;1;1;0;2
3196;38994;3196;52;1;2;2;6;0;2;3;1;0;5
3197;38997;3197;72;1;1;7;6;0;1;1;1;0;2
3198;38997;3198;71;3;2;2;6;0;1;1;1;0;2
3199;38997;3199;71;4;1;7;6;1;0;1;2;0;2
3200;38997;3200;71;4;1;7;6;0;1;1;1;0;2
3201;38997;3201;23;3;1;7;6;0;1;4;1;0;5
3202;38998;3202;72;1;1;7;6;0;1;1;1;0;2
3203;38998;3203;71;1;1;7;6;0;1;1;1;0;2
3204;38998;3204;51;1;1;7;6;0;1;1;1;0;2
3205;39017;3205;24;1;1;7;2;0;1;1;1;0;2
3206;39018;3206;51;3;1;7;6;1;0;1;2;0;2
3207;39018;3207;72;3;1;7;2;0;1;1;1;0;2
3208;39018;3208;71;1;1;7;4;0;2;0;1;0;2
3209;39018;3209;86;3;1;7;2;0;2;1;1;0;3
3210;39018;3210;23;3;6;1;6;0;1;1;1;0;2
3211;39018;3211;51;1;1;7;6;0;1;1;1;0;2
3212;39018;3212;81;3;2;1;6;0;2;0;1;0;2
3213;39019;3213;21;1;1;7;2;0;1;1;1;0;2
3214;39019;3214;71;2;3;2;6;1;0;1;2;0;2
3215;39020;3215;64;1;1;7;4;1;0;2;2;0;3
3216;39020;3216;71;3;1;7;6;0;1;1;1;0;2
3217;39021;3217;64;3;3;2;6;0;4;1;1;0;5
3218;39022;3218;52;3;1;7;6;0;2;0;1;0;2
3219;39022;3219;63;1;1;7;5;0;2;1;1;0;3
3220;39023;3220;51;3;1;7;6;0;1;1;1;0;2
3221;39023;3221;51;1;1;7;6;0;1;1;1;0;2
3222;39023;3222;26;2;3;2;2;0;1;2;1;0;3
3223;39023;3223;23;1;1;7;5;1;0;1;2;0;2
3224;39027;3224;51;1;1;7;6;0;1;1;1;0;2
3225;39027;3225;64;1;3;2;3;0;1;1;1;0;2
3226;39027;3226;72;3;2;2;6;1;1;1;2;0;3
3227;39027;3227;67;3;1;1;4;0;1;1;1;0;2
3228;39027;3228;42;1;1;7;6;0;1;1;1;0;2
3229;39028;3229;11;1;1;2;6;0;1;1;1;0;2
3230;39030;3230;71;3;1;7;6;0;1;1;1;0;2
3231;39030;3231;63;3;1;7;6;0;3;1;1;0;4
3232;39031;3232;72;1;1;7;6;1;0;1;2;0;2
3233;39031;3233;51;1;1;7;6;0;2;1;1;0;3
3234;39031;3234;52;3;1;7;6;0;2;2;1;0;4
3235;39031;3235;51;1;2;1;6;0;2;2;1;0;4
3236;39031;3236;72;1;1;7;6;0;1;1;1;0;2
3237;39032;3237;64;3;1;7;3;0;1;1;1;0;2
3238;39033;3238;71;1;1;7;5;0;1;1;1;0;2
3239;39033;3239;71;1;1;7;6;0;1;1;1;0;2
3240;39033;3240;81;3;1;7;6;0;1;0;1;0;1
3241;39034;3241;61;1;1;7;3;0;1;1;1;0;2
3242;39035;3242;71;5;1;7;6;0;1;1;1;0;2
3243;39035;3243;71;1;1;7;6;0;1;1;1;0;2
3244;39035;3244;71;1;3;1;6;1;0;1;2;0;2
3245;39037;3245;74;3;1;7;5;0;2;0;3;0;2
3246;39037;3246;52;3;1;7;0;0;1;0;1;0;1
3247;39037;3247;81;3;1;7;0;0;1;0;1;0;1
3248;39047;3248;72;3;1;7;6;1;0;1;2;0;2
3249;39047;3249;21;3;2;2;7;1;0;1;2;0;2
3250;39047;3250;99;1;1;7;0;2;0;0;2;0;2
3251;39047;3251;52;3;1;7;6;0;2;1;1;0;3
3252;39047;3252;52;3;3;2;6;0;3;0;1;0;3
3253;39047;3253;52;1;1;7;6;0;1;1;1;0;2
3254;39047;3254;52;5;1;4;6;0;1;1;1;0;2
3255;39047;3255;81;3;1;7;3;0;0;1;3;0;1
3256;39047;3256;67;5;6;1;4;0;1;1;1;0;2
3257;39047;3257;21;3;3;1;6;0;4;0;1;0;4
3258;39047;3258;67;1;1;7;4;0;1;1;1;0;2
3259;39047;3259;52;1;1;2;6;0;1;1;1;0;2
3260;39047;3260;81;3;1;7;0;0;1;0;1;0;1
3261;39047;3261;36;1;1;7;8;0;1;2;1;0;3
3262;39048;3262;72;1;2;2;6;0;1;4;1;0;5
3263;39048;3263;81;1;1;7;2;0;1;1;1;0;2
3264;39049;3264;71;1;1;7;4;0;1;1;1;0;2
3265;39049;3265;21;3;1;7;4;0;1;1;1;0;2
3266;39049;3266;71;3;1;7;6;0;1;1;1;0;2
3267;39049;3267;71;3;1;7;4;0;1;1;1;0;2
3268;39049;3268;71;1;3;1;6;0;1;1;1;0;2
3269;39049;3269;61;1;1;7;3;0;1;2;1;0;3
3270;39052;3270;64;3;1;7;6;0;1;1;1;0;2
3271;39054;3271;71;1;1;7;6;0;1;1;1;0;2
3272;39054;3272;63;1;1;7;6;0;3;0;1;0;3
3273;39055;3273;32;1;1;7;6;0;1;1;1;0;2
3274;39056;3274;71;1;1;7;6;0;1;1;1;0;2
3275;39056;3275;71;2;1;7;5;0;2;0;1;0;2
3276;39056;3276;71;1;1;7;4;0;2;0;1;0;2
3277;39057;3277;71;1;3;1;6;1;0;1;2;0;2
3278;39058;3278;51;1;1;7;6;0;1;1;1;0;2
3279;39058;3279;71;3;1;7;6;0;1;1;1;0;2
3280;39059;3280;65;3;1;7;6;0;1;1;1;0;2
3281;39059;3281;72;1;1;7;6;0;1;1;1;0;2
3282;39059;3282;72;1;1;7;6;0;1;1;1;0;2
3283;39059;3283;71;1;1;1;6;0;1;1;1;0;2
3284;39059;3284;51;3;1;7;6;0;2;1;1;0;3
3285;39060;3285;23;3;1;7;6;0;1;1;1;0;2
3286;39060;3286;63;1;1;7;6;0;2;0;1;0;2
3287;39060;3287;67;3;3;1;5;0;1;1;1;0;2
3288;39060;3288;71;1;1;7;6;1;0;1;2;0;2
3289;39086;3289;72;1;1;7;6;0;1;1;1;0;2
3290;39097;3290;64;1;1;7;4;0;2;0;1;0;2
3291;39099;3291;72;1;1;7;6;0;1;1;1;0;2
3292;39099;3292;71;1;1;7;4;1;0;1;2;0;2
3293;39099;3293;61;1;1;7;4;1;0;1;2;0;2
3294;39099;3294;71;4;6;1;6;0;1;1;1;0;2
3295;39101;3295;72;1;1;7;6;0;1;1;1;0;2
3296;39103;3296;24;1;1;7;2;0;1;1;1;0;2
3297;39109;3297;64;1;1;7;6;0;1;1;1;0;2
3298;39113;3298;71;1;1;7;6;1;0;1;2;0;2
3299;39113;3299;21;5;1;7;6;0;1;1;1;0;2
3300;39114;3300;24;1;1;7;2;0;1;1;1;0;2
3301;39116;3301;75;3;1;7;6;0;1;1;1;0;2
3302;39117;3302;21;5;1;7;6;0;1;1;1;0;2
3303;39118;3303;61;1;1;7;3;0;1;1;1;0;2
3304;39127;3304;51;1;1;7;6;0;3;0;1;0;3
3305;39128;3305;52;1;1;7;6;0;1;1;1;0;2
3306;39133;3306;72;1;1;7;6;0;1;1;1;0;2
3307;39134;3307;72;1;1;7;6;0;1;1;1;0;2
3308;39136;3308;72;1;3;2;6;0;1;1;1;0;2
3309;39136;3309;21;3;3;2;6;0;1;1;1;0;2
3310;39136;3310;72;1;1;7;4;1;0;1;2;0;2
3311;39136;3311;25;5;3;1;7;1;1;1;2;0;3
3312;39139;3312;72;2;1;7;6;1;0;1;2;0;2
3313;39141;3313;26;1;1;7;1;0;1;1;1;0;2
3314;39148;3314;51;3;1;7;6;0;2;0;1;0;2
3315;39148;3315;51;3;3;2;6;0;2;1;1;0;3
3316;39151;3316;81;3;1;7;2;0;2;0;3;0;2
3317;39152;3317;53;1;3;2;2;0;1;1;1;0;2
3318;39162;3318;71;1;1;7;6;1;0;1;2;0;2
3319;39177;3319;71;1;1;7;6;0;1;1;1;0;2
3320;39185;3320;81;5;1;7;0;0;1;1;1;0;2
3321;39185;3321;52;3;1;7;4;0;1;1;1;0;2
3322;39185;3322;52;1;1;7;0;0;1;0;1;0;1
3323;39185;3323;52;1;1;7;6;0;1;1;1;0;2
3324;39185;3324;52;1;1;7;0;0;1;0;1;0;1
3325;39185;3325;52;1;1;1;0;0;1;0;3;0;1
3326;39185;3326;52;2;3;1;0;0;1;0;1;0;1
3327;39187;3327;72;1;1;7;4;0;2;1;1;0;3
3328;39188;3328;71;3;3;2;6;0;1;1;1;0;2
3329;39188;3329;71;1;1;7;8;0;1;1;1;0;2
3330;39190;3330;71;5;1;7;6;0;1;1;1;0;2
3331;39191;3331;81;3;1;7;6;0;1;1;1;0;2
3332;39191;3332;71;1;3;1;6;1;0;1;2;0;2
3333;39200;3333;52;3;1;7;6;0;1;2;1;0;3
3334;39201;3334;72;3;1;7;6;0;1;1;1;0;2
3335;39201;3335;72;1;2;1;6;0;1;1;1;0;2
3336;39205;3336;72;1;1;7;6;1;0;1;2;0;2
3337;39205;3337;36;1;1;7;3;0;1;1;1;0;2
3338;39205;3338;72;1;1;7;6;1;0;1;2;0;2
3339;39205;3339;16;1;1;7;5;0;1;1;1;0;2
3340;39205;3340;71;1;1;2;6;0;1;1;1;0;2
3341;39206;3341;71;1;1;7;5;0;1;1;1;0;2
3342;39206;3342;51;1;1;7;6;1;0;1;2;0;2
3343;39206;3343;18;1;1;7;4;0;1;1;1;0;2
3344;39223;3344;71;1;1;7;6;0;1;1;1;0;2
3345;39256;3345;72;1;1;7;6;0;1;1;1;0;2
3346;39264;3346;72;1;1;7;6;0;1;1;1;0;2
3347;39264;3347;72;1;1;7;6;1;0;1;2;0;2
3348;39266;3348;71;2;3;2;6;0;1;1;1;0;2
3349;39267;3349;72;1;3;2;6;0;1;1;1;0;2
3350;39274;3350;64;1;1;7;5;0;1;1;1;0;2
3351;39284;3351;25;3;1;7;0;0;1;0;1;0;1
3352;39286;3352;71;1;1;7;6;0;1;1;1;0;2
3353;39292;3353;72;4;1;7;5;0;2;0;1;0;2
3354;39292;3354;71;1;1;7;4;0;1;1;1;0;2
3355;39293;3355;52;3;1;7;0;0;1;0;1;0;1
3356;39294;3356;72;1;1;7;6;0;1;1;1;0;2
3357;39294;3357;41;1;1;7;2;0;1;1;1;0;2
3358;39295;3358;52;5;1;1;0;0;2;0;1;0;2
3359;39296;3359;81;3;2;1;0;0;2;0;1;0;2
3360;39298;3360;51;3;1;7;5;0;1;1;1;0;2
3361;39301;3361;64;1;1;7;6;0;1;2;1;0;3
3362;39301;3362;71;1;1;7;6;0;1;1;1;0;2
3363;39310;3363;71;4;1;7;6;0;1;1;1;0;2
3364;39310;3364;64;1;7;7;6;0;2;0;1;0;2
3365;39312;3365;72;1;1;2;4;0;1;1;1;0;2
3366;39312;3366;64;1;1;7;4;0;1;1;1;0;2
3367;39312;3367;72;1;1;7;5;0;1;1;1;0;2
3368;39312;3368;20;1;1;7;7;0;1;1;1;0;2
3369;39328;3369;72;1;1;7;6;1;0;1;2;0;2
3370;39332;3370;76;3;1;7;4;0;1;1;1;0;2
3371;39332;3371;63;2;1;1;5;0;1;1;1;0;2
3372;39332;3372;52;1;1;7;0;0;1;0;1;0;1
3373;39338;3373;71;1;1;7;6;1;0;1;2;0;2
3374;39343;3374;52;1;1;7;0;0;1;0;1;0;1
3375;39343;3375;52;1;1;4;6;0;1;1;1;0;2
3376;39343;3376;23;3;1;7;6;0;1;1;1;0;2
3377;39343;3377;52;1;1;4;0;0;1;0;3;0;1
3378;39343;3378;74;1;3;1;6;0;1;1;1;0;2
3379;39343;3379;52;3;1;6;0;0;1;0;3;0;1
3380;39347;3380;64;1;1;7;6;0;1;1;1;0;2
3381;39356;3381;53;1;1;7;2;0;1;1;1;0;2
3382;39356;3382;72;1;1;7;6;1;0;1;2;0;2
3383;39362;3383;72;1;1;7;6;0;1;1;1;0;2
3384;39363;3384;72;1;1;7;6;1;0;1;2;0;2
3385;39365;3385;52;1;1;7;6;0;1;1;1;0;2
3386;39370;3386;63;1;1;7;4;0;1;1;1;0;2
3387;39384;3387;72;1;1;7;6;0;1;1;1;0;2
3388;39384;3388;71;3;1;7;6;0;1;1;1;0;2
3389;39385;3389;71;1;1;7;6;1;0;1;2;0;2
3390;39389;3390;61;1;3;1;4;0;1;1;1;0;2
3391;39389;3391;71;1;1;7;6;0;1;1;1;0;2
3392;39389;3392;61;3;1;7;4;0;1;1;1;0;2
3393;39390;3393;25;1;1;7;6;0;2;0;1;0;2
3394;39390;3394;71;1;1;7;6;0;1;1;1;0;2
3395;39393;3395;81;1;1;7;2;0;2;1;1;0;3
3396;39396;3396;24;1;1;7;2;1;0;1;2;0;2
3397;39396;3397;71;1;1;7;6;0;1;1;1;0;2
3398;39396;3398;72;1;1;5;7;0;1;1;1;0;2
3399;39399;3399;41;1;1;7;6;0;1;1;1;0;2
3400;39401;3400;64;1;1;7;3;0;1;1;1;0;2
3401;39402;3401;72;1;1;7;6;0;1;1;1;0;2
3402;39402;3402;71;3;1;7;6;0;1;1;1;0;2
3403;39402;3403;82;1;1;7;6;0;1;3;1;0;4
3404;39402;3404;61;1;1;7;3;0;1;1;1;0;2
3405;39403;3405;72;1;1;7;6;0;1;1;1;0;2
3406;39406;3406;52;1;1;7;0;0;2;0;1;0;2
3407;39415;3407;61;2;7;7;6;0;1;1;1;0;2
3408;39416;3408;72;1;1;7;6;0;1;1;1;0;2
3409;39416;3409;71;1;1;7;6;0;1;1;1;0;2
3410;39445;3410;81;3;3;1;6;0;1;0;1;0;1
3411;39446;3411;81;3;3;1;3;0;0;1;3;0;1
3412;39447;3412;81;3;1;7;0;0;1;0;1;0;1
3413;39455;3413;71;1;1;7;6;1;0;1;2;0;2
3414;39458;3414;72;2;1;7;6;0;1;1;1;0;2
3415;39460;3415;72;1;1;7;6;0;1;2;1;0;3
3416;39471;3416;72;2;1;2;6;0;1;1;1;0;2
3417;39471;3417;72;1;1;7;6;0;1;1;1;0;2
3418;39471;3418;71;1;1;7;6;0;1;1;1;0;2
3419;39472;3419;71;1;1;7;6;0;1;1;1;0;2
3420;39476;3420;72;3;1;7;6;0;0;1;3;0;1
3421;39476;3421;67;3;1;7;4;0;1;1;1;0;2
3422;39480;3422;52;1;1;4;7;1;1;1;2;0;3
3423;39480;3423;99;1;1;7;7;0;1;1;1;0;2
3424;39480;3424;63;1;3;1;6;0;1;1;1;0;2
3425;39480;3425;51;5;3;1;6;0;2;3;1;0;5
3426;39480;3426;81;1;1;7;2;1;0;1;2;0;2
3427;39497;3427;71;1;1;1;6;0;1;1;1;0;2
3428;39503;3428;64;1;1;7;6;0;1;1;1;0;2
3429;39504;3429;72;1;1;7;6;0;1;1;1;0;2
3430;39505;3430;71;5;1;5;6;0;1;1;1;0;2
3431;39508;3431;52;3;1;7;6;0;2;0;1;0;2
3432;39508;3432;72;1;1;7;6;1;0;1;2;0;2
3433;39513;3433;72;1;1;7;6;0;1;1;1;0;2
3434;39513;3434;72;3;1;7;6;0;1;1;1;0;2
3435;39513;3435;52;1;1;7;0;0;1;0;1;0;1
3436;39517;3436;72;1;1;7;3;0;2;0;1;0;2
3437;39520;3437;24;1;1;7;2;0;1;1;1;0;2
3438;39521;3438;72;1;1;7;6;0;1;1;1;0;2
3439;39522;3439;62;1;1;7;2;0;1;1;1;0;2
3440;39526;3440;72;1;1;7;6;0;1;1;1;0;2
3441;39527;3441;72;1;1;7;6;0;1;1;1;0;2
3442;39533;3442;72;1;1;7;6;0;1;1;1;0;2
3443;39533;3443;52;3;1;7;0;4;0;0;2;0;4
3444;39533;3444;18;1;1;7;6;0;1;1;1;0;2
3445;39535;3445;51;1;1;7;6;0;1;1;1;0;2
3446;39535;3446;51;1;1;7;6;0;1;2;1;0;3
3447;39535;3447;72;1;1;7;6;1;0;1;2;0;2
3448;39536;3448;72;1;1;7;6;0;1;1;1;0;2
3449;39536;3449;24;3;3;2;6;0;1;1;1;0;2
3450;39536;3450;71;1;1;7;6;0;1;1;1;0;2
3451;39536;3451;71;1;1;7;6;0;1;1;1;0;2
3452;39536;3452;71;1;1;7;6;0;1;1;1;0;2
3453;39536;3453;81;3;1;2;7;1;0;1;2;0;2
3454;39537;3454;64;1;3;2;6;0;1;1;1;0;2
3455;39539;3455;63;1;1;7;6;0;1;1;1;0;2
3456;39546;3456;52;4;3;1;0;0;1;0;1;0;1
3457;39547;3457;67;3;1;7;5;0;1;1;1;0;2
3458;39547;3458;71;1;1;7;4;0;1;1;1;0;2
3459;39548;3459;51;1;1;7;6;0;1;1;1;0;2
3460;39548;3460;72;2;1;7;6;1;0;1;2;0;2
3461;39548;3461;81;3;1;7;6;0;1;2;1;0;3
3462;39548;3462;52;3;3;2;6;0;1;1;1;0;2
3463;39549;3463;81;3;1;1;6;0;4;0;1;0;4