accident_id;lieu_id;date_id;cause_id;lum_id;intemp_id;etat_surface_id;impliq_id;nb_blesses_graves;nb_blesses_legers;nb_indemnes;gravite;nb_morts;nb_impliqués
3935;40233;3935;72;1;1;7;6;0;1;1;1;0;2
3936;40239;3936;27;1;1;7;9;0;1;1;1;0;2
3937;40248;3937;71;1;1;7;6;0;1;1;1;0;2
3938;40253;3938;72;1;1;7;6;0;0;1;3;0;1
3939;40258;3939;72;1;1;7;6;0;1;1;1;0;2
3940;40263;3940;21;1;1;7;6;0;1;1;1;0;2
3941;40264;3941;21;1;1;7;4;0;1;2;1;0;3
3942;40283;3942;71;1;1;7;6;0;1;1;1;0;2
3943;40283;3943;63;5;1;7;4;0;1;1;1;0;2
3944;40285;3944;51;1;3;2;6;0;1;2;1;0;3
3945;40285;3945;52;3;1;2;0;0;5;0;1;0;5
3946;40289;3946;51;1;1;7;3;0;1;1;1;0;2
3947;40290;3947;52;1;1;7;0;0;1;1;1;0;2
3948;40292;3948;51;1;1;7;6;0;1;3;1;0;4
3949;40293;3949;51;1;1;7;6;0;1;1;1;0;2
3950;40294;3950;64;1;1;7;4;0;1;1;1;0;2
3951;40295;3951;81;3;1;7;0;0;3;0;1;0;3
3952;40300;3952;72;3;1;7;6;0;1;1;1;0;2
3953;40301;3953;61;3;1;7;4;0;1;1;1;0;2
3954;40302;3954;71;1;1;7;6;1;0;1;2;0;2
3955;40303;3955;51;1;1;7;6;0;1;1;1;0;2
3956;40303;3956;63;3;1;1;4;0;1;1;1;0;2
3957;40303;3957;25;1;1;7;6;0;1;1;1;0;2
3958;40303;3958;61;1;1;7;3;1;1;1;2;0;3
3959;40303;3959;73;1;1;7;6;0;1;1;1;0;2
3960;40304;3960;35;3;3;2;4;0;1;1;1;0;2
3961;40305;3961;72;1;1;7;6;0;1;1;1;0;2
3962;40306;3962;71;1;3;2;6;0;1;1;1;0;2
3963;40306;3963;65;1;1;7;6;0;1;2;1;0;3
3964;40307;3964;71;1;1;7;6;0;1;1;1;0;2
3965;40307;3965;71;3;3;1;6;0;0;1;3;0;1
3966;40308;3966;63;1;1;7;4;0;1;1;1;0;2
3967;40308;3967;41;1;1;7;6;0;1;1;1;0;2
3968;40308;3968;14;1;3;2;6;0;1;1;1;0;2
3969;40308;3969;67;1;1;7;5;0;1;2;1;0;3
3970;40308;3970;51;1;3;7;6;0;1;1;1;0;2
3971;40308;3971;24;1;1;7;2;0;1;1;1;0;2
3972;40308;3972;35;1;1;7;3;0;1;1;1;0;2
3973;40309;3973;64;1;1;7;6;0;1;1;1;0;2
3974;40309;3974;71;1;1;7;6;0;1;1;1;0;2
3975;40309;3975;72;1;1;7;6;0;1;1;1;0;2
3976;40309;3976;71;1;1;7;6;0;1;1;1;0;2
3977;40309;3977;32;1;1;7;6;0;1;1;1;0;2
3978;40309;3978;20;1;1;7;6;0;1;1;1;0;2
3979;40309;3979;81;3;1;7;4;0;1;1;1;0;2
3980;40310;3980;71;1;2;2;6;0;1;1;1;0;2
3981;40310;3981;81;1;3;1;6;0;1;1;1;0;2
3982;40310;3982;20;1;1;7;2;0;1;1;1;0;2
3983;40310;3983;20;3;1;7;6;0;1;0;1;0;1
3984;40311;3984;71;1;1;7;6;0;1;1;1;0;2
3985;40311;3985;35;1;1;7;5;0;1;1;1;0;2
3986;40312;3986;52;3;3;2;0;0;2;0;1;0;2
3987;40315;3987;52;1;1;7;0;0;1;2;1;0;3
3988;40319;3988;71;3;1;7;6;0;0;1;3;0;1
3989;40324;3989;52;3;1;7;6;0;1;1;1;0;2
3990;40327;3990;26;1;1;7;2;0;1;1;1;0;2
3991;40335;3991;72;1;1;7;6;0;1;1;1;0;2
3992;40335;3992;72;1;1;7;6;0;1;1;1;0;2
3993;40339;3993;52;3;1;2;0;0;1;0;1;0;1
3994;40339;3994;72;1;1;7;6;0;1;1;1;0;2
3995;40344;3995;72;1;1;7;6;0;1;1;1;0;2
3996;40344;3996;72;3;1;7;6;0;1;1;1;0;2
3997;40347;3997;51;3;1;7;6;0;1;1;1;0;2
3998;40347;3998;64;1;1;7;6;0;1;1;1;0;2
3999;40348;3999;21;1;1;7;6;0;1;1;1;0;2
4000;40354;4000;71;1;1;7;6;0;1;1;1;0;2
4001;40354;4001;82;1;1;7;0;0;1;0;1;0;1
4002;40355;4002;71;1;1;7;6;0;2;1;1;0;3
4003;40360;4003;72;1;1;7;6;0;1;1;1;0;2
4004;40360;4004;71;1;1;7;6;0;1;1;1;0;2
4005;40361;4005;35;1;1;7;3;0;1;1;1;0;2
4006;40361;4006;81;5;1;7;0;0;1;0;1;0;1
4007;40362;4007;52;1;1;7;6;0;2;5;1;0;7
4008;40369;4008;81;3;1;7;6;0;1;1;1;0;2
4009;40370;4009;81;1;1;2;6;0;3;0;1;0;3
4010;40370;468;71;1;1;7;6;0;1;1;1;0;2
4011;40370;4011;51;1;3;1;6;0;2;0;3;0;2
4012;40370;4012;67;1;1;7;6;0;1;1;1;0;2
4013;40373;4013;52;1;1;7;6;0;1;1;1;0;2
4014;40376;4014;71;1;1;7;6;0;1;1;1;0;2
4015;40376;4015;25;3;3;2;6;0;1;1;1;0;2
4016;40376;4016;52;3;1;2;6;0;1;0;3;0;1
4017;40376;4017;75;3;1;7;6;0;1;1;1;0;2
4018;40376;4018;52;3;1;7;6;0;1;1;1;0;2
4019;40379;4019;72;1;1;7;6;0;1;1;1;0;2
4020;40379;4020;72;3;1;7;7;0;0;1;3;0;1
4021;40379;4021;51;1;1;7;6;0;1;1;1;0;2
4022;40379;4022;52;3;3;2;0;0;1;0;1;0;1
4023;40379;4023;35;1;1;7;4;0;1;1;1;0;2
4024;40379;4024;51;1;1;7;6;0;1;1;1;0;2
4025;40379;4025;24;1;1;7;2;0;1;1;1;0;2
4026;40380;4026;71;1;1;7;6;0;1;1;1;0;2
4027;40380;4027;74;3;1;7;6;0;1;1;1;0;2
4028;40381;4028;72;3;1;1;6;1;0;1;2;0;2
4029;40381;4029;72;1;1;1;6;0;1;1;1;0;2
4030;40381;4030;17;3;1;7;2;0;1;1;1;0;2
4031;40381;4031;72;1;1;7;6;1;0;1;2;0;2
4032;40381;4032;71;3;1;7;6;0;1;1;1;0;2
4033;40381;4033;71;1;1;7;6;0;1;1;1;0;2
4034;40381;4034;72;1;1;7;5;0;2;0;1;0;2
4035;40381;4035;52;2;3;1;6;0;1;6;1;0;7
4036;40381;4036;51;1;1;7;6;0;1;2;1;0;3
4037;40381;4037;71;1;3;2;6;0;1;1;1;0;2
4038;40382;4038;72;1;1;7;6;1;0;1;2;0;2
4039;40382;4039;81;3;1;7;6;0;1;1;1;0;2
4040;40382;4040;63;3;2;2;4;0;1;1;1;0;2
4041;40382;4041;71;1;1;7;6;1;0;1;2;0;2
4042;40382;4042;63;1;1;7;4;0;1;2;1;0;3
4043;40382;4043;61;3;1;7;4;0;1;1;1;0;2
4044;40383;4044;72;1;1;7;6;1;0;1;2;0;2
4045;40383;4045;71;3;1;7;6;0;1;1;1;0;2
4046;40383;4046;26;1;1;7;2;0;1;1;1;0;2
4047;40383;4047;71;5;1;7;6;0;1;1;1;0;2
4048;40389;4048;52;1;1;1;0;0;1;0;1;0;1
4049;40390;4049;64;1;1;7;4;0;1;1;1;0;2
4050;40390;4050;64;1;1;2;6;0;1;1;1;0;2
4051;40391;4051;53;1;3;2;6;0;1;1;1;0;2
4052;40391;4052;71;5;3;1;6;0;1;1;1;0;2
4053;40391;4053;18;1;1;7;5;0;1;1;1;0;2
4054;40391;4054;24;1;1;7;2;0;1;1;1;0;2
4055;40391;4055;64;3;3;2;6;0;1;2;1;0;3
4056;40392;4056;81;2;1;7;2;0;0;1;3;0;1
4057;40392;4057;51;1;1;7;6;0;4;2;1;0;6
4058;40392;4058;71;1;1;7;6;0;1;1;1;0;2
4059;40393;4059;26;1;1;7;2;0;1;1;1;0;2
4060;40393;4060;26;1;2;2;2;0;1;1;1;0;2
4061;40393;4061;26;1;1;7;2;0;2;1;1;0;3
4062;40393;4062;26;2;1;7;2;0;1;1;1;0;2
4063;40393;4063;71;1;1;7;6;0;1;1;1;0;2
4064;40396;4064;71;1;1;7;6;0;1;1;1;0;2
4065;40396;4065;64;1;1;7;6;1;0;1;2;0;2
4066;40397;4066;36;1;1;7;6;0;1;1;1;0;2
4067;40414;4067;71;1;1;7;6;0;1;1;1;0;2
4068;40416;4068;21;1;1;7;6;0;1;1;1;0;2
4069;40425;4069;63;1;1;7;5;0;1;1;1;0;2
4070;40433;4070;72;1;1;4;6;0;1;1;1;0;2
4071;40446;4071;71;2;3;1;6;0;1;1;1;0;2
4072;40447;4072;62;1;1;7;4;0;1;1;1;0;2
4073;40452;4073;81;3;3;1;0;0;0;0;3;0;0
4074;40452;4074;52;1;1;7;0;0;1;0;1;0;1
4075;40467;4075;52;2;1;7;0;0;1;0;1;0;1
4076;40468;4076;75;1;1;7;4;0;2;1;1;0;3
4077;40468;4077;81;5;1;7;6;0;1;1;1;0;2
4078;40478;4078;52;1;1;7;0;0;2;0;1;0;2
4079;40478;4079;51;3;1;7;6;1;0;4;2;0;5
4080;40478;4080;52;1;1;7;0;0;1;1;1;0;2
4081;40478;4081;51;1;2;2;6;0;2;3;1;0;5
4082;40478;4082;52;1;1;7;0;1;2;1;2;0;4
4083;40478;4083;51;1;3;2;6;0;1;3;1;0;4
4084;40478;4084;41;3;1;7;6;1;0;1;2;0;2
4085;40479;4085;18;1;1;7;6;0;1;2;1;0;3
4086;40479;4083;51;1;2;2;6;0;2;1;1;0;3
4087;40479;4087;51;1;1;1;6;0;3;3;1;0;6
4088;40479;4088;18;1;1;7;6;0;2;1;1;0;3
4089;40479;4089;51;1;2;2;6;0;1;2;1;0;3
4090;40481;4090;72;1;1;7;6;0;1;1;1;0;2
4091;40481;4091;71;1;1;7;6;0;1;1;1;0;2
4092;40482;4092;41;3;1;7;6;0;1;2;1;0;3
4093;40484;4093;76;1;1;7;6;0;1;1;1;0;2
4094;40487;4094;18;1;1;7;6;0;1;1;1;0;2
4095;40487;4095;52;3;3;1;0;0;1;1;1;0;2
4096;40488;4096;71;1;1;7;6;0;1;1;1;0;2
4097;40488;4097;81;3;1;7;2;0;1;1;1;0;2
4098;40489;4098;41;1;1;7;2;0;3;0;1;0;3
4099;40489;4099;71;1;3;1;6;0;1;1;1;0;2
4100;40489;4100;71;1;1;7;6;0;1;1;1;0;2
4101;40490;4101;25;1;1;2;8;0;2;1;1;0;3
4102;40490;4102;81;1;1;7;0;0;2;0;1;0;2
4103;40491;4103;24;1;1;7;1;0;1;1;1;0;2
4104;40491;4104;72;1;1;7;6;0;1;1;1;0;2
4105;40491;4105;72;1;2;2;6;1;0;1;2;0;2
4106;40499;4106;41;1;1;7;2;0;1;1;1;0;2
4107;40503;4107;72;1;1;7;6;0;1;1;1;0;2
4108;40506;4108;73;1;1;7;4;0;1;1;1;0;2
4109;40512;4109;17;3;1;7;2;0;1;0;1;0;1
4110;40513;4110;24;1;1;7;2;1;0;1;2;0;2
4111;40516;1798;23;1;1;7;4;0;1;1;1;0;2
4112;40517;4112;51;1;1;7;4;0;1;1;1;0;2
4113;40517;4113;21;1;1;7;6;0;1;1;1;0;2
4114;40520;4114;64;1;1;7;6;0;1;1;1;0;2
4115;40524;4115;21;3;1;7;4;0;1;1;1;0;2
4116;40527;4116;52;3;1;7;2;0;1;1;1;0;2
4117;40529;4117;41;1;1;7;2;0;1;1;1;0;2
4118;40535;4118;51;3;1;7;6;0;1;2;1;0;3
4119;40536;4119;51;1;1;7;6;0;1;1;1;0;2
4120;40537;4120;61;1;3;1;3;1;0;1;2;0;2
4121;40544;4121;52;5;1;7;6;0;1;1;1;0;2
4122;40544;4122;25;1;1;7;6;0;1;2;1;0;3
4123;40544;4123;71;1;1;7;6;0;1;1;1;0;2
4124;40547;4124;23;3;1;1;5;2;0;1;2;0;3
4125;40547;4125;71;1;1;7;6;0;0;1;3;0;1
4126;40555;4126;24;1;3;1;2;0;1;1;1;0;2
4127;40559;4127;41;3;1;7;6;0;2;1;1;0;3
4128;40561;4128;20;1;1;2;1;0;1;1;1;0;2
4129;40564;4129;63;1;1;1;4;1;0;1;2;0;2
4130;40565;4130;71;1;1;7;6;1;0;1;2;0;2
4131;40574;4131;72;1;1;7;6;0;1;1;1;0;2
4132;40576;4132;72;1;1;7;6;0;1;1;1;0;2
4133;40576;4133;71;1;1;7;6;0;1;1;1;0;2
4134;40578;4134;72;4;3;2;6;0;1;1;1;0;2
4135;40579;4135;27;1;1;7;4;0;1;0;1;0;1
4136;40584;4136;64;1;1;2;4;1;0;1;2;0;2
4137;40586;4137;72;1;1;7;6;0;1;1;1;0;2
4138;40593;4138;22;3;1;7;6;0;1;1;1;0;2
4139;40593;4139;67;1;1;7;4;0;1;1;1;0;2
4140;40593;4140;71;1;1;7;6;0;1;1;1;0;2
4141;40595;4141;72;1;1;7;6;0;1;1;1;0;2
4142;40605;4142;81;1;1;7;6;0;1;2;1;0;3
4143;40618;4143;28;3;1;7;0;1;0;0;2;0;1
4144;40631;4144;26;2;1;4;2;0;2;1;1;0;3
4145;40631;4145;72;1;1;7;6;0;1;1;1;0;2
4146;40631;4146;71;1;1;7;6;0;1;1;1;0;2
4147;40633;4147;81;3;1;7;2;0;0;1;3;0;1
4148;40633;4148;64;2;1;1;4;0;1;1;1;0;2
4149;40646;4149;72;1;3;2;6;1;0;1;2;0;2
4150;40659;4150;14;1;1;7;5;0;1;2;1;0;3
4151;40660;4151;71;1;1;7;6;0;2;1;1;0;3
4152;40665;4152;64;1;1;7;4;0;1;1;1;0;2
4153;40676;4153;20;1;1;7;2;0;1;1;1;0;2
4154;40681;4154;26;1;1;7;1;0;1;1;1;0;2
4155;40682;4155;52;1;1;7;2;0;1;1;1;0;2
4156;40694;4156;72;1;1;7;4;0;1;1;1;0;2
4157;40696;4157;81;3;1;7;6;1;0;3;2;0;4
4158;40698;4158;51;1;1;7;6;0;1;1;1;0;2
4159;40700;4159;63;1;1;7;6;0;6;0;1;0;6
4160;40706;4160;81;3;1;7;6;0;2;1;1;0;3
4161;40707;4161;62;3;1;7;2;0;1;1;1;0;2
4162;40708;4162;71;1;1;7;6;0;1;1;1;0;2
4163;40711;4163;51;1;1;7;5;1;0;3;2;0;4
4164;40712;4164;72;1;1;7;6;1;0;1;2;0;2
4165;40713;4165;71;1;1;7;6;1;0;1;2;0;2
4166;40713;4166;72;1;3;2;6;0;1;1;1;0;2
4167;40718;4167;67;1;1;7;5;0;1;2;1;0;3
4168;40718;4168;72;1;1;7;8;1;0;1;2;0;2
4169;40718;4169;71;1;1;7;5;1;0;1;2;0;2
4170;40718;4170;81;3;3;1;2;0;3;2;1;0;5
4171;40721;4171;61;1;1;7;4;0;1;1;1;0;2
4172;40728;4172;67;1;3;1;2;0;1;1;1;0;2
4173;40729;4173;71;1;1;7;6;0;1;1;1;0;2
4174;40729;4174;71;1;1;7;6;0;1;1;1;0;2
4175;40734;4175;72;1;1;7;6;0;1;1;1;0;2
4176;40739;4176;71;1;1;7;6;0;1;1;1;0;2
4177;40740;4177;52;1;3;2;6;0;1;2;1;0;3
4178;40742;4178;72;1;1;7;6;0;1;1;1;0;2
4179;40751;4179;26;1;1;7;1;0;0;1;3;0;1
4180;40751;4180;62;1;1;7;2;0;1;1;1;0;2
4181;40751;3348;71;1;1;7;6;0;1;1;1;0;2
4182;40751;4182;51;1;3;2;6;0;1;3;1;0;4
4183;40751;4183;26;1;1;7;1;0;1;1;1;0;2
4184;40751;4184;72;1;1;7;6;1;0;1;2;0;2
4185;40751;4185;26;1;1;7;2;0;1;1;1;0;2
4186;40751;4186;72;1;1;7;6;0;1;1;1;0;2
4187;40751;4187;21;1;1;1;6;0;1;1;1;0;2
4188;40751;4188;26;1;1;7;2;0;1;1;1;0;2
4189;40751;4189;64;1;1;7;6;0;1;1;1;0;2
4190;40751;4190;72;1;1;7;6;1;0;1;2;0;2
4191;40751;4191;26;1;1;7;1;0;1;1;1;0;2
4192;40751;4192;72;1;1;7;6;0;1;2;1;0;3
4193;40751;4193;26;1;1;7;2;1;0;1;2;0;2
4194;40751;4194;72;1;1;7;6;1;0;1;2;0;2
4195;40751;4195;64;1;1;7;6;0;1;1;1;0;2
4196;40751;4196;52;3;1;7;0;1;0;0;2;0;1
4197;40751;4197;52;3;2;2;0;0;2;0;1;0;2
4198;40752;4198;71;1;3;2;5;1;0;1;2;0;2
4199;40752;4199;25;1;1;7;7;0;1;1;1;0;2
4200;40752;4200;81;3;1;7;6;0;1;1;1;0;2
4201;40752;4201;24;1;1;7;6;0;2;2;1;0;4
4202;40752;4202;81;2;1;7;6;0;2;0;1;0;2
4203;40752;4203;72;1;1;7;6;0;1;1;1;0;2
4204;40752;4204;20;1;1;7;1;0;1;0;1;0;1
4205;40753;4205;71;1;1;7;6;0;1;1;1;0;2
4206;40754;4206;64;1;1;7;6;0;1;1;1;0;2
4207;40756;4207;72;1;1;7;6;0;1;1;1;0;2
4208;40756;4208;72;1;1;7;6;0;1;1;1;0;2
4209;40756;4209;12;5;1;7;2;0;1;1;1;0;2
4210;40756;4210;22;3;1;7;2;1;0;1;2;0;2
4211;40756;4211;41;1;1;7;1;0;1;1;1;0;2
4212;40756;4212;26;1;1;7;2;0;1;1;1;0;2
4213;40756;4213;52;1;1;7;0;0;1;0;1;0;1
4214;40756;4214;71;1;1;7;6;1;0;1;2;0;2
4215;40756;4215;26;3;1;1;2;0;1;1;1;0;2
4216;40756;4216;99;2;3;1;6;0;1;1;1;0;2
4217;40756;4217;81;3;3;2;6;0;1;1;1;0;2
4218;40773;4218;71;1;1;7;6;0;1;1;1;0;2
4219;40776;4219;72;1;1;7;6;0;1;1;1;0;2
4220;40778;4220;71;1;4;2;6;0;1;1;1;0;2
4221;40784;4221;72;1;1;7;6;0;1;1;1;0;2
4222;40786;4222;26;1;1;7;2;0;1;1;1;0;2
4223;40787;4223;71;1;1;7;6;0;1;1;1;0;2
4224;40802;4224;72;3;1;7;6;1;0;1;2;0;2
4225;40805;4225;65;1;1;7;4;1;0;2;2;0;3
4226;40806;4226;71;5;1;7;6;0;1;1;1;0;2
4227;40806;4227;52;3;1;7;0;0;1;1;1;0;2
4228;40808;4228;71;1;1;7;6;1;0;1;2;0;2
4229;40812;4229;52;5;1;7;6;1;0;2;2;0;3
4230;40814;4230;72;1;1;7;6;0;1;1;1;0;2
4231;40814;4231;72;1;1;7;6;0;1;1;1;0;2
4232;40816;4232;52;3;1;7;0;0;1;0;1;0;1
4233;40816;4233;21;1;1;7;6;1;0;1;2;0;2
4234;40816;4234;64;4;1;7;6;0;1;1;1;0;2
4235;40816;4235;67;1;1;7;5;0;1;1;1;0;2
4236;40816;4236;21;1;1;7;5;0;1;1;1;0;2
4237;40826;4237;52;1;1;2;2;0;1;1;1;0;2
4238;40830;4238;71;1;1;7;6;0;1;1;1;0;2
4239;40835;4239;72;1;1;2;6;0;1;1;1;0;2
4240;40840;4240;67;1;1;7;4;0;1;1;1;0;2
4241;40840;4241;61;1;1;7;4;0;1;2;1;0;3
4242;40840;4242;64;1;1;7;6;0;1;1;1;0;2
4243;40840;4243;67;2;1;7;5;0;1;1;1;0;2
4244;40841;4244;73;1;1;2;4;1;1;0;2;0;2
4245;40842;4245;32;1;1;7;6;0;2;1;1;0;3
4246;40842;4246;71;1;1;7;6;0;1;1;1;0;2
4247;40843;4247;22;3;1;7;5;1;0;1;2;0;2
4248;40843;4248;67;2;1;7;4;0;2;1;1;0;3
4249;40844;4249;61;1;1;7;4;0;1;1;1;0;2
4250;40844;4250;86;1;1;7;6;0;1;1;1;0;2
4251;40849;4251;72;2;3;1;6;0;1;1;1;0;2
4252;40852;4252;51;3;1;7;6;0;1;3;1;0;4
4253;40853;4253;52;1;1;7;0;0;1;0;1;0;1
4254;40853;4254;71;1;1;7;4;0;1;1;1;0;2
4255;40853;4255;18;1;3;1;4;0;1;2;1;0;3
4256;40854;4256;52;1;1;7;2;0;1;1;1;0;2
4257;40854;4257;81;1;1;7;0;0;1;0;1;0;1
4258;40861;4258;72;1;1;7;6;0;1;1;1;0;2
4259;40861;4259;71;1;1;7;6;0;1;1;1;0;2
4260;40861;4260;72;3;1;7;6;0;1;1;1;0;2
4261;40864;4261;71;1;1;7;6;1;0;1;2;0;2
4262;40868;4262;24;1;1;7;2;0;1;1;1;0;2
4263;40869;4263;72;1;1;7;6;0;1;1;1;0;2
4264;40879;4264;64;1;1;7;3;0;1;1;1;0;2
4265;40883;4265;52;1;1;7;6;0;5;0;1;0;5
4266;40883;4266;64;1;1;7;3;0;1;1;1;0;2
4267;40885;4267;32;1;1;7;6;0;1;1;1;0;2
4268;40886;4268;41;1;1;7;6;0;1;1;1;0;2
4269;40886;4269;65;1;1;7;4;0;1;1;1;0;2
4270;40889;4270;25;2;3;2;6;0;2;1;1;0;3
4271;40889;4271;32;1;1;7;6;0;1;1;1;0;2
4272;40889;4272;51;1;3;2;6;0;1;2;1;0;3
4273;40889;4273;72;1;1;2;3;0;1;1;1;0;2
4274;40889;4274;52;4;3;1;0;0;2;0;1;0;2
4275;40890;4275;81;1;1;7;8;0;1;2;1;0;3
4276;40890;4276;71;1;1;7;6;0;1;1;1;0;2
4277;40907;4277;32;1;1;7;6;0;1;1;1;0;2
4278;40907;4278;28;1;1;7;9;0;1;1;1;0;2
4279;40912;4279;25;1;1;7;6;0;1;1;1;0;2
4280;40918;4280;52;3;1;7;0;0;1;0;1;0;1
4281;40925;4281;71;1;1;7;6;0;1;1;1;0;2
4282;40925;4282;71;1;3;1;6;0;1;1;1;0;2
4283;40926;4283;16;1;1;7;6;0;1;1;1;0;2
4284;40929;4284;63;3;2;1;6;0;1;2;1;0;3
4285;40930;4285;51;3;3;2;3;0;1;1;1;0;2
4286;40930;4286;52;3;1;1;0;0;1;0;1;0;1
4287;40934;4287;72;1;1;7;6;0;1;1;1;0;2
4288;40934;4288;18;1;1;7;6;0;1;2;1;0;3
4289;40936;4289;62;1;1;7;3;0;1;1;1;0;2
4290;40936;4290;81;3;1;7;6;1;0;2;2;0;3
4291;40936;4291;74;3;1;7;6;0;1;1;1;0;2
4292;40936;4292;52;3;2;1;0;0;3;0;1;0;3
4293;40937;4293;51;3;1;7;6;0;1;1;1;0;2
4294;40938;4294;26;1;1;7;2;0;1;1;1;0;2
4295;40938;4295;63;2;3;2;4;0;1;1;1;0;2
4296;40939;4296;51;1;1;7;6;1;0;2;2;0;3
4297;40940;4297;51;1;1;7;6;0;2;3;1;0;5
4298;40940;4298;71;1;1;7;6;1;0;1;2;0;2
4299;40940;4299;23;3;2;2;5;0;2;1;1;0;3
4300;40940;4300;81;3;2;1;0;2;2;0;2;0;4
4301;40941;4301;64;1;1;7;6;0;2;0;1;0;2
4302;40941;4302;71;3;1;7;6;0;1;1;1;0;2
4303;40941;4303;81;3;3;1;6;1;0;1;2;0;2
4304;40941;4304;24;3;1;7;2;0;1;1;1;0;2
4305;40945;4305;64;1;1;7;6;0;1;1;1;0;2
4306;40947;4306;72;1;1;7;8;0;1;1;1;0;2
4307;40947;4307;71;1;1;7;6;0;1;1;1;0;2
4308;40961;4308;81;1;1;7;6;0;1;2;1;0;3
4309;40965;4309;64;1;1;7;1;0;1;1;1;0;2
4310;40973;4310;64;1;1;7;6;0;2;1;1;0;3
4311;40973;4311;61;1;1;7;3;0;1;1;1;0;2
4312;40973;4312;64;1;1;7;6;0;1;2;1;0;3
4313;40989;4313;52;1;1;7;6;0;1;1;1;0;2
4314;40994;4314;75;1;1;7;6;0;1;1;1;0;2
4315;40994;4315;81;1;1;7;1;0;1;1;1;0;2
4316;40995;4316;21;1;1;7;6;0;1;1;1;0;2
4317;40997;4317;72;1;1;7;6;0;1;1;1;0;2
4318;40999;4318;26;1;1;7;1;0;1;1;1;0;2
4319;40999;4319;71;1;1;7;6;0;1;1;1;0;2
4320;41000;4320;81;3;1;7;1;1;1;1;2;0;3
4321;41000;4321;71;5;1;7;6;0;1;1;1;0;2
4322;41002;4322;71;1;1;7;6;1;0;1;2;0;2
4323;41003;4323;81;1;1;7;1;0;1;1;1;0;2
4324;41003;4324;72;1;1;7;6;0;1;1;1;0;2
4325;41013;4325;52;5;1;7;0;0;3;1;1;0;4
4326;41013;4326;52;3;1;7;0;0;1;1;1;0;2
4327;41013;4327;52;1;1;7;6;0;2;0;1;0;2
4328;41013;4328;51;1;3;1;6;0;2;0;1;0;2
4329;41014;4329;52;3;1;7;0;0;1;0;1;0;1
4330;41014;4330;51;1;1;7;6;0;1;1;1;0;2
4331;41014;3118;41;1;1;7;4;0;1;1;1;0;2
4332;41014;4332;18;1;1;7;6;0;1;1;1;0;2
4333;41014;4333;52;3;2;2;0;0;3;0;1;0;3
4334;41014;4334;52;5;1;7;0;0;1;0;1;0;1
4335;41014;4335;51;4;1;7;6;0;2;1;1;0;3
4336;41014;4336;18;2;1;1;6;0;2;2;1;0;4
4337;41014;4337;18;3;1;7;6;0;1;2;1;0;3
4338;41017;4338;72;5;2;1;6;0;1;1;1;0;2
4339;41018;4339;51;3;1;7;3;0;1;1;1;0;2
4340;41018;4340;52;1;1;7;3;0;1;1;1;0;2
4341;41018;4341;51;1;1;7;6;0;1;1;1;0;2
4342;41019;4342;21;3;3;2;6;0;1;1;1;0;2
4343;41021;4343;85;3;1;2;6;1;0;1;2;0;2
4344;41021;4344;52;3;1;1;0;0;1;0;1;0;1
4345;41022;4345;51;1;1;7;6;0;1;1;1;0;2
4346;41022;4346;52;1;3;2;0;1;1;0;2;0;2
4347;41022;4347;52;1;1;7;0;0;1;0;1;0;1
4348;41024;4348;51;1;1;7;6;0;1;1;1;0;2
4349;41024;4349;52;1;1;7;0;0;1;0;1;0;1
4350;41026;4350;52;3;1;2;2;0;1;1;1;0;2
4351;41026;4351;52;3;1;7;0;0;1;0;1;0;1
4352;41028;4352;24;3;1;7;6;0;1;2;1;0;3
4353;41028;4353;52;2;1;2;0;1;0;0;2;0;1
4354;41031;4354;35;5;1;7;6;1;1;3;2;0;5
4355;41031;4355;18;1;3;1;6;0;1;1;1;0;2
4356;41031;4356;52;3;1;7;0;0;1;1;1;0;2
4357;41033;4357;51;5;1;7;6;1;0;1;2;0;2
4358;41036;4358;52;3;1;7;0;0;1;0;1;0;1
4359;41037;4359;41;3;1;7;6;0;1;1;1;0;2
4360;41041;4360;63;1;1;7;4;0;1;0;3;0;1
4361;41042;4361;81;5;1;7;2;0;1;1;1;0;2
4362;41053;4362;41;1;1;7;9;0;1;0;1;0;1
4363;41073;4363;51;1;1;7;7;0;1;2;1;0;3
4364;41078;4364;51;1;1;2;6;0;2;1;1;0;3
4365;41079;4365;72;1;1;7;6;0;1;1;1;0;2
4366;41083;4366;52;1;1;2;0;0;1;0;1;0;1
4367;41083;4367;81;3;1;7;0;0;5;0;1;0;5
4368;41084;4368;18;1;1;7;3;0;1;1;1;0;2
4369;41084;4369;51;2;1;7;6;0;1;1;1;0;2
4370;41109;4370;51;3;1;7;6;0;3;0;1;0;3
4371;41109;4371;11;1;1;7;6;0;2;0;1;0;2
4372;41126;4372;86;1;1;7;6;0;1;2;1;0;3
4373;41129;4373;81;1;1;7;1;0;2;2;1;0;4
4374;41129;4374;52;1;3;2;0;0;1;0;1;0;1
4375;41129;4375;81;3;3;1;5;1;0;1;2;0;2
4376;41130;4376;51;1;1;7;6;0;1;2;1;0;3
4377;41130;4377;72;1;1;7;6;0;1;1;1;0;2
4378;41132;4378;52;1;3;2;6;0;1;1;1;0;2
4379;41132;4379;24;1;1;7;6;0;1;3;1;0;4
4380;41132;4380;81;3;1;1;6;0;1;1;1;0;2
4381;41132;4381;41;5;1;7;6;0;1;1;1;0;2
4382;41132;4382;52;1;2;1;0;0;1;0;1;0;1
4383;41132;4383;51;1;3;2;6;0;2;2;1;0;4
4384;41136;4384;41;5;1;7;6;0;1;1;1;0;2
4385;41137;4385;41;3;7;7;6;0;2;0;1;0;2
4386;41140;4386;72;1;1;2;6;0;1;1;1;0;2
4387;41145;4387;18;1;1;7;4;0;1;1;1;0;2
4388;41152;4388;71;3;1;7;6;1;0;1;2;0;2
4389;41152;4389;72;1;1;7;6;1;0;1;2;0;2
4390;41152;4390;51;1;1;7;6;0;1;1;1;0;2
4391;41163;4391;51;1;3;2;6;0;3;2;1;0;5
4392;41166;4392;72;4;1;7;6;0;1;1;1;0;2
4393;41169;4393;51;1;1;7;6;0;1;1;1;0;2
4394;41169;4394;51;1;3;2;6;0;1;2;1;0;3
4395;41173;4395;52;3;1;7;0;0;2;0;1;0;2
4396;41176;4396;52;3;1;7;0;0;0;0;3;0;0
4397;41186;4397;41;5;1;7;0;0;2;0;1;0;2
4398;41190;4398;14;1;1;7;6;0;1;1;1;0;2
4399;41190;4399;14;5;1;7;6;0;1;2;1;0;3
4400;41191;4400;51;1;1;7;6;1;1;1;2;0;3
4401;41191;4401;52;1;1;1;0;0;1;0;1;0;1
4402;41191;4402;74;1;1;7;6;0;1;1;1;0;2
4403;41191;4403;72;3;2;1;6;0;1;1;1;0;2
4404;41192;4404;26;1;1;7;2;0;1;1;1;0;2