accident_id;lieu_id;date_id;cause_id;lum_id;intemp_id;etat_surface_id;impliq_id;nb_blesses_graves;nb_blesses_legers;nb_indemnes;gravite;nb_morts;nb_impliqués
4405;41193;4405;72;1;1;7;6;1;0;1;2;0;2
4406;41194;4406;72;1;1;7;6;0;1;1;1;0;2
4407;41194;4407;81;3;1;7;0;1;0;0;2;0;1
4408;41195;4408;26;1;1;7;2;1;1;0;2;0;2
4409;41202;4409;62;1;1;7;2;0;1;1;1;0;2
4410;41202;4410;51;1;1;7;2;0;1;1;1;0;2
4411;41203;4411;72;1;1;7;6;0;1;1;1;0;2
4412;41207;4412;52;3;1;2;0;0;2;0;1;0;2
4413;41207;4413;51;1;1;7;6;0;2;2;1;0;4
4414;41211;4414;71;1;1;7;6;0;1;1;1;0;2
4415;41211;4415;72;1;1;7;6;0;1;1;1;0;2
4416;41212;4416;71;1;1;7;6;0;1;1;1;0;2
4417;41234;4417;52;2;1;2;6;0;1;1;1;0;2
4418;41234;4418;51;3;1;7;6;0;2;1;1;0;3
4419;41234;4419;51;3;1;7;6;0;2;0;1;0;2
4420;41234;4420;81;3;3;1;0;0;1;0;1;0;1
4421;41235;4421;52;3;1;7;0;0;1;0;1;0;1
4422;41235;4422;28;1;1;7;6;1;0;0;3;0;1
4423;41235;4423;15;3;1;7;4;0;1;1;1;0;2
4424;41236;4424;41;3;1;7;6;0;1;2;1;0;3
4425;41236;4425;41;1;1;7;4;0;1;1;1;0;2
4426;41236;4426;35;1;1;7;6;0;1;1;1;0;2
4427;41236;4427;35;1;1;7;6;0;2;1;1;0;3
4428;41236;4428;35;1;3;2;6;0;1;2;1;0;3
4429;41236;4429;41;3;1;7;6;0;2;0;1;0;2
4430;41236;4430;51;3;1;7;6;0;1;2;1;0;3
4431;41236;4431;81;3;1;1;0;0;1;1;1;0;2
4432;41236;4432;52;1;1;3;6;0;1;2;1;0;3
4433;41236;4433;81;3;1;7;6;2;1;0;2;0;3
4434;41236;4434;52;3;1;7;0;0;1;1;1;0;2
4435;41236;4435;51;1;1;7;6;0;1;1;1;0;2
4436;41236;4436;52;1;1;7;0;0;2;0;1;0;2
4437;41236;4437;52;2;1;5;0;0;1;0;1;0;1
4438;41237;4438;41;1;1;7;6;0;1;1;1;0;2
4439;41237;4439;52;3;3;2;0;0;1;0;1;0;1
4440;41237;4440;52;3;1;7;0;0;1;0;1;0;1
4441;41237;4441;41;1;1;7;6;0;1;1;1;0;2
4442;41239;4442;52;3;3;2;0;0;3;0;1;0;3
4443;41239;4443;51;1;1;7;6;0;1;1;1;0;2
4444;41239;4444;81;3;1;7;6;0;1;2;1;0;3
4445;41239;4445;52;1;1;7;0;0;1;0;1;0;1
4446;41239;4446;41;5;1;7;6;0;3;4;1;0;7
4447;41239;4447;52;3;3;1;0;0;1;0;1;0;1
4448;41239;4448;51;1;3;2;6;0;1;3;1;0;4
4449;41241;4449;21;1;1;7;4;0;2;0;1;0;2
4450;41252;4450;51;3;1;7;6;0;2;2;1;0;4
4451;41252;4451;81;3;3;1;2;0;1;1;1;0;2
4452;41253;4452;11;3;1;7;6;0;1;2;1;0;3
4453;41253;4453;11;2;3;2;5;0;2;0;1;0;2
4454;41254;4454;24;1;1;7;6;0;1;1;1;0;2
4455;41254;4455;18;1;1;7;7;0;1;2;1;0;3
4456;41254;4456;52;3;3;1;0;0;2;1;1;0;3
4457;41256;4457;13;1;1;7;5;0;2;1;1;0;3
4458;41257;4458;52;3;1;6;0;0;1;0;1;0;1
4459;41258;4459;52;3;3;2;0;0;1;0;1;0;1
4460;41261;4460;73;1;1;7;6;1;0;1;2;0;2
4461;41276;4461;11;1;1;7;6;0;2;1;1;0;3
4462;41279;4462;53;1;1;7;6;0;1;2;1;0;3
4463;41279;4463;52;1;1;3;0;0;1;0;1;0;1
4464;41279;4464;52;3;4;3;6;0;4;0;1;0;4
4465;41279;4465;52;5;1;4;0;0;1;0;1;0;1
4466;41282;4466;51;1;1;7;6;0;1;1;1;0;2
4467;41282;4467;52;1;1;2;0;0;1;0;1;0;1
4468;41288;4468;26;1;1;7;2;0;1;1;1;0;2
4469;41297;4469;52;1;1;2;0;0;0;0;3;0;0
4470;41299;4470;71;1;3;2;6;0;0;1;3;0;1
4471;41300;4471;22;1;1;7;7;0;1;1;1;0;2
4472;41306;4472;51;3;1;7;6;0;1;4;1;0;5
4473;41307;4473;18;1;1;7;7;0;1;2;1;0;3
4474;41308;4474;72;1;1;7;6;1;0;1;2;0;2
4475;41320;4475;52;3;4;3;0;0;1;0;1;0;1
4476;41321;4476;21;3;1;7;6;0;1;2;1;0;3
4477;41322;4477;72;1;1;7;6;0;1;1;1;0;2
4478;41335;4478;24;3;1;1;2;0;1;1;1;0;2
4479;41335;4479;74;1;1;7;6;1;0;1;2;0;2
4480;41360;4480;21;1;4;3;6;0;1;1;1;0;2
4481;41370;4481;52;1;1;7;0;0;1;1;1;0;2
4482;41373;4482;36;1;3;2;6;0;2;1;1;0;3
4483;41373;4483;36;1;1;1;6;0;1;1;1;0;2
4484;41374;4484;52;1;3;1;8;0;1;1;1;0;2
4485;41383;4485;52;3;3;2;0;0;2;0;1;0;2
4486;41383;4486;11;1;1;7;6;0;1;1;1;0;2
4487;41383;4487;51;1;1;1;6;0;1;1;1;0;2
4488;41383;4488;11;3;1;7;2;0;1;1;1;0;2
4489;41383;4489;21;3;3;1;7;0;1;2;1;0;3
4490;41383;4490;52;1;3;2;2;0;1;1;1;0;2
4491;41390;4491;72;3;1;2;6;0;1;1;1;0;2
4492;41390;4492;62;1;1;7;2;1;0;1;2;0;2
4493;41403;4493;21;3;2;1;6;0;2;0;1;0;2
4494;41406;4494;51;3;1;7;6;0;1;1;1;0;2
4495;41417;4495;72;1;3;1;6;0;1;1;1;0;2
4496;41417;4496;52;3;1;7;0;0;1;1;1;0;2
4497;41417;4497;52;1;1;7;0;0;1;0;1;0;1
4498;41421;4498;36;1;3;2;6;0;3;0;1;0;3
4499;41421;4499;21;2;3;1;6;0;2;0;1;0;2
4500;41421;4500;52;5;1;7;6;1;0;1;2;0;2
4501;41422;4501;21;1;1;2;6;1;3;0;2;0;4
4502;41422;4502;81;3;1;7;6;0;1;2;1;0;3
4503;41422;4503;72;1;1;1;6;0;1;1;1;0;2
4504;41422;4504;72;3;1;7;6;0;0;1;3;0;1
4505;41422;4505;36;1;1;7;6;0;2;1;1;0;3
4506;41422;4506;72;1;1;7;6;0;1;1;1;0;2
4507;41422;4507;21;2;1;7;6;0;1;2;1;0;3
4508;41422;4508;51;1;1;7;5;0;1;1;1;0;2
4509;41422;4509;18;1;1;7;5;0;1;1;1;0;2
4510;41422;4510;52;2;3;2;6;0;2;1;1;0;3
4511;41422;4511;51;3;3;2;6;0;2;0;1;0;2
4512;41424;4512;51;2;1;7;6;0;1;2;1;0;3
4513;41425;4513;41;1;1;7;6;0;2;1;1;0;3
4514;41425;4514;64;1;1;7;3;0;1;1;1;0;2
4515;41425;4515;52;5;1;7;0;0;2;1;1;0;3
4516;41425;4516;36;1;1;2;3;0;1;1;1;0;2
4517;41425;4517;52;3;3;2;0;0;3;0;1;0;3
4518;41427;4518;53;1;1;7;6;0;1;2;1;0;3
4519;41427;4519;72;3;3;2;6;0;1;2;1;0;3
4520;41445;4520;41;1;1;7;6;0;1;1;1;0;2
4521;41448;4521;72;1;1;7;6;0;1;1;1;0;2
4522;41454;4522;63;1;1;7;5;0;1;1;1;0;2
4523;41454;4523;51;1;1;2;6;0;1;2;1;0;3
4524;41454;4524;51;3;1;7;3;0;1;1;1;0;2
4525;41454;4525;72;3;2;2;6;1;0;1;2;0;2
4526;41455;4526;71;1;1;7;6;0;1;1;1;0;2
4527;41456;4527;72;2;2;2;6;0;1;1;1;0;2
4528;41460;4528;72;1;1;7;6;0;1;1;1;0;2
4529;41460;4529;72;1;1;7;6;0;1;1;1;0;2
4530;41462;4530;72;1;1;7;6;0;1;1;1;0;2
4531;41462;4531;72;1;1;7;6;0;1;1;1;0;2
4532;41462;4532;51;1;1;7;6;0;1;2;1;0;3
4533;41470;4533;52;2;1;7;0;0;1;0;1;0;1
4534;41474;4534;53;1;1;7;0;0;0;0;3;0;0
4535;41477;4535;52;1;1;1;0;0;1;0;1;0;1
4536;41508;4536;72;1;1;7;6;0;1;1;1;0;2
4537;41509;4537;51;1;1;7;3;0;1;1;1;0;2
4538;41509;4538;71;1;2;1;6;1;0;1;2;0;2
4539;41521;4539;71;1;1;7;6;0;1;1;1;0;2
4540;41531;4540;71;3;1;7;5;1;1;0;2;0;2
4541;41531;4541;20;1;1;7;6;0;1;1;1;0;2
4542;41531;4542;81;3;1;7;6;0;2;0;1;0;2
4543;41532;4543;51;1;3;2;6;0;1;2;1;0;3
4544;41532;4544;71;1;1;7;6;0;1;2;1;0;3
4545;41537;4545;72;1;1;7;6;0;1;1;1;0;2
4546;41540;4546;72;1;1;7;6;0;1;1;1;0;2
4547;41544;4547;41;1;1;7;6;0;1;1;1;0;2
4548;41544;4548;26;1;1;7;2;0;1;1;1;0;2
4549;41554;4549;26;1;1;7;2;0;1;1;1;0;2
4550;41554;4550;72;1;1;7;6;0;1;1;1;0;2
4551;41554;4551;71;1;1;7;6;0;1;1;1;0;2
4552;41555;4552;72;1;1;7;6;0;1;1;1;0;2
4553;41566;4553;51;1;3;2;6;0;1;1;1;0;2
4554;41576;4554;72;1;1;7;6;0;1;1;1;0;2
4555;41576;4555;72;1;1;7;6;0;1;1;1;0;2
4556;41576;4556;52;1;1;7;0;0;3;0;1;0;3
4557;41576;4557;63;3;1;2;6;0;1;1;1;0;2
4558;41576;4558;52;1;1;7;6;1;3;0;2;0;4
4559;41576;4559;52;3;3;1;6;0;1;1;1;0;2
4560;41576;4560;71;3;7;7;6;0;1;1;1;0;2
4561;41576;4561;71;3;1;2;6;1;0;1;2;0;2
4562;41577;4562;72;1;1;7;6;0;1;1;1;0;2
4563;41577;4563;72;1;1;7;6;0;1;1;1;0;2
4564;41578;4564;64;1;1;7;6;0;1;1;1;0;2
4565;41579;4565;51;1;1;7;6;0;1;1;1;0;2
4566;41593;4566;41;3;1;7;4;0;1;1;1;0;2
4567;41593;4567;51;1;1;7;7;0;1;1;1;0;2
4568;41593;4568;72;3;1;7;6;0;1;1;1;0;2
4569;41598;4378;52;1;3;2;6;0;1;1;1;0;2
4570;41598;4570;81;3;1;7;6;0;0;2;3;0;2
4571;41598;4571;71;2;1;7;6;1;0;1;2;0;2
4572;41598;4572;51;5;1;7;6;0;1;2;1;0;3
4573;41598;4573;51;1;1;7;6;0;1;1;1;0;2
4574;41598;4574;16;1;1;7;6;0;6;0;1;0;6
4575;41598;4575;51;1;1;7;6;0;1;2;1;0;3
4576;41598;4576;72;3;3;2;6;1;0;1;2;0;2
4577;41599;4577;51;1;1;7;6;0;1;2;1;0;3
4578;41599;4578;52;1;1;7;0;0;1;0;1;0;1
4579;41599;4579;18;3;1;7;6;0;3;1;1;0;4
4580;41599;4580;72;3;1;7;6;1;0;1;2;0;2
4581;41599;467;51;1;1;7;6;0;3;2;1;0;5
4582;41599;4582;18;1;1;7;6;0;1;1;1;0;2
4583;41599;4583;81;3;3;1;2;1;0;1;2;0;2
4584;41599;4584;51;1;3;2;6;0;1;2;1;0;3
4585;41599;4585;18;1;1;7;7;0;1;2;1;0;3
4586;41599;4586;51;1;1;2;6;0;3;1;1;0;4
4587;41599;4587;51;1;1;2;6;0;2;1;1;0;3
4588;41599;4588;51;3;1;7;6;0;1;0;1;0;1
4589;41600;4589;72;1;1;7;6;1;0;1;2;0;2
4590;41600;4590;52;3;1;7;0;0;1;0;1;0;1
4591;41600;4591;71;3;2;2;6;0;1;1;1;0;2
4592;41602;4592;51;1;1;7;6;0;1;3;1;0;4
4593;41602;4593;51;1;1;7;6;0;2;1;1;0;3
4594;41602;4594;81;3;1;7;1;1;0;1;2;0;2
4595;41605;4595;71;1;1;7;6;0;1;1;1;0;2
4596;41605;4596;26;1;1;7;2;0;1;1;1;0;2
4597;41610;4597;72;1;1;7;6;0;1;1;1;0;2
4598;41617;4598;18;1;1;7;6;0;1;1;1;0;2
4599;41617;4599;28;1;1;7;6;0;1;1;1;0;2
4600;41617;4600;81;3;1;7;6;0;1;1;3;0;2
4601;41617;4601;72;1;1;7;6;0;1;1;1;0;2
4602;41617;4602;22;1;1;7;6;1;0;1;2;0;2
4603;41617;4603;51;5;1;7;6;0;2;1;1;0;3
4604;41617;4604;51;1;2;1;6;0;3;3;1;0;6
4605;41617;4605;51;1;1;7;6;0;1;2;1;0;3
4606;41617;4606;51;1;1;7;6;0;2;2;1;0;4
4607;41617;4607;18;1;1;7;7;0;1;1;1;0;2
4608;41617;4608;51;1;3;2;6;0;1;2;1;0;3
4609;41617;4609;51;1;3;2;6;0;2;2;1;0;4
4610;41620;4610;32;1;1;7;6;0;1;1;1;0;2
4611;41629;4611;72;1;1;7;6;0;2;1;1;0;3
4612;41630;4612;72;1;1;7;6;0;1;1;1;0;2
4613;41630;4613;72;1;1;7;6;0;1;1;1;0;2
4614;41630;4614;72;1;1;7;6;0;1;1;1;0;2
4615;41632;4615;52;3;1;7;0;0;1;0;1;0;1
4616;41632;4616;21;3;3;2;6;0;2;0;1;0;2
4617;41632;4617;72;3;1;7;6;0;1;1;1;0;2
4618;41632;4618;72;3;1;7;6;0;0;1;3;0;1
4619;41632;4619;72;5;1;7;6;0;1;1;1;0;2
4620;41633;4620;51;2;1;7;6;0;2;0;1;0;2
4621;41635;4621;71;3;1;7;6;0;1;1;1;0;2
4622;41635;4622;72;1;1;7;6;0;1;1;1;0;2
4623;41636;4623;72;1;1;7;6;0;1;1;1;0;2
4624;41641;4624;71;1;1;7;6;1;0;1;2;0;2
4625;41642;4625;52;1;1;7;0;0;1;0;1;0;1
4626;41643;4626;51;3;2;2;6;0;1;5;1;0;6
4627;41646;4627;18;1;1;7;5;0;0;1;3;0;1
4628;41648;4628;52;1;4;3;0;0;4;0;1;0;4
4629;41648;3163;52;5;1;7;0;0;1;0;1;0;1
4630;41652;4630;23;1;1;2;6;0;1;1;1;0;2
4631;41657;4631;52;1;1;7;0;0;1;0;1;0;1
4632;41657;4632;22;1;1;7;5;1;0;1;2;0;2
4633;41659;4633;21;1;1;7;4;0;2;0;1;0;2
4634;41659;4634;52;1;1;7;7;0;1;1;1;0;2
4635;41659;4635;52;3;3;2;0;0;1;0;1;0;1
4636;41663;4636;52;5;1;7;0;1;1;0;2;0;2
4637;41664;4637;52;1;1;7;6;0;1;1;1;0;2
4638;41670;4638;18;3;1;7;6;0;1;1;1;0;2
4639;41670;4639;81;3;1;7;0;1;0;0;2;0;1
4640;41672;4640;51;5;3;1;4;0;1;1;1;0;2
4641;41672;4641;18;1;1;7;5;0;1;1;1;0;2
4642;41673;4642;26;1;1;7;2;0;1;1;1;0;2
4643;41673;4643;26;4;3;1;2;1;0;1;2;0;2
4644;41676;4644;22;1;3;2;6;2;3;1;2;0;6
4645;41676;4645;14;1;1;7;6;0;1;2;1;0;3
4646;41676;4646;51;1;1;7;6;0;1;1;1;0;2
4647;41676;4647;18;3;1;7;6;0;1;1;1;0;2
4648;41678;4648;51;1;1;2;6;0;1;2;1;0;3
4649;41678;4649;41;1;1;7;3;0;2;0;1;0;2
4650;41678;4650;41;1;1;7;6;0;1;2;1;0;3
4651;41678;4651;51;1;1;7;6;0;3;0;1;0;3
4652;41678;4652;51;1;1;7;6;0;1;1;1;0;2
4653;41678;4653;51;1;1;7;6;0;1;1;1;0;2
4654;41678;4654;51;1;2;2;6;0;1;2;1;0;3
4655;41680;4655;51;1;3;2;5;0;1;1;1;0;2
4656;41681;4656;81;3;1;7;0;0;1;0;1;0;1
4657;41682;4657;41;3;3;2;6;0;2;1;1;0;3
4658;41683;4658;51;1;1;7;6;0;1;2;1;0;3
4659;41683;4659;41;1;1;7;6;0;1;1;1;0;2
4660;41683;4660;18;2;3;2;6;0;2;1;1;0;3
4661;41683;4661;81;3;1;7;0;0;3;0;1;0;3
4662;41683;4662;18;1;1;7;7;0;1;1;1;0;2
4663;41683;4663;51;1;3;1;6;0;1;3;1;0;4
4664;41683;4664;72;3;1;7;6;1;0;1;2;0;2
4665;41683;4665;51;1;1;7;6;0;1;3;1;0;4
4666;41683;4666;81;3;1;7;6;0;1;0;3;0;1
4667;41683;4667;72;1;1;7;6;1;1;1;2;0;3
4668;41683;4668;51;1;1;7;6;0;1;1;1;0;2
4669;41690;4669;51;1;3;2;6;0;2;2;1;0;4
4670;41690;4670;41;3;1;7;6;1;1;0;3;0;2
4671;41690;4671;51;3;2;2;6;0;3;0;1;0;3
4672;41690;4672;18;1;1;7;7;0;1;3;1;0;4
4673;41690;4673;18;1;1;7;7;0;1;2;1;0;3
4674;41690;4674;51;1;3;1;6;0;2;3;1;0;5
4675;41691;4675;51;3;1;7;6;0;1;1;1;0;2
4676;41691;4676;52;3;1;7;0;0;1;0;1;0;1
4677;41695;4677;81;3;1;7;6;0;1;4;1;0;5
4678;41695;4678;82;1;1;7;0;1;0;1;2;0;2
4679;41699;4679;51;4;1;7;6;0;1;1;1;0;2
4680;41699;4680;52;1;1;7;6;0;1;1;1;0;2
4681;41700;4681;16;3;1;7;6;0;3;0;1;0;3
4682;41700;4682;16;3;1;7;6;0;2;1;1;0;3
4683;41700;4683;16;3;2;2;6;0;2;1;1;0;3
4684;41700;4684;16;1;1;7;6;0;1;2;1;0;3
4685;41701;4685;21;3;1;7;6;0;1;1;1;0;2
4686;41701;4686;51;1;3;1;6;0;1;4;1;0;5
4687;41713;4687;24;1;1;7;2;0;1;1;1;0;2
4688;41714;4688;74;3;1;7;6;0;0;1;3;0;1
4689;41721;4689;53;1;1;7;6;0;1;2;1;0;3
4690;41721;4690;72;1;3;2;6;1;0;2;2;0;3
4691;41725;4691;63;1;3;2;5;0;1;1;1;0;2
4692;41725;4692;23;1;3;1;6;0;3;1;1;0;4
4693;41726;4693;72;3;3;2;6;1;0;1;2;0;2
4694;41726;4694;52;4;2;1;2;0;2;0;1;0;2
4695;41742;4695;72;3;3;1;6;0;1;1;1;0;2
4696;41742;4696;61;1;1;7;3;0;1;2;1;0;3
4697;41742;4697;51;3;1;7;6;0;1;0;1;0;1
4698;41742;4698;81;1;1;7;5;0;1;1;1;0;2
4699;41744;4699;52;5;1;4;2;0;1;1;1;0;2
4700;41744;4700;21;1;1;7;6;0;2;0;1;0;2
4701;41744;4701;14;5;1;1;6;0;1;1;1;0;2
4702;41745;4702;21;5;1;7;4;0;1;1;1;0;2
4703;41748;4703;52;1;3;2;2;0;2;1;1;0;3
4704;41755;4704;73;1;1;7;8;1;0;1;2;0;2
4705;41755;4705;32;1;1;7;2;0;1;2;1;0;3
4706;41763;4706;52;1;1;7;7;0;1;1;1;0;2
4707;41763;4707;52;1;3;1;6;0;1;1;1;0;2
4708;41763;4708;71;1;3;1;6;0;1;1;1;0;2
4709;41773;4709;61;1;1;7;3;0;1;1;1;0;2
4710;41773;4710;72;1;1;7;6;0;1;1;1;0;2
4711;41775;4711;25;5;1;7;6;1;0;1;2;0;2
4712;41777;4712;20;3;1;7;2;0;2;1;1;0;3
4713;42002;4713;52;1;1;7;0;2;0;0;2;0;2
4714;42002;4714;52;1;1;7;6;1;0;3;2;0;4
4715;42002;4715;21;1;1;7;4;0;0;1;3;0;1
4716;42023;4716;52;1;1;1;0;0;1;1;3;0;2
4717;42025;4717;52;1;1;7;0;0;2;0;1;0;2
4718;42031;4718;64;1;1;7;6;0;1;1;1;0;2
4719;42036;4719;64;1;1;7;6;0;1;1;1;0;2
4720;42044;4720;72;1;1;7;6;0;1;1;1;0;2
4721;42078;4721;26;1;1;7;1;0;1;1;1;0;2
4722;42078;4722;61;1;1;7;3;0;1;1;1;0;2
4723;42081;4723;71;1;1;7;6;0;2;0;1;0;2
4724;42120;4724;71;5;3;1;6;0;0;1;3;0;1
4725;42123;4725;67;1;1;7;6;1;0;1;2;0;2
4726;42123;4726;27;3;3;2;0;1;0;0;2;0;1
4727;42123;4727;52;1;1;7;0;0;1;0;1;0;1
4728;42124;4728;52;3;3;2;0;0;2;0;1;0;2
4729;42124;4729;67;3;1;7;6;0;1;1;1;0;2
4730;42135;4730;52;1;7;1;0;0;1;0;1;0;1
4731;42138;4731;52;3;1;1;0;0;1;0;1;0;1
4732;42139;4732;52;1;1;2;0;0;1;0;1;0;1
4733;42139;4733;52;4;1;7;0;1;0;0;2;0;1
4734;42139;4734;52;1;1;7;6;0;1;1;1;0;2
4735;42139;4735;21;1;1;7;6;1;0;1;2;0;2
4736;42140;4736;52;1;1;7;0;2;0;0;2;0;2
4737;42141;4737;52;1;1;7;0;0;1;0;1;0;1
4738;42141;4738;52;1;3;1;0;0;1;0;1;0;1
4739;42141;4739;21;1;1;1;6;0;2;0;1;0;2
4740;42141;4740;52;1;1;1;5;0;1;1;1;0;2
4741;42141;4741;52;1;1;3;0;1;0;0;2;0;1
4742;42157;4742;52;1;1;7;0;1;0;0;2;0;1
4743;42168;4743;72;3;1;7;6;0;1;1;1;0;2
4744;42175;4744;21;1;1;1;6;0;1;1;1;0;2
4745;42180;4745;72;1;3;2;6;1;0;1;2;0;2
4746;42194;4746;81;3;1;1;1;1;0;1;2;0;2
4747;42196;4747;72;1;1;7;6;1;0;1;2;0;2
4748;42205;4748;52;1;3;1;6;0;2;1;1;0;3
4749;42221;4749;27;3;3;2;0;0;1;0;1;0;1
4750;42222;4750;51;1;1;7;6;0;1;1;1;0;2
4751;42244;4751;72;1;1;7;6;0;1;1;1;0;2
4752;42245;4752;25;1;2;2;7;1;0;1;2;0;2
4753;42245;4753;86;4;1;7;0;0;2;0;1;0;2
4754;42245;4754;52;5;3;1;0;0;1;0;1;0;1
4755;42248;4755;67;2;1;7;6;1;0;1;2;0;2
4756;42252;4756;52;1;1;7;0;0;1;1;1;0;2
4757;42254;4757;21;1;3;5;6;0;1;1;1;0;2
4758;42254;4758;21;1;1;1;6;0;1;1;1;0;2
4759;42259;4759;52;3;6;2;0;0;1;0;1;0;1
4760;42264;4760;52;1;1;7;0;0;1;0;1;0;1
4761;42264;4761;63;1;1;7;6;2;0;2;2;0;4
4762;42266;4762;64;3;1;7;6;0;3;0;1;0;3
4763;42293;4763;52;1;1;7;6;0;1;3;1;0;4
4764;42357;4764;36;1;3;1;6;0;1;1;1;0;2
4765;42364;4765;51;1;1;7;4;0;2;0;1;0;2
4766;42366;4766;23;1;1;7;4;0;1;1;1;0;2
4767;42947;4767;21;1;1;7;6;1;1;1;2;0;3
4768;42958;4768;28;2;1;2;0;0;1;0;1;0;1
4769;42960;4769;52;2;1;7;6;0;2;0;1;0;2
4770;42960;4770;11;1;1;7;6;0;2;0;1;0;2
4771;42960;4771;51;1;1;7;6;0;1;1;1;0;2
4772;42960;4772;11;3;7;7;6;0;1;2;1;0;3
4773;42960;4773;82;1;1;7;3;0;1;1;1;0;2
4774;42962;4774;26;1;1;7;2;1;0;1;2;0;2
4775;42962;4775;36;3;1;7;6;0;1;0;1;0;1
4776;42962;4776;25;1;1;7;6;0;1;1;1;0;2
4777;42963;4777;52;1;2;1;0;1;1;0;2;0;2
4778;42965;4778;51;3;1;7;0;0;1;0;1;0;1
4779;42965;4779;81;3;1;7;7;1;0;1;2;0;2
4780;42973;4780;81;3;1;7;6;0;1;1;1;0;2
4781;42973;4781;22;1;1;7;4;0;1;1;1;0;2
4782;42973;4782;26;1;1;7;2;1;0;1;2;0;2
4783;42973;4783;72;1;1;7;6;0;1;1;1;0;2
4784;42973;4784;72;1;1;7;6;0;1;1;1;0;2
4785;42973;4785;72;1;1;7;6;0;1;1;1;0;2
4786;42973;4786;72;1;1;7;6;1;0;1;2;0;2
4787;42973;4787;72;1;1;7;6;1;0;1;2;0;2
4788;42973;874;51;1;1;7;6;0;2;2;1;0;4
4789;42973;4789;81;3;1;7;6;0;2;0;1;0;2
4790;42975;4790;25;3;1;7;6;0;1;0;1;0;1
4791;42978;4791;51;1;1;7;3;0;1;1;1;0;2
4792;42980;4792;25;3;1;7;6;0;3;1;1;0;4
4793;42982;4793;51;1;1;7;6;0;1;1;1;0;2
4794;42985;4794;28;3;1;7;6;0;1;1;1;0;2
4795;42986;4795;26;1;1;7;1;1;0;1;2;0;2
4796;42993;4796;72;1;1;6;4;0;2;0;1;0;2
4797;42997;4797;64;2;1;7;4;1;0;1;2;0;2
4798;42998;4798;32;5;3;1;6;0;1;1;1;0;2
4799;43000;4799;25;3;1;7;7;1;0;1;2;0;2
4800;43001;4800;63;1;1;7;6;0;1;2;1;0;3
4801;43021;4801;72;1;1;7;6;1;0;1;2;0;2
4802;43021;4802;72;1;1;7;6;0;1;1;1;0;2
4803;43024;4803;72;1;1;7;6;0;1;1;1;0;2
4804;43032;4804;72;1;1;7;3;0;2;0;1;0;2
4805;43032;4805;72;1;3;1;6;1;0;1;2;0;2
4806;43038;4806;21;1;1;7;6;0;1;3;1;0;4
4807;43054;4807;26;1;1;7;1;0;1;1;1;0;2
4808;43084;4808;63;1;1;7;4;0;1;1;1;0;2
4809;43085;4809;61;1;1;7;3;0;1;1;1;0;2
4810;43085;4810;34;1;1;7;6;1;2;0;2;0;3
4811;43086;4811;25;1;1;7;6;1;0;1;2;0;2
4812;43089;4812;71;1;1;7;5;0;1;1;1;0;2
4813;43089;4813;61;1;1;7;4;0;1;1;1;0;2
4814;43089;4814;23;1;1;7;6;0;2;1;1;0;3
4815;43093;4815;26;1;1;7;2;0;0;1;0;0;1
4816;43095;4816;71;1;1;7;4;0;1;1;1;0;2
4817;43095;4817;51;1;1;7;6;0;1;1;1;0;2
4818;43095;4818;71;1;1;7;6;0;1;1;1;0;2
4819;43095;4819;51;1;1;7;6;0;1;3;1;0;4
4820;43096;2544;71;3;1;7;6;0;0;1;3;0;1
4821;43096;4821;25;1;1;7;7;0;1;1;1;0;2
4822;43096;4822;25;3;1;7;6;0;2;0;1;0;2
4823;43097;4823;23;1;1;7;5;0;1;1;1;0;2
4824;43097;4824;81;3;1;7;0;0;2;0;1;0;2
4825;43099;4825;61;1;1;7;3;0;1;1;1;0;2
4826;43099;4826;27;1;1;7;4;0;1;0;1;0;1
4827;43099;4827;51;1;1;2;6;0;2;2;1;0;4
4828;43101;4828;64;3;1;7;5;0;2;1;1;0;3
4829;43101;4829;26;1;1;7;1;0;1;1;1;0;2
4830;43101;4830;52;1;1;7;0;0;1;0;1;0;1
4831;43101;4831;51;1;1;7;3;0;1;1;1;0;2
4832;43102;4832;51;1;1;7;3;0;1;1;1;0;2
4833;43102;4833;67;1;1;7;5;0;1;1;1;0;2
4834;43102;4834;51;1;1;7;4;0;1;1;1;0;2
4835;43102;4835;52;3;3;2;6;0;1;0;3;0;1
4836;43102;4836;32;1;1;7;6;0;1;1;1;0;2
4837;43102;4837;71;1;1;7;6;0;1;1;1;0;2
4838;43102;4838;52;2;1;7;7;0;2;1;1;0;3
4839;43102;4839;23;1;1;7;4;0;1;1;1;0;2
4840;43103;4840;71;1;1;7;6;1;0;1;2;0;2
4841;43103;4841;72;1;1;7;6;0;1;1;1;0;2
4842;43104;4841;71;1;1;7;6;0;1;1;1;0;2
4843;43105;4843;71;1;1;7;6;0;1;1;1;0;2
4844;43105;4535;52;1;1;4;2;0;2;0;1;0;2
4845;43106;4845;11;1;1;7;6;0;1;1;1;0;2
4846;43107;4846;52;1;1;7;4;0;2;1;1;0;3
4847;43107;4847;71;3;1;7;6;0;1;1;1;0;2
4848;43108;4848;72;2;1;7;6;0;1;1;1;0;2
4849;43108;4849;32;3;1;7;6;0;1;1;1;0;2
4850;43110;4850;51;2;1;7;6;0;1;1;1;0;2
4851;43110;4851;21;1;1;7;6;0;1;1;1;0;2
4852;43113;4852;23;1;1;7;5;1;0;1;2;0;2
4853;43114;4853;24;1;1;7;2;0;1;1;1;0;2
4854;43115;4854;81;1;1;7;6;1;0;1;2;0;2
4855;43115;4855;64;1;1;7;7;0;1;1;1;0;2
4856;43115;4856;51;1;1;7;6;0;1;1;1;0;2
4857;43115;4857;64;1;1;7;6;0;1;1;1;0;2
4858;43115;4858;23;1;1;7;4;1;0;1;2;0;2
4859;43116;4859;26;1;3;2;2;0;1;1;1;0;2
4860;43117;4860;18;3;1;7;4;0;1;2;1;0;3
4861;43117;4861;71;1;1;7;6;0;1;1;1;0;2
4862;43117;4862;71;1;1;7;6;0;1;1;1;0;2
4863;43148;4863;64;1;1;7;6;0;1;1;1;0;2
4864;43149;4864;52;3;3;1;0;0;1;0;1;0;1
4865;43151;4865;71;3;3;1;6;0;1;1;1;0;2
4866;43151;4866;74;1;3;2;6;0;1;1;1;0;2
4867;43151;4867;71;1;1;7;6;0;1;1;1;0;2
4868;43151;4868;71;1;1;7;6;1;0;1;2;0;2
4869;43156;4869;25;3;1;7;8;0;2;1;1;0;3
4870;43156;4870;51;1;1;7;6;1;0;1;2;0;2
4871;43156;4871;64;1;1;7;5;0;1;1;1;0;2
4872;43156;4872;64;3;1;7;5;0;1;0;1;0;1
4873;43156;4873;52;3;1;7;0;0;1;0;1;0;1
4874;43157;4874;51;3;1;7;7;1;0;1;2;0;2
4875;43157;4875;52;1;1;7;0;0;0;0;3;0;0