accident_id;lieu_id;date_id;cause_id;lum_id;intemp_id;etat_surface_id;impliq_id;nb_blesses_graves;nb_blesses_legers;nb_indemnes;gravite;nb_morts;nb_impliqués
4876;43157;4876;71;3;2;1;6;0;1;1;1;0;2
4877;43157;4877;71;1;1;7;6;0;1;1;1;0;2
4878;43157;4878;52;3;3;1;9;0;1;0;1;0;1
4879;43161;4879;81;1;1;7;0;0;1;0;1;0;1
4880;43161;4880;25;1;1;7;0;0;0;0;3;0;0
4881;43161;4881;61;1;1;7;3;0;1;1;1;0;2
4882;43164;4882;71;1;1;7;6;0;1;1;1;0;2
4883;43165;4883;52;1;1;7;7;0;1;0;1;0;1
4884;43173;4884;25;1;1;7;7;0;1;1;1;0;2
4885;43177;4885;21;1;1;7;6;0;1;0;1;0;1
4886;43190;4886;51;1;1;7;6;0;1;1;1;0;2
4887;43190;4887;35;1;1;7;3;0;1;1;1;0;2
4888;43190;4888;23;3;3;1;6;0;1;2;1;0;3
4889;43190;4889;53;1;1;7;6;0;1;1;1;0;2
4890;43193;4890;35;1;1;2;3;0;1;1;1;0;2
4891;43207;4891;52;3;1;7;6;0;1;0;1;0;1
4892;43210;4892;52;3;7;7;0;0;1;0;1;0;1
4893;43212;4893;17;1;1;7;2;0;1;1;1;0;2
4894;43212;4894;36;3;1;7;4;0;1;1;1;0;2
4895;43212;4895;72;1;1;7;6;0;1;1;1;0;2
4896;43212;4896;71;1;3;1;6;0;1;1;1;0;2
4897;43214;4897;21;3;1;7;6;1;0;1;2;0;2
4898;43214;4898;52;1;1;7;0;0;2;0;1;0;2
4899;43214;4899;36;3;1;7;6;0;1;3;1;0;4
4900;43231;4900;67;1;1;7;4;0;1;1;1;0;2
4901;43232;4901;99;5;7;7;4;0;2;0;1;0;2
4902;43232;4902;82;1;1;7;0;0;1;0;1;0;1
4903;43232;4903;53;1;1;7;2;0;2;0;1;0;2
4904;43232;4904;72;3;1;7;6;0;1;1;1;0;2
4905;43233;4905;36;1;1;7;6;0;1;1;1;0;2
4906;43233;4906;81;3;1;7;6;0;1;0;1;0;1
4907;43235;4907;72;1;1;7;6;0;2;0;1;0;2
4908;43250;4908;24;1;1;7;4;0;1;1;1;0;2
4909;43252;4909;71;3;3;2;1;0;2;1;1;0;3
4910;43258;4910;72;1;1;7;6;0;1;1;1;0;2
4911;43258;4911;72;1;1;7;6;0;1;1;1;0;2
4912;43265;4912;81;1;3;1;6;0;1;0;1;0;1
4913;43267;4913;72;1;1;7;6;0;1;1;1;0;2
4914;43267;4914;52;1;1;7;6;0;1;1;1;0;2
4915;43272;4915;51;1;1;7;6;0;2;0;1;0;2
4916;43272;4916;26;2;3;1;1;0;1;1;1;0;2
4917;43274;4917;72;1;1;7;6;0;1;1;1;0;2
4918;43275;4918;72;1;1;7;6;0;1;1;1;0;2
4919;43280;4919;26;1;1;7;2;0;1;1;1;0;2
4920;43280;4920;72;1;1;7;6;1;0;1;2;0;2
4921;43283;4921;52;1;4;3;2;0;1;1;1;0;2
4922;43284;4922;72;4;1;7;5;0;0;1;3;0;1
4923;43302;4923;51;1;1;7;6;0;1;1;1;0;2
4924;43302;4924;26;1;1;7;2;0;1;1;1;0;2
4925;43303;4925;52;1;3;2;0;0;0;0;3;0;0
4926;43303;4926;21;1;1;7;6;0;1;1;1;0;2
4927;43304;4927;52;3;1;7;0;1;2;0;3;1;4
4928;43304;4928;52;3;1;7;0;0;2;3;1;0;5
4929;43305;4929;74;1;7;7;6;0;1;2;1;0;3
4930;43305;4930;21;1;3;2;6;1;1;0;2;0;2
4931;43305;4931;21;3;1;7;7;0;2;1;1;0;3
4932;43305;4932;51;2;1;4;7;0;1;1;1;0;2
4933;43305;4933;21;1;7;7;7;0;0;1;3;0;1
4934;43305;4934;52;3;1;7;0;0;2;0;1;0;2
4935;43305;4935;81;1;1;7;5;1;0;1;2;0;2
4936;43305;4936;52;3;1;7;0;1;3;0;2;0;4
4937;43305;4937;52;1;1;7;6;0;2;0;1;0;2
4938;43305;4938;21;3;1;7;6;1;0;0;2;0;1
4939;43305;4939;36;1;1;7;6;0;1;2;1;0;3
4940;43305;4940;52;1;2;1;6;0;1;4;1;0;5
4941;43305;2268;51;1;3;1;6;0;1;1;1;0;2
4942;43305;4942;52;1;3;1;0;0;1;0;1;0;1
4943;43305;4943;21;3;1;7;6;0;1;2;1;0;3
4944;43305;4944;52;1;1;4;0;0;1;1;1;0;2
4945;43305;4945;52;1;2;2;7;0;1;1;1;0;2
4946;43305;4946;51;1;1;7;3;0;1;1;1;0;2
4947;43305;4947;72;2;1;2;6;0;1;3;1;0;4
4948;43305;4948;21;2;3;2;6;0;1;2;1;0;3
4949;43305;4949;21;1;1;7;6;0;1;1;1;0;2
4950;43310;4950;25;4;1;7;6;0;1;1;1;0;2
4951;43315;4951;71;1;1;7;6;0;1;1;1;0;2
4952;43315;4952;26;2;3;2;2;1;0;0;2;0;1
4953;43317;4953;72;1;1;7;6;0;1;1;1;0;2
4954;43317;4954;72;1;1;7;6;1;0;1;2;0;2
4955;43319;4955;72;1;1;7;6;1;0;1;2;0;2
4956;43324;3565;21;3;3;1;6;0;2;1;1;0;3
4957;43325;4957;21;2;1;7;6;0;1;1;1;0;2
4958;43325;4958;26;1;1;7;1;0;1;1;1;0;2
4959;43335;4959;71;1;1;7;6;0;1;1;1;0;2
4960;43358;4960;64;1;1;7;6;0;1;1;1;0;2
4961;43379;4961;27;1;1;7;0;0;1;0;1;0;1
4962;43382;4962;21;1;1;7;6;0;1;1;1;0;2
4963;43387;4963;52;1;1;7;0;0;0;0;3;0;0
4964;43394;4964;72;1;1;7;6;0;1;1;1;0;2
4965;43395;4965;71;1;2;2;6;0;1;1;1;0;2
4966;43399;4966;72;1;1;7;6;0;1;1;1;0;2
4967;43402;4967;72;1;1;7;6;0;1;1;1;0;2
4968;43403;4968;71;3;1;7;6;0;1;1;1;0;2
4969;43404;4969;26;2;4;4;1;1;0;1;2;0;2
4970;43407;4970;72;2;3;2;6;0;1;0;1;0;1
4971;43410;4971;25;1;1;7;7;0;1;1;1;0;2
4972;43410;4972;25;1;1;7;6;0;1;1;1;0;2
4973;43412;4973;72;1;1;7;6;0;1;1;1;0;2
4974;43413;4974;72;1;1;7;6;0;1;1;1;0;2
4975;43413;4975;26;1;1;7;2;0;1;0;1;0;1
4976;43414;4976;62;1;1;7;6;0;1;1;1;0;2
4977;43414;4977;14;1;1;7;3;0;1;1;1;0;2
4978;43417;4978;18;3;1;7;4;0;1;1;1;0;2
4979;43421;4979;52;3;1;7;6;0;1;0;1;0;1
4980;43421;4980;51;1;1;7;0;0;1;0;1;0;1
4981;43422;4981;23;1;1;7;4;1;0;0;2;0;1
4982;43422;4982;52;1;1;7;6;1;0;0;2;0;1
4983;43427;4983;26;1;1;7;1;0;1;1;1;0;2
4984;43453;4984;72;2;1;7;6;0;1;1;1;0;2
4985;43461;4985;72;1;3;2;6;0;1;1;1;0;2
4986;43461;4986;52;1;2;2;0;0;1;0;1;0;1
4987;43461;4987;81;5;1;7;6;0;2;0;1;0;2
4988;43461;4988;22;2;1;7;6;2;0;0;3;0;2
4989;43461;4989;52;1;1;7;0;0;1;0;1;0;1
4990;43461;4990;74;3;1;7;6;1;0;1;2;0;2
4991;43477;4991;52;3;1;7;0;1;0;0;2;0;1
4992;43482;4992;72;1;1;7;6;0;1;1;1;0;2
4993;43489;4993;26;1;1;7;1;0;1;1;1;0;2
4994;43493;4994;22;1;1;7;6;0;1;1;1;0;2
4995;43507;4995;22;1;1;7;5;0;1;1;1;0;2
4996;43510;4996;25;1;1;7;6;1;0;0;2;0;1
4997;43511;4997;72;1;1;7;6;0;1;1;1;0;2
4998;43513;4998;71;1;1;7;6;0;1;1;1;0;2
4999;43514;4999;64;1;1;7;2;0;1;1;1;0;2
5000;43516;5000;52;1;1;4;6;0;1;1;1;0;2
5001;43516;5001;51;1;1;7;6;0;1;3;1;0;4
5002;43519;5002;26;1;1;7;1;0;1;1;1;0;2
5003;43519;5003;64;1;1;7;4;0;1;1;1;0;2
5004;43519;5004;71;1;1;7;4;0;1;0;1;0;1
5005;43519;5005;71;4;3;1;6;0;1;1;1;0;2
5006;43519;5006;71;3;1;7;6;0;1;1;1;0;2
5007;43520;5007;71;1;1;4;6;0;1;1;1;0;2
5008;43520;5008;26;1;1;7;2;0;1;1;1;0;2
5009;43520;5009;71;1;1;7;6;0;2;0;1;0;2
5010;43520;5010;26;2;1;7;2;0;1;1;1;0;2
5011;43520;5011;64;1;1;7;6;0;1;1;1;0;2
5012;43520;5012;51;1;1;7;2;0;0;1;3;0;1
5013;43520;5013;71;1;1;7;6;0;1;1;1;0;2
5014;43520;5014;32;1;1;7;6;0;1;1;1;0;2
5015;43520;5015;26;3;3;2;1;0;1;1;1;0;2
5016;43522;5016;72;1;1;7;6;0;1;1;1;0;2
5017;43522;5017;52;1;7;7;0;0;1;0;1;0;1
5018;43522;5018;72;1;1;7;6;0;1;1;1;0;2
5019;43530;5019;72;1;1;7;6;0;1;1;1;0;2
5020;43531;5020;72;1;1;7;6;0;1;1;1;0;2
5021;43532;5021;99;2;1;7;6;1;0;1;2;0;2
5022;43532;5022;71;3;1;7;4;0;2;0;1;0;2
5023;43532;5023;72;2;1;7;6;0;1;1;1;0;2
5024;43534;5024;71;1;1;7;6;0;1;1;1;0;2
5025;43538;5025;72;1;1;7;6;0;1;1;1;0;2
5026;43540;5026;67;3;1;7;6;0;1;2;1;0;3
5027;43540;5027;23;3;3;2;0;0;1;0;1;0;1
5028;43548;5028;52;3;1;7;0;0;1;0;1;0;1
5029;43560;5029;72;1;1;7;6;1;0;1;2;0;2
5030;43560;5030;71;1;1;7;6;0;1;1;1;0;2
5031;43579;5031;71;2;1;7;6;0;1;1;1;0;2
5032;43580;5032;53;1;1;7;6;0;1;1;1;0;2
5033;43580;5033;71;1;1;7;6;0;1;1;1;0;2
5034;43583;5034;27;1;1;7;2;0;1;1;1;0;2
5035;43587;5035;25;3;3;2;6;0;2;0;1;0;2
5036;43588;5036;21;1;1;7;6;0;1;2;1;0;3
5037;43588;5037;64;1;1;7;4;1;0;1;2;0;2
5038;43604;5038;52;1;1;7;0;0;1;0;1;0;1
5039;43611;5039;75;1;1;7;6;0;1;1;1;0;2
5040;43615;5040;51;5;1;7;0;0;1;0;1;0;1
5041;43625;5041;72;1;1;7;6;0;1;1;1;0;2
5042;43626;5042;72;1;1;7;6;0;1;1;1;0;2
5043;43641;5043;74;1;1;7;9;1;0;1;2;0;2
5044;43642;5044;64;1;1;7;6;0;1;1;1;0;2
5045;43643;5045;51;1;1;7;2;1;0;2;2;0;3
5046;43645;5046;73;1;1;7;9;1;0;0;2;0;1
5047;43645;5047;64;1;1;7;6;0;1;1;1;0;2
5048;43654;5048;73;1;1;7;4;0;2;0;1;0;2
5049;43659;5049;64;3;1;7;5;0;1;1;1;0;2
5050;43659;5050;26;1;3;2;1;0;1;1;1;0;2
5051;43714;5051;13;3;1;7;6;0;1;2;1;0;3
5052;43767;5052;52;3;3;2;0;0;1;0;1;0;1
5053;43768;5053;21;3;1;2;6;2;0;0;2;0;2
5054;43768;5054;52;3;3;1;0;0;1;1;1;0;2
5055;43768;5055;52;3;1;7;6;0;3;0;1;0;3
5056;43770;5056;51;1;1;7;9;0;1;0;1;0;1
5057;43797;5057;67;1;1;7;4;1;0;1;2;0;2
5058;43797;5058;23;1;1;7;6;0;2;0;1;0;2
5059;43798;5059;72;1;3;2;6;0;1;1;1;0;2
5060;43798;5060;26;3;1;7;2;1;0;1;2;0;2
5061;43798;5061;61;1;1;7;4;0;1;1;1;0;2
5062;43801;5062;21;1;2;2;5;0;1;1;1;0;2
5063;43810;5063;52;1;1;7;0;0;1;0;1;0;1
5064;43829;5064;24;1;1;7;1;0;1;1;1;0;2
5065;43832;836;71;1;1;7;6;0;1;1;1;0;2
5066;43832;5066;64;1;1;2;6;0;1;1;1;0;2
5067;43853;5067;72;1;1;7;6;0;1;1;1;0;2
5068;43855;5068;72;1;1;7;6;0;1;1;1;0;2
5069;43855;5069;66;1;1;7;6;0;1;0;1;0;1
5070;43855;5070;13;1;1;7;6;0;1;1;1;0;2
5071;44373;5071;51;1;1;7;6;1;0;1;2;0;2
5072;44375;5072;71;1;3;1;6;1;0;1;2;0;2
5073;44386;5073;52;1;7;2;6;0;1;3;1;0;4
5074;44556;5074;81;3;1;7;2;1;0;1;2;0;2
5075;44559;5075;36;5;2;1;6;0;2;2;1;0;4
5076;45113;5076;72;1;1;7;6;0;1;1;1;0;2
5077;45114;5077;72;1;1;7;6;0;1;1;1;0;2
5078;45115;5078;13;1;1;7;3;0;1;0;1;0;1
5079;45123;5079;72;1;1;7;6;0;1;1;1;0;2
5080;45123;5080;72;1;1;7;6;0;1;1;1;0;2
5081;45136;5081;25;3;1;7;6;0;1;1;1;0;2
5082;45136;5082;22;1;1;7;6;0;1;1;1;0;2
5083;45137;5083;71;1;1;7;6;0;1;1;1;0;2
5084;45145;5084;64;3;3;2;5;0;1;1;1;0;2
5085;45145;5085;52;5;1;4;0;2;0;0;2;0;2
5086;45145;5086;21;3;1;7;6;1;2;1;2;0;4
5087;45150;5087;52;2;1;7;0;0;1;0;1;0;1
5088;45162;5088;72;1;1;7;3;1;0;1;2;0;2
5089;45173;5089;21;3;1;7;6;0;1;1;1;0;2
5090;45174;5090;72;1;1;7;6;1;0;1;2;0;2
5091;45178;5091;86;1;1;7;2;1;0;1;2;0;2
5092;45178;5092;72;1;1;7;6;0;2;1;1;0;3
5093;45183;5093;81;3;1;7;6;0;2;2;1;0;4
5094;45187;5094;21;1;1;7;6;1;0;1;2;0;2
5095;45195;5095;71;1;1;7;6;1;0;1;2;0;2
5096;45199;5096;76;1;1;7;6;0;1;1;1;0;2
5097;45211;5097;63;1;3;2;6;0;1;1;1;0;2
5098;45225;5098;71;1;1;7;6;0;1;1;1;0;2
5099;45231;5099;17;1;1;7;1;0;1;1;1;0;2
5100;45232;5100;22;1;1;7;5;0;1;1;1;0;2
5101;45239;5101;24;1;1;7;2;0;1;1;1;0;2
5102;45239;5102;72;1;1;7;6;0;1;1;1;0;2
5103;45239;5103;67;1;1;7;5;0;1;1;1;0;2
5104;45239;5104;71;1;2;1;6;0;1;1;1;0;2
5105;45240;5105;71;3;3;2;6;0;1;1;1;0;2
5106;45245;5106;71;1;1;7;4;1;1;0;2;0;2
5107;45245;5107;73;1;1;7;7;0;1;1;1;0;2
5108;45245;5108;72;2;1;7;6;0;1;0;1;0;1
5109;45245;5109;71;1;1;7;6;0;1;1;1;0;2
5110;45246;5110;36;1;1;7;5;0;2;1;1;0;3
5111;45246;5111;64;1;1;7;6;0;1;1;1;0;2
5112;45254;5112;72;3;3;2;6;1;0;1;2;0;2
5113;45254;5113;72;1;1;7;6;0;1;1;1;0;2
5114;45254;5114;51;1;1;7;3;0;1;1;1;0;2
5115;45254;5115;63;1;1;7;6;0;1;0;1;0;1
5116;45254;5116;81;1;1;7;6;0;1;1;1;0;2
5117;45254;5117;63;1;1;7;4;0;1;1;1;0;2
5118;45254;5118;51;3;1;7;6;1;2;1;2;0;4
5119;45254;5119;81;3;1;7;6;0;1;4;1;0;5
5120;45255;5120;51;1;1;7;6;0;1;1;1;0;2
5121;45255;5121;71;3;1;2;6;0;1;1;1;0;2
5122;45255;5122;52;3;1;7;0;0;2;0;1;0;2
5123;45255;5123;71;1;1;7;6;1;0;1;2;0;2
5124;45256;5124;51;1;1;7;3;0;1;1;1;0;2
5125;45256;5125;76;3;3;2;6;0;1;1;1;0;2
5126;45256;5126;23;1;1;7;4;0;1;1;1;0;2
5127;45256;5127;51;1;1;7;6;0;0;2;3;0;2
5128;45257;5128;51;1;1;7;6;0;1;1;1;0;2
5129;45257;5129;72;1;1;7;6;0;1;1;1;0;2
5130;45257;5130;52;1;1;7;6;0;1;1;1;0;2
5131;45268;5131;21;3;1;7;4;0;1;1;1;0;2
5132;45268;5132;52;3;3;1;6;0;2;0;1;0;2
5133;45269;5133;71;3;1;7;4;0;2;0;1;0;2
5134;45269;5134;72;1;1;2;6;0;1;1;1;0;2
5135;45274;5135;41;1;1;7;2;0;2;0;1;0;2
5136;45274;5136;52;1;1;7;0;0;6;0;1;0;6
5137;45274;5137;72;2;1;7;6;1;0;1;2;0;2
5138;45274;5138;41;1;1;7;6;0;1;1;1;0;2
5139;45276;5139;11;1;1;7;2;0;1;1;1;0;2
5140;45276;5140;86;1;1;7;2;0;2;2;1;0;4
5141;45279;5141;25;3;1;7;6;0;1;1;1;0;2
5142;45302;5142;72;1;1;7;6;0;1;1;1;0;2
5143;45309;5143;75;1;1;7;6;0;1;1;1;0;2
5144;45322;5144;72;1;1;7;6;0;1;1;1;0;2
5145;45322;5145;26;1;1;7;1;0;1;1;1;0;2
5146;45331;5146;21;3;3;2;6;0;3;0;1;0;3
5147;45331;5147;53;1;1;7;6;0;1;1;1;0;2
5148;45331;5148;51;3;1;7;6;0;1;1;1;0;2
5149;45331;5149;81;1;1;7;6;1;1;0;2;0;2
5150;45331;5150;72;1;1;7;6;0;1;1;1;0;2
5151;45336;5151;53;4;1;7;6;0;1;1;1;0;2
5152;45336;5152;36;1;1;7;6;0;1;3;1;0;4
5153;45344;5153;51;1;1;7;4;0;1;1;1;0;2
5154;45344;5154;22;1;1;7;6;0;1;1;1;0;2
5155;45349;5155;52;3;3;2;6;0;1;0;1;0;1
5156;45351;5156;73;3;1;7;6;0;2;1;1;0;3
5157;45352;5157;81;1;1;7;6;0;1;0;1;0;1
5158;45356;5158;72;1;1;7;6;0;1;1;1;0;2
5159;45366;5159;72;1;1;7;6;0;1;1;1;0;2
5160;45381;5160;71;1;1;7;6;0;1;1;1;0;2
5161;45382;5161;52;1;1;7;6;0;4;0;1;0;4
5162;45382;5162;81;3;1;7;0;2;0;0;2;0;2
5163;45382;5163;52;3;1;2;6;0;3;1;1;0;4
5164;45382;5164;81;3;1;7;6;0;3;0;1;0;3
5165;45384;5165;71;3;4;3;6;1;0;1;2;0;2
5166;45384;5166;72;1;1;7;6;0;1;1;1;0;2
5167;45384;5167;26;1;1;7;2;0;1;0;1;0;1
5168;45384;5168;23;1;1;7;4;0;1;0;1;0;1
5169;45384;5169;32;1;1;7;6;0;1;1;1;0;2
5170;45384;5170;71;1;1;7;6;0;1;1;1;0;2
5171;45384;5171;26;1;3;1;2;0;1;1;1;0;2
5172;45384;5172;67;1;1;7;5;0;1;1;1;0;2
5173;45384;5173;63;1;1;7;4;0;1;1;1;0;2
5174;45384;5174;26;1;1;2;2;0;1;1;1;0;2
5175;45385;5175;71;1;1;7;6;0;1;1;1;0;2
5176;45385;5176;26;2;1;2;2;0;1;1;1;0;2
5177;45385;5177;26;3;1;7;2;0;1;1;1;0;2
5178;45386;5178;71;1;1;7;6;0;1;1;1;0;2
5179;45386;5179;23;1;1;7;6;0;2;0;1;0;2
5180;45386;5180;51;1;1;7;6;0;2;0;1;0;2
5181;45386;5181;52;3;1;7;6;0;1;0;1;0;1
5182;45386;5182;23;3;3;1;6;0;1;1;1;0;2
5183;45386;5183;81;3;1;7;5;0;2;0;1;0;2
5184;45388;5184;71;1;1;7;6;0;1;1;1;0;2
5185;45388;5185;61;1;1;7;3;0;1;1;1;0;2
5186;45388;5186;61;1;1;7;4;0;1;1;1;0;2
5187;45388;5187;23;3;1;7;5;0;1;1;1;0;2
5188;45388;5188;62;1;1;7;2;0;1;1;1;0;2
5189;45390;5189;63;1;3;2;4;1;0;1;2;0;2
5190;45390;5190;71;1;1;7;6;0;1;1;1;0;2
5191;45390;5191;71;1;3;2;6;1;0;1;2;0;2
5192;45390;5192;52;3;1;7;6;1;0;1;2;0;2
5193;45390;5193;51;1;1;7;6;0;1;0;1;0;1
5194;45390;5194;26;1;1;7;2;0;1;1;1;0;2
5195;45390;5195;71;1;1;7;8;0;1;1;1;0;2
5196;45390;5196;63;1;3;1;6;0;2;1;1;0;3
5197;45390;5197;26;1;1;7;2;0;1;4;1;0;5
5198;45390;5198;81;5;1;7;0;0;1;0;1;0;1
5199;45390;5199;52;3;1;7;6;0;3;1;1;0;4
5200;45392;5200;23;1;1;7;6;1;0;2;2;0;3
5201;45392;5201;71;1;1;7;6;0;1;1;1;0;2
5202;45394;5202;36;1;1;7;4;0;1;1;1;0;2
5203;45394;5203;63;1;1;7;3;0;1;1;1;0;2
5204;45394;5204;20;1;1;7;1;1;1;1;2;0;3
5205;45394;5205;23;3;1;7;5;0;1;1;1;0;2
5206;45394;5206;81;3;1;7;6;1;2;0;2;0;3
5207;45394;5207;72;1;1;7;6;0;2;1;1;0;3
5208;45394;5208;26;2;1;7;2;0;2;0;1;0;2
5209;45394;5209;63;1;1;7;6;0;1;0;1;0;1
5210;45394;5210;52;3;1;1;7;0;1;0;3;0;1
5211;45394;5211;72;1;3;1;6;0;1;1;1;0;2
5212;45394;5212;25;3;1;1;6;0;1;0;1;0;1
5213;45394;5213;23;1;1;7;5;1;0;1;2;0;2
5214;45394;5214;23;1;1;7;5;0;1;1;1;0;2
5215;45394;5215;71;1;3;2;6;0;1;1;1;0;2
5216;45394;5216;51;1;1;7;3;0;1;1;1;0;2
5217;45394;5217;71;1;1;7;6;1;0;1;2;0;2
5218;45395;5218;72;1;1;7;6;0;1;1;1;0;2
5219;45396;5219;23;1;1;7;5;0;1;2;1;0;3
5220;45401;5220;81;2;1;7;6;0;1;1;1;0;2
5221;45402;5221;71;1;1;7;6;1;0;1;2;0;2
5222;45420;5222;72;1;1;7;6;0;1;1;1;0;2
5223;45420;5223;25;3;1;7;6;0;0;1;3;0;1
5224;45420;5224;99;1;1;7;0;1;0;0;2;0;1
5225;45420;5225;51;1;1;2;7;0;4;1;1;0;5
5226;45420;5226;71;3;1;7;8;1;0;1;2;0;2
5227;45420;5227;81;3;3;1;6;0;1;1;1;0;2
5228;45420;5228;51;1;1;7;6;1;0;1;2;0;2
5229;45420;5229;64;3;1;7;5;0;1;1;1;0;2
5230;45421;5230;51;2;1;7;3;0;2;0;1;0;2
5231;45422;5231;72;3;1;7;6;0;0;1;3;0;1
5232;45422;5232;26;2;1;7;2;0;1;1;1;0;2
5233;45422;5233;21;3;1;7;4;1;1;0;2;0;2
5234;45423;5234;26;2;3;2;2;0;1;1;1;0;2
5235;45424;5235;16;1;1;7;4;0;2;0;1;0;2
5236;45424;5236;26;1;1;7;2;0;1;1;1;0;2
5237;45424;5237;67;1;1;7;5;1;0;1;2;0;2
5238;45424;5238;63;2;1;7;5;0;1;1;1;0;2
5239;45424;5239;81;1;1;7;6;0;1;2;1;0;3
5240;45424;5240;51;2;1;7;6;0;1;2;1;0;3
5241;45424;5241;67;1;1;7;6;1;0;1;2;0;2
5242;45425;5242;52;2;1;7;0;0;1;2;1;0;3
5243;45427;5243;52;3;1;7;0;0;1;0;1;0;1
5244;45439;5244;51;3;1;7;9;1;0;0;2;0;1
5245;45440;5245;81;3;3;7;6;1;2;0;2;0;3
5246;45443;5246;21;1;1;7;4;0;2;0;1;0;2
5247;45447;5247;51;1;1;7;6;0;1;1;1;0;2
5248;45448;5248;71;1;1;7;6;0;1;1;1;0;2
5249;45449;5249;64;1;1;7;6;0;1;1;1;0;2
5250;45449;5250;71;1;1;7;6;0;1;1;1;0;2
5251;45460;5251;67;1;1;7;4;0;1;1;1;0;2
5252;45461;5252;52;3;1;7;0;0;1;0;1;0;1
5253;45461;5253;32;1;1;7;7;1;0;1;2;0;2
5254;45461;5254;52;1;3;2;0;0;0;0;3;0;0
5255;45461;5255;51;1;1;7;6;0;2;1;1;0;3
5256;45461;5256;72;1;1;7;6;0;1;1;1;0;2
5257;45462;5257;51;1;1;2;6;0;3;1;1;0;4
5258;45463;5258;52;3;1;7;0;1;0;0;2;0;1
5259;45463;5259;71;2;3;2;7;0;0;2;3;0;2
5260;45465;5260;61;1;1;7;3;0;1;1;1;0;2
5261;45466;5261;67;3;3;1;6;0;2;1;1;0;3
5262;45468;5262;51;1;1;7;6;0;1;1;1;0;2
5263;45468;5263;64;1;1;7;4;1;0;1;2;0;2
5264;45469;5264;81;2;1;7;0;0;1;0;1;0;1
5265;45476;5265;81;1;1;7;0;0;1;0;1;0;1
5266;45478;5266;72;1;1;7;6;0;1;1;1;0;2
5267;45479;5267;52;1;1;7;0;0;1;0;1;0;1
5268;45480;5268;64;1;1;7;6;0;1;1;1;0;2
5269;45482;5269;72;1;1;7;6;0;1;1;1;0;2
5270;45482;5270;25;1;1;7;6;0;1;1;1;0;2
5271;45486;5271;51;1;1;7;6;0;1;1;1;0;2
5272;45486;5272;51;2;1;7;6;0;1;1;1;0;2
5273;45486;5273;26;1;1;7;2;0;1;0;1;0;1
5274;45486;5274;21;3;3;1;6;0;2;1;1;0;3
5275;45486;5275;51;2;3;2;6;0;2;2;1;0;4
5276;45487;5276;51;3;2;2;6;0;1;1;1;0;2
5277;45487;5277;81;3;1;7;6;0;1;1;1;0;2
5278;45487;5278;51;1;1;7;6;0;1;1;1;0;2
5279;45487;5279;51;1;1;7;6;0;1;4;1;0;5
5280;45487;5280;51;1;1;7;6;0;2;0;1;0;2
5281;45487;5281;21;2;1;7;6;1;2;0;2;0;3
5282;45491;5282;21;3;1;7;6;0;1;1;1;0;2
5283;45505;5283;86;1;1;7;2;0;1;1;1;0;2
5284;45505;5284;81;1;1;7;0;0;1;0;1;0;1
5285;45516;5285;64;1;1;7;6;0;1;1;1;0;2
5286;45516;5286;52;3;1;7;0;0;1;0;1;0;1
5287;45516;5287;64;1;1;7;6;0;2;1;1;0;3
5288;45516;5288;23;1;1;7;6;0;1;1;1;0;2
5289;45516;5289;62;1;1;7;2;0;1;1;1;0;2
5290;45517;5290;71;1;1;7;6;0;1;1;1;0;2
5291;45517;5291;71;1;1;7;6;0;1;1;1;0;2
5292;45518;5292;26;2;1;7;1;0;1;1;1;0;2
5293;45520;5293;52;3;1;7;0;0;1;0;1;0;1
5294;45520;5294;53;1;1;7;2;0;1;1;1;0;2
5295;45530;5295;51;1;1;7;6;0;1;1;1;0;2
5296;45530;5296;81;5;1;7;6;0;1;1;1;0;2
5297;45530;5297;51;1;1;7;2;1;0;1;2;0;2
5298;45530;5298;51;1;1;7;7;0;1;1;1;0;2
5299;45530;5299;52;5;1;7;0;0;1;0;1;0;1
5300;45530;5300;51;1;6;1;6;0;1;2;1;0;3
5301;45535;5301;14;1;1;7;7;0;1;1;1;0;2
5302;45604;5302;71;1;1;7;8;0;1;1;1;0;2
5303;45609;5303;36;1;1;7;4;0;1;1;1;0;2
5304;45616;5304;51;2;6;1;6;0;1;1;1;0;2
5305;45616;5305;51;3;3;1;6;0;2;2;1;0;4
5306;45617;5306;26;1;1;7;1;1;0;1;2;0;2
5307;45626;5307;72;5;3;1;6;1;0;1;2;0;2
5308;45629;5308;16;2;1;7;5;0;1;1;1;0;2
5309;45631;5309;72;3;1;7;6;0;1;1;1;0;2
5310;45632;5310;36;1;1;7;6;0;2;0;1;0;2
5311;45650;5311;21;1;1;7;6;0;2;0;1;0;2
5312;45650;5312;21;1;1;7;6;0;4;0;1;0;4
5313;45650;5313;51;2;1;7;3;1;0;1;2;0;2
5314;45650;5314;51;1;1;7;6;0;3;0;1;0;3
5315;45650;5315;19;1;1;7;4;0;1;1;1;0;2
5316;45650;5316;81;3;1;7;6;0;3;1;1;0;4
5317;45650;5317;21;3;2;1;6;0;1;1;1;0;2
5318;45650;5318;13;1;1;7;6;0;1;2;1;0;3
5319;45650;5319;52;3;1;5;0;0;1;0;1;0;1
5320;45650;5320;13;1;1;7;6;0;1;1;1;0;2
5321;45650;5321;13;2;1;2;6;0;2;2;1;0;4
5322;45651;5322;41;1;1;7;6;0;1;1;1;0;2
5323;45651;5323;52;1;1;7;0;2;2;0;2;0;4
5324;45651;5324;41;1;1;7;6;0;1;1;1;0;2
5325;45651;5325;51;1;3;2;6;0;4;0;1;0;4
5326;45651;5326;51;1;1;7;6;0;1;3;1;0;4
5327;45651;5327;52;1;6;1;6;0;2;0;1;0;2
5328;45651;5328;64;1;3;2;6;0;1;1;1;0;2
5329;45651;5329;22;1;1;7;6;0;1;1;1;0;2
5330;45651;1874;51;1;2;1;6;1;2;0;2;0;3
5331;46198;5331;26;1;1;7;1;0;1;1;1;0;2
5332;46200;5332;72;3;3;1;6;0;1;1;1;0;2
5333;46216;5333;52;1;1;7;6;0;1;0;1;0;1
5334;46216;5334;52;1;1;7;1;1;0;1;2;0;2
5335;46216;5335;23;1;1;7;6;0;1;1;1;0;2
5336;46218;5336;71;1;1;7;6;0;2;1;1;0;3
5337;46220;5337;64;1;1;7;6;0;1;2;1;0;3
5338;46232;5338;72;1;1;7;6;0;1;1;1;0;2
5339;46242;5339;64;1;3;1;6;0;1;1;1;0;2
5340;46244;5340;52;3;4;3;6;0;1;2;1;0;3
5341;46244;5341;71;1;1;7;6;0;1;1;1;0;2
5342;46246;5342;64;1;1;7;6;0;1;1;1;0;2
5343;46246;5343;61;1;1;7;3;0;1;1;1;0;2
5344;46254;5344;71;1;1;7;6;0;1;1;1;0;2
5345;46254;5345;51;1;1;7;6;1;0;1;2;0;2