accident_id;lieu_id;date_id;cause_id;lum_id;intemp_id;etat_surface_id;impliq_id;nb_blesses_graves;nb_blesses_legers;nb_indemnes;gravite;nb_morts;nb_impliqués
5346;46254;5346;72;1;1;7;6;1;0;1;2;0;2
5347;46254;5347;71;1;1;7;6;1;0;1;2;0;2
5348;46254;5348;51;1;1;7;6;0;6;1;1;0;7
5349;46279;5349;26;1;1;7;1;0;1;1;1;0;2
5350;46280;5350;26;1;1;7;2;0;1;1;1;0;2
5351;46281;5351;64;2;1;7;5;0;2;0;1;0;2
5352;46285;5352;26;2;3;1;2;0;2;1;1;0;3
5353;46290;5353;73;1;1;7;4;0;2;0;1;0;2
5354;46304;5354;51;3;3;2;0;0;3;2;1;0;5
5355;46304;5355;52;2;3;5;6;0;2;0;1;0;2
5356;46304;5356;52;3;1;7;0;1;0;0;2;0;1
5357;46304;5357;21;1;1;7;6;0;2;0;1;0;2
5358;46304;5358;52;3;1;7;0;0;3;0;1;0;3
5359;46305;5359;71;1;1;7;6;1;0;1;2;0;2
5360;46306;5360;21;1;2;1;6;0;3;0;1;0;3
5361;46307;5361;72;1;1;7;6;0;1;1;1;0;2
5362;46307;5362;36;1;1;7;6;0;1;1;1;0;2
5363;46307;5363;26;3;1;1;2;0;1;1;1;0;2
5364;46307;5364;21;1;1;7;6;1;0;2;2;0;3
5365;46308;5365;67;1;1;7;6;0;2;0;1;0;2
5366;46308;5366;25;1;1;7;6;1;0;1;2;0;2
5367;46309;5367;25;1;1;7;6;0;1;0;1;0;1
5368;46309;5368;23;1;1;7;4;0;2;1;1;0;3
5369;46311;5369;35;1;1;7;4;0;1;1;1;0;2
5370;46314;5370;64;1;1;7;4;0;1;1;1;0;2
5371;46314;5371;71;1;3;1;6;0;1;1;1;0;2
5372;46314;5372;26;2;1;7;2;0;1;1;1;0;2
5373;46317;5373;18;1;1;7;3;0;1;1;1;0;2
5374;46317;5374;51;1;1;7;0;1;0;0;2;0;1
5375;46317;5375;18;1;1;7;6;0;1;1;1;0;2
5376;46320;5376;71;1;1;7;6;1;0;1;2;0;2
5377;46320;5377;51;1;3;2;6;0;1;1;1;0;2
5378;46320;5378;51;1;1;7;6;0;2;3;1;0;5
5379;46320;5379;51;1;1;7;6;0;1;1;1;0;2
5380;46321;5380;25;3;1;7;6;0;1;0;1;0;1
5381;46322;5381;63;1;1;7;4;0;1;1;1;0;2
5382;46322;5382;71;1;1;7;1;0;1;1;1;0;2
5383;46322;5383;52;1;1;1;6;3;2;0;2;0;5
5384;46322;5384;72;1;1;7;7;0;0;1;3;0;1
5385;46322;5385;23;1;3;1;4;0;1;1;1;0;2
5386;46323;5386;52;1;3;1;0;0;1;0;1;0;1
5387;46323;5387;20;1;1;7;1;1;0;1;2;0;2
5388;46323;5388;51;1;6;7;6;1;0;2;2;0;3
5389;46323;5389;26;2;1;7;2;0;1;1;1;0;2
5390;46323;5390;26;1;3;1;1;0;1;1;1;0;2
5391;46324;5391;26;3;1;7;2;1;0;1;2;0;2
5392;46324;5392;26;1;1;7;2;1;0;1;2;0;2
5393;46325;5393;25;3;1;7;6;0;1;1;1;0;2
5394;46327;5394;51;3;1;7;3;1;0;1;2;0;2
5395;46327;5395;26;1;1;7;2;1;0;1;2;0;2
5396;46327;5396;71;1;1;7;6;1;0;1;2;0;2
5397;46327;5397;63;1;1;7;6;0;3;1;1;0;4
5398;46334;5398;64;1;1;7;2;0;1;1;1;0;2
5399;46336;5399;72;3;1;2;6;0;1;1;1;0;2
5400;46352;5400;72;5;1;7;6;0;1;1;1;0;2
5401;46358;5401;21;1;3;2;7;0;1;1;1;0;2
5402;46358;5402;72;3;1;7;6;1;0;1;2;0;2
5403;46358;5403;61;1;1;7;4;1;0;1;2;0;2
5404;46358;5404;33;1;2;2;7;1;0;2;2;0;3
5405;46358;5405;21;1;1;7;6;0;3;0;1;0;3
5406;46358;5406;51;1;1;7;0;0;1;1;1;0;2
5407;46359;5407;71;1;4;1;6;0;1;1;1;0;2
5408;46360;5408;71;1;1;7;6;1;0;1;2;0;2
5409;46362;5409;64;1;1;7;4;1;0;1;2;0;2
5410;46362;5410;61;1;1;7;3;1;0;1;2;0;2
5411;46363;5411;71;1;1;7;6;0;1;1;1;0;2
5412;46365;5412;64;1;1;7;6;0;1;1;1;0;2
5413;46366;5413;72;1;1;7;6;1;0;1;2;0;2
5414;46366;5414;26;1;1;7;2;0;1;1;1;0;2
5415;46367;5415;52;1;1;4;6;1;1;0;2;0;2
5416;46368;5416;51;2;3;2;6;1;0;2;2;0;3
5417;46368;5417;72;1;1;7;3;0;1;1;1;0;2
5418;46373;5418;81;3;1;7;2;0;2;1;1;0;3
5419;46374;5419;64;1;3;1;6;0;1;1;1;0;2
5420;46375;5420;51;3;1;7;3;1;0;1;2;0;2
5421;46387;5421;67;1;1;7;4;0;1;1;1;0;2
5422;46387;5422;67;1;1;7;6;0;1;1;1;0;2
5423;46387;5423;64;1;3;1;6;0;2;0;1;0;2
5424;46387;5424;67;1;1;7;5;0;1;0;1;0;1
5425;46388;5425;71;3;3;2;6;0;1;1;1;0;2
5426;46388;5426;51;3;1;7;6;0;1;0;1;0;1
5427;46390;5427;52;3;1;7;0;0;3;0;1;0;3
5428;46390;5428;52;1;3;2;4;1;0;1;2;0;2
5429;46390;5429;25;2;6;1;6;1;0;1;2;0;2
5430;46390;5430;64;3;1;7;6;0;1;1;1;0;2
5431;46390;5431;61;3;1;7;4;0;1;1;1;0;2
5432;46390;5432;52;3;3;1;2;0;1;1;1;0;2
5433;46390;5433;21;1;1;7;6;0;1;1;1;0;2
5434;46390;5434;51;1;1;7;4;0;2;0;1;0;2
5435;46390;5435;25;1;1;7;6;0;1;3;1;0;4
5436;46390;5436;72;1;1;7;6;0;1;1;1;0;2
5437;46390;5437;52;3;1;7;0;0;1;0;1;0;1
5438;46392;5438;71;3;6;1;6;0;1;1;1;0;2
5439;46393;5439;23;1;1;7;4;0;1;1;1;0;2
5440;46394;5440;71;1;1;7;6;1;0;1;2;0;2
5441;46395;5441;72;1;1;7;4;0;1;1;1;0;2
5442;46395;5442;64;1;1;7;6;0;1;1;1;0;2
5443;46395;5443;36;1;1;7;6;0;1;1;1;0;2
5444;46395;5444;25;3;1;7;6;1;0;0;2;0;1
5445;46396;5445;51;1;1;7;6;0;1;2;1;0;3
5446;46396;5446;25;3;1;7;6;0;1;0;1;0;1
5447;46397;5447;71;2;2;1;4;0;1;1;1;0;2
5448;46397;5448;52;1;1;7;6;0;5;0;1;0;5
5449;46398;5449;72;1;1;7;6;1;0;1;2;0;2
5450;46398;5450;63;1;3;2;4;0;1;1;1;0;2
5451;46400;5451;72;1;3;2;6;0;1;1;1;0;2
5452;46400;5452;72;1;1;7;6;1;0;1;2;0;2
5453;46400;5453;52;3;1;7;6;0;1;1;1;0;2
5454;46400;5454;72;2;1;7;6;0;1;1;1;0;2
5455;46401;5455;25;1;1;7;6;0;1;1;1;0;2
5456;46401;5456;25;1;1;7;6;1;0;1;2;0;2
5457;46405;5457;51;3;3;1;6;0;1;3;1;0;4
5458;46406;5458;51;1;3;1;6;0;1;1;1;0;2
5459;46406;5459;36;1;1;7;3;0;1;1;1;0;2
5460;46406;5460;61;1;1;7;3;0;1;1;1;0;2
5461;46408;5461;52;1;1;7;6;0;1;1;1;0;2
5462;46409;5462;72;2;1;7;6;0;1;1;1;0;2
5463;46414;5463;64;1;1;7;4;0;1;1;1;0;2
5464;46416;5464;72;1;1;7;6;0;1;1;1;0;2
5465;46431;5465;25;1;1;7;6;0;1;1;1;0;2
5466;46455;5466;25;3;1;7;7;0;1;0;3;0;1
5467;46458;5467;52;1;1;7;7;1;0;0;2;0;1
5468;46459;5468;71;2;1;7;6;0;1;1;1;0;2
5469;46460;5469;73;1;6;1;6;0;1;1;1;0;2
5470;46461;5470;71;3;1;1;6;0;1;1;1;0;2
5471;46462;5471;85;3;3;2;6;0;1;0;1;0;1
5472;46462;5472;26;1;1;7;2;0;1;1;1;0;2
5473;46463;5473;71;1;3;2;6;0;1;1;1;0;2
5474;46467;5474;41;3;1;7;6;0;1;1;1;0;2
5475;46472;5475;81;3;1;7;2;0;1;1;1;0;2
5476;46474;5476;51;1;1;7;3;0;1;1;1;0;2
5477;46474;5477;75;1;3;1;6;0;1;1;1;0;2
5478;46475;5478;71;1;1;7;6;0;1;1;1;0;2
5479;46491;5479;72;2;1;7;6;0;1;1;1;0;2
5480;46511;5480;23;1;1;7;6;0;1;2;1;0;3
5481;46511;5481;36;1;3;1;6;0;1;1;1;0;2
5482;46511;5482;67;1;1;7;6;0;1;1;1;0;2
5483;46522;5483;52;1;2;2;8;0;5;0;1;0;5
5484;46522;5484;64;1;1;7;6;0;1;1;1;0;2
5485;46522;5485;26;1;1;7;1;0;1;1;1;0;2
5486;46524;5486;51;1;1;7;6;0;1;3;1;0;4
5487;46525;5487;18;3;1;7;5;0;1;1;1;0;2
5488;46535;5488;74;3;1;7;6;1;0;1;2;0;2
5489;46535;5489;51;1;1;7;6;0;1;1;1;0;2
5490;46583;5490;82;1;1;7;0;0;0;0;3;0;0
5491;46609;5491;51;1;1;7;6;0;2;1;1;0;3
5492;46609;5492;51;1;1;7;6;0;1;1;1;0;2
5493;46614;5493;21;1;1;7;3;0;2;0;1;0;2
5494;46616;5494;51;1;3;1;6;0;1;1;1;0;2
5495;46616;5495;52;3;1;1;6;0;2;1;1;0;3
5496;46616;5496;52;1;1;7;9;1;0;0;2;0;1
5497;46616;5497;52;2;3;1;6;0;2;3;1;0;5
5498;46661;5498;51;1;1;7;6;0;1;2;1;0;3
5499;46662;5499;51;1;1;7;4;0;1;1;1;0;2
5500;46671;5500;81;1;1;7;1;0;0;1;3;0;1
5501;46679;5501;72;1;3;1;6;0;1;1;1;0;2
5502;47223;5502;64;1;1;7;6;0;1;2;1;0;3
5503;47230;5503;64;1;1;7;3;0;1;1;1;0;2
5504;47234;5504;63;1;1;7;4;0;1;1;1;0;2
5505;47251;5505;21;1;1;7;6;0;1;1;1;0;2
5506;47269;5506;41;1;3;1;6;0;1;1;1;0;2
5507;47276;5507;52;3;1;1;0;0;1;1;1;0;2
5508;47277;5508;72;1;1;7;6;0;1;1;1;0;2
5509;47289;5509;72;1;1;7;6;1;0;1;2;0;2
5510;47289;5510;52;3;1;7;6;0;1;1;1;0;2
5511;47297;5511;72;1;1;7;6;0;1;1;1;0;2
5512;47302;5512;73;1;1;7;6;0;1;1;1;0;2
5513;47315;5513;63;1;1;7;4;0;1;1;1;0;2
5514;47317;5514;71;1;1;7;6;0;1;1;1;0;2
5515;47319;5515;72;1;1;7;6;0;1;1;1;0;2
5516;47325;5516;64;1;1;7;5;0;1;1;1;0;2
5517;47342;5517;72;1;1;7;6;0;1;1;1;0;2
5518;47342;5518;72;1;1;7;6;0;1;1;1;0;2
5519;47344;5519;51;1;1;7;6;0;1;1;1;0;2
5520;47344;5520;72;1;1;7;3;0;1;1;1;0;2
5521;47344;5521;72;1;1;7;6;0;1;1;1;0;2
5522;47346;5522;72;1;3;1;6;0;1;1;1;0;2
5523;47346;5523;67;3;1;7;4;0;1;1;1;0;2
5524;47346;5524;72;1;1;7;6;0;1;1;1;0;2
5525;47349;5525;71;1;1;7;6;1;0;1;2;0;2
5526;47349;5526;51;1;1;7;6;0;1;1;1;0;2
5527;47352;5527;72;3;1;7;6;0;1;1;1;0;2
5528;47353;5528;72;1;1;7;6;0;1;1;1;0;2
5529;47353;5529;72;1;1;7;6;1;0;1;2;0;2
5530;47359;5530;63;1;1;7;4;0;1;1;1;0;2
5531;47360;5531;63;1;1;7;4;0;1;1;1;0;2
5532;47362;5532;52;3;1;1;6;0;2;0;1;0;2
5533;47362;5533;71;3;3;2;6;0;1;1;1;0;2
5534;47364;5534;21;3;4;3;0;0;1;1;1;0;2
5535;47368;5535;72;1;1;7;6;0;2;1;1;0;3
5536;47368;5536;35;1;1;7;3;0;1;1;1;0;2
5537;47371;5537;61;1;1;7;3;0;1;2;1;0;3
5538;47373;5538;61;1;1;7;3;1;0;2;2;0;3
5539;47373;5539;51;1;1;7;6;0;1;1;1;0;2
5540;47373;5540;63;1;1;7;5;0;1;1;1;0;2
5541;47374;5541;25;3;1;7;6;1;0;1;2;0;2
5542;47374;5542;71;1;1;7;5;1;0;1;2;0;2
5543;47374;5543;81;1;1;7;2;0;1;1;1;0;2
5544;47374;5544;36;1;1;7;7;1;0;1;2;0;2
5545;47374;5545;71;2;1;5;6;1;0;1;2;0;2
5546;47374;5546;72;1;1;7;6;0;0;2;3;0;2
5547;47374;5547;72;1;3;1;6;0;1;1;1;0;2
5548;47374;5548;61;1;1;7;3;0;1;1;1;0;2
5549;47374;5549;72;3;1;7;6;0;1;1;1;0;2
5550;47375;5550;51;1;1;7;6;0;1;1;1;0;2
5551;47376;5551;51;1;1;7;6;0;1;1;1;0;2
5552;47377;5552;51;1;1;7;6;0;1;2;1;0;3
5553;47377;5553;71;1;1;7;6;0;1;1;1;0;2
5554;47377;5554;64;1;2;1;4;0;1;1;1;0;2
5555;47378;5555;67;1;1;7;4;0;1;2;1;0;3
5556;47384;5556;63;1;1;7;4;0;1;2;1;0;3
5557;47384;5557;25;1;1;7;6;0;1;1;1;0;2
5558;47391;5558;64;1;3;1;6;0;2;0;1;0;2
5559;47397;5559;52;1;1;7;5;1;1;0;2;0;2
5560;47398;5560;71;1;1;7;6;0;1;1;1;0;2
5561;47406;5561;71;1;1;7;6;0;1;1;1;0;2
5562;47416;5562;32;1;1;7;6;0;2;0;1;0;2
5563;47416;5563;51;1;1;7;6;1;1;0;2;0;2
5564;47416;5564;73;1;1;7;6;0;1;1;1;0;2
5565;47418;5565;72;1;1;7;6;0;1;1;1;0;2
5566;47418;5566;72;1;1;7;6;0;1;1;1;0;2
5567;47419;5567;25;1;2;2;6;0;0;1;3;0;1
5568;47419;5568;26;1;1;7;3;0;1;2;1;0;3
5569;47419;5569;72;1;1;7;4;0;2;0;1;0;2
5570;47426;5570;71;1;1;7;6;0;1;1;1;0;2
5571;47444;5571;64;1;1;7;6;0;1;1;1;0;2
5572;47459;5572;71;1;1;7;6;0;1;1;1;0;2
5573;47465;5573;72;1;1;7;6;0;1;1;1;0;2
5574;47468;5574;81;1;1;7;6;0;2;0;1;0;2
5575;47469;5575;63;1;1;7;4;0;1;1;1;0;2
5576;47471;5576;51;1;1;7;7;0;1;1;1;0;2
5577;47472;5577;71;1;2;2;6;0;1;1;1;0;2
5578;47477;5578;52;5;1;7;6;0;1;1;1;0;2
5579;47477;5579;71;5;1;7;6;0;1;1;1;0;2
5580;47478;5580;21;3;1;7;6;0;1;3;1;0;4
5581;47481;5581;52;2;3;1;6;0;1;2;1;0;3
5582;47482;5582;72;1;1;7;6;0;1;1;1;0;2
5583;47487;5583;81;1;3;1;6;0;1;1;1;0;2
5584;47489;5584;21;1;1;7;6;0;2;1;1;0;3
5585;47490;5585;72;3;3;2;6;0;1;1;1;0;2
5586;47490;5586;71;1;1;7;6;0;1;1;1;0;2
5587;47490;5587;35;1;1;7;3;0;1;1;1;0;2
5588;47490;5588;52;1;1;7;6;0;2;2;1;0;4
5589;47495;5589;71;2;2;2;6;0;1;1;1;0;2
5590;47500;5590;99;3;1;1;0;0;1;1;1;0;2
5591;47502;5591;81;3;3;2;6;0;1;2;1;0;3
5592;47504;5592;51;1;1;7;3;0;1;1;1;0;2
5593;47505;5593;21;1;1;7;4;1;0;3;2;0;4
5594;47507;5594;72;1;1;7;6;0;1;1;1;0;2
5595;47513;5595;41;1;1;7;6;1;0;1;2;0;2
5596;47516;5596;72;3;1;7;6;0;1;1;1;0;2
5597;47516;5597;72;1;2;1;6;0;1;1;1;0;2
5598;47520;5598;52;3;1;7;0;0;2;0;1;0;2
5599;47523;5599;81;1;1;7;6;1;0;0;2;0;1
5600;47524;5600;21;3;1;1;6;0;1;1;1;0;2
5601;47524;5601;25;1;1;7;6;1;0;0;2;0;1
5602;47524;5602;21;1;1;1;6;1;0;1;2;0;2
5603;47524;5603;72;2;1;7;6;0;1;2;1;0;3
5604;47524;5604;25;3;1;7;6;1;0;1;2;0;2
5605;47526;5605;21;3;1;7;6;0;2;0;1;0;2
5606;47526;5606;52;3;3;2;0;0;1;0;1;0;1
5607;47526;5607;21;2;1;7;4;1;0;1;2;0;2
5608;47526;5608;51;3;3;1;6;0;1;1;1;0;2
5609;47527;5609;51;1;1;7;6;0;1;1;1;0;2
5610;47529;5610;35;1;3;1;6;0;1;1;1;0;2
5611;47531;5611;28;3;1;7;0;1;0;0;2;0;1
5612;47531;5612;51;1;2;1;6;0;1;1;1;0;2
5613;47531;5613;52;1;1;7;0;0;3;0;1;0;3
5614;47532;5614;51;3;1;7;6;1;3;2;2;0;6
5615;47533;5615;53;2;1;7;0;0;1;1;1;0;2
5616;47533;5616;52;1;3;2;6;0;0;1;3;0;1
5617;47533;5617;81;3;1;7;6;0;2;0;1;0;2
5618;47533;5618;81;3;2;2;0;0;0;0;3;0;0
5619;47533;5619;51;3;1;7;0;0;1;0;1;0;1
5620;47533;5620;52;1;1;7;0;0;1;0;1;0;1
5621;47533;5621;22;1;1;7;6;2;0;0;2;0;2
5622;47533;5622;52;3;1;7;0;2;0;0;2;0;2
5623;47533;5623;81;3;4;2;6;1;0;1;2;0;2
5624;47533;5624;52;3;1;7;0;0;1;1;1;0;2
5625;47533;5625;52;3;1;7;0;0;1;0;1;0;1
5626;47533;5626;52;1;1;7;0;0;1;0;1;0;1
5627;47533;5627;81;3;3;1;0;0;1;0;1;0;1
5628;47533;5628;51;1;3;1;6;0;1;1;1;0;2
5629;47533;5629;51;1;1;7;6;0;2;0;1;0;2
5630;47533;5630;52;2;1;7;0;0;1;0;1;0;1
5631;47533;5631;51;1;1;2;6;0;2;1;1;0;3
5632;47533;5632;52;2;1;2;0;0;1;0;1;0;1
5633;47533;5633;51;1;1;7;6;0;1;2;1;0;3
5634;47534;5634;52;1;3;2;0;0;1;0;1;0;1
5635;47534;5635;52;3;1;7;6;0;4;0;1;0;4
5636;47534;5636;52;4;1;7;0;2;0;0;3;0;2
5637;47534;5637;51;1;1;7;0;0;1;0;1;0;1
5638;47534;5638;41;1;1;7;6;1;0;0;3;0;1
5639;47534;5639;51;1;1;7;6;0;2;1;1;0;3
5640;47534;5640;51;1;2;2;6;1;0;4;2;0;5
5641;47534;5641;52;3;1;7;0;0;1;0;1;0;1
5642;47534;5642;52;1;1;1;0;0;2;0;1;0;2
5643;47534;5643;51;3;3;1;6;0;2;3;1;0;5
5644;47534;5644;52;1;3;1;6;0;1;1;1;0;2
5645;47534;5645;81;1;1;7;0;1;0;0;2;0;1
5646;47534;5646;52;5;7;1;0;0;1;0;3;0;1
5647;47534;5647;52;3;3;1;0;0;0;1;0;0;1
5648;47534;5648;51;3;3;1;6;0;1;5;1;0;6
5649;47534;772;73;1;1;1;6;1;0;1;2;0;2
5650;47534;5650;51;1;3;1;6;0;3;0;1;0;3
5651;47534;5651;51;1;3;2;6;0;2;1;1;0;3
5652;47534;5652;81;1;2;1;2;0;1;1;1;0;2
5653;47537;5653;25;3;1;7;6;0;1;2;1;0;3
5654;47537;5654;64;1;1;7;5;0;1;1;1;0;2
5655;47537;5655;51;1;1;7;6;0;1;1;1;0;2
5656;47538;5656;61;1;1;1;3;0;1;1;1;0;2
5657;47538;5657;61;1;1;7;3;0;1;1;1;0;2
5658;47538;5658;61;1;1;7;3;0;1;1;1;0;2
5659;47538;5659;71;1;1;2;1;0;2;1;1;0;3
5660;47539;5660;28;3;1;7;0;0;1;0;1;0;1
5661;47541;5661;52;1;1;7;0;0;1;1;1;0;2
5662;47541;5662;72;1;1;7;6;1;0;1;2;0;2
5663;47542;5663;72;2;6;1;6;0;1;1;1;0;2
5664;47544;5664;81;1;1;7;0;0;1;0;1;0;1
5665;47549;5665;63;1;1;7;4;0;1;1;1;0;2
5666;47551;5666;64;1;3;2;6;1;1;1;2;0;3
5667;47559;5667;72;1;1;7;6;0;1;1;1;0;2
5668;47562;5668;99;1;1;7;0;0;1;0;1;0;1
5669;47562;5669;26;1;1;7;2;0;1;0;1;0;1
5670;47562;5670;26;1;1;7;2;0;1;1;1;0;2
5671;47562;5671;71;1;1;7;6;1;0;1;2;0;2
5672;47564;5672;63;1;3;2;4;0;1;1;1;0;2
5673;47564;5673;63;1;1;7;4;1;0;1;2;0;2
5674;47565;5674;71;1;1;7;6;0;1;1;1;0;2
5675;47569;5675;64;1;1;7;6;0;1;2;1;0;3
5676;47599;5676;71;2;1;1;6;1;0;1;2;0;2
5677;47601;5677;64;1;1;7;6;0;1;1;1;0;2
5678;47603;5678;72;1;1;7;6;1;0;1;2;0;2
5679;47608;5679;52;1;3;1;0;0;2;0;1;0;2
5680;47608;5680;81;3;1;7;0;1;0;0;3;0;1
5681;47609;5681;82;1;1;7;0;0;1;0;1;0;1
5682;47609;5682;51;1;1;7;6;0;2;1;1;0;3
5683;47612;5683;72;1;1;7;6;0;1;1;1;0;2
5684;47613;5684;52;3;3;2;6;0;4;3;1;0;7
5685;47614;5685;52;1;1;1;0;0;1;0;1;0;1
5686;47614;5686;35;1;2;1;6;0;1;1;1;0;2
5687;47614;5687;52;1;4;4;0;0;1;0;1;0;1
5688;47618;5688;81;3;1;7;6;0;5;0;1;0;5
5689;47618;5689;51;3;3;1;6;0;2;0;1;0;2
5690;47618;5690;52;1;1;7;0;0;1;1;1;0;2
5691;47618;5691;41;3;1;7;6;0;2;1;1;0;3
5692;47618;5692;52;1;1;7;0;0;1;0;1;0;1
5693;47619;5693;52;3;1;7;0;0;1;0;1;0;1
5694;47619;5694;51;1;3;1;6;0;1;2;1;0;3
5695;47619;5695;51;2;1;7;6;0;2;2;1;0;4
5696;47619;5696;18;1;1;7;6;0;1;2;1;0;3
5697;47619;5697;51;2;1;4;6;0;1;1;1;0;2
5698;47620;5698;51;3;3;2;0;0;2;0;1;0;2
5699;47620;5699;52;1;1;7;5;0;1;1;1;0;2
5700;47620;5700;81;3;1;7;0;1;0;0;2;0;1
5701;47621;5701;82;3;1;7;0;0;0;0;3;0;0
5702;47625;5702;72;3;1;7;9;0;0;1;3;0;1
5703;47625;5703;52;1;1;7;0;0;1;0;1;0;1
5704;47626;5704;72;1;1;7;9;1;0;1;2;0;2
5705;47628;5705;71;1;3;2;9;1;0;1;2;0;2
5706;47628;5706;74;1;1;7;9;0;1;1;1;0;2
5707;47628;5707;75;1;2;2;9;1;0;2;2;0;3
5708;47629;5708;71;3;1;7;9;0;0;1;3;0;1
5709;47629;5709;81;3;1;7;0;0;1;0;1;0;1
5710;47631;5710;72;1;1;7;6;0;1;1;1;0;2
5711;47631;5711;73;4;1;7;9;1;0;1;2;0;2
5712;47632;5712;36;1;1;1;6;0;1;1;1;0;2
5713;47632;5713;52;1;1;7;0;0;0;0;3;0;0
5714;47632;5714;72;1;1;7;5;0;1;1;1;0;2
5715;47632;5715;72;1;1;7;6;0;1;1;1;0;2
5716;47633;5716;51;1;3;1;6;0;1;1;1;0;2
5717;47633;5717;61;1;1;7;3;0;1;1;1;0;2
5718;47634;5718;52;2;3;2;6;0;1;1;1;0;2
5719;47636;5719;21;3;1;7;4;2;0;0;2;0;2
5720;47638;5720;51;1;3;2;6;1;3;1;2;0;5
5721;47638;5721;51;2;1;7;6;0;1;4;1;0;5
5722;47638;5722;41;3;1;7;6;0;1;1;1;0;2
5723;47638;5723;51;1;1;7;6;0;1;4;1;0;5
5724;47639;5724;72;3;3;1;6;0;1;1;1;0;2
5725;47639;5725;52;3;6;2;0;1;2;0;2;0;3
5726;47639;5726;52;3;1;7;0;0;1;0;1;0;1
5727;47639;5727;51;1;4;2;6;1;0;2;2;0;3
5728;47640;5728;52;3;1;7;0;0;1;0;1;0;1
5729;47640;5729;52;1;1;7;0;0;2;0;1;0;2
5730;47640;5730;51;3;1;7;0;0;1;0;1;0;1
5731;47640;5731;52;1;1;7;0;0;1;0;1;0;1
5732;47640;5732;52;3;3;2;0;0;1;1;1;0;2
5733;47640;5733;81;1;1;7;0;0;1;0;1;0;1
5734;47640;5734;52;1;1;7;0;0;0;0;3;0;0
5735;47641;5735;51;1;1;7;6;0;2;2;1;0;4
5736;47641;5736;51;1;1;7;6;1;0;3;2;0;4
5737;47641;5737;51;1;1;7;6;1;0;2;2;0;3
5738;47641;5738;51;2;1;7;6;0;3;1;1;0;4
5739;47641;5739;51;3;3;1;7;1;0;1;2;0;2
5740;47641;5740;52;3;1;7;0;0;1;1;1;0;2
5741;47641;5741;51;3;1;7;7;0;1;1;1;0;2
5742;47641;5742;51;3;1;7;6;0;1;2;1;0;3
5743;47641;5743;52;3;1;7;0;0;1;0;1;0;1
5744;47643;5744;52;1;2;2;0;0;0;0;3;0;0
5745;47643;5745;51;1;2;2;6;0;2;1;1;0;3
5746;47643;5746;52;1;1;2;0;0;1;0;1;0;1
5747;47643;5747;81;1;1;7;0;0;1;0;1;0;1
5748;47645;5748;72;1;1;7;6;1;0;1;2;0;2
5749;47658;5749;63;1;1;7;3;0;1;1;1;0;2
5750;47662;5750;81;1;1;7;0;0;0;0;3;0;0
5751;47684;5751;16;1;1;7;4;0;1;1;1;0;2
5752;47684;5752;71;3;3;2;5;0;2;0;1;0;2
5753;47697;5753;61;1;1;2;4;0;1;1;1;0;2
5754;47697;5754;71;1;1;7;6;0;1;1;1;0;2
5755;47697;5755;64;3;1;7;4;0;1;1;1;0;2
5756;47697;5756;24;3;1;7;4;1;0;1;2;0;2
5757;47701;5757;81;1;1;7;2;1;0;1;2;0;2
5758;47701;5758;26;1;1;7;1;0;1;1;1;0;2
5759;47704;5759;72;1;1;7;6;0;1;1;1;0;2
5760;47705;5760;64;1;1;7;4;1;0;1;2;0;2
5761;47709;5761;72;1;1;7;6;0;1;1;1;0;2
5762;47710;5762;71;1;4;2;6;0;1;1;1;0;2
5763;47710;5763;72;1;1;7;6;0;1;1;1;0;2
5764;47713;5764;52;1;1;7;7;1;0;1;2;0;2
5765;47713;5765;64;1;1;1;4;0;1;1;1;0;2
5766;47715;5766;63;1;1;7;6;0;1;2;1;0;3
5767;48280;5767;21;2;1;7;6;0;2;0;1;0;2
5768;48297;5768;41;1;1;7;6;1;0;1;2;0;2
5769;48299;5769;81;3;7;1;6;0;1;0;1;0;1
5770;48303;5770;72;4;1;1;6;0;1;1;1;0;2
5771;48303;5771;72;3;3;1;6;0;1;1;1;0;2
5772;48305;5772;36;1;4;4;6;3;2;0;3;0;5
5773;48311;5773;23;1;3;1;6;0;2;0;1;0;2
5774;48312;5774;52;1;1;7;0;2;3;0;2;0;5
5775;48312;5775;52;3;1;7;0;1;0;0;2;0;1
5776;48313;5776;35;1;1;7;4;0;1;1;1;0;2
5777;48313;5777;21;3;3;2;6;0;1;1;1;0;2
5778;48331;5778;64;1;1;7;6;1;0;1;2;0;2
5779;48336;5779;36;1;1;7;6;0;1;1;1;0;2
5780;48363;5780;72;1;1;7;6;0;1;1;1;0;2
5781;48367;5781;72;1;1;7;6;0;1;1;1;0;2
5782;48387;5782;67;1;1;7;4;0;1;1;1;0;2
5783;48387;5783;67;1;1;7;6;0;2;1;1;0;3
5784;48389;5784;21;1;1;7;5;0;1;0;1;0;1
5785;48393;5785;72;1;1;7;6;0;2;0;1;0;2
5786;48394;5786;23;1;1;7;4;0;1;1;1;0;2
5787;48394;5787;71;1;1;1;6;0;1;1;1;0;2
5788;48394;5788;67;1;1;1;6;0;1;1;1;0;2
5789;48435;5789;14;1;1;7;3;0;2;1;1;0;3
5790;48436;5790;72;1;1;7;6;0;1;1;1;0;2
5791;48436;5791;72;1;1;7;3;0;1;1;1;0;2
5792;48437;5792;72;1;1;7;6;0;1;1;1;0;2
5793;48437;5793;73;1;1;7;6;0;1;1;1;0;2
5794;48470;5794;51;1;1;7;6;0;1;1;1;0;2
5795;48483;5795;53;1;6;2;2;0;1;0;1;0;1
5796;48489;5796;52;1;1;7;6;0;1;1;1;0;2
5797;48490;5797;51;1;1;1;6;0;4;1;1;0;5
5798;48505;5798;71;1;1;7;6;0;1;1;1;0;2
5799;48508;5799;26;1;1;7;2;0;1;1;1;0;2
5800;48514;5800;23;1;2;2;6;0;1;1;1;0;2
5801;48514;5801;25;3;1;7;6;0;1;0;1;0;1
5802;48516;5802;52;1;1;7;2;1;0;1;2;0;2
5803;48516;5803;26;5;1;7;1;0;1;1;1;0;2
5804;48519;5804;72;3;2;1;6;1;1;0;2;0;2
5805;48531;5805;53;3;1;7;6;0;1;1;1;0;2
5806;48539;5806;64;1;2;2;4;0;1;1;1;0;2
5807;48539;5807;63;1;1;7;4;1;0;1;2;0;2
5808;48558;5808;26;2;3;2;1;1;0;1;2;0;2
5809;48558;5809;72;1;1;7;6;0;1;1;1;0;2
5810;48569;5810;85;3;1;7;6;0;1;1;1;0;2
5811;48569;5811;52;1;1;7;6;0;3;0;1;0;3
5812;48569;5812;81;3;1;7;2;1;0;1;2;0;2
5813;48569;5813;52;3;1;2;0;0;1;0;1;0;1
5814;48571;5814;72;1;1;2;6;1;0;1;2;0;2
5815;48571;5815;25;2;1;7;6;0;1;0;1;0;1