accident_id;lieu_id;date_id;cause_id;lum_id;intemp_id;etat_surface_id;impliq_id;nb_blesses_graves;nb_blesses_legers;nb_indemnes;gravite;nb_morts;nb_impliqués
5816;48572;5816;64;3;1;7;6;0;1;1;1;0;2
5817;48580;5817;52;3;3;1;0;1;0;0;2;0;1
5818;48580;5818;52;3;1;7;0;1;0;0;2;0;1
5819;48580;5819;52;1;3;2;0;1;0;0;2;0;1
5820;48580;5820;52;3;1;2;0;0;2;0;1;0;2
5821;48581;5821;51;1;1;7;6;0;1;1;1;0;2
5822;48581;5822;52;3;1;1;0;0;3;2;1;0;5
5823;48582;5823;23;1;3;1;6;0;2;1;1;0;3
5824;48582;5824;52;1;1;7;0;1;0;0;2;0;1
5825;48582;5825;52;1;1;7;0;0;1;0;1;0;1
5826;48582;5826;99;3;1;7;4;0;2;0;1;0;2
5827;48582;5827;52;1;3;1;6;0;4;1;1;0;5
5828;48582;5828;51;3;1;1;6;0;2;5;1;0;7
5829;48582;5829;28;5;1;7;9;1;0;0;2;0;1
5830;48591;5830;72;1;3;1;6;0;1;1;1;0;2
5831;48591;5831;72;1;1;7;6;0;1;1;1;0;2
5832;48592;5832;72;1;1;7;6;0;1;1;1;0;2
5833;48593;5833;51;1;1;7;6;0;1;1;1;0;2
5834;48594;5834;31;1;1;7;6;0;1;1;1;0;2
5835;48594;5835;67;1;1;7;6;1;0;1;2;0;2
5836;48595;5836;67;3;1;7;6;1;3;0;2;0;4
5837;48595;5837;72;1;1;7;6;1;0;1;2;0;2
5838;48595;5838;51;1;1;7;6;0;1;1;1;0;2
5839;48595;5839;52;2;1;7;6;0;1;0;1;0;1
5840;48595;5840;51;2;2;2;6;0;1;1;1;0;2
5841;48595;5841;63;1;1;7;6;0;1;1;1;0;2
5842;48596;5842;72;2;1;7;6;0;1;1;1;0;2
5843;48596;5843;51;1;1;7;6;0;1;1;1;0;2
5844;48596;5844;26;3;1;1;2;0;1;1;1;0;2
5845;48596;5845;71;1;3;1;6;0;1;1;1;0;2
5846;48597;5846;52;1;1;7;6;0;1;1;1;0;2
5847;48598;5847;53;1;1;7;6;0;1;1;1;0;2
5848;48599;5848;52;1;1;7;6;0;1;0;3;0;1
5849;48599;5849;28;1;1;7;9;0;2;0;1;0;2
5850;48607;5850;11;3;3;2;6;0;1;1;1;0;2
5851;48619;5851;72;1;1;7;6;0;1;1;1;0;2
5852;48619;5852;72;1;1;7;6;0;1;1;1;0;2
5853;48623;5853;26;1;1;7;2;0;1;1;1;0;2
5854;48628;5854;18;2;3;1;6;0;1;1;1;0;2
5855;48628;5855;14;3;1;7;6;0;1;1;1;0;2
5856;48629;5856;52;1;1;7;0;1;2;0;2;0;3
5857;48629;5857;51;1;3;2;3;0;1;1;1;0;2
5858;48629;5858;72;1;1;7;4;0;2;0;1;0;2
5859;48629;5859;52;3;3;2;0;1;0;0;3;0;1
5860;48629;5860;72;1;1;7;6;0;1;1;1;0;2
5861;48629;5861;22;1;3;1;5;0;3;0;1;0;3
5862;48629;5862;26;1;1;7;5;0;1;1;1;0;2
5863;48630;5863;52;3;1;7;0;0;1;0;1;0;1
5864;48630;5864;26;2;1;7;1;0;1;1;1;0;2
5865;48630;5865;23;1;3;2;6;0;2;3;1;0;5
5866;48633;5866;72;1;3;2;6;0;1;1;1;0;2
5867;48633;5867;35;2;1;7;4;0;1;2;1;0;3
5868;48633;5868;71;1;2;1;6;0;1;1;1;0;2
5869;48633;5869;51;1;3;2;6;0;1;1;1;0;2
5870;48634;5870;71;1;1;7;6;0;1;1;1;0;2
5871;48634;5871;26;1;3;1;1;0;1;1;1;0;2
5872;48634;5872;36;1;1;7;3;0;1;1;1;0;2
5873;48634;5873;26;3;2;2;2;0;1;1;1;0;2
5874;48635;5874;72;3;1;7;6;0;1;1;1;0;2
5875;48635;5875;26;1;1;7;2;0;2;1;1;0;3
5876;48636;5876;72;2;1;7;6;1;0;1;2;0;2
5877;48636;5877;64;1;1;7;6;0;3;0;1;0;3
5878;48636;5878;35;3;1;7;6;0;1;1;1;0;2
5879;48636;5879;64;1;1;7;6;0;1;1;1;0;2
5880;48636;5880;67;1;1;7;4;0;1;1;1;0;2
5881;48640;5881;21;1;1;7;6;0;1;1;1;0;2
5882;48667;5882;53;1;1;7;6;0;2;1;1;0;3
5883;48669;5883;52;1;4;2;7;1;0;1;2;0;2
5884;48670;5884;51;1;1;1;6;0;1;2;1;0;3
5885;48680;5885;21;3;3;1;6;0;1;0;1;0;1
5886;48688;5886;72;1;1;7;4;0;2;0;1;0;2
5887;48688;5887;72;1;1;7;6;0;1;1;1;0;2
5888;48688;5888;53;3;1;7;6;0;1;1;1;0;2
5889;48698;5889;52;1;1;7;6;0;1;1;1;0;2
5890;48708;5890;72;1;1;7;2;1;0;2;2;0;3
5891;48719;5891;72;1;1;7;6;1;0;1;2;0;2
5892;48719;5892;72;1;1;7;6;0;1;1;1;0;2
5893;48753;5893;26;3;1;7;1;0;1;1;1;0;2
5894;48755;5894;52;1;1;7;6;0;2;2;1;0;4
5895;48755;5895;51;1;1;7;6;0;1;3;1;0;4
5896;48790;5896;71;1;1;7;4;0;1;1;1;0;2
5897;48790;5897;52;3;1;7;0;0;3;0;1;0;3
5898;48794;5898;21;3;3;2;6;0;1;1;1;0;2
5899;48797;5899;72;3;1;7;6;0;1;1;1;0;2
5900;48797;5900;22;1;1;7;3;0;1;1;1;0;2
5901;48837;5901;21;1;1;1;6;0;1;1;1;0;2
5902;48837;5902;23;1;3;2;6;1;2;0;2;0;3
5903;48838;5903;72;3;1;1;6;1;0;1;2;0;2
5904;48838;5904;52;2;2;2;6;0;2;1;1;0;3
5905;48838;908;52;1;3;1;6;3;3;0;2;0;6
5906;48839;5906;76;1;1;1;6;0;1;1;1;0;2
5907;48839;5907;52;1;1;7;6;4;0;0;2;0;4
5908;48839;5908;81;3;2;1;6;0;1;0;1;0;1
5909;48839;5909;27;1;1;7;9;0;1;0;1;0;1
5910;48839;5910;72;1;1;2;6;0;1;1;1;0;2
5911;48840;5911;21;1;3;2;6;0;1;2;1;0;3
5912;48840;5912;21;2;3;2;6;0;1;0;1;0;1
5913;48842;5913;23;1;1;7;6;0;1;1;1;0;2
5914;48842;5914;26;1;1;7;1;0;1;1;1;0;2
5915;48842;5915;26;1;3;1;2;0;1;1;1;0;2
5916;48842;5916;71;1;1;7;6;1;0;1;2;0;2
5917;48842;5917;52;5;3;2;6;0;1;3;1;0;4
5918;48843;5918;51;1;1;7;6;0;1;2;1;0;3
5919;48844;5919;72;1;6;1;6;0;1;1;1;0;2
5920;48846;5920;16;1;1;7;4;0;1;1;1;0;2
5921;48846;5921;71;1;1;7;6;0;1;1;1;0;2
5922;48846;5922;72;1;1;7;6;0;1;1;1;0;2
5923;48847;5923;25;3;1;7;6;0;2;3;1;0;5
5924;48847;5924;52;1;1;7;6;0;1;0;1;0;1
5925;48847;5925;25;3;1;7;6;0;1;1;1;0;2
5926;48848;5926;51;1;1;7;3;0;1;1;1;0;2
5927;48851;5927;25;1;1;7;8;0;1;1;1;0;2
5928;48851;5928;13;1;1;7;3;1;0;1;2;0;2
5929;48851;5929;51;1;1;7;8;0;2;1;1;0;3
5930;48851;5930;51;1;1;7;6;0;2;1;1;0;3
5931;48852;5931;72;3;1;7;4;0;1;1;1;0;2
5932;48861;5932;36;3;1;7;6;4;2;0;3;1;7
5933;48861;5933;51;3;1;1;6;2;3;1;2;0;6
5934;48861;5934;51;3;1;7;6;0;1;2;1;0;3
5935;48861;5935;51;1;1;7;6;0;2;2;1;0;4
5936;48862;5936;52;1;1;7;6;1;1;2;2;0;4
5937;48862;5937;52;1;4;3;6;0;2;0;1;0;2
5938;48862;5938;51;1;1;7;6;0;1;2;1;0;3
5939;48862;5939;52;1;2;2;0;0;0;0;3;0;0
5940;48862;5940;52;3;1;7;0;0;0;0;3;0;0
5941;48862;5941;52;3;1;1;0;1;0;0;2;0;1
5942;48862;5942;21;3;1;7;4;0;1;1;1;0;2
5943;48862;5943;52;1;1;7;2;1;0;1;2;0;2
5944;48862;5944;52;3;1;7;0;0;1;0;1;0;1
5945;48862;5945;81;3;3;1;0;1;0;0;2;0;1
5946;48862;5946;81;3;3;1;6;2;0;0;2;0;2
5947;48862;5947;51;3;3;1;6;1;0;0;2;0;1
5948;48862;5948;21;3;1;7;4;1;1;0;2;0;2
5949;48862;5949;52;3;1;7;0;0;0;0;3;0;0
5950;48862;5950;36;1;1;7;3;0;3;0;1;0;3
5951;48862;5951;52;1;1;7;0;0;1;0;1;0;1
5952;48865;5952;21;1;1;7;3;0;1;1;1;0;2
5953;48865;5953;51;3;1;7;6;0;1;1;1;0;2
5954;48865;5954;21;3;1;7;6;0;2;0;1;0;2
5955;48919;5955;52;3;1;7;0;0;1;0;1;0;1
5956;48919;5956;28;1;1;7;0;0;1;0;1;0;1
5957;48919;5957;81;1;1;7;6;0;3;0;1;0;3
5958;48919;5958;52;3;3;1;0;1;0;2;2;0;3
5959;48919;5959;35;1;1;7;3;1;0;0;2;0;1
5960;48920;5960;20;1;3;2;2;1;0;1;2;0;2
5961;48921;5961;26;4;1;7;2;1;0;1;2;0;2
5962;48921;5962;72;3;3;2;6;0;1;1;1;0;2
5963;48922;5963;71;3;1;7;6;1;0;1;2;0;2
5964;48922;5964;71;1;3;1;6;0;1;1;1;0;2
5965;48922;5965;76;1;1;7;2;1;0;1;2;0;2
5966;48926;5966;71;1;1;7;6;0;1;1;1;0;2
5967;48927;5967;67;3;1;7;4;0;1;1;1;0;2
5968;48929;5968;71;1;1;7;6;0;1;1;1;0;2
5969;48930;5969;34;1;1;7;6;0;1;1;1;0;2
5970;48930;5970;61;1;1;7;4;0;1;1;1;0;2
5971;48931;5971;51;3;1;7;6;0;2;2;1;0;4
5972;48931;5972;52;1;1;7;2;1;0;1;2;0;2
5973;48932;5973;23;1;1;1;6;0;2;1;1;0;3
5974;48932;5974;16;1;1;7;6;0;1;1;1;0;2
5975;48932;5975;71;1;1;7;6;0;1;1;1;0;2
5976;48933;5976;64;1;1;7;7;1;0;1;2;0;2
5977;48933;5977;52;1;3;2;0;0;0;0;3;0;0
5978;48933;5978;21;1;3;2;7;1;0;1;2;0;2
5979;48933;5979;17;1;1;1;2;1;0;1;2;0;2
5980;48933;5980;51;2;3;2;3;0;0;2;3;0;2
5981;48933;5981;26;1;1;7;2;0;1;1;1;0;2
5982;48933;5982;81;3;3;2;6;0;1;1;1;0;2
5983;48933;5983;52;1;1;1;0;0;1;0;1;0;1
5984;48933;5984;81;3;3;1;2;1;0;1;2;0;2
5985;48933;5985;23;3;4;3;6;0;1;0;1;0;1
5986;48933;5986;52;3;1;7;6;1;0;1;2;0;2
5987;48933;5987;52;3;6;1;0;2;0;0;2;0;2
5988;48933;5988;72;3;1;7;5;1;1;0;2;0;2
5989;48965;5989;26;1;1;7;2;0;1;1;1;0;2
5990;48966;5990;52;1;2;1;6;0;1;1;1;0;2
5991;48976;5991;64;1;1;7;6;0;1;1;1;0;2
5992;48978;5992;72;1;1;7;6;0;1;1;1;0;2
5993;49021;5993;25;1;1;7;6;0;1;1;1;0;2
5994;49028;5994;81;3;1;7;6;0;1;1;1;0;2
5995;49033;5995;21;1;1;7;6;0;2;0;1;0;2
5996;49040;5996;51;2;1;7;6;0;1;3;1;0;4
5997;49045;5997;71;3;1;7;6;0;1;1;1;0;2
5998;49048;5998;20;1;1;7;6;0;1;1;1;0;2
5999;49051;5999;82;1;1;7;6;0;2;0;1;0;2
6000;49056;6000;81;3;3;1;6;0;1;1;1;0;2
6001;49061;6001;25;3;3;2;6;0;2;0;1;0;2
6002;49061;6002;76;1;1;7;6;1;0;1;2;0;2
6003;49061;6003;71;1;3;1;6;0;1;1;1;0;2
6004;49063;6004;41;1;1;7;6;0;2;0;1;0;2
6005;49063;6005;52;3;1;1;0;0;1;0;1;0;1
6006;49063;6006;52;3;1;7;0;0;0;0;3;0;0
6007;49063;6007;51;1;1;7;6;0;3;3;1;0;6
6008;49063;6008;51;3;2;2;6;0;2;1;1;0;3
6009;49063;6009;51;1;1;7;6;0;2;3;1;0;5
6010;49063;6010;52;3;1;7;0;0;2;0;1;0;2
6011;49063;6011;22;1;3;2;6;0;1;0;1;0;1
6012;49063;6012;81;3;3;1;6;0;1;1;1;0;2
6013;49063;6013;52;1;3;1;0;0;1;0;1;0;1
6014;49063;6014;81;1;2;1;6;0;1;0;1;0;1
6015;49063;6015;51;1;4;2;6;0;1;2;1;0;3
6016;49063;6016;81;3;1;7;0;1;1;0;2;0;2
6017;49064;6017;52;1;1;1;0;0;0;0;3;0;0
6018;49065;6018;52;3;3;2;0;0;2;0;1;0;2
6019;49065;6019;81;3;1;7;6;0;1;0;1;0;1
6020;49066;6020;52;3;2;2;0;0;3;0;1;0;3
6021;49066;6021;51;3;7;2;6;0;2;0;1;0;2
6022;49066;6022;81;3;1;7;6;2;0;0;2;0;2
6023;49066;6023;51;1;1;1;6;0;1;2;1;0;3
6024;49066;6024;52;3;1;7;0;0;1;0;1;0;1
6025;49066;6025;51;3;1;7;6;0;1;4;1;0;5
6026;49067;6026;53;3;1;7;0;1;1;0;2;0;2
6027;49067;6027;51;1;1;7;6;1;0;2;2;0;3
6028;49067;6028;71;3;6;1;6;0;0;1;3;0;1
6029;49067;6029;52;3;1;4;0;1;1;0;3;0;2
6030;49067;6030;51;1;1;7;6;0;1;1;1;0;2
6031;49067;6031;51;1;1;7;6;1;0;1;2;0;2
6032;49067;6032;52;3;1;1;0;2;1;0;2;0;3
6033;49067;6033;51;1;1;7;6;0;1;2;1;0;3
6034;49067;6034;52;3;1;7;0;1;0;0;2;0;1
6035;49067;6035;51;3;1;7;6;0;1;0;1;0;1
6036;49067;6036;52;3;1;1;0;1;0;0;2;0;1
6037;49067;6037;51;1;1;7;6;1;0;1;2;0;2
6038;49067;6038;52;3;1;7;0;0;1;0;1;0;1
6039;49067;6039;73;1;1;7;6;1;0;5;2;0;6
6040;49067;6040;51;1;3;1;7;0;1;1;1;0;2
6041;49067;6041;52;1;7;2;6;0;1;5;1;0;6
6042;49067;6042;51;1;3;2;6;2;0;0;2;0;2
6043;49067;6043;51;1;1;7;6;0;1;3;1;0;4
6044;49067;6044;51;1;3;1;6;0;1;0;1;0;1
6045;49067;6045;21;1;1;7;3;0;1;0;1;0;1
6046;49067;6046;81;3;1;4;6;0;2;0;1;0;2
6047;49067;6047;52;3;1;7;0;0;1;0;1;0;1
6048;49067;6048;52;3;1;7;0;0;1;0;1;0;1
6049;49067;6049;51;1;1;7;6;0;3;0;1;0;3
6050;49067;6050;52;3;1;7;0;0;1;0;1;0;1
6051;49067;6051;51;2;1;7;6;0;2;1;1;0;3
6052;49067;6052;51;3;3;2;6;0;1;1;1;0;2
6053;49068;6053;52;3;1;4;0;0;1;0;1;0;1
6054;49068;6054;51;2;2;1;6;0;1;3;1;0;4
6055;49069;6055;25;3;1;7;6;0;1;1;1;0;2
6056;49069;6056;52;3;3;1;0;0;1;0;1;0;1
6057;49070;6057;52;1;1;7;0;1;0;0;2;0;1
6058;49071;6058;52;3;1;7;0;0;1;0;1;0;1
6059;49071;6059;52;1;1;1;6;0;1;1;1;0;2
6060;49071;6060;81;1;4;2;6;0;2;0;1;0;2
6061;49079;6061;52;3;1;7;0;0;1;0;1;0;1
6062;49079;6062;51;1;1;7;6;0;1;1;1;0;2
6063;49079;6063;72;1;1;7;6;0;1;1;1;0;2
6064;49081;6064;25;1;1;2;6;0;1;2;1;0;3
6065;49100;6065;36;1;1;7;6;0;1;0;1;0;1
6066;49122;658;20;3;1;7;2;0;1;0;1;0;1
6067;49122;6067;72;1;1;7;6;0;1;1;1;0;2
6068;49128;6068;25;1;3;2;7;1;0;0;2;0;1
6069;49128;6069;52;1;1;7;7;1;0;2;2;0;3
6070;49128;6070;51;1;1;7;6;0;1;1;1;0;2
6071;49129;6071;52;5;1;7;0;0;0;0;3;0;0
6072;49156;6072;71;1;1;7;6;0;1;1;1;0;2
6073;49163;6073;51;1;1;7;6;0;1;1;3;0;2
6074;49193;6074;82;1;3;1;7;0;1;1;1;0;2
6075;49198;6075;51;1;1;7;7;0;1;1;1;0;2
6076;49200;6076;64;1;1;7;6;1;0;1;2;0;2
6077;49205;6077;52;1;3;1;9;1;0;0;2;0;1
6078;49205;6078;25;3;1;7;7;0;1;1;1;0;2
6079;49206;6079;61;1;1;7;3;0;1;1;1;0;2
6080;49207;6080;81;5;1;7;7;0;1;1;1;0;2
6081;49209;6081;81;2;1;7;9;1;0;0;2;0;1
6082;49217;6082;52;3;1;7;0;4;0;0;3;0;4
6083;49217;6083;52;3;1;7;0;1;1;0;2;0;2
6084;49218;6084;52;3;1;7;0;1;0;0;2;0;1
6085;49218;6085;41;3;1;7;6;0;1;0;1;0;1
6086;49220;6086;52;1;3;2;0;0;1;0;1;0;1
6087;49222;6087;22;3;1;7;6;0;1;1;1;0;2
6088;49225;6088;52;3;1;7;0;0;1;0;1;0;1
6089;49225;6089;28;3;3;2;9;0;1;1;1;0;2
6090;49226;6090;52;3;1;7;6;3;0;0;2;0;3
6091;49226;6091;52;3;3;2;0;2;0;0;2;0;2
6092;49238;6092;51;1;1;7;6;0;1;2;1;0;3
6093;49240;6093;21;3;1;2;4;1;1;0;2;0;2
6094;49246;6094;51;3;1;1;6;0;1;0;1;0;1
6095;49246;6095;64;1;1;7;6;0;1;1;1;0;2
6096;49250;6096;52;1;3;1;0;0;1;0;1;0;1
6097;49250;6097;51;1;1;7;6;0;1;2;1;0;3
6098;49250;6098;52;1;1;7;0;0;1;0;1;0;1
6099;49251;6099;52;3;1;7;6;1;0;5;2;0;6
6100;49251;6100;73;1;1;7;6;1;0;1;2;0;2
6101;49252;6101;18;1;1;4;6;2;0;0;2;0;2
6102;49252;6102;51;1;1;7;6;0;1;1;1;0;2
6103;49252;6103;52;1;3;1;0;0;2;2;1;0;4
6104;49252;6104;51;1;1;7;6;1;0;1;2;0;2
6105;49290;6105;41;1;3;2;3;0;1;1;1;0;2
6106;49422;6106;21;3;1;7;6;2;0;0;2;0;2
6107;49422;6107;52;3;1;7;0;1;0;0;2;0;1
6108;49422;6108;51;3;3;1;4;0;2;0;1;0;2
6109;49422;6109;81;3;1;7;0;0;0;0;3;0;0
6110;49423;6110;25;5;1;7;7;0;0;1;3;0;1
6111;49423;6111;52;1;1;7;0;0;1;0;1;0;1
6112;49423;6112;74;4;1;2;6;1;0;1;2;0;2
6113;49423;6113;11;1;1;7;6;0;1;1;1;0;2
6114;49439;6114;52;3;1;1;0;0;1;0;1;0;1
6115;49440;6115;52;1;1;7;0;1;0;0;2;0;1
6116;49440;6116;52;3;3;2;0;0;1;0;1;0;1
6117;49440;6117;51;1;1;7;6;0;2;0;1;0;2
6118;49440;6118;51;1;1;7;6;0;1;1;1;0;2
6119;49441;6119;61;1;1;7;4;0;1;1;1;0;2
6120;49442;6120;81;4;1;1;6;0;1;1;1;0;2
6121;49464;6121;52;1;1;7;0;0;1;1;1;0;2
6122;49467;6122;52;1;1;7;6;0;1;2;1;0;3
6123;49489;6123;26;1;1;7;1;0;1;1;1;0;2
6124;49489;6124;72;1;1;7;8;0;1;1;1;0;2
6125;49489;6125;71;1;1;7;6;0;1;1;1;0;2
6126;49489;6126;67;1;1;7;4;0;1;1;1;0;2
6127;49489;6127;61;1;3;2;4;0;1;1;1;0;2
6128;49491;6128;73;1;1;7;6;1;0;1;2;0;2
6129;49501;6129;21;3;3;2;6;0;1;3;1;0;4
6130;49547;6130;63;1;1;7;6;0;1;1;1;0;2
6131;49559;6131;72;1;1;7;6;0;1;1;1;0;2
6132;49560;6132;26;1;3;1;1;0;1;1;1;0;2
6133;49562;6133;72;1;1;2;6;0;1;1;1;0;2
6134;49562;6134;64;1;2;2;4;0;1;1;1;0;2
6135;49573;6135;67;1;1;7;4;0;1;1;1;0;2
6136;49574;6136;51;1;1;7;6;1;0;1;2;0;2
6137;49578;6137;25;3;3;2;6;0;1;1;1;0;2
6138;49614;6138;72;1;1;7;6;0;1;1;1;0;2
6139;49635;6139;81;3;5;3;6;0;1;1;1;0;2
6140;49643;6140;74;3;1;7;9;0;1;0;1;0;1
6141;49643;6141;72;3;3;2;9;0;1;0;3;0;1
6142;49643;6142;21;1;1;7;3;0;2;0;1;0;2
6143;49643;6143;52;3;1;7;0;2;0;0;2;0;2
6144;49643;6144;52;1;7;1;0;0;0;0;3;0;0
6145;49657;6145;51;1;1;7;6;0;3;1;1;0;4
6146;49657;6146;51;3;3;2;6;0;1;2;1;0;3
6147;49660;6147;33;5;3;2;6;2;2;1;2;0;5
6148;49663;6148;52;1;1;2;6;0;2;0;1;0;2
6149;49683;6149;52;5;1;1;0;0;2;0;1;0;2
6150;49683;6150;52;3;1;2;0;0;2;0;1;0;2
6151;49690;6151;81;3;1;7;6;0;3;0;1;0;3
6152;49692;6149;52;5;1;1;0;0;2;0;1;0;2
6153;49693;6153;51;1;1;7;6;0;2;0;1;0;2
6154;49694;6154;72;1;1;7;7;0;1;1;1;0;2
6155;49696;6155;52;1;1;7;0;0;1;0;1;0;1
6156;49697;6156;13;1;1;7;6;0;2;2;1;0;4
6157;49700;6157;21;1;1;7;6;0;2;0;1;0;2
6158;49712;6158;52;4;6;7;0;1;0;0;2;0;1
6159;49712;6159;21;1;1;7;6;0;1;1;1;0;2
6160;49754;6160;26;1;1;7;2;2;1;1;2;0;4
6161;49754;6161;72;1;1;7;6;0;1;1;1;0;2
6162;49754;6162;72;1;1;7;6;0;1;1;1;0;2
6163;49754;6163;21;1;1;7;6;1;0;1;2;0;2
6164;49754;6164;26;1;1;7;2;0;1;1;1;0;2
6165;49754;6165;67;3;1;7;5;0;1;1;1;0;2
6166;49759;6166;71;1;1;7;6;0;1;0;1;0;1
6167;50122;6167;51;2;1;7;6;0;1;1;1;0;2
6168;50140;6168;25;1;1;7;6;0;1;1;1;0;2
6169;50142;6169;26;1;1;1;6;1;0;1;2;0;2
6170;50159;6170;36;1;1;7;3;0;1;1;1;0;2
6171;50181;6171;21;1;1;2;6;0;1;1;1;0;2
6172;50183;6172;64;1;1;7;3;0;1;1;1;0;2
6173;50183;6173;52;1;1;7;6;0;1;1;1;0;2
6174;50184;6174;81;1;1;7;6;1;2;0;2;0;3
6175;50184;6175;51;3;1;7;7;0;1;1;1;0;2
6176;50184;6176;51;1;3;2;3;0;1;2;1;0;3
6177;50192;6177;72;1;1;7;6;0;1;1;1;0;2
6178;50193;6178;51;1;1;7;6;0;1;1;1;0;2
6179;50193;6179;72;1;1;7;6;0;1;1;1;0;2
6180;50195;6180;72;1;1;7;6;1;0;1;2;0;2
6181;50195;6181;26;3;1;7;6;0;1;2;1;0;3
6182;50195;6182;52;3;1;7;6;0;1;1;1;0;2
6183;50196;6183;23;3;1;7;5;0;1;1;1;0;2
6184;50196;6184;61;1;1;7;4;0;1;1;1;0;2
6185;50204;6185;86;1;1;1;2;1;0;1;2;0;2
6186;50205;6186;72;1;1;7;6;0;1;1;1;0;2
6187;50209;6187;72;1;2;2;6;1;0;1;2;0;2
6188;50209;6188;25;3;1;7;6;0;1;0;1;0;1
6189;50210;6189;72;1;1;7;6;1;0;1;2;0;2
6190;50211;6190;26;1;1;7;1;0;1;1;1;0;2
6191;50214;6191;72;3;1;7;6;0;1;1;1;0;2
6192;50214;6192;63;1;1;7;4;0;1;1;1;0;2
6193;50214;6193;25;3;3;1;0;1;0;0;2;0;1
6194;50214;6194;20;1;1;7;2;0;1;1;1;0;2
6195;50214;6195;71;3;1;7;6;0;1;1;1;0;2
6196;50214;6196;25;1;4;3;6;0;1;0;1;0;1
6197;50214;6197;51;1;1;7;2;1;1;1;2;0;3
6198;50215;6198;25;3;3;2;6;0;1;0;1;0;1
6199;50216;6199;81;3;1;1;6;0;1;1;1;0;2
6200;50217;6200;72;1;1;7;6;0;1;1;1;0;2
6201;50218;6201;71;3;3;1;6;0;1;1;1;0;2
6202;50219;6202;28;3;1;7;9;0;1;0;1;0;1
6203;50219;6203;52;3;2;2;6;0;1;1;1;0;2
6204;50219;6204;67;2;3;1;4;1;0;1;2;0;2
6205;50219;6205;25;3;7;2;6;2;0;0;2;0;2
6206;50233;6206;72;2;1;7;6;0;1;1;1;0;2
6207;50235;6207;52;1;1;7;6;0;1;1;1;0;2
6208;50235;6208;26;1;1;7;1;1;0;1;2;0;2
6209;50235;6209;26;1;1;7;1;0;1;1;1;0;2
6210;50235;6210;52;1;1;7;6;0;3;1;1;0;4
6211;50253;6211;25;1;1;7;6;0;1;1;1;0;2
6212;50253;6212;16;1;1;7;6;0;1;1;1;0;2
6213;50253;6213;25;1;2;2;6;0;1;1;1;0;2
6214;50253;6214;23;1;1;7;6;0;1;1;1;0;2
6215;50253;6215;67;1;1;7;8;0;1;1;1;0;2
6216;50253;6216;51;3;1;7;3;0;1;0;1;0;1
6217;50254;6217;26;5;1;7;2;0;1;1;1;0;2
6218;50254;6218;71;3;6;7;6;0;1;1;1;0;2
6219;50260;6219;51;3;3;2;6;0;1;2;1;0;3
6220;50260;6220;51;1;4;4;6;0;1;1;1;0;2
6221;50268;6221;63;3;1;7;4;0;1;1;1;0;2
6222;50268;6222;64;1;1;7;4;0;1;1;1;0;2
6223;50268;6223;72;3;1;7;6;1;0;1;2;0;2
6224;50269;6224;72;1;1;7;6;0;1;1;1;0;2
6225;50277;6225;14;1;1;7;6;0;1;1;1;0;2
6226;50278;6226;71;1;1;7;6;1;0;1;2;0;2
6227;50278;6227;62;1;1;7;5;0;1;0;1;0;1
6228;50278;6228;71;1;1;1;6;1;0;1;2;0;2
6229;50278;6229;64;1;1;7;4;0;1;1;1;0;2
6230;50279;6230;52;2;1;7;0;0;2;0;1;0;2
6231;50283;6231;52;1;1;7;6;0;1;1;1;0;2
6232;50288;6232;67;5;3;1;6;0;1;1;1;0;2
6233;50288;6233;52;1;1;7;0;0;2;0;1;0;2
6234;50288;6234;64;2;3;1;3;0;1;1;1;0;2
6235;50289;6235;26;1;1;7;2;0;1;1;1;0;2
6236;50289;6236;63;1;1;7;3;0;1;0;1;0;1
6237;50289;6237;51;1;1;7;3;0;1;0;1;0;1
6238;50289;6238;52;1;3;1;0;0;2;0;1;0;2
6239;50290;6239;71;1;1;7;4;1;0;1;2;0;2
6240;50290;6240;26;3;2;2;2;1;1;0;2;0;2
6241;50290;6241;52;1;1;7;6;0;2;0;1;0;2
6242;50290;6242;26;2;1;1;2;0;1;1;1;0;2
6243;50290;6243;67;1;1;7;6;0;3;0;1;0;3
6244;50290;6244;26;3;3;1;2;1;0;1;2;0;2
6245;50290;6245;26;3;2;1;2;2;0;1;2;0;3
6246;50290;6246;71;1;1;7;6;0;1;1;1;0;2
6247;50292;6247;63;1;1;7;4;0;1;1;1;0;2
6248;50292;6248;67;2;1;7;6;0;2;0;1;0;2
6249;50292;6249;71;3;1;1;6;1;0;1;2;0;2
6250;50301;6250;72;1;1;7;6;0;1;1;1;0;2
6251;50325;6251;64;1;1;7;6;1;0;1;2;0;2
6252;50345;6252;52;3;1;7;6;0;1;0;1;0;1
6253;50346;6253;51;1;1;7;3;0;1;1;1;0;2
6254;50386;6254;21;1;1;7;6;0;1;1;1;0;2
6255;50396;6255;22;1;1;7;6;0;1;1;1;0;2
6256;50417;6256;21;1;1;7;6;0;1;1;1;0;2
6257;50468;6257;41;1;1;7;6;1;0;1;2;0;2
6258;50486;6258;73;1;1;7;6;0;1;1;1;0;2
6259;50491;6259;52;1;1;7;8;0;0;1;0;0;1
6260;50492;6260;51;1;1;7;6;0;1;1;1;0;2
6261;50495;6261;36;1;1;7;4;1;0;1;2;0;2
6262;51065;6262;52;1;1;7;0;0;3;1;1;0;4
6263;51071;6263;72;1;1;7;6;1;0;1;2;0;2
6264;51075;6264;51;1;1;7;0;1;0;0;2;0;1
6265;51075;6265;21;1;1;7;6;2;2;2;2;0;6
6266;51090;6266;13;5;1;7;9;1;2;0;3;1;4
6267;51090;6267;25;5;1;7;6;1;0;1;2;0;2
6268;51095;6268;81;5;1;7;0;1;0;0;2;0;1
6269;51096;6269;52;2;1;7;0;0;0;0;3;0;0
6270;51140;6270;52;5;1;7;0;1;0;1;2;0;2
6271;51146;6271;72;1;1;1;6;0;1;1;1;0;2
6272;51744;6272;36;2;1;7;3;1;0;1;2;0;2
6273;51747;6273;26;1;1;7;2;1;0;1;2;0;2
6274;51757;6274;72;1;1;7;6;1;0;0;2;0;1
6275;51763;6275;41;1;1;7;0;0;1;0;1;0;1
6276;51765;6276;72;1;1;7;6;0;1;1;1;0;2
6277;51781;6277;71;1;1;7;6;0;1;1;1;0;2
6278;51790;6278;72;2;1;7;6;0;1;1;1;0;2
6279;51824;6279;61;1;1;7;4;0;1;1;3;0;2
6280;51844;6280;26;1;1;7;2;0;1;1;1;0;2
6281;51846;6281;51;1;1;7;3;0;2;1;1;0;3
6282;51853;6282;72;1;1;7;6;0;1;1;1;0;2
6283;51860;6283;71;1;1;7;6;0;1;1;1;0;2
6284;51870;6284;21;1;1;2;6;0;1;1;1;0;2
6285;51875;6285;71;1;1;1;8;1;0;1;2;0;2
6286;51879;6286;23;1;1;7;6;1;0;1;2;0;2