accident_id;lieu_id;date_id;cause_id;lum_id;intemp_id;etat_surface_id;impliq_id;nb_blesses_graves;nb_blesses_legers;nb_indemnes;gravite;nb_morts;nb_impliqués
6287;51879;6287;51;3;3;1;6;0;1;1;1;0;2
6288;51880;6288;72;1;1;1;6;0;1;1;1;0;2
6289;51883;6289;71;1;1;7;6;1;0;1;2;0;2
6290;51885;6290;52;3;1;7;0;0;1;0;1;0;1
6291;51886;6291;72;3;1;7;6;0;1;1;1;0;2
6292;51886;6292;51;2;1;2;6;1;0;2;2;0;3
6293;51886;6293;71;3;1;1;6;0;1;1;1;0;2
6294;51888;6294;52;1;3;2;7;1;1;1;2;0;3
6295;51890;6295;81;3;1;1;6;0;1;0;1;0;1
6296;51890;6296;72;1;1;7;4;1;0;1;2;0;2
6297;51892;6297;71;1;1;7;6;1;0;1;2;0;2
6298;51892;6298;71;3;1;7;6;1;0;1;2;0;2
6299;51896;6299;52;3;1;7;0;0;1;1;1;0;2
6300;51898;6300;71;3;3;1;6;1;0;1;2;0;2
6301;51915;6301;25;3;1;7;6;0;1;1;1;0;2
6302;51922;6302;81;3;1;7;3;1;0;1;2;0;2
6303;51924;6303;51;1;1;7;6;0;1;1;1;0;2
6304;51925;6304;73;4;1;7;6;1;0;1;2;0;2
6305;51926;6305;72;1;1;7;6;0;1;1;1;0;2
6306;51926;6306;52;3;1;7;0;0;1;0;1;0;1
6307;51927;6307;23;1;1;7;4;1;0;1;2;0;2
6308;51933;6308;71;1;3;1;6;0;1;1;1;0;2
6309;51954;6309;52;1;1;7;1;1;0;1;2;0;2
6310;51960;6310;64;1;1;7;6;0;1;1;1;0;2
6311;51963;6311;72;1;1;7;6;0;1;1;1;0;2
6312;51965;6312;72;1;1;7;6;1;0;1;2;0;2
6313;51965;6313;71;1;1;7;6;0;1;1;1;0;2
6314;51966;6314;21;1;3;1;6;0;1;1;1;0;2
6315;51974;6315;28;1;1;7;4;1;0;0;2;0;1
6316;51984;6316;71;2;1;7;6;0;1;1;1;0;2
6317;51984;6317;71;1;3;1;6;0;2;0;1;0;2
6318;51984;6318;66;1;1;7;2;0;1;1;1;0;2
6319;51984;6319;51;3;3;1;6;0;1;0;1;0;1
6320;51984;6320;72;1;1;7;6;0;1;1;1;0;2
6321;51992;6321;64;1;1;7;6;1;0;1;2;0;2
6322;51993;6322;64;1;1;7;6;0;1;1;1;0;2
6323;52000;6323;64;1;1;7;4;0;1;1;1;0;2
6324;52000;6324;71;1;1;7;6;1;0;1;2;0;2
6325;52007;6325;72;1;1;7;4;0;2;0;1;0;2
6326;52007;6326;72;1;1;7;2;1;0;1;2;0;2
6327;52007;6327;72;1;1;7;6;0;1;1;1;0;2
6328;52007;6328;26;1;1;7;1;0;1;1;1;0;2
6329;52007;6329;73;1;1;7;6;0;1;0;1;0;1
6330;52007;6330;72;1;3;2;6;1;0;1;2;0;2
6331;52007;6331;72;1;1;1;6;1;0;1;2;0;2
6332;52007;6332;72;1;1;7;6;0;1;1;1;0;2
6333;52007;6333;72;1;1;7;6;1;0;1;2;0;2
6334;52007;6334;76;1;1;7;6;0;1;1;1;0;2
6335;52007;2387;71;3;1;7;6;0;1;0;1;0;1
6336;52008;6336;52;1;1;2;6;2;0;1;2;0;3
6337;52008;6337;26;1;1;7;2;0;1;1;1;0;2
6338;52008;6338;64;1;1;7;6;0;1;1;1;0;2
6339;52008;6339;71;1;1;7;6;0;1;1;1;0;2
6340;52008;6340;71;1;1;7;6;0;1;1;1;0;2
6341;52009;6341;24;1;1;7;2;0;1;1;1;0;2
6342;52010;6342;72;3;1;7;6;0;1;1;1;0;2
6343;52010;6343;67;1;1;7;6;0;2;1;1;0;3
6344;52010;6344;72;1;1;7;6;0;1;0;1;0;1
6345;52011;6345;18;3;1;7;6;1;1;1;2;0;3
6346;52011;6346;72;1;1;7;6;0;1;1;1;0;2
6347;52011;6347;72;1;1;7;6;0;1;1;1;0;2
6348;52011;6348;64;1;2;2;6;0;2;3;1;0;5
6349;52015;6349;72;1;1;7;6;1;0;1;2;0;2
6350;52030;6350;52;1;1;7;0;1;0;0;2;0;1
6351;52033;6351;72;1;1;7;6;1;0;1;2;0;2
6352;52060;6352;72;2;1;7;6;0;1;1;1;0;2
6353;52061;6353;99;1;1;1;2;0;1;1;1;0;2
6354;52061;6354;72;2;2;1;6;0;0;1;3;0;1
6355;52063;6355;52;3;1;7;9;0;1;1;1;0;2
6356;52065;6356;71;1;3;2;6;1;0;1;2;0;2
6357;52066;6357;72;1;1;7;6;1;0;1;2;0;2
6358;52066;6358;22;1;1;7;6;0;1;1;1;0;2
6359;52071;6359;73;1;1;7;6;0;1;1;1;0;2
6360;52072;6360;26;2;1;7;2;1;0;1;2;0;2
6361;52073;1752;51;1;1;4;2;1;0;1;2;0;2
6362;52075;6362;11;1;1;7;6;1;0;1;2;0;2
6363;52075;6363;52;1;1;7;0;0;0;1;0;0;1
6364;52075;6364;26;1;1;7;2;1;0;1;2;0;2
6365;52075;6365;26;3;1;7;2;1;0;1;2;0;2
6366;52075;6366;26;1;1;7;1;0;1;1;1;0;2
6367;52076;6367;26;2;1;7;1;0;1;1;1;0;2
6368;52076;6368;11;1;1;7;6;1;0;1;2;0;2
6369;52101;6369;72;1;1;7;6;0;1;1;1;0;2
6370;52119;6370;72;1;1;7;6;0;1;1;1;0;2
6371;52142;6371;66;1;1;7;6;1;0;1;2;0;2
6372;52143;6372;72;1;1;7;6;0;1;1;1;0;2
6373;52173;6373;41;2;1;6;1;0;1;1;1;0;2
6374;52189;6374;72;1;1;7;6;1;0;1;2;0;2
6375;52191;6375;51;1;1;7;2;1;0;1;2;0;2
6376;52197;6376;64;1;1;7;6;0;1;1;1;0;2
6377;52198;6377;41;1;1;7;6;0;2;2;1;0;4
6378;52199;6378;71;1;2;1;6;1;0;1;2;0;2
6379;52207;6379;75;1;1;7;7;1;0;1;2;0;2
6380;52221;6380;51;3;4;4;6;0;1;6;1;0;7
6381;52221;6381;52;3;1;7;0;0;2;0;1;0;2
6382;52221;6382;52;3;1;7;0;0;2;1;1;0;3
6383;52221;6383;18;2;1;7;6;0;3;1;1;0;4
6384;52221;6384;81;2;2;1;6;0;1;1;1;0;2
6385;52221;6385;52;3;1;7;0;0;1;0;1;0;1
6386;52230;6386;35;1;1;7;4;0;1;1;1;0;2
6387;52234;6387;76;1;1;7;6;1;0;1;2;0;2
6388;52238;6388;71;1;1;7;6;0;1;1;1;0;2
6389;52263;6389;26;1;1;7;2;0;1;1;1;0;2
6390;52263;6273;26;1;1;7;2;1;0;1;2;0;2
6391;52263;6391;72;1;1;7;6;0;1;1;1;0;2
6392;52263;6392;26;1;1;7;2;0;1;1;1;0;2
6393;52265;6393;76;1;1;7;6;0;1;1;1;0;2
6394;52272;6394;26;1;1;7;2;0;3;1;1;0;4
6395;52272;6395;72;1;1;2;6;1;1;0;2;0;2
6396;52272;6396;65;3;3;2;4;0;1;1;1;0;2
6397;52825;6397;64;1;1;7;6;0;1;1;1;0;2
6398;52827;6398;72;3;1;7;5;0;1;1;1;0;2
6399;52862;6399;71;3;1;7;6;1;0;1;2;0;2
6400;52862;2891;52;3;1;7;0;0;2;3;1;0;5
6401;52862;6401;61;1;7;2;4;0;1;1;1;0;2
6402;52862;6402;52;2;1;7;0;0;1;0;1;0;1
6403;52863;6403;72;1;1;7;6;1;0;1;2;0;2
6404;52863;6404;52;1;1;7;6;0;2;2;1;0;4
6405;52863;6405;52;3;1;7;0;0;1;0;1;0;1
6406;52863;6406;71;1;1;7;1;0;0;1;3;0;1
6407;52863;6407;72;3;1;7;9;0;1;0;1;0;1
6408;52863;6408;81;1;1;7;0;1;0;0;2;0;1
6409;52896;6409;72;1;1;7;6;0;1;1;1;0;2
6410;52907;6410;72;1;1;7;6;0;1;1;1;0;2
6411;52911;6411;36;4;6;4;6;0;1;2;1;0;3
6412;52911;6412;72;1;1;7;6;0;1;1;1;0;2
6413;52916;6413;21;1;1;1;6;0;1;1;1;0;2
6414;52922;6414;21;3;1;7;4;0;1;1;1;0;2
6415;52928;6415;22;1;2;2;6;0;1;1;1;0;2
6416;52933;6416;26;1;4;3;2;0;1;1;1;0;2
6417;52935;6417;51;1;1;7;6;0;2;1;1;0;3
6418;52936;6418;22;1;1;7;4;0;1;1;1;0;2
6419;52938;6419;67;1;2;2;1;0;1;1;1;0;2
6420;52947;6420;26;1;1;7;1;0;1;1;1;0;2
6421;52949;6421;72;1;1;7;6;0;1;1;1;0;2
6422;52990;6422;72;1;1;7;6;1;0;1;2;0;2
6423;52995;6423;34;1;1;7;4;0;1;1;1;0;2
6424;53004;6424;71;1;1;7;4;0;1;1;1;0;2
6425;53009;6425;81;3;1;7;0;0;1;0;1;0;1
6426;53011;6426;72;3;1;7;4;0;2;0;1;0;2
6427;53013;6427;51;1;1;7;4;0;1;1;1;0;2
6428;53014;6428;72;1;1;7;6;1;0;1;2;0;2
6429;53023;6429;61;1;1;7;3;0;1;1;1;0;2
6430;53028;6430;85;3;1;7;6;0;1;1;1;0;2
6431;53029;6431;72;1;1;7;6;0;1;1;1;0;2
6432;53030;6432;71;1;1;7;6;0;1;1;1;0;2
6433;53030;6433;72;2;3;1;6;0;1;1;1;0;2
6434;53031;6434;72;1;1;7;6;1;0;1;2;0;2
6435;53031;6435;63;1;1;7;6;0;1;1;1;0;2
6436;53034;6436;25;1;1;7;0;0;1;0;1;0;1
6437;53034;6437;72;1;1;7;6;1;0;1;2;0;2
6438;53034;6438;61;1;1;7;4;0;1;1;1;0;2
6439;53036;6439;26;1;1;7;3;1;0;1;2;0;2
6440;53036;6440;52;1;1;7;6;0;1;0;1;0;1
6441;53036;6441;52;3;1;7;6;0;1;5;1;0;6
6442;53036;6442;81;3;1;7;0;2;0;0;2;0;2
6443;53043;6443;67;1;1;7;6;0;4;0;1;0;4
6444;53043;6444;21;1;3;2;6;0;2;0;1;0;2
6445;53043;6445;64;1;1;7;6;0;2;0;1;0;2
6446;53045;6446;72;1;1;2;6;0;0;1;3;0;1
6447;53053;6447;72;1;1;7;6;1;0;1;2;0;2
6448;53083;6448;52;3;3;2;0;0;3;1;1;0;4
6449;53083;6449;81;3;1;7;0;0;1;0;1;0;1
6450;53083;6450;36;3;3;1;6;2;2;0;2;0;4
6451;53083;6451;51;1;1;7;6;0;1;0;1;0;1
6452;53084;6452;52;3;1;1;6;1;1;2;2;0;4
6453;53084;6453;51;3;3;1;6;0;1;2;1;0;3
6454;53085;6454;52;1;3;1;4;0;2;1;1;0;3
6455;53086;6455;21;1;1;7;6;0;3;0;1;0;3
6456;53088;6456;26;1;2;2;3;1;1;0;2;0;2
6457;53088;6457;52;3;1;7;0;0;1;0;1;0;1
6458;53088;6458;34;1;1;7;5;1;0;2;2;0;3
6459;53088;6459;17;1;1;7;2;0;1;1;1;0;2
6460;53088;6460;64;1;1;7;4;0;1;1;1;0;2
6461;53088;6461;51;3;2;2;6;0;1;1;1;0;2
6462;53088;5429;67;3;1;7;5;0;1;1;1;0;2
6463;53088;6463;51;1;1;7;6;0;1;3;1;0;4
6464;53088;6464;51;1;2;2;3;0;1;1;1;0;2
6465;53088;6465;82;2;1;7;6;0;0;2;3;0;2
6466;53088;6466;26;1;1;7;2;1;1;1;2;0;3
6467;53088;6467;81;3;1;7;6;1;2;0;2;0;3
6468;53088;6468;21;1;1;7;6;1;0;1;2;0;2
6469;53088;6469;26;1;1;1;2;0;1;1;1;0;2
6470;53088;6470;14;2;1;7;6;0;1;1;1;0;2
6471;53089;6471;51;1;1;7;3;0;1;1;1;0;2
6472;53089;6472;26;1;1;7;2;0;1;1;1;0;2
6473;53104;6473;51;3;1;7;0;0;1;1;1;0;2
6474;53111;6474;21;1;1;7;4;0;1;1;1;0;2
6475;53118;6475;72;1;1;7;6;0;1;1;1;0;2
6476;53147;6476;52;1;1;7;0;1;0;2;2;0;3
6477;53170;6477;27;1;3;2;9;0;1;0;1;0;1
6478;53170;6478;21;1;1;7;6;0;2;1;1;0;3
6479;53170;6479;51;3;1;7;4;0;1;1;1;0;2
6480;53170;6480;63;1;1;7;5;0;1;1;1;0;2
6481;53170;6481;72;1;3;1;6;1;0;1;2;0;2
6482;53172;6482;25;1;3;2;0;0;1;1;1;0;2
6483;53172;6483;25;3;1;7;0;2;2;0;2;0;4
6484;53172;6484;63;1;1;7;6;0;1;0;1;0;1
6485;53173;6485;25;3;1;7;0;1;1;0;2;0;2
6486;53173;6486;52;1;1;7;6;0;4;0;1;0;4
6487;53173;6487;25;3;1;7;6;0;1;1;1;0;2
6488;53173;6488;51;1;1;7;3;0;1;1;1;0;2
6489;53174;6489;52;1;1;7;6;0;1;2;1;0;3
6490;53174;6490;51;1;1;7;6;0;2;1;1;0;3
6491;53174;6491;63;1;1;7;4;0;1;1;1;0;2
6492;53186;451;72;1;1;7;6;1;0;1;2;0;2
6493;53189;6493;71;3;1;7;6;1;0;1;2;0;2
6494;53194;6494;72;1;1;7;6;0;1;1;1;0;2
6495;53249;6495;52;3;1;7;6;0;1;0;1;0;1
6496;53249;6496;22;1;1;7;6;0;1;1;1;0;2
6497;53257;6497;52;3;1;7;0;0;1;0;1;0;1
6498;53261;6498;52;1;1;7;0;0;1;0;1;0;1
6499;53264;6499;52;1;2;1;0;1;4;0;2;0;5
6500;53265;6500;72;1;1;7;6;0;1;1;1;0;2
6501;53311;6501;52;1;1;7;0;0;1;0;1;0;1
6502;53313;6502;21;1;1;7;3;1;0;1;2;0;2
6503;53314;6503;74;3;1;7;4;0;2;0;1;0;2
6504;53317;6504;21;1;1;7;4;1;0;1;2;0;2
6505;53331;6505;51;3;1;7;6;0;0;1;3;0;1
6506;53333;6506;25;3;1;7;0;0;1;0;1;0;1
6507;53333;6507;71;1;1;7;6;1;0;1;2;0;2
6508;53333;6508;52;3;3;1;0;1;0;0;2;0;1
6509;53334;6509;72;1;1;7;6;0;1;1;1;0;2
6510;53334;6510;53;3;2;2;5;0;1;1;1;0;2
6511;53334;6511;23;1;1;7;4;0;1;1;1;0;2
6512;53334;6512;72;1;1;7;4;0;1;1;1;0;2
6513;53341;6513;20;1;1;7;0;0;2;0;1;0;2
6514;53936;6514;21;1;1;7;6;0;1;1;1;0;2
6515;53968;6515;52;1;1;4;0;0;2;0;1;0;2
6516;53974;6516;72;1;1;7;6;1;0;1;2;0;2
6517;53985;6517;26;1;1;7;2;1;0;0;2;0;1
6518;53991;6518;22;2;1;7;6;0;1;1;1;0;2
6519;53994;6519;72;1;1;7;6;1;0;1;2;0;2
6520;53994;6520;25;3;1;7;6;0;1;1;1;0;2
6521;53994;6521;72;3;3;1;6;0;1;1;1;0;2
6522;53994;6522;64;1;3;1;5;0;1;1;1;0;2
6523;54024;6523;52;1;1;7;6;0;1;1;1;0;2
6524;54024;6524;52;3;1;7;0;0;2;0;1;0;2
6525;54025;6525;52;3;1;7;0;1;4;0;2;0;5
6526;54025;6526;64;1;1;7;4;1;0;1;2;0;2
6527;54025;6527;23;1;1;7;6;0;1;1;1;0;2
6528;54026;6528;52;3;1;7;6;0;2;0;1;0;2
6529;54026;6529;72;1;1;7;6;0;1;1;1;0;2
6530;54070;6530;25;1;2;2;6;0;1;1;1;0;2
6531;54070;6531;21;1;1;7;6;0;1;1;1;0;2
6532;54072;6532;52;5;3;1;6;0;3;0;1;0;3
6533;54073;6533;52;1;1;7;6;1;2;0;2;0;3
6534;54075;6534;25;3;3;2;0;1;0;0;2;0;1
6535;54088;6535;41;2;1;7;1;0;1;1;1;0;2
6536;54115;6536;63;1;1;7;4;1;0;0;2;0;1
6537;54127;6537;52;1;1;7;6;0;1;2;1;0;3
6538;54177;6538;51;1;3;1;6;1;0;1;2;0;2
6539;54200;6539;71;1;1;7;6;0;1;1;1;0;2
6540;54201;6540;72;1;2;2;6;0;1;1;1;0;2
6541;54201;6541;71;1;1;7;6;0;1;1;1;0;2
6542;54210;6542;64;1;1;7;6;1;0;2;2;0;3
6543;54210;6543;71;1;1;7;6;1;0;1;2;0;2
6544;54210;6544;52;3;1;1;6;0;3;0;1;0;3
6545;54210;6545;72;3;6;7;6;0;1;1;1;0;2
6546;54214;6546;51;3;1;7;3;0;1;2;1;0;3
6547;54219;6547;22;1;1;7;6;0;1;1;1;0;2
6548;54219;6548;81;1;1;7;7;0;1;1;1;0;2
6549;54220;6549;52;3;1;4;6;1;2;0;2;0;3
6550;54221;6550;64;1;1;1;5;0;1;1;1;0;2
6551;54222;6551;52;3;1;7;0;1;1;0;2;0;2
6552;54222;6552;67;3;1;7;4;1;0;1;2;0;2
6553;54222;6553;22;1;1;7;6;0;1;1;1;0;2
6554;54226;6554;25;3;1;1;7;1;0;1;2;0;2
6555;54226;6555;81;1;1;7;0;0;1;0;1;0;1
6556;54237;6556;18;1;1;7;6;0;1;1;1;0;2
6557;54238;6557;52;1;1;7;0;0;4;0;1;0;4
6558;54238;6558;52;1;1;7;0;1;0;0;2;0;1
6559;54238;6559;52;5;2;1;6;0;1;1;1;0;2
6560;54239;6560;52;3;1;7;0;0;1;0;1;0;1
6561;54243;6561;21;2;1;7;6;0;4;0;1;0;4
6562;54246;6562;21;2;6;1;6;0;2;0;1;0;2
6563;54246;6563;52;2;3;1;6;1;0;1;2;0;2
6564;54318;6564;52;1;1;7;0;0;1;0;1;0;1
6565;54323;6565;52;3;1;7;0;0;1;1;3;0;2
6566;54323;6566;52;1;1;1;0;0;3;0;1;0;3
6567;54323;6567;25;4;1;7;7;0;1;1;1;0;2
6568;54323;6568;72;2;1;7;6;1;0;1;2;0;2
6569;54323;6569;72;1;2;1;6;1;0;1;2;0;2
6570;54323;6570;72;1;1;7;5;1;0;0;2;0;1
6571;54331;6571;52;1;1;7;0;0;1;0;1;0;1
6572;54390;6572;72;1;3;2;6;0;1;1;1;0;2
6573;54396;6573;52;1;1;7;0;0;2;0;1;0;2
6574;54923;2571;52;1;3;2;6;0;1;4;1;0;5
6575;54926;6575;71;1;1;7;6;1;0;1;2;0;2
6576;54959;6576;52;5;2;2;0;1;1;1;2;0;3
6577;54959;6577;51;1;1;7;3;0;1;0;1;0;1
6578;54959;6578;52;5;1;7;0;0;2;2;1;0;4
6579;54961;6579;23;1;1;7;6;0;3;1;1;0;4
6580;54967;6580;21;1;1;7;5;1;1;0;2;0;2
6581;54975;6581;52;1;1;4;6;1;0;1;2;0;2
6582;55011;6582;36;5;1;1;6;1;0;0;3;0;1
6583;55011;6583;21;3;1;7;5;0;0;1;3;0;1
6584;55011;6584;52;1;1;7;0;0;1;0;1;0;1
6585;55623;6585;72;1;1;7;6;0;1;1;1;0;2
6586;55623;6586;71;2;1;7;6;0;1;1;1;0;2
6587;55624;6587;72;3;1;7;6;0;1;0;1;0;1
6588;55625;6588;41;3;1;1;6;0;1;1;1;0;2
6589;55625;6589;52;1;1;7;6;0;4;1;1;0;5
6590;55635;6590;67;3;1;7;4;0;1;1;1;0;2
6591;55635;6591;26;1;1;7;1;1;0;1;2;0;2
6592;55639;6592;52;1;3;1;0;1;0;0;2;0;1
6593;55640;6593;64;1;1;7;4;0;1;2;1;0;3
6594;55647;6594;21;1;1;7;6;0;1;2;1;0;3
6595;55668;6595;61;1;1;7;4;1;0;1;2;0;2
6596;55668;6596;71;5;1;7;6;0;1;1;1;0;2
6597;55671;6597;25;2;1;7;6;0;1;1;1;0;2
6598;55675;6598;26;1;1;7;2;1;0;1;2;0;2
6599;55676;6599;26;2;3;2;2;0;1;1;1;0;2
6600;55676;6600;26;1;1;2;2;0;1;1;1;0;2
6601;55678;6601;22;1;2;2;6;0;2;1;1;0;3
6602;55681;6602;64;1;1;7;6;0;1;1;1;0;2
6603;55681;6603;72;3;3;2;6;1;0;1;2;0;2
6604;55681;6604;52;3;1;7;6;0;1;3;1;0;4
6605;55682;6605;52;3;1;7;6;0;1;2;1;0;3
6606;55683;6606;71;1;1;7;5;0;1;1;1;0;2
6607;55683;6607;26;2;1;7;2;1;0;1;2;0;2
6608;55683;6608;26;1;1;7;1;0;1;1;1;0;2
6609;55683;6609;26;1;1;7;2;0;1;1;1;0;2
6610;55684;6610;64;3;1;7;4;0;1;1;1;0;2
6611;55684;6611;25;3;3;2;6;0;1;1;1;0;2
6612;55684;6612;26;1;1;7;2;0;1;1;1;0;2
6613;55684;6613;26;1;3;1;2;0;1;0;3;0;1
6614;55692;4848;64;3;1;7;4;0;1;1;1;0;2
6615;55698;6615;52;1;1;7;4;0;2;0;1;0;2
6616;55714;6616;63;1;1;7;4;0;1;1;1;0;2
6617;55714;6617;18;1;1;7;6;0;1;1;1;0;2
6618;55730;6618;22;1;7;7;6;1;0;1;2;0;2
6619;55736;6619;26;1;1;7;1;1;0;1;2;0;2
6620;55748;6620;72;1;1;7;6;0;1;1;1;0;2
6621;55757;6621;72;1;1;7;6;1;0;0;2;0;1
6622;55757;6622;82;1;1;7;6;0;1;1;1;0;2
6623;55757;6623;71;1;1;7;6;0;1;1;1;0;2
6624;55758;6624;26;3;1;7;2;0;1;1;1;0;2
6625;55758;6625;72;1;1;7;6;0;1;1;1;0;2
6626;55758;6626;26;1;1;7;2;0;1;1;1;0;2
6627;55758;6627;72;1;1;7;6;0;1;2;1;0;3
6628;55758;6628;26;1;1;7;1;0;1;1;1;0;2
6629;55758;6629;26;1;1;7;1;0;1;1;1;0;2
6630;55758;6630;26;2;1;7;2;0;1;1;1;0;2
6631;55759;6631;36;1;1;7;3;1;0;1;2;0;2
6632;55759;6632;22;3;1;7;8;0;1;1;1;0;2
6633;55759;6633;72;1;1;7;6;1;0;1;2;0;2
6634;55760;6634;22;1;1;7;6;1;0;1;2;0;2
6635;55761;6635;25;1;1;7;6;0;1;1;1;0;2
6636;55761;6636;25;1;1;7;6;0;1;1;1;0;2
6637;55761;6637;26;1;1;7;2;0;1;1;1;0;2
6638;55761;6638;26;1;1;7;2;0;1;1;1;0;2
6639;55761;6639;51;3;1;7;7;0;1;1;1;0;2
6640;55761;6640;67;1;1;7;6;0;1;1;1;0;2
6641;55761;6641;52;5;1;2;0;0;1;0;1;0;1
6642;55762;6642;25;3;3;2;0;0;1;0;1;0;1
6643;55762;6643;36;2;3;2;6;0;3;1;1;0;4
6644;55777;6644;52;1;1;4;6;0;2;0;1;0;2
6645;55819;6645;21;1;1;7;6;0;3;0;1;0;3
6646;55839;6646;52;1;3;2;3;0;1;1;1;0;2
6647;55845;6647;52;2;1;7;7;0;1;1;1;0;2
6648;55846;6648;81;3;1;7;4;0;1;1;1;0;2
6649;55846;6649;26;1;1;7;2;0;1;1;1;0;2
6650;55846;6650;51;3;1;7;6;0;1;2;1;0;3
6651;55846;6651;26;1;1;7;2;0;1;1;1;0;2
6652;55846;6652;71;1;1;7;5;1;0;1;2;0;2
6653;55846;6653;67;1;1;7;4;0;1;1;1;0;2
6654;55847;6654;22;1;1;7;7;0;1;1;1;0;2
6655;55847;6655;71;3;3;1;6;0;1;1;1;0;2
6656;55856;6656;52;1;1;7;6;0;1;1;1;0;2
6657;55856;6657;51;1;1;7;6;0;1;1;1;0;2
6658;55856;6658;27;1;1;7;4;0;1;0;3;0;1
6659;56433;6659;64;1;1;7;6;1;1;6;2;0;8
6660;57084;6660;72;1;1;7;0;0;1;1;1;0;2
6661;57084;6661;52;3;1;1;0;0;1;0;1;0;1
6662;57084;6662;23;1;1;7;6;0;0;1;3;0;1
6663;57084;6663;21;1;2;1;6;1;2;0;2;0;3
6664;57085;6664;81;3;1;7;0;1;0;1;2;0;2
6665;57093;6665;52;3;1;7;0;0;1;0;1;0;1
6666;57093;6666;52;1;1;7;0;0;1;0;1;0;1
6667;57094;6667;52;1;1;7;0;1;1;0;2;0;2
6668;57094;6668;52;3;1;7;0;1;0;0;2;0;1
6669;57099;6669;81;1;1;7;1;1;0;1;2;0;2
6670;57813;6670;64;2;1;1;6;0;1;1;1;0;2
6671;57819;6671;52;1;1;7;0;1;0;0;2;0;1
6672;57820;6672;81;5;1;1;0;0;4;0;1;0;4
6673;57822;6673;25;1;1;2;6;1;0;2;2;0;3
6674;57823;6674;81;5;1;7;0;1;0;0;2;0;1
6675;57824;6675;52;3;1;4;0;1;1;0;2;0;2
6676;57827;6676;67;1;1;7;6;2;7;1;2;0;10
6677;57829;6677;51;3;7;2;7;0;0;1;3;0;1
6678;57830;6678;52;1;1;7;0;1;0;0;2;0;1
6679;57830;6679;72;1;1;7;6;0;1;1;1;0;2
6680;57832;6680;52;1;1;7;5;1;0;1;2;0;2
6681;57842;6681;81;3;3;1;6;0;0;1;3;0;1
6682;57843;6682;71;1;1;7;6;1;0;1;2;0;2
6683;57869;6683;21;3;1;2;6;1;0;1;2;0;2
6684;57869;6684;52;1;1;7;6;0;1;0;3;0;1
6685;57870;6685;64;1;1;7;6;1;0;1;2;0;2
6686;57870;6686;23;1;1;7;7;0;1;1;1;0;2
6687;57870;6687;67;1;1;7;6;1;1;0;2;0;2
6688;57870;6688;52;1;1;7;0;1;0;0;2;0;1
6689;57878;6689;81;1;1;7;0;0;0;0;3;0;0
6690;57888;6690;52;1;1;7;0;1;3;1;2;0;5
6691;57897;6691;23;1;1;7;6;1;0;1;2;0;2
6692;57900;6692;73;3;1;7;6;0;1;1;1;0;2
6693;57900;6693;81;1;1;7;6;1;1;1;2;0;3
6694;57900;6694;73;1;1;7;6;1;0;1;2;0;2
6695;57901;6695;26;1;1;7;3;1;0;0;2;0;1
6696;57901;6696;99;3;7;7;0;1;1;0;2;0;2
6697;57928;6697;64;3;1;7;5;1;0;1;2;0;2
6698;57928;6698;21;1;1;7;6;0;3;3;1;0;6
6699;57928;6699;51;2;1;7;9;0;1;2;1;0;3
6700;57954;6700;35;1;1;7;3;1;0;1;2;0;2
6701;57955;6701;52;1;1;7;6;0;2;0;1;0;2
6702;57962;6702;52;1;1;7;0;0;1;0;1;0;1
6703;57968;6703;52;1;1;7;0;0;1;0;1;0;1
6704;57971;6704;52;1;1;1;0;1;0;1;2;0;2
6705;57988;6705;73;1;1;7;6;0;1;1;1;0;2
6706;58024;6706;52;1;1;7;0;0;1;0;1;0;1
6707;58656;6707;51;1;1;7;6;1;0;1;2;0;2
6708;58658;6708;67;1;1;7;6;2;0;2;2;0;4
6709;58658;6709;26;1;1;7;2;1;0;1;2;0;2
6710;58658;6710;99;1;1;7;7;0;0;1;3;0;1
6711;58658;6711;72;1;1;7;6;1;0;1;2;0;2
6712;58659;6712;72;1;1;7;6;0;1;1;1;0;2
6713;58660;6713;12;1;2;1;9;1;0;0;2;0;1
6714;58660;6714;12;3;3;2;9;1;0;1;2;0;2
6715;58661;6715;26;1;1;7;1;1;0;1;2;0;2
6716;58661;6716;73;1;1;7;6;1;0;1;2;0;2
6717;58661;6717;72;1;3;1;6;0;1;1;1;0;2
6718;58661;6718;52;1;1;7;6;0;2;0;1;0;2
6719;58678;6719;81;1;1;7;0;0;1;0;1;0;1
6720;58700;6720;67;3;1;7;4;1;0;1;2;0;2
6721;58705;6721;74;1;1;7;6;1;0;1;2;0;2
6722;58706;4596;26;1;1;7;2;0;1;1;1;0;2
6723;58706;6723;26;1;1;7;2;0;1;1;1;0;2
6724;58710;6724;72;1;1;7;6;1;0;1;2;0;2
6725;58711;6725;35;3;3;2;3;0;1;1;1;0;2
6726;58712;6726;25;3;1;7;6;1;0;0;2;0;1
6727;58714;6727;71;1;1;7;6;1;0;1;2;0;2
6728;58721;6728;72;1;1;7;6;1;0;1;2;0;2
6729;58725;6729;72;1;1;7;6;0;1;1;1;0;2
6730;58725;6730;71;1;1;7;6;1;0;1;2;0;2
6731;58728;6731;72;1;1;7;6;1;0;1;2;0;2
6732;58743;6732;23;1;1;7;5;1;0;1;2;0;2
6733;58764;6733;67;1;1;7;5;0;2;1;1;0;3
6734;58773;6734;81;1;1;7;2;0;1;1;1;0;2
6735;58774;6735;72;3;3;2;6;0;1;1;1;0;2
6736;58775;6736;72;1;1;7;6;1;0;1;2;0;2
6737;58775;6737;41;3;1;7;6;0;1;1;1;0;2
6738;58775;6738;52;3;1;7;0;1;0;0;2;0;1
6739;58781;6739;51;3;1;7;2;1;0;2;2;0;3
6740;58803;6740;71;1;1;7;6;0;1;1;1;0;2
6741;58805;6741;62;1;1;7;2;1;0;1;2;0;2
6742;58806;6742;41;1;1;7;1;0;1;1;1;0;2
6743;58806;6743;32;1;1;7;6;1;0;1;2;0;2
6744;58806;6744;71;3;1;7;6;1;0;1;2;0;2
6745;58806;6745;23;1;1;7;5;0;1;1;1;0;2
6746;58806;6746;72;2;1;2;6;0;1;1;1;0;2
6747;58807;6747;36;1;1;7;6;0;1;1;1;0;2
6748;58809;6748;71;1;2;2;6;1;0;1;2;0;2
6749;58809;6749;51;1;1;7;2;1;0;1;2;0;2
6750;58809;6750;64;1;1;7;5;0;1;1;1;0;2
6751;58810;6751;36;1;1;7;3;1;0;1;2;0;2
6752;58810;6752;23;1;1;7;6;1;0;1;2;0;2
6753;58810;6753;23;1;1;7;5;1;1;0;2;0;2
6754;58820;6754;71;1;1;7;6;1;0;1;2;0;2
6755;58831;6755;52;3;3;1;0;0;2;0;1;0;2
6756;58831;6756;21;1;1;7;6;0;4;0;1;0;4