accident_id;lieu_id;date_id;cause_id;lum_id;intemp_id;etat_surface_id;impliq_id;nb_blesses_graves;nb_blesses_legers;nb_indemnes;gravite;nb_morts;nb_impliqués
6757;58835;6757;72;3;1;7;6;0;1;1;1;0;2
6758;58842;6758;71;1;1;7;4;1;0;1;2;0;2
6759;58844;6759;81;3;1;7;7;0;1;1;1;0;2
6760;58852;6760;71;1;1;7;6;1;0;1;2;0;2
6761;58865;6761;71;1;1;7;6;0;1;0;1;0;1
6762;58873;6762;81;1;1;7;0;0;1;0;1;0;1
6763;58879;6763;71;1;1;7;6;0;1;1;1;0;2
6764;58882;6764;67;2;1;7;4;1;0;1;2;0;2
6765;58905;6765;26;1;1;7;1;0;1;1;1;0;2
6766;58905;6766;63;3;1;7;5;0;1;1;1;0;2
6767;58908;6767;41;1;1;7;4;1;1;1;2;0;3
6768;58926;6768;52;1;1;7;0;0;1;0;1;0;1
6769;58935;6769;72;1;1;7;6;1;0;1;2;0;2
6770;58938;6770;63;1;1;7;6;1;1;0;2;0;2
6771;58943;6771;21;3;1;7;4;1;1;0;2;0;2
6772;58966;6772;26;1;1;7;2;0;1;1;1;0;2
6773;58966;6773;67;3;1;7;4;0;2;1;1;0;3
6774;58979;6774;52;1;1;4;6;0;1;2;1;0;3
6775;58981;6775;61;1;1;1;4;0;0;1;3;0;1
6776;58981;6776;61;1;1;7;3;1;0;1;2;0;2
6777;58981;6777;72;1;1;7;6;1;0;1;2;0;2
6778;58981;6778;72;1;1;7;6;1;0;1;2;0;2
6779;58983;6779;71;1;1;7;6;1;0;1;2;0;2
6780;58986;6780;25;3;1;7;6;0;2;1;1;0;3
6781;58988;6781;23;1;1;7;4;1;0;1;2;0;2
6782;58989;6782;72;1;1;7;6;1;0;1;2;0;2
6783;58997;6783;51;1;1;7;3;1;0;1;2;0;2
6784;58997;6784;81;1;1;7;1;1;0;1;2;0;2
6785;58998;6785;25;3;3;2;7;1;1;1;2;0;3
6786;58998;6786;52;3;1;7;0;1;0;0;2;0;1
6787;58998;6787;26;1;1;7;2;1;0;1;2;0;2
6788;58998;6788;71;1;1;7;6;0;1;1;1;0;2
6789;58998;6789;72;2;1;7;6;0;1;1;1;0;2
6790;58999;6790;81;3;1;7;3;1;0;1;2;0;2
6791;59002;6791;52;1;1;7;6;3;0;0;2;0;3
6792;59002;6792;52;1;1;7;7;1;2;1;2;0;4
6793;59003;6793;64;3;1;7;6;0;2;0;1;0;2
6794;59003;6794;21;5;7;1;6;0;1;1;1;0;2
6795;59004;6795;36;1;1;7;6;1;1;1;2;0;3
6796;59004;6796;52;1;1;7;7;1;0;1;2;0;2
6797;59004;6797;82;1;1;7;6;0;2;0;3;0;2
6798;59019;6798;82;1;1;7;0;0;1;0;1;0;1
6799;59068;6799;72;1;1;7;4;2;0;0;2;0;2
6800;59068;6800;74;1;1;7;4;0;2;0;1;0;2
6801;59093;6801;72;1;1;7;6;1;0;1;2;0;2
6802;59093;6802;26;1;1;7;2;0;2;0;1;0;2
6803;59093;6803;81;1;1;7;7;1;0;1;2;0;2
6804;59093;6804;52;1;3;1;4;1;0;1;2;0;2
6805;59093;6805;51;1;3;1;1;0;2;1;1;0;3
6806;59096;6806;52;1;1;7;2;1;0;1;2;0;2
6807;59118;6807;52;2;1;7;0;0;0;0;3;0;0
6808;59124;6808;52;1;3;1;5;0;1;1;1;0;2
6809;59129;6809;52;3;1;7;6;1;0;1;2;0;2
6810;59144;6810;51;1;1;7;2;0;1;1;1;0;2
6811;59161;6811;76;1;1;7;6;0;1;1;1;0;2
6812;59743;6812;72;1;1;7;6;0;1;1;1;0;2
6813;59760;6813;21;3;1;6;4;1;0;1;2;0;2
6814;59762;6814;64;2;1;7;4;0;1;1;1;0;2
6815;59775;6815;23;1;1;7;5;1;0;1;2;0;2
6816;59776;6816;81;1;3;2;6;0;1;1;1;0;2
6817;59776;6817;52;1;1;1;6;1;0;1;2;0;2
6818;59832;6818;72;1;1;7;6;0;1;1;1;0;2
6819;59836;6819;64;3;1;7;4;0;1;1;1;0;2
6820;59836;6820;67;1;1;7;5;1;0;1;2;0;2
6821;59836;6821;21;3;3;1;4;0;1;1;1;0;2
6822;59837;6822;28;4;1;7;0;0;1;0;1;0;1
6823;59837;6823;25;3;3;1;6;0;1;1;1;0;2
6824;59837;6824;67;1;1;7;6;0;1;1;1;0;2
6825;59837;6825;81;3;1;1;6;0;1;1;1;0;2
6826;59838;6826;67;1;1;7;4;0;1;1;1;0;2
6827;59839;6827;72;1;1;7;6;0;1;1;1;0;2
6828;59839;6828;71;1;1;7;6;1;0;1;2;0;2
6829;59839;6829;64;1;1;7;4;0;1;1;1;0;2
6830;59839;6830;63;1;1;7;6;0;1;1;1;0;2
6831;59840;6831;36;3;1;7;6;0;1;1;1;0;2
6832;59841;6832;72;3;1;7;6;1;0;1;2;0;2
6833;59843;6833;81;1;3;2;6;1;1;0;2;0;2
6834;59843;6834;64;3;1;7;6;0;2;0;1;0;2
6835;59845;6835;67;4;3;1;4;0;1;1;1;0;2
6836;59847;6836;67;1;1;7;6;1;0;1;2;0;2
6837;59849;6837;23;2;1;7;6;0;1;1;1;0;2
6838;59849;6838;74;3;1;7;6;0;1;1;1;0;2
6839;59851;6839;86;1;1;7;7;0;1;1;1;0;2
6840;59873;6840;52;1;3;1;6;0;6;0;1;0;6
6841;59884;6841;67;1;1;7;5;0;1;1;1;0;2
6842;59884;6842;17;3;1;7;2;0;1;1;1;0;2
6843;59884;6843;65;1;1;7;6;0;1;1;1;0;2
6844;59884;6844;26;3;3;1;2;0;1;1;1;0;2
6845;59884;6845;52;1;1;7;0;0;1;0;1;0;1
6846;59884;6846;52;1;2;1;0;0;2;0;1;0;2
6847;59884;6847;52;1;1;7;6;0;1;1;1;0;2
6848;59885;6848;52;1;1;4;0;1;0;0;2;0;1
6849;59886;6849;51;3;1;7;3;0;1;1;1;0;2
6850;59886;6850;52;3;1;7;0;0;2;0;1;0;2
6851;59886;6851;81;1;1;7;4;0;1;2;1;0;3
6852;59886;6852;52;3;1;7;0;0;1;0;1;0;1
6853;59889;6853;32;1;1;7;3;0;1;2;1;0;3
6854;59890;6854;65;1;3;1;6;0;1;1;1;0;2
6855;59890;6855;51;1;1;7;6;0;2;2;1;0;4
6856;59891;6856;71;5;3;1;6;0;1;1;1;0;2
6857;59892;6857;67;3;3;2;6;0;1;1;1;0;2
6858;59892;6858;26;4;3;1;2;0;1;1;1;0;2
6859;59892;6859;64;3;3;1;6;0;1;2;1;0;3
6860;59898;6860;26;1;3;1;1;0;1;1;1;0;2
6861;59900;6861;72;1;1;7;6;0;1;1;1;0;2
6862;59907;6862;52;1;1;4;0;0;1;1;1;0;2
6863;59907;6863;21;1;1;7;6;0;2;0;1;0;2
6864;59907;6864;72;1;3;1;6;2;0;1;2;0;3
6865;59907;6865;52;1;1;7;6;1;1;0;2;0;2
6866;59907;6866;21;1;1;7;6;0;1;0;1;0;1
6867;59908;6867;52;1;1;7;6;1;0;2;2;0;3
6868;59910;6868;85;3;1;7;6;1;0;1;2;0;2
6869;59911;6869;21;5;1;7;6;0;3;1;1;0;4
6870;59912;6870;52;1;3;1;0;0;1;0;1;0;1
6871;59913;6871;67;1;1;7;6;0;1;1;1;0;2
6872;59913;6872;71;1;1;7;6;0;1;0;0;0;1
6873;59913;6873;85;3;1;7;6;1;0;1;2;0;2
6874;59913;6874;21;1;1;7;5;0;2;0;1;0;2
6875;59915;6875;21;1;1;7;6;0;1;1;1;0;2
6876;59915;6876;21;1;1;2;6;0;1;1;1;0;2
6877;59916;6877;64;1;1;7;6;0;1;1;1;0;2
6878;59916;6878;72;1;1;7;6;1;0;1;2;0;2
6879;59925;6879;72;1;1;7;3;0;1;1;1;0;2
6880;59935;6880;21;1;1;7;6;0;1;1;1;0;2
6881;59939;6881;85;3;1;1;6;1;0;2;2;0;3
6882;59939;6882;71;1;1;7;6;0;1;1;1;0;2
6883;59944;6883;64;1;1;7;6;0;1;1;1;0;2
6884;59946;6884;72;1;1;1;6;0;1;1;1;0;2
6885;59946;6885;36;1;1;7;6;0;2;0;1;0;2
6886;59946;6886;21;1;1;7;6;0;1;1;1;0;2
6887;59947;6887;72;1;1;1;6;1;0;1;2;0;2
6888;59949;6888;71;1;1;7;6;1;0;1;2;0;2
6889;59949;6889;61;2;1;1;4;0;1;1;1;0;2
6890;59950;6890;28;1;1;7;6;1;1;0;2;0;2
6891;59961;6891;21;1;3;2;7;0;1;1;1;0;2
6892;59962;6892;67;3;1;1;6;0;3;0;1;0;3
6893;59962;6893;63;1;1;7;6;0;2;2;1;0;4
6894;59962;6894;52;3;1;7;0;1;0;0;2;0;1
6895;59964;6895;52;1;1;7;6;0;1;2;1;0;3
6896;59964;6896;63;1;1;7;4;1;0;1;2;0;2
6897;59966;6897;71;1;1;7;6;1;0;1;2;0;2
6898;59968;6898;74;3;1;7;4;0;1;1;1;0;2
6899;59968;6899;81;3;1;7;2;0;1;1;1;0;2
6900;59968;6900;81;3;1;7;6;1;4;0;3;1;6
6901;59969;6901;81;3;1;7;0;0;0;1;0;0;1
6902;59969;6902;74;1;1;7;4;0;1;1;1;0;2
6903;59969;6903;23;3;1;7;5;2;0;2;2;0;4
6904;59969;6904;51;1;1;7;6;0;1;1;1;0;2
6905;59969;6905;81;3;1;7;6;0;1;2;1;0;3
6906;59969;6906;52;3;1;1;4;0;1;1;1;0;2
6907;59969;6907;51;1;6;1;6;0;2;1;1;0;3
6908;59969;6908;81;3;1;7;0;0;0;0;3;0;0
6909;59969;6909;67;3;1;7;6;0;2;0;1;0;2
6910;59972;6910;26;1;1;7;1;0;1;1;1;0;2
6911;59973;6911;64;1;1;7;4;0;1;1;1;0;2
6912;59976;6912;81;3;3;2;6;1;0;1;2;0;2
6913;59976;6913;51;1;1;7;6;0;1;2;1;0;3
6914;59978;6914;71;1;1;7;6;0;1;1;1;0;2
6915;59979;6915;14;3;3;1;6;0;1;1;1;0;2
6916;59979;6916;71;1;1;7;6;0;1;2;1;0;3
6917;59979;6917;81;1;1;7;6;0;1;2;1;0;3
6918;59979;6918;51;1;1;7;6;0;3;6;1;0;9
6919;59980;6919;17;3;2;1;2;0;2;1;1;0;3
6920;59982;6920;72;1;1;7;6;1;0;1;2;0;2
6921;59982;6921;72;1;2;1;6;0;1;1;1;0;2
6922;59982;6922;64;1;1;7;6;0;1;2;1;0;3
6923;59982;6923;52;3;1;7;0;0;2;0;1;0;2
6924;59983;6924;64;1;1;1;4;0;1;1;1;0;2
6925;59987;6925;64;1;1;7;6;0;1;1;1;0;2
6926;59987;6926;52;3;1;7;0;0;1;0;1;0;1
6927;59988;6927;23;1;1;7;5;0;1;1;1;0;2
6928;59989;6928;52;3;1;7;0;0;0;0;3;0;0
6929;59992;6929;51;1;1;7;6;1;0;1;2;0;2
6930;59992;6930;51;1;1;1;6;0;3;0;1;0;3
6931;59992;6931;21;3;1;1;6;0;4;0;1;0;4
6932;59994;6932;72;1;3;2;6;0;1;1;1;0;2
6933;59995;6933;21;1;4;2;6;0;1;1;1;0;2
6934;59995;6934;52;1;3;1;6;0;1;1;1;0;2
6935;60028;6935;24;1;1;7;1;0;1;1;1;0;2
6936;60031;6936;21;1;1;7;6;0;1;1;1;0;2
6937;60031;6937;72;1;1;7;6;1;0;1;2;0;2
6938;60036;6938;52;1;1;7;0;0;1;0;1;0;1
6939;60036;6939;52;1;3;2;0;0;1;0;1;0;1
6940;60038;6940;21;1;1;7;6;0;2;0;1;0;2
6941;60039;6941;52;3;1;7;0;0;1;0;1;0;1
6942;60040;6942;65;1;2;2;4;0;1;1;1;0;2
6943;60040;6943;64;1;3;2;6;0;1;3;1;0;4
6944;60040;6944;81;1;3;1;6;2;0;0;2;0;2
6945;60040;6945;52;1;1;7;0;0;2;0;1;0;2
6946;60040;6946;51;1;1;7;3;0;0;1;3;0;1
6947;60041;6947;81;3;1;7;0;0;0;0;3;0;0
6948;60041;6948;52;1;1;7;4;0;1;1;1;0;2
6949;60041;6949;52;1;1;7;0;0;1;0;1;0;1
6950;60041;6950;67;1;1;7;6;1;1;2;2;0;4
6951;60064;6951;72;3;1;7;6;0;1;1;1;0;2
6952;60086;6952;25;3;1;7;6;0;1;1;1;0;2
6953;60089;6953;25;3;4;3;6;1;0;1;2;0;2
6954;60090;6954;67;1;1;7;6;0;1;1;1;0;2
6955;60091;6955;21;2;1;7;6;0;6;1;1;0;7
6956;60091;6956;67;3;1;7;4;0;1;2;1;0;3
6957;60092;6957;52;3;1;7;0;1;0;0;2;0;1
6958;60092;6958;72;3;1;7;6;0;1;1;1;0;2
6959;60093;6959;18;1;1;7;6;0;1;1;1;0;2
6960;60094;6960;22;1;1;7;4;0;2;0;1;0;2
6961;60118;6961;64;1;1;7;6;1;0;1;2;0;2
6962;60119;6962;51;3;1;7;0;0;1;2;1;0;3
6963;60119;6963;26;1;1;7;1;0;1;1;1;0;2
6964;60119;6964;72;1;1;7;6;1;0;1;2;0;2
6965;60119;6965;41;1;1;7;6;0;1;1;1;0;2
6966;60150;6966;32;1;1;7;6;0;2;1;1;0;3
6967;60177;6967;24;3;2;2;1;0;1;1;1;0;2
6968;60177;6968;66;1;1;7;6;0;1;1;1;0;2
6969;60177;6969;66;1;1;7;6;0;1;1;1;0;2
6970;60177;6970;64;1;1;1;4;0;1;1;1;0;2
6971;60177;6971;64;1;1;7;6;0;1;1;1;0;2
6972;60177;6972;14;1;1;7;4;1;0;1;2;0;2
6973;60177;6973;24;1;1;7;2;0;1;1;1;0;2
6974;60177;6974;72;1;1;7;6;0;1;1;1;0;2
6975;60177;6975;13;1;1;7;6;0;1;2;1;0;3
6976;60177;6976;51;1;3;1;2;0;1;1;1;0;2
6977;60177;6977;66;3;1;7;6;1;0;1;2;0;2
6978;60179;6978;52;3;1;4;6;1;1;0;2;0;2
6979;60179;6979;81;1;1;7;5;0;1;1;1;0;2
6980;60179;6980;67;1;1;7;6;1;1;0;3;0;2
6981;60179;6981;51;3;1;1;6;0;1;1;1;0;2
6982;60189;6982;67;1;3;1;6;0;1;1;1;0;2
6983;60189;6983;21;5;6;1;6;0;3;0;1;0;3
6984;60197;6984;81;5;1;7;6;2;0;1;2;0;3
6985;60204;6985;52;2;1;7;0;0;1;0;1;0;1
6986;60205;6986;81;5;1;1;0;1;1;0;2;0;2
6987;60205;6987;36;2;1;1;6;0;3;0;1;0;3
6988;60206;6988;52;1;1;7;0;1;0;0;2;0;1
6989;60218;6989;36;3;1;7;6;1;0;1;3;0;2
6990;60218;6990;23;1;1;7;7;1;1;1;2;0;3
6991;60219;6991;21;4;1;7;6;0;1;2;1;0;3
6992;60220;6992;26;1;1;7;2;0;1;1;1;0;2
6993;60220;6993;52;1;1;4;0;0;1;0;1;0;1
6994;60220;6994;52;2;1;7;0;0;1;0;1;0;1
6995;60220;6995;18;1;1;7;3;1;0;1;2;0;2
6996;60236;6996;67;1;1;7;6;0;1;1;1;0;2
6997;60236;6997;81;3;1;1;6;1;2;0;2;0;3
6998;60236;6998;72;1;1;7;6;0;1;1;1;0;2
6999;60237;6999;67;4;1;7;6;0;2;0;1;0;2
7000;60259;7000;36;3;1;5;4;0;0;1;3;0;1
7001;60263;7001;81;2;1;7;6;0;2;1;1;0;3
7002;60263;7002;52;3;1;1;0;0;2;0;1;0;2
7003;60263;7003;52;3;6;7;6;0;1;1;1;0;2
7004;60270;7004;25;1;1;7;6;0;1;2;1;0;3
7005;60273;7005;71;1;2;2;6;0;1;1;1;0;2
7006;60273;7006;18;1;1;7;6;0;1;1;1;0;2
7007;60282;7007;51;1;1;7;5;0;1;1;1;0;2
7008;60282;7008;51;4;2;2;3;0;1;1;1;0;2
7009;60282;7009;52;1;3;2;6;1;1;0;2;0;2
7010;60301;7010;72;1;1;7;6;0;1;1;1;0;2
7011;60301;7011;72;1;1;7;6;0;0;1;3;0;1
7012;60805;7012;72;1;1;7;6;0;1;1;1;0;2
7013;60812;7013;64;1;1;7;6;0;1;1;1;0;2
7014;60816;7014;75;1;1;7;6;0;1;1;1;0;2
7015;60816;7015;72;3;1;7;6;0;1;1;1;0;2
7016;60817;7016;51;3;3;1;6;0;1;1;1;0;2
7017;60818;7017;41;1;1;7;2;0;1;1;1;0;2
7018;60819;7018;51;1;1;7;6;0;1;1;1;0;2
7019;60820;7019;24;1;1;7;3;0;1;1;1;0;2
7020;60820;7020;64;2;1;7;6;0;1;1;1;0;2
7021;60822;7021;18;1;1;7;4;0;1;1;1;0;2
7022;60822;7022;74;3;1;1;6;0;0;1;3;0;1
7023;60823;7023;72;1;1;7;6;0;1;1;1;0;2
7024;60823;5925;72;1;1;7;6;0;1;1;1;0;2
7025;60823;7025;27;1;7;1;0;0;1;0;1;0;1
7026;60824;7026;72;1;1;7;6;0;1;1;1;0;2
7027;60824;7027;20;3;1;7;1;0;1;1;1;0;2
7028;60825;7028;64;1;1;7;4;0;1;1;1;0;2
7029;60825;7029;71;3;1;1;6;0;1;1;1;0;2
7030;60825;7030;64;1;1;7;2;0;0;1;3;0;1
7031;60825;7031;71;3;1;7;6;0;1;1;1;0;2
7032;60825;7032;71;1;1;7;6;0;1;1;1;0;2
7033;60825;7033;71;1;3;2;6;0;1;1;1;0;2
7034;60825;7034;22;2;1;7;6;0;1;2;1;0;3
7035;60825;7035;71;1;1;7;6;0;1;1;1;0;2
7036;60825;7036;64;3;1;7;6;1;0;1;2;0;2
7037;60826;7037;61;1;1;7;3;0;1;1;1;0;2
7038;60826;7038;66;1;1;7;2;0;1;1;1;0;2
7039;60826;7039;35;1;1;7;4;0;1;1;1;0;2
7040;60827;7040;18;1;1;7;5;0;1;1;1;0;2
7041;60829;928;72;1;3;2;6;0;1;1;1;0;2
7042;60829;7042;22;1;1;7;5;0;1;1;1;0;2
7043;60829;7043;71;1;1;7;6;0;1;0;1;0;1
7044;60829;7044;64;1;3;1;6;0;1;1;1;0;2
7045;60829;7045;22;1;1;7;6;0;1;1;1;0;2
7046;60830;7046;72;2;1;7;6;0;1;1;1;0;2
7047;60830;7047;67;2;1;7;6;0;3;0;1;0;3
7048;60830;7048;72;1;1;7;6;0;1;1;1;0;2
7049;60830;7049;72;1;1;7;6;0;1;1;1;0;2
7050;60832;7050;71;1;3;5;6;0;1;1;1;0;2
7051;60832;7051;72;1;1;7;6;0;1;1;1;0;2
7052;60832;7052;64;1;3;2;4;0;1;1;1;0;2
7053;60832;7053;51;1;1;7;3;0;1;1;1;0;2
7054;60832;7054;67;1;1;7;6;0;1;1;1;0;2
7055;60832;7055;73;1;1;7;7;1;0;1;2;0;2
7056;60832;7056;23;1;1;7;3;0;1;0;1;0;1
7057;60835;7057;72;1;1;7;6;0;1;1;1;0;2
7058;60836;7058;72;1;1;7;6;0;1;1;1;0;2
7059;60837;7059;72;1;1;7;6;0;1;1;1;0;2
7060;60839;7060;71;1;3;2;6;1;0;2;2;0;3
7061;60839;7061;61;1;1;7;3;0;1;1;1;0;2
7062;60842;7062;72;1;1;7;6;0;1;1;1;0;2
7063;60842;7063;24;1;1;7;4;0;1;1;1;0;2
7064;60842;7064;52;1;1;7;2;0;2;1;1;0;3
7065;60843;7065;52;1;1;7;6;0;1;1;1;0;2
7066;60843;7066;25;3;1;7;6;0;1;0;1;0;1
7067;60846;7067;53;3;1;7;0;0;1;1;1;0;2
7068;60849;7068;72;1;1;7;4;0;2;0;1;0;2
7069;60849;7069;71;1;3;1;6;0;1;1;1;0;2
7070;60849;7070;72;2;1;7;6;1;0;2;2;0;3
7071;60849;7071;71;1;1;7;4;0;1;1;1;0;2
7072;60850;7072;26;3;1;7;2;0;0;1;3;0;1
7073;60850;7073;35;1;1;7;3;0;1;1;1;0;2
7074;60851;7074;51;1;1;7;3;1;0;1;2;0;2
7075;60851;7075;71;1;1;7;6;0;1;1;1;0;2
7076;60851;7076;72;1;1;7;6;0;1;1;1;0;2
7077;60852;7077;71;2;3;2;4;0;3;0;1;0;3
7078;60852;7078;36;1;1;7;3;0;1;1;1;0;2
7079;60852;7079;26;1;1;7;1;1;0;2;2;0;3
7080;60853;7080;71;1;1;7;6;0;1;1;1;0;2
7081;60854;7081;71;3;1;7;6;0;1;1;1;0;2
7082;60854;7082;71;1;1;7;6;0;1;1;1;0;2
7083;60854;7083;71;1;1;7;6;0;1;1;1;0;2
7084;60854;7084;71;1;3;1;6;0;1;1;1;0;2
7085;60855;7085;71;1;1;7;6;0;1;1;1;0;2
7086;60855;7086;26;3;1;7;1;0;1;1;1;0;2
7087;60855;7087;72;1;1;7;6;0;1;1;1;0;2
7088;60855;7088;71;3;1;7;6;0;1;1;1;0;2
7089;60856;7089;72;1;3;2;6;0;1;1;1;0;2
7090;60856;7090;11;1;1;7;6;0;1;1;1;0;2
7091;60857;7091;72;1;1;7;6;0;1;1;1;0;2
7092;60857;7092;71;3;1;7;6;0;1;1;1;0;2
7093;60864;7093;62;1;1;7;5;0;1;1;1;0;2
7094;60865;7094;72;1;1;7;6;1;0;2;2;0;3
7095;60865;7095;72;3;3;1;6;0;1;1;1;0;2
7096;60868;7096;23;1;1;7;5;0;1;1;1;0;2
7097;60868;7097;22;1;1;7;4;0;1;1;1;0;2
7098;60868;7098;71;1;1;7;6;0;1;1;1;0;2
7099;60868;7099;25;3;1;7;6;0;3;0;1;0;3
7100;60868;7100;23;1;1;7;5;0;1;2;1;0;3
7101;60868;7101;71;1;1;7;6;0;1;1;1;0;2
7102;60868;7102;64;1;1;7;6;0;1;1;1;0;2
7103;60868;7103;23;1;1;7;6;0;2;0;1;0;2
7104;60868;7104;18;1;1;7;4;3;0;1;2;0;4
7105;60868;7105;81;3;1;7;6;0;3;1;1;0;4
7106;60868;7106;64;1;1;7;6;0;1;1;1;0;2
7107;60868;7107;72;3;1;7;6;0;1;1;1;0;2
7108;60868;7108;26;1;1;7;2;0;1;1;1;0;2
7109;60868;7109;36;1;1;7;0;0;1;2;1;0;3
7110;60868;7110;72;3;3;1;6;0;1;1;1;0;2
7111;60868;7111;51;3;1;7;6;0;1;1;1;0;2
7112;60868;7112;23;1;3;1;6;0;1;1;1;0;2
7113;60868;7113;71;1;1;7;6;0;1;1;1;0;2
7114;60868;7114;35;1;3;1;4;0;1;1;1;0;2
7115;60868;7115;22;1;1;7;6;0;1;1;1;0;2
7116;60868;7116;63;3;1;1;6;0;1;2;1;0;3
7117;60877;7117;25;1;3;2;0;0;1;0;1;0;1
7118;60878;7118;72;1;1;7;6;0;1;1;1;0;2
7119;60881;7119;81;3;1;7;2;0;1;1;1;0;2
7120;60881;7120;21;1;1;7;6;0;1;1;1;0;2
7121;60890;7121;63;3;1;7;4;0;1;1;1;0;2
7122;60890;7122;71;1;6;1;6;0;1;1;1;0;2
7123;60890;7123;72;1;1;7;6;0;1;1;1;0;2
7124;60891;7124;71;3;1;7;6;0;1;1;1;0;2
7125;60891;7125;71;1;1;7;6;0;1;0;1;0;1
7126;60893;7126;64;1;1;7;4;0;1;1;1;0;2
7127;60894;7127;71;1;1;7;6;0;1;1;1;0;2
7128;60894;7128;72;1;3;1;6;0;1;1;1;0;2
7129;60895;7129;64;1;1;7;6;0;1;1;1;0;2
7130;60896;7130;72;1;1;7;6;1;0;1;2;0;2
7131;60896;7131;72;1;1;7;6;0;1;3;1;0;4
7132;60896;7132;72;1;1;7;6;0;1;1;1;0;2
7133;60896;7133;64;2;1;7;6;0;1;1;1;0;2
7134;60896;7134;72;1;1;7;6;0;1;1;1;0;2
7135;60897;7135;99;1;1;7;6;0;1;1;1;0;2
7136;60899;7136;73;1;1;7;6;0;1;2;1;0;3
7137;60901;7137;63;1;1;7;4;0;1;1;1;0;2
7138;60902;7138;72;2;3;1;6;0;1;1;1;0;2
7139;60905;7139;52;1;4;4;0;0;1;1;1;0;2
7140;60905;7140;71;1;1;7;6;0;1;1;1;0;2
7141;60908;7141;72;1;1;7;6;0;1;1;1;0;2
7142;60908;7142;72;1;1;7;6;0;1;1;1;0;2
7143;60908;7143;61;1;1;7;3;0;1;1;1;0;2
7144;60909;7144;72;1;1;7;6;1;0;1;2;0;2
7145;60909;7145;72;1;1;7;6;1;0;1;2;0;2
7146;60910;7146;72;1;1;7;6;0;1;1;1;0;2
7147;60910;7147;64;1;3;1;2;0;1;1;1;0;2
7148;60911;7148;72;1;1;2;6;0;1;1;1;0;2
7149;60911;7149;72;3;3;1;6;0;1;1;1;0;2
7150;60911;506;71;1;1;7;6;0;1;1;1;0;2
7151;60911;7151;72;1;1;1;6;0;1;1;1;0;2
7152;60913;7152;71;1;1;1;6;0;1;1;1;0;2
7153;60914;7153;72;1;1;7;6;0;1;1;1;0;2
7154;60914;7154;71;1;1;7;6;0;1;1;1;0;2
7155;60915;7155;67;1;1;7;4;0;1;1;1;0;2
7156;60916;7156;63;1;1;7;6;0;1;1;1;0;2
7157;60918;6709;71;1;1;7;6;0;1;1;1;0;2
7158;60918;7158;25;1;1;7;6;0;1;1;1;0;2
7159;60918;7159;71;1;1;7;6;0;1;2;1;0;3
7160;60924;7160;52;1;1;7;0;1;1;0;2;0;2
7161;60924;7161;72;1;1;7;6;0;1;1;1;0;2
7162;60924;3440;72;1;2;1;6;0;1;1;1;0;2
7163;60925;7163;51;1;3;2;4;0;1;1;1;0;2
7164;60925;7164;51;1;1;7;7;0;1;1;1;0;2
7165;60925;7165;25;1;1;7;6;0;2;4;1;0;6
7166;60925;7166;25;3;1;7;6;0;1;2;1;0;3
7167;60925;7167;51;3;1;7;7;1;0;0;2;0;1
7168;60925;7168;52;3;1;7;0;1;2;1;2;0;4
7169;60925;7169;25;1;1;7;7;1;0;1;2;0;2
7170;60925;7170;52;3;1;7;0;1;2;0;2;0;3
7171;60925;7171;52;1;3;2;0;0;1;0;1;0;1
7172;60925;7172;25;1;3;1;1;0;1;1;1;0;2
7173;60925;7173;51;1;1;7;0;0;2;0;1;0;2
7174;60925;7174;51;2;3;1;7;1;0;1;2;0;2
7175;60925;7175;52;1;1;7;6;0;2;1;1;0;3
7176;60925;7176;25;1;1;7;6;0;2;0;1;0;2
7177;60928;7177;25;3;1;7;6;0;1;1;1;0;2
7178;60930;7178;20;1;1;7;2;0;2;1;1;0;3
7179;60937;7179;20;1;3;2;2;0;1;1;1;0;2
7180;60937;7180;51;1;1;7;2;0;1;1;1;0;2
7181;60937;7181;25;1;1;7;6;0;2;0;1;0;2
7182;60938;7182;64;1;1;7;6;0;1;1;1;0;2
7183;60938;7183;71;1;1;7;6;0;2;1;1;0;3
7184;60938;7184;72;1;1;7;6;0;1;1;1;0;2
7185;60938;7185;71;1;1;7;6;0;1;1;1;0;2
7186;60938;7186;71;2;1;7;6;0;1;0;1;0;1
7187;60940;7187;64;2;6;7;2;0;1;1;1;0;2
7188;60941;7188;61;1;3;1;4;0;1;1;1;0;2
7189;60941;7189;25;1;1;7;6;0;1;1;1;0;2
7190;60941;7190;71;1;1;7;6;0;1;1;1;0;2
7191;60941;7191;22;1;1;7;6;0;1;1;1;0;2
7192;60941;7192;52;3;3;1;6;2;0;2;2;0;4
7193;60948;7193;73;1;1;7;3;0;1;1;1;0;2
7194;60948;7194;51;1;1;7;6;0;1;1;1;0;2
7195;60948;7195;32;1;1;7;6;0;1;1;1;0;2
7196;60948;7196;72;1;1;7;6;0;1;1;1;0;2
7197;60948;7197;72;1;1;7;6;0;1;1;1;0;2
7198;60951;7198;72;1;1;7;6;0;1;1;1;0;2
7199;60951;7199;26;1;1;7;1;0;1;1;1;0;2
7200;60952;7200;71;1;1;7;6;1;0;1;2;0;2
7201;60962;7201;52;1;1;7;6;0;1;3;1;0;4
7202;60962;7202;26;1;1;7;1;0;1;1;1;0;2
7203;60963;7203;71;1;1;7;6;0;1;1;1;0;2
7204;60964;7204;51;1;1;7;6;0;1;1;1;0;2
7205;60964;7205;52;1;2;2;6;1;0;1;2;0;2
7206;60964;7206;51;3;3;1;6;0;1;1;1;0;2
7207;60968;7207;63;1;1;7;3;0;1;1;1;0;2
7208;60969;7208;71;1;1;7;6;0;1;1;1;0;2
7209;60969;7209;51;1;1;7;7;0;1;1;1;0;2
7210;60969;7210;51;1;1;7;3;0;1;1;1;0;2
7211;60969;7211;61;1;1;7;3;0;1;1;1;0;2
7212;60969;7212;25;3;1;1;6;0;2;1;1;0;3
7213;60970;7213;25;3;3;2;6;0;2;0;1;0;2
7214;60970;7214;20;1;1;7;2;0;1;1;1;0;2
7215;60971;7215;71;4;1;7;6;1;0;1;2;0;2
7216;60971;7216;63;1;1;7;6;0;1;1;1;0;2
7217;60971;7217;20;1;1;7;2;0;1;1;1;0;2
7218;60971;7218;36;1;1;7;3;0;1;0;1;0;1
7219;60971;7219;63;1;1;7;6;0;1;1;1;0;2
7220;60971;7220;51;1;1;7;6;0;2;1;1;0;3
7221;60972;7221;71;1;1;7;6;0;1;1;1;0;2
7222;60972;7222;36;1;1;7;7;1;0;2;2;0;3
7223;60972;7223;72;1;1;7;6;0;1;2;1;0;3
7224;60972;7224;71;3;1;7;6;0;1;2;1;0;3
7225;60974;7225;21;3;4;2;6;0;2;0;1;0;2
7226;60974;7226;51;1;1;7;6;0;2;2;1;0;4
7227;60974;7227;21;3;1;7;6;1;2;0;2;0;3