accident_id;lieu_id;date_id;cause_id;lum_id;intemp_id;etat_surface_id;impliq_id;nb_blesses_graves;nb_blesses_legers;nb_indemnes;gravite;nb_morts;nb_impliqués
7228;60974;7228;21;3;4;3;4;1;0;1;2;0;2
7229;60974;7229;81;1;1;7;6;0;1;1;1;0;2
7230;60976;7230;21;1;1;7;6;0;1;1;1;0;2
7231;60977;7231;71;1;1;1;6;0;1;1;1;0;2
7232;60977;7232;71;1;2;1;6;0;1;1;1;0;2
7233;60977;7233;35;1;1;7;4;0;1;1;1;0;2
7234;60977;7234;99;1;1;7;6;0;1;2;1;0;3
7235;60978;7235;72;1;1;7;5;0;1;1;1;0;2
7236;60979;7236;72;1;1;7;6;0;1;1;1;0;2
7237;60980;7237;25;1;6;7;6;0;1;1;1;0;2
7238;60980;7238;81;3;3;1;6;0;1;0;1;0;1
7239;60981;7239;71;1;1;7;6;0;1;1;1;0;2
7240;60983;7240;26;1;1;7;2;0;1;1;1;0;2
7241;60983;7241;71;3;1;7;6;0;1;1;1;0;2
7242;60984;7242;71;3;3;1;6;0;1;1;1;0;2
7243;60985;7243;52;3;1;7;0;0;2;0;1;0;2
7244;60985;7244;71;1;1;7;6;0;1;1;1;0;2
7245;60985;7245;26;1;6;7;1;0;1;1;1;0;2
7246;60985;7246;11;1;3;1;6;0;1;1;1;0;2
7247;60985;7247;51;1;1;7;6;0;1;2;1;0;3
7248;60985;7248;51;1;1;7;6;0;1;1;1;0;2
7249;60985;7249;81;3;1;7;2;0;0;1;3;0;1
7250;60986;7250;72;1;1;7;1;0;2;1;1;0;3
7251;60986;7251;72;1;1;7;8;1;0;1;2;0;2
7252;60987;7252;72;1;1;7;6;0;1;0;1;0;1
7253;60987;7253;72;1;1;7;6;0;1;1;1;0;2
7254;60987;7254;26;1;1;7;1;0;1;1;1;0;2
7255;60988;7255;52;1;1;7;0;0;2;0;1;0;2
7256;60989;7256;72;1;1;7;6;0;1;1;1;0;2
7257;60989;7257;52;1;1;7;2;1;2;0;2;0;3
7258;60990;7258;36;1;1;7;6;0;1;1;1;0;2
7259;60992;5009;63;3;1;7;4;0;1;1;1;0;2
7260;61004;7260;71;1;1;7;6;0;1;1;1;0;2
7261;61005;7261;72;1;1;7;6;0;1;1;1;0;2
7262;61006;7262;71;1;3;1;6;0;1;1;1;0;2
7263;61008;7263;52;3;1;1;0;0;1;0;1;0;1
7264;61008;7264;71;1;1;7;6;0;1;1;1;0;2
7265;61015;7265;71;1;1;7;6;1;0;1;2;0;2
7266;61017;7266;62;1;1;7;1;0;1;1;1;0;2
7267;61020;1471;21;1;1;7;6;0;1;2;1;0;3
7268;61020;7268;72;1;1;7;6;1;0;1;2;0;2
7269;61027;7269;72;1;1;7;6;0;1;2;1;0;3
7270;61027;7270;72;2;1;1;6;0;0;1;3;0;1
7271;61027;7271;51;3;1;7;6;0;1;1;1;0;2
7272;61045;7272;71;1;1;7;6;0;1;1;1;0;2
7273;61046;7273;72;1;1;7;6;0;1;1;1;0;2
7274;61046;7274;72;1;1;7;6;0;1;1;1;0;2
7275;61047;7275;64;1;1;7;6;0;1;1;1;0;2
7276;61055;7276;52;1;1;7;0;1;1;2;3;1;5
7277;61059;7277;26;1;1;7;2;0;1;1;1;0;2
7278;61063;7278;71;1;1;7;5;0;1;1;1;0;2
7279;61069;7279;81;1;1;7;1;0;1;1;1;0;2
7280;61070;7280;71;1;1;7;6;0;1;1;1;0;2
7281;61070;7281;72;1;1;7;6;1;0;1;2;0;2
7282;61070;7282;72;1;1;7;6;0;1;1;1;0;2
7283;61071;7283;63;1;3;1;6;0;1;2;1;0;3
7284;61071;7284;72;1;1;7;6;0;1;1;1;0;2
7285;61073;7285;25;1;1;7;6;0;1;1;1;0;2
7286;61074;7286;72;1;1;7;6;0;1;1;1;0;2
7287;61078;7287;67;3;3;1;5;0;1;1;1;0;2
7288;61078;7288;23;1;1;7;5;0;1;2;1;0;3
7289;61078;7289;71;3;6;1;6;0;1;1;1;0;2
7290;61078;7290;72;1;1;7;6;0;1;1;1;0;2
7291;61078;7291;36;3;2;1;6;0;2;0;1;0;2
7292;61080;7292;72;2;1;7;6;0;1;1;1;0;2
7293;61080;7293;20;1;1;7;2;0;1;1;1;0;2
7294;61080;7294;67;3;3;1;4;0;1;1;1;0;2
7295;61083;7295;21;1;1;7;6;0;1;1;1;0;2
7296;61083;7296;81;3;2;1;6;1;0;1;2;0;2
7297;61083;7297;52;1;3;1;0;0;6;0;1;0;6
7298;61089;7298;64;1;3;2;3;0;1;1;1;0;2
7299;61093;7299;20;1;1;7;1;0;1;1;1;0;2
7300;61093;7300;72;1;1;7;6;0;1;1;1;0;2
7301;61095;7301;67;1;1;7;6;0;1;1;1;0;2
7302;61095;7302;51;1;1;7;0;0;1;0;1;0;1
7303;61101;7303;72;1;1;7;6;0;1;1;1;0;2
7304;61101;7304;72;1;1;7;6;0;1;1;1;0;2
7305;61101;7305;61;3;1;7;5;0;1;1;1;0;2
7306;61101;7306;26;1;3;1;1;0;1;1;1;0;2
7307;61102;7307;25;3;1;7;7;0;1;1;1;0;2
7308;61103;7308;72;1;1;7;6;0;1;1;1;0;2
7309;61104;7309;25;3;1;7;0;0;1;0;1;0;1
7310;61104;7310;25;3;1;7;6;0;2;0;1;0;2
7311;61104;7311;51;3;2;1;6;0;3;1;1;0;4
7312;61104;7312;52;1;1;7;6;0;1;1;1;0;2
7313;61105;7313;72;1;1;7;6;1;0;2;2;0;3
7314;61105;7314;21;1;1;7;8;0;2;1;1;0;3
7315;61105;7315;71;1;1;7;6;0;1;1;1;0;2
7316;61105;7316;71;1;1;7;6;0;1;1;1;0;2
7317;61105;7317;71;3;1;7;6;0;1;1;1;0;2
7318;61106;7318;72;1;3;2;6;0;1;1;1;0;2
7319;61109;7319;73;1;1;7;6;0;0;1;3;0;1
7320;61110;7320;63;1;3;2;6;0;1;1;1;0;2
7321;61110;7321;72;2;1;7;6;0;1;1;1;0;2
7322;61110;7322;72;1;1;7;6;0;1;1;1;0;2
7323;61110;7323;71;2;1;7;6;0;1;0;1;0;1
7324;61112;7324;72;1;1;7;6;0;1;1;1;0;2
7325;61112;7325;72;1;1;7;6;0;1;1;1;0;2
7326;61112;7326;72;1;1;7;6;0;1;1;1;0;2
7327;61113;7327;25;1;1;1;6;0;2;2;1;0;4
7328;61116;7328;72;1;1;7;6;0;1;1;1;0;2
7329;61123;7329;72;3;1;7;6;0;2;1;1;0;3
7330;61123;7330;51;1;3;2;6;0;1;3;1;0;4
7331;61123;7331;23;1;1;7;6;0;2;0;1;0;2
7332;61123;7332;72;2;1;7;6;0;1;1;1;0;2
7333;61123;7333;51;1;1;7;6;0;1;1;1;0;2
7334;61123;7334;51;1;2;1;7;0;2;0;1;0;2
7335;61124;7335;72;1;1;7;6;0;1;1;1;0;2
7336;61124;7336;24;1;1;7;4;0;1;1;1;0;2
7337;61124;7337;71;1;1;7;6;0;1;1;1;0;2
7338;61125;7338;71;1;1;7;6;0;1;1;1;0;2
7339;61125;7339;72;1;1;7;6;0;1;1;1;0;2
7340;61131;7340;51;1;1;7;2;0;2;1;1;0;3
7341;61132;7341;64;1;1;7;4;0;1;1;1;0;2
7342;61132;7342;51;1;1;7;3;0;1;1;1;0;2
7343;61132;7343;71;1;1;7;6;0;1;1;1;0;2
7344;61132;7344;72;1;1;7;6;0;1;1;1;0;2
7345;61134;7345;64;1;1;7;5;0;1;4;1;0;5
7346;61136;7346;71;1;2;2;6;0;1;1;1;0;2
7347;61136;7347;71;1;1;7;6;0;1;1;1;0;2
7348;61137;7348;62;1;1;7;4;0;1;1;1;0;2
7349;61142;7349;72;1;1;7;6;0;1;1;1;0;2
7350;61150;7350;28;2;3;1;9;0;2;0;1;0;2
7351;61164;7351;72;3;1;7;6;0;1;1;1;0;2
7352;61164;7352;62;1;1;7;2;0;1;1;1;0;2
7353;61165;7353;72;1;1;7;6;0;1;1;1;0;2
7354;61166;7354;62;1;1;7;6;0;1;1;1;0;2
7355;61170;7355;21;1;1;7;6;0;1;1;1;0;2
7356;61176;7356;72;1;1;7;5;0;1;1;1;0;2
7357;61176;7357;72;1;1;7;6;0;1;1;1;0;2
7358;61176;7358;71;1;3;1;6;0;1;1;1;0;2
7359;61176;7359;81;3;1;7;2;0;1;1;1;0;2
7360;61177;7360;25;1;1;7;6;0;2;1;1;0;3
7361;61177;7361;26;2;1;7;2;0;1;1;1;0;2
7362;61177;7362;72;1;1;7;6;0;1;1;1;0;2
7363;61179;7363;26;1;1;7;2;0;1;1;1;0;2
7364;61179;7364;71;1;1;7;6;0;1;1;1;0;2
7365;61179;7365;73;3;1;7;6;1;0;2;2;0;3
7366;61179;7366;63;3;1;1;5;0;1;1;1;0;2
7367;61179;7367;72;1;1;7;6;0;1;1;1;0;2
7368;61179;7368;51;1;1;7;6;0;1;2;1;0;3
7369;61180;7369;25;5;1;7;6;0;1;1;1;0;2
7370;61181;7370;25;3;1;7;6;0;3;0;1;0;3
7371;61182;7371;72;3;3;1;6;0;1;1;1;0;2
7372;61182;7372;72;1;1;7;6;1;0;1;2;0;2
7373;61182;7373;72;1;1;7;6;0;1;1;1;0;2
7374;61182;7374;51;1;1;7;7;0;1;1;1;0;2
7375;61182;7375;52;3;2;1;0;0;2;1;1;0;3
7376;61182;7376;71;1;1;7;6;0;1;1;1;0;2
7377;61182;7377;72;1;1;7;7;0;1;1;1;0;2
7378;61183;7378;71;3;2;1;6;0;1;1;1;0;2
7379;61184;7379;51;1;1;7;9;0;1;0;1;0;1
7380;61184;7380;81;1;1;7;1;0;1;1;1;0;2
7381;61184;7381;72;3;1;7;6;0;1;1;1;0;2
7382;61188;4898;72;1;1;7;6;0;1;1;1;0;2
7383;61188;7383;71;1;1;7;6;0;1;1;1;0;2
7384;61189;7384;72;1;1;7;6;1;0;1;2;0;2
7385;61189;7385;72;1;1;7;4;1;0;1;2;0;2
7386;61189;7386;51;1;1;7;3;0;1;1;1;0;2
7387;61189;7387;71;1;1;7;6;1;0;1;2;0;2
7388;61189;7388;71;1;1;7;6;0;1;2;1;0;3
7389;61199;7389;71;1;1;7;6;0;2;1;1;0;3
7390;61199;7390;72;3;1;7;6;0;1;1;1;0;2
7391;61203;7391;72;1;1;7;6;1;0;1;2;0;2
7392;61204;7392;72;1;1;7;4;0;3;0;1;0;3
7393;61205;7393;82;1;1;7;6;0;2;0;1;0;2
7394;61205;7394;64;3;7;1;4;0;1;1;1;0;2
7395;61206;7395;64;1;1;7;6;0;1;1;1;0;2
7396;61210;7396;72;1;1;7;6;0;1;1;1;0;2
7397;61213;7397;82;1;1;7;6;0;1;2;1;0;3
7398;61213;7398;71;1;1;7;6;0;1;1;1;0;2
7399;61214;7399;51;1;1;7;6;0;1;1;1;0;2
7400;61216;7400;72;1;1;7;6;0;1;1;1;0;2
7401;61216;7401;71;1;1;7;6;0;1;1;1;0;2
7402;61216;7402;25;1;1;7;6;0;1;1;1;0;2
7403;61216;7403;73;3;1;7;6;0;1;1;1;0;2
7404;61216;7404;72;2;1;7;6;0;1;1;1;0;2
7405;61216;7405;72;3;1;1;6;0;1;1;1;0;2
7406;61217;7406;26;1;3;1;1;0;1;1;1;0;2
7407;61220;7407;52;3;1;7;0;0;2;0;1;0;2
7408;61220;7408;72;3;1;7;6;0;1;1;1;0;2
7409;61228;7409;72;1;1;7;6;0;1;1;1;0;2
7410;61233;7410;72;1;1;7;6;0;1;1;1;0;2
7411;61233;7411;72;1;1;7;6;0;1;1;1;0;2
7412;61233;7412;72;1;1;7;6;0;1;1;1;0;2
7413;61234;7413;72;1;1;7;6;0;1;1;1;0;2
7414;61234;7414;72;1;1;7;6;0;1;3;1;0;4
7415;61236;7415;25;2;1;7;6;0;1;1;1;0;2
7416;61236;7416;52;1;1;7;0;0;1;1;1;0;2
7417;61238;7417;74;1;1;7;6;0;1;1;1;0;2
7418;61240;7418;72;1;1;7;6;0;1;1;1;0;2
7419;61247;7419;72;1;1;7;3;0;1;1;1;0;2
7420;61247;7420;25;3;1;7;6;0;1;0;1;0;1
7421;61247;7421;82;1;1;7;0;0;1;0;1;0;1
7422;61248;7422;26;1;1;7;1;0;1;1;1;0;2
7423;61248;7423;71;1;1;7;6;0;1;2;1;0;3
7424;61248;7424;71;3;6;7;6;0;1;1;1;0;2
7425;61249;7425;71;3;1;7;6;0;1;1;1;0;2
7426;61256;7426;72;1;1;7;6;0;1;1;1;0;2
7427;61258;7427;71;1;1;7;6;0;1;1;1;0;2
7428;61264;7428;71;1;1;7;6;0;1;0;1;0;1
7429;61265;7429;72;1;3;2;6;0;1;1;1;0;2
7430;61266;7430;71;1;1;7;6;0;1;5;1;0;6
7431;61266;7431;72;1;1;7;6;0;1;1;1;0;2
7432;61266;7432;67;1;3;2;5;0;3;2;1;0;5
7433;61266;7433;72;3;1;7;6;0;1;1;1;0;2
7434;61266;7434;71;1;1;1;6;0;1;1;1;0;2
7435;61266;7435;72;1;1;7;6;0;2;1;1;0;3
7436;61267;7436;71;1;1;7;6;0;1;1;1;0;2
7437;61267;7437;71;3;1;7;6;1;0;1;2;0;2
7438;61268;7438;25;1;1;7;6;0;1;2;1;0;3
7439;61268;7439;72;3;1;7;6;0;1;1;1;0;2
7440;61268;7440;71;3;3;1;6;0;1;1;1;0;2
7441;61269;7441;71;1;3;1;6;0;1;1;1;0;2
7442;61273;7442;51;3;1;7;6;0;1;2;1;0;3
7443;61273;7443;64;1;1;7;2;0;1;1;1;0;2
7444;61277;7444;82;1;1;7;6;0;1;1;1;0;2
7445;61277;7445;72;1;1;7;5;0;1;1;1;0;2
7446;61279;7446;51;3;3;2;0;0;2;0;1;0;2
7447;61279;7447;25;3;1;7;0;0;1;1;1;0;2
7448;61279;7448;25;1;1;7;6;0;1;1;1;0;2
7449;61279;7449;72;1;1;7;6;0;1;1;1;0;2
7450;61280;7450;72;1;1;2;4;0;1;1;1;0;2
7451;61280;7451;72;1;1;7;6;0;1;1;1;0;2
7452;61280;7452;72;1;1;7;6;0;1;1;1;0;2
7453;61282;7453;51;2;3;1;6;0;1;2;1;0;3
7454;61285;7454;72;1;1;7;6;0;1;1;1;0;2
7455;61285;7455;71;1;1;7;6;0;1;1;1;0;2
7456;61285;7456;71;2;1;7;6;0;1;1;1;0;2
7457;61285;7457;71;1;1;7;6;0;1;1;1;0;2
7458;61285;7458;25;1;1;7;6;0;1;1;1;0;2
7459;61286;7459;72;1;1;7;6;0;1;1;1;0;2
7460;61287;7460;41;1;1;7;6;0;1;1;1;0;2
7461;61288;7461;62;1;1;2;4;0;1;1;1;0;2
7462;61288;7462;51;1;1;7;6;0;1;1;1;0;2
7463;61289;7463;72;1;1;7;6;0;1;1;1;0;2
7464;61292;7464;72;1;1;7;6;0;1;1;1;0;2
7465;61292;7465;72;1;1;7;6;0;1;1;1;0;2
7466;61292;7466;72;1;1;7;6;0;1;3;1;0;4
7467;61292;3173;72;1;1;7;6;0;1;1;1;0;2
7468;61292;7468;72;1;1;7;6;0;0;2;3;0;2
7469;61292;7469;72;1;1;7;6;0;1;1;1;0;2
7470;61292;7470;72;1;1;7;6;0;1;1;1;0;2
7471;61292;7471;72;1;1;7;6;0;1;1;1;0;2
7472;61292;7472;52;3;1;7;6;0;2;0;1;0;2
7473;61292;7473;72;3;1;7;6;0;1;1;1;0;2
7474;61292;7474;72;1;1;1;6;0;1;1;1;0;2
7475;61294;7475;72;3;3;1;6;0;1;1;1;0;2
7476;61298;7476;71;2;1;7;6;0;1;1;1;0;2
7477;61298;7477;99;1;1;7;1;0;1;1;1;0;2
7478;61298;7478;51;3;1;7;2;0;2;2;1;0;4
7479;61306;7479;71;1;1;7;6;1;0;1;2;0;2
7480;61308;7480;72;1;1;7;6;0;1;1;1;0;2
7481;61308;7481;51;1;1;1;7;0;1;1;1;0;2
7482;61308;7482;52;3;1;7;0;0;1;0;1;0;1
7483;61309;7483;25;1;1;7;6;0;1;1;1;0;2
7484;61309;7484;71;1;1;7;6;0;1;1;1;0;2
7485;61313;7485;51;3;1;7;6;0;1;1;1;0;2
7486;61313;4201;21;1;1;7;7;0;1;3;1;0;4
7487;61313;7487;71;1;1;7;6;0;1;1;1;0;2
7488;61314;7488;63;1;3;1;6;0;1;2;1;0;3
7489;61315;7489;51;3;2;1;6;0;1;1;1;0;2
7490;61319;7490;64;1;1;7;6;0;1;1;1;0;2
7491;61320;7491;26;1;1;7;2;0;1;0;1;0;1
7492;61323;7492;72;1;1;7;6;0;1;1;1;0;2
7493;61329;7493;72;1;1;7;6;0;1;1;1;0;2
7494;61329;7494;72;1;1;7;6;0;1;1;1;0;2
7495;61332;7495;72;1;3;1;6;0;2;1;1;0;3
7496;61334;7496;21;1;1;7;6;0;1;1;1;0;2
7497;61342;7497;71;1;7;7;6;0;1;2;1;0;3
7498;61342;7498;25;1;3;1;6;0;1;1;1;0;2
7499;61342;7499;72;1;1;7;6;0;1;1;1;0;2
7500;61342;7500;81;3;6;1;6;0;1;1;1;0;2
7501;61345;7501;64;1;1;7;6;0;2;1;1;0;3
7502;61345;7502;21;2;1;7;6;0;1;1;1;0;2
7503;61345;7503;71;1;1;1;6;0;1;1;1;0;2
7504;61349;7504;20;1;1;7;1;0;1;1;1;0;2
7505;61349;7505;72;2;3;1;6;0;1;1;1;0;2
7506;61350;7506;72;1;1;7;6;0;1;1;1;0;2
7507;61350;7493;72;1;1;7;6;1;0;1;2;0;2
7508;61350;7508;72;1;1;7;6;0;1;1;1;0;2
7509;61351;7509;72;1;1;7;6;0;1;1;1;0;2
7510;61351;7510;71;1;1;7;6;0;1;1;1;0;2
7511;61351;7511;72;2;1;7;6;0;1;1;1;0;2
7512;61356;7512;72;1;1;7;4;0;1;1;1;0;2
7513;61356;7513;72;1;1;7;6;0;1;1;1;0;2
7514;61356;7514;72;1;1;7;6;0;1;1;1;0;2
7515;61356;7515;72;1;1;1;6;0;1;1;1;0;2
7516;61356;7516;51;1;1;7;7;0;1;1;1;0;2
7517;61356;7517;99;1;1;7;2;1;0;2;2;0;3
7518;61356;7518;72;1;1;7;6;0;1;1;1;0;2
7519;61356;7519;71;3;1;7;6;0;1;1;1;0;2
7520;61356;7520;21;3;2;1;6;0;1;1;1;0;2
7521;61356;7521;22;1;1;7;2;0;1;1;1;0;2
7522;61359;7522;22;1;3;2;6;0;1;1;1;0;2
7523;61359;7523;25;2;3;2;6;0;1;0;1;0;1
7524;61359;7524;71;1;1;7;6;0;1;1;1;0;2
7525;61360;7525;72;1;3;2;6;0;1;1;1;0;2
7526;61360;7526;72;1;1;7;6;0;1;1;1;0;2
7527;61360;7527;71;1;3;2;6;0;1;1;1;0;2
7528;61360;7528;72;1;1;7;8;1;0;0;2;0;1
7529;61361;7529;71;1;1;7;6;0;1;1;1;0;2
7530;61361;7530;26;1;1;7;1;0;1;1;1;0;2
7531;61361;7531;61;1;1;7;3;0;1;1;1;0;2
7532;61362;7532;26;3;1;7;2;1;0;1;2;0;2
7533;61363;7533;52;3;1;7;0;0;1;0;1;0;1
7534;61363;7534;71;1;1;1;6;0;1;1;1;0;2
7535;61363;7535;81;3;1;7;2;0;0;1;3;0;1
7536;61363;7536;82;1;1;7;2;0;1;1;1;0;2
7537;61363;7537;71;1;1;7;6;0;1;1;1;0;2
7538;61363;7538;73;1;1;7;6;0;1;0;1;0;1
7539;61363;7539;62;1;1;7;2;0;1;1;1;0;2
7540;61363;7540;71;1;1;7;6;0;1;1;1;0;2
7541;61364;7541;22;1;1;7;6;0;1;1;1;0;2
7542;61364;7542;21;3;1;1;6;0;2;0;1;0;2
7543;61364;7543;72;1;1;1;6;0;1;1;1;0;2
7544;61364;7544;71;1;1;7;6;0;1;1;1;0;2
7545;61364;7545;26;1;1;7;2;0;1;1;1;0;2
7546;61365;7546;52;3;1;7;6;0;1;1;1;0;2
7547;61365;7547;71;3;1;7;6;1;0;1;2;0;2
7548;61365;7548;51;3;1;7;0;0;2;0;1;0;2
7549;61365;7549;67;1;1;7;5;0;2;1;1;0;3
7550;61365;7550;26;2;1;7;2;0;1;1;1;0;2
7551;61365;7551;72;1;1;7;6;0;1;1;1;0;2
7552;61366;7552;71;2;1;1;6;0;1;1;1;0;2
7553;61369;7553;71;2;1;7;6;0;1;1;1;0;2
7554;61369;7554;71;1;2;2;6;0;1;1;1;0;2
7555;61369;7555;36;1;1;7;6;0;1;1;1;0;2
7556;61373;7556;71;1;1;7;6;0;1;1;1;0;2
7557;61381;7557;51;1;1;7;3;0;1;1;1;0;2
7558;61381;7558;71;1;1;7;6;0;1;1;1;0;2
7559;61384;7559;74;1;4;3;6;0;1;1;1;0;2
7560;61384;7560;72;1;3;2;6;0;1;1;1;0;2
7561;61384;7561;72;1;1;7;6;0;1;1;1;0;2
7562;61391;7562;72;1;3;1;6;0;1;1;1;0;2
7563;61392;7563;71;1;1;7;6;0;1;2;1;0;3
7564;61392;7564;72;1;1;7;6;0;1;1;1;0;2
7565;61392;7565;72;1;1;7;6;0;1;1;1;0;2
7566;61395;7566;71;1;1;7;6;0;1;1;1;0;2
7567;61396;7567;72;1;1;7;6;0;1;1;1;0;2
7568;61399;7568;72;1;1;7;6;0;1;1;1;0;2
7569;61404;7569;71;1;1;7;6;0;1;1;1;0;2
7570;61408;7570;52;1;3;2;2;0;2;2;1;0;4
7571;61408;7571;71;1;1;7;6;0;1;1;1;0;2
7572;61410;7572;73;2;1;7;6;0;1;1;1;0;2
7573;61411;7573;72;2;1;7;6;0;1;2;1;0;3
7574;61412;7574;62;1;1;7;2;0;1;1;1;0;2
7575;61413;7575;72;1;1;7;6;1;0;1;2;0;2
7576;61414;7576;72;1;1;7;6;1;0;1;2;0;2
7577;61418;7577;72;1;1;7;6;0;1;1;1;0;2
7578;61418;7578;72;1;1;7;6;0;1;1;1;0;2
7579;61418;7579;21;1;1;7;6;0;2;1;1;0;3
7580;61419;7580;71;1;1;7;6;1;0;1;2;0;2
7581;61423;7581;71;1;1;7;6;0;1;1;1;0;2
7582;61427;7582;51;1;3;2;3;0;1;1;1;0;2
7583;61428;7583;25;1;1;7;7;0;1;1;1;0;2
7584;61428;7584;74;3;4;3;6;0;1;1;1;0;2
7585;61430;7585;52;3;1;1;2;1;0;1;2;0;2
7586;61431;7586;63;1;1;7;4;0;1;1;1;0;2
7587;61434;7587;72;1;1;7;6;1;0;1;2;0;2
7588;61434;7588;51;1;3;1;6;0;2;0;1;0;2
7589;61435;7589;52;3;6;1;6;0;1;1;1;0;2
7590;61436;7590;26;1;1;2;2;0;1;1;1;0;2
7591;61438;7591;99;1;1;7;2;0;1;1;1;0;2
7592;61438;7592;67;1;1;7;4;0;1;1;1;0;2
7593;61438;7593;81;1;1;7;4;0;1;1;1;0;2
7594;61438;7594;51;1;3;2;6;0;3;4;1;0;7
7595;61438;7595;63;1;1;7;5;0;1;1;1;0;2
7596;61438;7596;72;1;1;7;6;1;0;1;2;0;2
7597;61440;7597;71;1;1;7;6;0;1;1;1;0;2
7598;61440;7598;71;1;1;7;6;0;1;1;1;0;2
7599;61440;7599;81;5;1;7;2;1;0;1;2;0;2
7600;61440;7600;71;3;1;7;6;0;1;1;1;0;2
7601;61440;7601;62;1;1;7;2;0;1;1;1;0;2
7602;61440;7602;72;1;1;7;6;0;1;1;1;0;2
7603;61442;7603;51;1;1;7;0;2;0;1;2;0;3
7604;61444;7604;71;3;6;7;6;0;1;1;1;0;2
7605;61444;7605;25;1;1;7;6;0;1;1;1;0;2
7606;61444;7606;71;3;3;2;6;1;0;1;2;0;2
7607;61444;7607;61;1;1;7;3;0;1;1;1;0;2
7608;61444;7608;26;1;1;7;2;0;1;1;1;0;2
7609;61444;7609;61;1;1;7;3;0;1;1;1;0;2
7610;61444;7610;21;1;1;7;6;0;1;1;1;0;2
7611;61445;7611;71;1;1;7;6;0;1;1;1;0;2
7612;61446;7612;81;3;1;7;0;0;1;0;1;0;1
7613;61446;7613;72;3;3;1;6;0;1;1;1;0;2
7614;61448;7614;71;1;3;2;6;0;1;1;1;0;2
7615;61448;7615;71;1;1;7;6;1;0;1;2;0;2
7616;61450;7616;64;1;1;7;1;0;1;1;1;0;2
7617;61453;7617;72;1;1;7;6;0;1;1;1;0;2
7618;61453;7618;72;3;1;7;6;0;0;1;3;0;1
7619;61454;7619;71;3;1;7;6;0;1;1;1;0;2
7620;61454;7620;72;1;1;7;6;0;1;1;1;0;2
7621;61458;7621;24;3;1;7;2;0;0;1;3;0;1
7622;61458;7622;72;1;1;7;6;0;1;1;1;0;2
7623;61458;7623;71;1;1;7;6;0;1;1;1;0;2
7624;61468;7624;63;1;1;7;6;0;2;2;1;0;4
7625;61474;7625;73;1;1;7;6;1;0;1;2;0;2
7626;61474;7626;41;1;1;7;1;0;1;1;1;0;2
7627;61475;7627;72;1;1;7;6;0;1;1;1;0;2
7628;61477;7628;51;3;3;2;8;0;2;1;1;0;3
7629;61477;7629;71;1;1;7;6;0;1;1;1;0;2
7630;61477;7630;52;1;3;2;2;0;1;2;1;0;3
7631;61477;7631;71;1;1;7;6;0;1;1;1;0;2
7632;61477;7632;11;1;1;7;6;1;0;2;2;0;3
7633;61477;7633;51;1;1;7;6;0;1;2;1;0;3
7634;61477;7634;11;1;1;7;5;0;2;1;1;0;3
7635;61477;7635;51;1;1;7;5;0;1;1;1;0;2
7636;61477;7636;18;3;2;1;6;0;3;4;1;0;7
7637;61477;7637;81;3;2;1;6;0;1;3;1;0;4
7638;61477;7638;71;1;1;7;6;0;1;1;1;0;2
7639;61478;7639;51;3;1;7;4;0;1;1;1;0;2
7640;61478;7640;72;1;1;7;6;0;1;1;1;0;2
7641;61478;7641;51;3;3;1;6;0;1;2;1;0;3
7642;61479;7642;72;1;1;7;6;0;1;1;1;0;2
7643;61479;7643;61;1;1;7;4;0;1;1;1;0;2
7644;61479;7644;72;1;1;7;6;0;1;1;1;0;2
7645;61479;7645;64;1;1;7;6;0;1;1;1;0;2
7646;61479;7646;41;1;1;7;2;0;1;1;1;0;2
7647;61479;7647;71;1;1;7;6;0;3;1;1;0;4
7648;61479;7648;72;1;1;7;6;0;1;1;1;0;2
7649;61479;7649;36;3;1;1;3;0;1;1;1;0;2
7650;61479;7650;41;1;1;7;6;0;1;1;3;0;2
7651;61480;7651;72;1;1;7;6;0;1;1;1;0;2
7652;61480;7652;51;3;1;7;6;0;1;1;1;0;2
7653;61480;7653;72;1;1;7;6;0;1;1;1;0;2
7654;61480;7654;71;1;1;7;6;0;1;1;1;0;2
7655;61480;7655;67;1;1;7;4;0;1;2;1;0;3
7656;61480;7656;82;1;1;7;0;0;0;0;3;0;0
7657;61480;7657;41;1;1;7;4;0;1;1;1;0;2
7658;61480;7658;26;2;1;7;2;0;2;1;1;0;3
7659;61481;7659;35;3;3;2;3;0;1;1;1;0;2
7660;61481;7660;26;2;1;7;2;0;1;1;1;0;2
7661;61481;7661;22;1;1;7;6;0;1;2;1;0;3
7662;61481;7662;25;3;1;7;6;0;1;3;1;0;4
7663;61481;7663;19;1;1;7;3;0;1;1;1;0;2
7664;61481;7664;71;1;1;7;6;0;1;0;1;0;1
7665;61481;7665;71;1;1;7;6;1;0;1;2;0;2
7666;61482;7666;82;1;1;7;0;0;0;0;3;0;0
7667;61485;7667;51;3;2;2;4;0;1;1;1;0;2
7668;61485;7668;67;1;1;7;5;0;1;1;1;0;2
7669;61485;7669;52;1;1;4;6;1;1;0;2;0;2
7670;61485;7670;67;1;1;7;6;0;1;1;1;0;2
7671;61485;7671;25;1;1;4;7;0;1;1;1;0;2
7672;61486;7672;52;1;6;1;0;0;0;0;3;0;0
7673;61486;7673;72;1;1;7;6;0;1;1;1;0;2
7674;61486;7674;64;1;3;1;4;0;1;1;1;0;2
7675;61486;7675;52;3;1;7;0;0;1;0;3;0;1
7676;61486;7676;67;3;2;1;5;0;1;1;1;0;2
7677;61486;7677;51;1;1;7;5;0;1;1;1;0;2
7678;61493;7678;72;1;1;7;6;0;1;1;1;0;2
7679;61493;7679;72;1;1;7;6;0;1;1;1;0;2
7680;61496;7680;72;1;1;7;6;0;1;1;1;0;2
7681;61497;7681;73;1;1;7;6;0;1;1;1;0;2
7682;61498;7682;71;1;1;7;6;0;1;1;1;0;2
7683;61501;7683;71;1;1;7;6;0;1;1;1;0;2
7684;61503;7684;52;3;1;7;0;0;3;1;1;0;4
7685;61503;7685;51;2;1;7;3;0;1;1;1;0;2
7686;61503;7686;51;1;1;7;0;0;2;0;1;0;2
7687;61503;7687;52;1;1;7;2;0;2;1;1;0;3
7688;61503;7688;51;1;1;7;7;0;1;1;1;0;2
7689;61505;7689;71;3;1;7;6;0;1;1;1;0;2
7690;61505;7690;36;3;1;7;6;0;2;2;1;0;4
7691;61505;7691;51;1;1;7;6;0;3;1;1;0;4
7692;61505;7692;72;1;1;7;7;1;0;1;2;0;2
7693;61505;7693;71;1;1;7;6;0;1;1;1;0;2
7694;61505;7694;25;3;1;7;6;0;1;1;1;0;2
7695;61505;7695;72;1;1;7;6;0;1;1;1;0;2
7696;61505;7696;77;1;1;7;8;0;1;0;1;0;1
7697;61505;7697;71;1;1;7;6;0;1;1;1;0;2