accident_id;lieu_id;date_id;cause_id;lum_id;intemp_id;etat_surface_id;impliq_id;nb_blesses_graves;nb_blesses_legers;nb_indemnes;gravite;nb_morts;nb_impliqués
7698;61505;7698;73;1;1;7;8;0;1;0;1;0;1
7699;61505;7699;77;1;1;7;8;0;1;0;1;0;1
7700;61505;7700;25;3;1;7;6;0;2;1;1;0;3
7701;61506;7701;71;1;1;7;6;0;1;1;1;0;2
7702;61506;7702;51;1;1;7;6;0;2;0;1;0;2
7703;61506;7703;51;1;1;7;6;0;1;1;1;0;2
7704;61506;7704;63;1;1;7;4;0;1;1;1;0;2
7705;61507;7705;71;1;3;2;1;1;1;1;2;0;3
7706;61509;7706;61;1;1;7;3;0;1;2;1;0;3
7707;61509;7707;62;3;1;7;4;0;1;1;1;0;2
7708;61509;7708;67;1;1;7;5;0;1;1;1;0;2
7709;61514;7709;61;1;1;7;3;0;1;1;1;0;2
7710;61514;7710;61;1;1;7;3;0;1;1;1;0;2
7711;61517;7711;51;1;1;7;6;0;1;1;1;0;2
7712;61518;7712;72;1;1;7;6;0;1;1;1;0;2
7713;61518;7713;74;3;1;7;6;1;0;1;2;0;2
7714;61518;7714;71;3;1;7;6;0;1;1;1;0;2
7715;61520;7715;71;1;1;7;6;0;1;1;1;0;2
7716;61522;7716;64;1;1;7;6;1;0;1;2;0;2
7717;61526;7717;66;1;1;7;6;0;2;0;1;0;2
7718;61527;7718;41;1;1;7;2;0;1;1;1;0;2
7719;61527;7719;71;1;1;7;6;0;1;1;1;0;2
7720;61527;7720;41;1;3;1;6;0;1;1;1;0;2
7721;61528;7721;61;1;1;7;3;0;1;1;1;0;2
7722;61528;7722;72;1;1;7;6;0;1;1;1;0;2
7723;61529;7723;61;1;1;7;3;0;1;1;1;0;2
7724;61529;7724;71;1;1;7;6;1;0;1;2;0;2
7725;61531;7725;71;1;1;7;6;0;1;1;1;0;2
7726;61531;7726;72;1;1;7;6;0;1;1;1;0;2
7727;61531;7727;81;3;1;7;6;0;1;2;1;0;3
7728;61531;7728;24;1;1;1;2;0;1;1;1;0;2
7729;61531;7729;21;1;1;7;6;0;1;1;1;0;2
7730;61531;7730;72;3;1;1;3;0;2;0;1;0;2
7731;61531;7731;71;1;1;7;6;0;1;1;1;0;2
7732;61532;7732;81;3;1;1;2;0;1;1;1;0;2
7733;61532;7733;71;1;1;7;4;0;2;0;1;0;2
7734;61533;7734;71;1;1;7;6;0;1;1;1;0;2
7735;61534;7735;64;1;1;7;4;0;1;1;1;0;2
7736;61534;7736;63;1;1;7;4;0;1;1;1;0;2
7737;61534;7737;23;2;1;7;6;0;2;1;1;0;3
7738;61537;7738;51;1;1;7;6;0;1;1;1;0;2
7739;61537;7739;25;3;1;7;6;0;1;0;1;0;1
7740;61540;7740;25;3;1;7;6;0;2;3;1;0;5
7741;61541;7741;71;1;1;7;6;0;1;1;1;0;2
7742;61541;7742;52;3;1;7;6;0;1;0;1;0;1
7743;61541;7743;63;3;1;7;4;1;0;1;2;0;2
7744;61544;7744;25;3;1;7;6;0;1;0;1;0;1
7745;61544;7745;24;1;1;7;5;0;1;1;1;0;2
7746;61545;7746;22;1;1;1;5;1;2;0;2;0;3
7747;61545;7747;63;1;1;7;3;0;1;1;1;0;2
7748;61545;7748;72;1;1;7;6;0;1;1;1;0;2
7749;61545;7749;72;1;1;7;6;0;1;1;1;0;2
7750;61545;7750;35;1;1;7;3;0;1;1;1;0;2
7751;61545;7751;81;3;1;1;6;0;3;1;1;0;4
7752;61545;7752;72;1;1;7;6;0;1;1;1;0;2
7753;61553;7753;20;1;1;7;2;0;1;1;1;0;2
7754;61558;7754;51;1;1;7;3;0;1;1;1;0;2
7755;61558;7755;51;1;1;7;6;0;1;1;1;0;2
7756;61558;7756;26;2;1;7;3;0;1;1;1;0;2
7757;61561;7757;52;1;1;7;0;0;0;0;3;0;0
7758;61561;7758;52;1;1;7;0;0;2;0;1;0;2
7759;61562;7759;64;1;1;7;4;0;1;1;1;0;2
7760;61565;7760;52;3;1;1;0;1;0;0;2;0;1
7761;61565;7761;52;1;1;4;0;0;0;0;3;0;0
7762;61567;7762;51;1;1;7;6;0;1;3;1;0;4
7763;61571;7763;64;1;1;7;5;0;1;1;1;0;2
7764;61573;7764;22;1;1;7;6;0;1;1;1;0;2
7765;61573;7765;25;1;1;7;6;0;1;2;1;0;3
7766;61573;7766;72;1;1;7;6;0;1;1;1;0;2
7767;61574;7767;64;1;3;2;4;1;1;1;2;0;3
7768;61574;7768;71;1;1;7;6;1;0;1;2;0;2
7769;61574;7769;52;1;3;2;0;0;1;0;1;0;1
7770;61574;7770;21;1;1;1;2;0;1;1;1;0;2
7771;61574;7771;35;3;1;7;4;0;1;0;1;0;1
7772;61580;7772;52;1;1;7;6;0;2;3;1;0;5
7773;61580;7773;61;1;1;7;3;0;1;1;1;0;2
7774;61580;7774;72;1;1;7;6;0;1;1;1;0;2
7775;61580;7775;67;3;1;7;5;0;2;1;1;0;3
7776;61584;7776;71;1;1;7;6;0;1;2;1;0;3
7777;61584;7777;72;1;1;7;6;0;1;1;1;0;2
7778;61586;7778;72;1;1;7;6;0;1;1;1;0;2
7779;61586;7779;72;1;1;7;6;0;1;1;1;0;2
7780;61586;7780;72;3;1;7;6;0;1;1;1;0;2
7781;61586;7781;72;1;1;7;6;0;1;1;1;0;2
7782;61594;7782;51;1;1;7;2;0;1;1;1;0;2
7783;61595;7783;72;1;1;7;6;0;0;1;3;0;1
7784;61595;7784;51;1;1;7;3;0;1;1;1;0;2
7785;61597;7785;36;1;1;7;4;0;1;0;1;0;1
7786;61597;7786;25;3;1;7;6;0;1;1;1;0;2
7787;61599;7787;71;1;1;7;6;0;1;1;1;0;2
7788;61599;7788;72;2;1;7;6;0;1;1;1;0;2
7789;61601;7789;52;1;1;7;0;0;1;0;1;0;1
7790;61601;7790;61;1;1;7;6;0;1;2;1;0;3
7791;61603;7791;26;2;1;7;2;0;1;1;1;0;2
7792;61604;7792;71;1;1;7;5;0;1;0;3;0;1
7793;61604;7793;71;1;1;1;6;0;1;1;1;0;2
7794;61604;7794;71;1;1;7;6;0;1;1;1;0;2
7795;61604;7795;67;1;1;7;4;0;1;1;1;0;2
7796;61604;7796;26;1;1;7;2;0;1;1;1;0;2
7797;61604;7797;71;1;1;7;6;0;1;1;1;0;2
7798;61635;7798;41;3;1;7;2;0;1;1;1;0;2
7799;61635;7799;71;2;3;1;6;0;1;1;1;0;2
7800;61637;7800;71;1;1;7;6;1;0;2;2;0;3
7801;61637;7801;72;1;1;7;6;0;1;1;1;0;2
7802;61637;7802;71;3;1;7;6;0;1;2;1;0;3
7803;61637;7803;71;1;1;7;6;0;1;1;1;0;2
7804;61638;7804;72;1;1;7;6;0;1;1;1;0;2
7805;61639;7805;72;1;1;7;5;1;1;0;2;0;2
7806;61639;7806;72;1;1;7;5;0;1;1;1;0;2
7807;61639;7807;72;1;1;7;6;0;1;1;1;0;2
7808;61639;7808;71;1;1;7;6;0;1;1;1;0;2
7809;61639;7809;71;1;1;7;6;0;1;1;1;0;2
7810;61639;7810;71;1;1;7;6;0;1;1;1;0;2
7811;61640;7811;71;1;1;7;6;0;1;0;1;0;1
7812;61641;7812;25;1;1;7;6;0;1;1;1;0;2
7813;61644;7813;64;1;1;7;6;0;1;1;1;0;2
7814;61646;7814;71;1;1;7;6;0;1;1;1;0;2
7815;61659;7815;23;1;1;7;6;0;1;1;1;0;2
7816;61670;7816;71;1;1;7;6;0;1;1;1;0;2
7817;61671;7817;61;2;1;7;3;0;1;1;1;0;2
7818;61672;7818;21;1;1;7;6;0;1;1;1;0;2
7819;61673;7819;21;3;1;7;4;0;1;1;1;0;2
7820;61673;7820;71;1;1;7;6;0;1;1;1;0;2
7821;61675;7821;82;1;1;7;6;0;1;1;1;0;2
7822;61676;7822;72;1;1;7;6;0;1;1;1;0;2
7823;61676;7823;71;3;1;7;6;0;1;1;1;0;2
7824;61676;7824;63;1;3;1;6;0;1;1;1;0;2
7825;61682;7825;81;3;1;7;6;1;1;3;2;0;5
7826;61685;7826;72;1;1;7;6;0;1;1;1;0;2
7827;61685;7827;22;1;1;7;4;1;3;0;2;0;4
7828;61686;7828;72;1;1;7;6;0;1;1;1;0;2
7829;61686;7829;25;1;1;7;6;0;1;0;1;0;1
7830;61690;7830;72;2;1;7;6;0;1;1;1;0;2
7831;61693;7831;52;1;1;7;6;1;0;2;2;0;3
7832;61693;7832;72;1;1;7;6;0;1;1;1;0;2
7833;61693;7833;72;1;1;7;6;0;2;1;1;0;3
7834;61693;7834;52;3;3;1;6;0;1;0;1;0;1
7835;61693;7835;72;1;1;7;6;0;1;1;1;0;2
7836;61695;7836;72;1;1;7;6;0;1;1;1;0;2
7837;61695;7837;61;3;1;7;4;0;1;2;1;0;3
7838;61695;7838;51;1;1;7;6;0;1;1;1;0;2
7839;61696;7839;72;1;1;7;6;0;1;1;1;0;2
7840;61697;7840;22;2;1;7;6;0;1;2;1;0;3
7841;61700;7841;71;1;1;7;4;0;1;1;1;0;2
7842;61700;7842;72;1;1;7;6;0;1;1;1;0;2
7843;61703;7843;52;1;1;7;6;0;0;1;0;0;1
7844;61706;7844;64;1;1;7;3;0;2;0;1;0;2
7845;61706;7845;71;1;1;7;6;0;1;4;1;0;5
7846;61710;7846;72;1;1;7;6;1;0;1;2;0;2
7847;61711;7847;72;1;1;7;6;0;1;1;1;0;2
7848;61711;7848;71;1;1;7;6;0;1;1;1;0;2
7849;61713;7849;51;1;1;7;1;0;1;1;1;0;2
7850;61714;7850;52;1;1;7;7;0;1;1;1;0;2
7851;61714;7851;71;1;1;7;6;0;1;1;1;0;2
7852;61714;7852;71;1;1;7;6;0;1;1;1;0;2
7853;61715;7853;76;1;1;7;6;0;1;1;1;0;2
7854;61715;7854;81;1;1;7;4;0;1;1;1;0;2
7855;61716;7855;71;1;1;7;3;1;1;0;2;0;2
7856;61718;7856;72;1;1;7;6;0;1;1;1;0;2
7857;61720;7857;71;1;1;7;6;0;1;1;1;0;2
7858;61722;7858;72;1;1;7;6;0;1;1;1;0;2
7859;61722;7859;72;1;1;7;6;0;1;1;1;0;2
7860;61722;7860;72;3;3;1;6;0;1;1;1;0;2
7861;61730;7861;64;3;1;7;6;0;1;1;1;0;2
7862;61730;7862;71;1;1;7;6;0;1;1;1;0;2
7863;61730;7863;20;2;1;7;2;0;1;1;1;0;2
7864;61730;7864;71;1;1;7;5;0;1;1;1;0;2
7865;61730;7865;61;1;1;7;3;0;1;1;1;0;2
7866;61731;7866;61;1;1;7;4;0;1;1;1;0;2
7867;61731;7867;71;1;1;7;6;1;0;1;2;0;2
7868;61731;7868;61;2;2;1;3;0;1;1;1;0;2
7869;61733;7869;63;1;1;7;4;0;1;1;1;0;2
7870;61733;7870;71;1;3;1;6;0;1;1;1;0;2
7871;61733;7871;18;1;1;7;6;0;1;3;1;0;4
7872;61733;7872;26;1;1;7;2;0;1;1;1;0;2
7873;61734;7873;51;3;1;7;8;0;1;1;1;0;2
7874;61737;7874;11;3;1;7;6;0;1;2;1;0;3
7875;61738;7875;81;3;1;7;0;1;0;1;2;0;2
7876;61739;7876;25;1;3;2;7;0;1;1;1;0;2
7877;61739;7877;21;3;1;7;3;0;1;1;1;0;2
7878;61741;7878;71;1;1;7;6;0;1;1;1;0;2
7879;61741;7879;21;1;1;7;6;0;4;0;1;0;4
7880;61741;7880;21;1;1;7;6;0;3;1;1;0;4
7881;61744;7881;52;5;1;7;6;0;1;3;1;0;4
7882;61744;7882;72;1;1;7;6;0;1;1;1;0;2
7883;61744;7883;21;1;1;7;6;0;2;2;1;0;4
7884;61744;7884;64;1;1;7;6;0;1;2;1;0;3
7885;61752;7885;51;1;1;1;6;0;1;1;1;0;2
7886;61752;7886;63;1;2;2;3;0;1;1;1;0;2
7887;61752;7887;61;2;1;7;3;0;1;1;1;0;2
7888;61752;7888;72;1;3;1;6;0;1;1;1;0;2
7889;61752;7889;25;3;1;7;6;0;1;0;1;0;1
7890;61752;7890;63;1;3;1;4;0;1;1;1;0;2
7891;61753;7891;51;1;2;2;2;1;0;1;2;0;2
7892;61753;7892;71;1;3;1;6;0;1;1;1;0;2
7893;61757;7893;72;1;1;7;6;0;1;1;1;0;2
7894;61758;7894;67;1;1;7;4;0;1;1;1;0;2
7895;61759;7895;72;1;1;7;6;1;0;1;2;0;2
7896;61761;7896;71;1;3;2;6;0;1;1;1;0;2
7897;61761;7897;71;3;1;7;6;0;1;2;1;0;3
7898;61762;7898;81;1;1;7;2;1;0;1;2;0;2
7899;61763;7899;64;1;1;7;5;0;2;1;1;0;3
7900;61763;7900;52;3;3;1;6;0;1;0;1;0;1
7901;61763;7901;72;1;1;7;9;0;0;1;3;0;1
7902;61763;7902;52;3;1;2;0;1;3;0;2;0;4
7903;61763;7903;71;3;3;1;6;0;1;1;1;0;2
7904;61764;7904;12;1;1;7;9;0;1;0;1;0;1
7905;61764;7905;12;3;1;1;9;0;1;0;1;0;1
7906;61764;7906;51;3;1;7;0;0;2;0;1;0;2
7907;61764;7907;52;1;1;7;6;0;1;1;1;0;2
7908;61764;7908;52;3;3;2;0;1;0;0;3;0;1
7909;61764;7909;52;1;1;7;6;0;2;0;1;0;2
7910;61764;7910;52;3;3;1;0;0;1;1;1;0;2
7911;61764;7911;72;1;1;7;6;0;1;1;1;0;2
7912;61764;7912;53;1;1;7;6;0;1;1;1;0;2
7913;61764;7913;51;1;1;7;6;0;1;1;1;0;2
7914;61764;7914;12;3;1;7;9;0;1;0;1;0;1
7915;61764;7915;81;3;1;7;0;1;2;0;2;0;3
7916;61766;7916;52;3;1;7;0;1;0;0;2;0;1
7917;61766;7917;51;1;3;1;6;0;1;2;1;0;3
7918;61766;7918;64;1;1;7;6;0;1;1;1;0;2
7919;61766;7919;52;1;3;2;0;0;1;0;1;0;1
7920;61766;7920;51;1;1;7;6;0;1;1;1;0;2
7921;61766;7921;52;3;1;7;6;4;0;1;2;0;5
7922;61767;7922;64;1;1;7;6;0;1;2;1;0;3
7923;61767;7923;21;1;6;1;6;0;1;3;1;0;4
7924;61767;7924;52;3;1;1;0;0;1;0;1;0;1
7925;61767;7925;21;3;1;7;6;0;2;0;1;0;2
7926;61768;7926;32;1;1;7;5;0;2;1;1;0;3
7927;61769;7927;23;1;1;7;6;0;1;1;1;0;2
7928;61769;7928;74;1;1;7;9;0;1;0;1;0;1
7929;61769;7929;51;1;1;7;3;0;1;1;1;0;2
7930;61769;7930;51;1;1;7;0;1;0;0;2;0;1
7931;61769;7931;52;3;1;7;0;0;1;0;1;0;1
7932;61769;7932;51;3;1;7;4;0;1;0;1;0;1
7933;61769;7933;52;3;1;7;0;0;1;0;1;0;1
7934;61769;7934;51;1;1;7;6;0;1;0;1;0;1
7935;61770;7935;23;3;1;4;6;0;2;1;1;0;3
7936;61770;7936;76;1;1;7;9;0;1;0;1;0;1
7937;61770;7937;51;3;1;7;8;0;2;2;1;0;4
7938;61770;7938;35;3;3;1;3;0;1;1;1;0;2
7939;61771;7939;52;3;1;7;0;0;1;0;1;0;1
7940;61771;7940;64;1;1;7;6;0;1;2;1;0;3
7941;61771;7941;21;1;3;1;6;0;1;1;1;0;2
7942;61771;7942;51;3;1;4;6;0;2;0;1;0;2
7943;61771;7943;51;1;3;1;6;0;2;1;1;0;3
7944;61771;7944;52;1;3;1;6;1;2;4;2;0;7
7945;61771;7945;74;1;1;7;9;0;1;1;3;0;2
7946;61772;7946;21;1;3;2;6;0;4;1;1;0;5
7947;61772;7947;51;1;1;1;0;0;1;0;1;0;1
7948;61772;7948;51;3;1;7;0;1;0;0;2;0;1
7949;61772;7949;51;1;1;1;6;0;1;1;1;0;2
7950;61772;7950;51;5;3;1;6;0;3;1;1;0;4
7951;61772;7951;21;3;1;1;6;0;0;1;3;0;1
7952;61776;7952;72;1;1;7;6;1;0;1;2;0;2
7953;61781;7953;51;3;1;7;6;0;2;2;1;0;4
7954;61781;7954;20;3;1;7;2;0;1;1;1;0;2
7955;61781;7955;63;1;1;7;6;0;5;0;1;0;5
7956;61783;7956;51;3;1;7;6;0;1;1;1;0;2
7957;61783;7957;71;1;1;7;6;0;1;1;1;0;2
7958;61783;7958;51;1;1;7;2;1;0;1;2;0;2
7959;61784;7959;28;1;3;1;9;0;1;0;1;0;1
7960;61786;7960;71;1;1;7;6;0;1;1;1;0;2
7961;61788;7961;72;1;1;7;6;0;1;1;1;0;2
7962;61790;7962;72;3;1;7;6;1;0;1;2;0;2
7963;61791;7963;28;5;1;7;0;0;1;0;1;0;1
7964;61791;7964;72;1;1;7;6;0;1;1;1;0;2
7965;61791;7965;72;3;1;7;6;0;1;1;1;0;2
7966;61791;7966;26;1;1;7;1;0;1;1;1;0;2
7967;61792;7967;72;1;1;7;6;1;0;1;2;0;2
7968;61793;7968;51;1;1;7;6;0;1;1;1;0;2
7969;61793;7969;72;1;1;7;6;0;1;1;1;0;2
7970;61793;7970;72;1;1;7;6;0;1;1;1;0;2
7971;61793;7971;72;1;1;7;6;0;1;1;1;0;2
7972;61793;7972;72;1;1;7;6;1;0;1;2;0;2
7973;61793;7973;72;1;1;7;6;0;1;1;1;0;2
7974;61794;7974;32;1;1;7;4;1;0;1;2;0;2
7975;61794;7975;72;1;1;7;6;0;1;1;1;0;2
7976;61794;7976;72;3;1;7;6;0;1;2;1;0;3
7977;61795;7977;72;1;1;7;6;0;1;1;1;0;2
7978;61795;7978;81;1;1;7;6;0;1;3;1;0;4
7979;61796;7979;72;1;1;7;6;0;1;1;1;0;2
7980;61796;7980;26;1;1;7;1;0;1;1;1;0;2
7981;61797;7981;52;3;1;7;2;0;1;1;1;0;2
7982;61797;7982;72;3;1;7;6;1;0;0;2;0;1
7983;61798;7983;51;3;3;2;6;0;1;2;1;0;3
7984;61798;7984;25;1;1;7;6;0;1;1;1;0;2
7985;61800;7985;51;1;1;7;6;0;1;7;1;0;8
7986;61800;7986;18;1;1;7;3;0;1;1;1;0;2
7987;61802;7987;51;2;1;1;6;0;4;1;1;0;5
7988;61806;7988;72;1;1;7;6;0;0;1;3;0;1
7989;61806;7989;52;1;1;7;6;0;3;1;1;0;4
7990;61806;7990;64;1;6;7;6;0;1;1;1;0;2
7991;61806;7991;72;1;1;7;4;0;1;1;1;0;2
7992;61806;7992;72;1;1;7;6;0;1;1;1;0;2
7993;61806;7993;72;1;1;7;6;0;1;1;1;0;2
7994;61806;7994;72;1;1;7;6;1;0;1;2;0;2
7995;61806;7995;72;1;1;7;6;0;1;1;1;0;2
7996;61806;7996;52;3;1;7;2;0;3;1;1;0;4
7997;61808;7997;51;3;1;4;2;0;2;4;1;0;6
7998;61809;7998;71;1;1;7;6;0;1;1;1;0;2
7999;61809;7999;71;1;1;7;6;0;1;1;1;0;2
8000;61809;8000;71;1;1;7;6;0;1;1;1;0;2
8001;61809;8001;71;1;1;7;6;0;1;1;1;0;2
8002;61809;8002;66;1;1;7;6;0;1;1;1;0;2
8003;61809;8003;72;1;1;7;6;0;1;1;1;0;2
8004;61810;8004;22;1;1;7;6;0;1;1;1;0;2
8005;61810;8005;71;1;1;7;6;0;1;1;1;0;2
8006;61810;8006;71;1;1;7;6;0;1;1;1;0;2
8007;61810;8007;28;1;1;7;0;0;0;0;3;0;0
8008;61811;8008;72;1;1;7;6;0;1;1;1;0;2
8009;61812;8009;71;1;1;7;6;0;1;1;1;0;2
8010;61814;8010;25;1;1;7;7;0;1;1;1;0;2
8011;61815;8011;72;1;1;7;3;0;1;1;1;0;2
8012;61815;8012;72;1;1;7;6;0;1;1;1;0;2
8013;61815;8013;72;1;1;7;6;0;1;1;1;0;2
8014;61815;8014;81;3;1;7;2;0;1;1;1;0;2
8015;61815;8015;72;1;1;7;6;0;1;1;1;0;2
8016;61816;8016;72;1;1;7;6;0;1;1;1;0;2
8017;61817;8017;71;1;1;1;6;0;1;1;1;0;2
8018;61818;8018;72;1;1;7;4;0;1;1;1;0;2
8019;61819;8019;52;1;1;7;6;0;1;1;1;0;2
8020;61819;8020;51;1;1;2;3;0;1;1;1;0;2
8021;61819;8021;71;1;1;7;6;0;1;1;1;0;2
8022;61819;8022;51;1;1;7;6;0;0;1;3;0;1
8023;61819;8023;71;1;1;7;6;0;1;1;1;0;2
8024;61820;8024;72;2;1;7;6;0;1;1;1;0;2
8025;61820;8025;71;1;1;7;6;0;1;2;1;0;3
8026;61820;8026;72;1;1;2;5;1;0;1;2;0;2
8027;61820;8027;72;1;1;7;6;0;1;1;1;0;2
8028;61820;8028;64;1;1;7;3;0;1;0;1;0;1
8029;61820;8029;72;1;1;7;6;0;1;1;1;0;2
8030;61820;8030;36;1;1;7;4;0;1;1;1;0;2
8031;61820;8031;72;1;1;7;6;0;1;1;1;0;2
8032;61820;8032;81;3;1;7;2;0;1;1;1;0;2
8033;61820;8033;71;1;1;7;6;0;1;1;1;0;2
8034;61821;8034;72;1;1;7;6;0;1;1;1;0;2
8035;61821;8035;72;1;1;7;6;0;1;1;1;0;2
8036;61824;8036;81;1;1;7;3;0;1;1;1;0;2
8037;61824;8037;72;3;1;7;6;0;1;1;1;0;2
8038;61825;8038;71;3;1;7;4;0;1;1;1;0;2
8039;61827;8039;71;1;1;7;3;0;1;1;1;0;2
8040;61827;8040;71;1;1;7;4;0;1;1;1;0;2
8041;61827;8041;71;1;1;7;6;0;1;1;1;0;2
8042;61828;8042;72;1;1;7;6;1;0;1;2;0;2
8043;61828;8043;71;1;1;7;6;0;1;1;1;0;2
8044;61829;8044;72;3;1;7;6;0;1;1;1;0;2
8045;61829;8045;71;1;1;7;6;0;1;1;1;0;2
8046;61829;8046;71;1;1;7;6;0;1;1;1;0;2
8047;61830;8047;73;3;1;7;6;1;0;2;2;0;3
8048;61830;8048;71;1;1;7;4;1;1;0;2;0;2
8049;61830;8049;21;1;1;7;6;0;1;1;1;0;2
8050;61830;8050;64;3;1;7;5;0;1;1;1;0;2
8051;61830;8051;25;3;1;7;7;0;2;1;1;0;3
8052;61830;8052;51;3;3;2;3;0;1;1;1;0;2
8053;61830;8053;72;1;1;7;6;0;1;1;1;0;2
8054;61831;8054;25;3;3;2;7;0;1;0;1;0;1
8055;61840;8055;81;1;1;7;6;0;3;1;1;0;4
8056;61840;8056;71;3;1;1;6;0;0;1;3;0;1
8057;61841;8057;71;1;3;2;6;0;1;1;1;0;2
8058;61841;8058;63;1;1;7;6;0;2;1;1;0;3
8059;61841;8059;52;1;1;7;6;0;1;0;1;0;1
8060;61842;8060;71;1;1;7;6;0;1;1;1;0;2
8061;61842;8061;51;1;1;7;6;0;1;3;1;0;4
8062;61842;8062;71;1;3;1;6;0;1;1;1;0;2
8063;61842;8063;51;1;1;7;6;0;1;1;1;0;2
8064;61851;8064;51;1;1;7;0;1;0;0;2;0;1
8065;61858;8065;64;1;1;7;6;0;1;1;1;0;2
8066;61858;8066;67;1;1;1;4;0;1;1;1;0;2
8067;61858;8067;26;1;1;7;2;0;1;1;1;0;2
8068;61858;8068;21;1;1;7;6;0;1;2;1;0;3
8069;61858;8069;13;1;1;7;6;0;1;1;1;0;2
8070;61858;8070;51;2;1;7;6;0;1;0;1;0;1
8071;61858;8071;36;3;3;1;6;0;1;2;1;0;3
8072;61858;8072;18;1;1;1;4;0;1;1;1;0;2
8073;61858;8073;21;1;1;7;5;0;1;1;1;0;2
8074;61858;8074;64;3;1;7;5;0;1;1;1;0;2
8075;61858;8075;52;1;1;7;6;0;1;0;1;0;1
8076;61858;8076;63;1;1;7;5;0;1;1;1;0;2
8077;61858;8077;67;1;1;7;6;0;1;2;1;0;3
8078;61858;8078;23;1;1;7;7;0;1;1;1;0;2
8079;61859;8079;21;1;1;7;6;0;2;4;1;0;6
8080;61860;8080;71;1;1;7;6;1;0;1;2;0;2
8081;61861;8081;72;1;1;7;6;0;1;1;1;0;2
8082;61861;8082;71;1;1;7;6;0;1;1;1;0;2
8083;61861;8083;72;3;1;7;6;1;0;1;2;0;2
8084;61861;8084;26;1;1;7;2;0;1;0;1;0;1
8085;61861;8085;72;1;1;1;6;0;1;1;1;0;2
8086;61862;8086;71;1;1;7;6;1;0;1;2;0;2
8087;61862;8087;61;3;1;7;3;0;1;1;1;0;2
8088;61864;8088;26;1;3;1;1;0;1;1;1;0;2
8089;61865;8089;72;1;1;7;6;0;1;1;1;0;2
8090;61865;8090;72;3;1;7;6;0;1;1;1;0;2
8091;61865;8091;21;3;3;1;6;0;1;1;1;0;2
8092;61866;8092;71;1;1;7;6;1;0;1;2;0;2
8093;61866;8093;51;3;1;7;6;0;1;0;1;0;1
8094;61866;8094;64;1;1;7;3;0;2;0;1;0;2
8095;61868;8095;71;1;1;7;6;0;1;1;1;0;2
8096;61868;8096;26;1;1;7;1;0;1;1;1;0;2
8097;61871;8097;72;1;1;7;6;0;1;1;1;0;2
8098;61871;8098;72;1;1;7;6;0;1;1;1;0;2
8099;61873;8099;20;5;1;7;2;0;1;1;1;0;2
8100;61874;8100;72;2;1;7;6;0;1;0;1;0;1
8101;61876;8101;52;1;1;7;0;0;0;0;3;0;0
8102;61878;8102;41;3;1;7;2;0;1;1;1;0;2
8103;61881;8103;25;3;1;7;7;0;2;2;1;0;4
8104;61881;8104;64;1;1;7;4;0;1;1;1;0;2
8105;61881;8105;71;1;1;7;6;1;0;1;2;0;2
8106;61881;8106;41;1;1;7;1;0;1;0;1;0;1
8107;61881;8107;71;1;7;7;6;0;1;1;1;0;2
8108;61882;8108;72;1;1;7;6;0;1;2;1;0;3
8109;61883;8109;71;1;1;7;6;0;1;1;1;0;2
8110;61884;8110;25;3;1;7;6;0;1;1;1;0;2
8111;61884;8111;72;2;1;7;6;0;1;1;1;0;2
8112;61884;8112;72;1;1;7;6;0;1;1;1;0;2
8113;61884;8113;72;3;6;1;6;0;1;1;1;0;2
8114;61885;8114;72;3;1;7;6;0;1;1;1;0;2
8115;61887;8115;71;1;1;7;6;0;1;1;1;0;2
8116;61887;8116;71;1;1;7;6;0;1;1;1;0;2
8117;61889;8117;71;1;3;2;6;0;1;1;1;0;2
8118;61889;8118;20;1;3;2;2;1;2;1;2;0;4
8119;61889;8119;71;1;1;7;4;0;2;1;1;0;3
8120;61889;8120;71;3;1;7;6;1;0;1;2;0;2
8121;61890;8121;52;3;1;7;3;0;1;0;1;0;1
8122;61891;8122;72;1;1;7;6;1;1;2;2;0;4
8123;61891;8123;26;1;3;2;1;0;1;1;1;0;2
8124;61891;8124;26;1;3;2;2;0;1;1;1;0;2
8125;61891;8125;71;1;1;7;6;0;1;1;1;0;2
8126;61891;8126;72;1;1;7;6;1;0;1;2;0;2
8127;61891;8127;71;1;1;7;6;0;1;1;1;0;2
8128;61891;8128;21;3;1;7;6;0;3;1;1;0;4
8129;61891;8129;71;1;1;7;6;0;1;1;1;0;2
8130;61891;8130;61;1;1;7;3;0;1;1;1;0;2
8131;61892;8131;52;1;3;2;6;0;1;1;1;0;2
8132;61892;8132;81;3;3;1;6;1;1;0;2;0;2
8133;61892;8133;72;3;1;1;6;0;1;1;1;0;2
8134;61892;8134;71;1;1;7;6;0;1;2;1;0;3
8135;61892;8135;72;3;1;7;6;0;1;1;1;0;2
8136;61892;8136;72;3;1;1;6;0;1;1;1;0;2
8137;61892;8137;71;3;1;7;6;0;1;1;1;0;2
8138;61893;8138;61;1;2;2;4;0;1;1;1;0;2
8139;61893;8139;72;3;1;7;6;0;1;1;1;0;2
8140;61893;8140;71;1;1;7;4;0;2;0;1;0;2
8141;61893;8141;51;1;1;1;6;0;1;1;1;0;2
8142;61893;8142;81;1;1;7;2;0;1;1;1;0;2
8143;61893;8143;72;1;1;7;6;0;1;1;1;0;2
8144;61893;8144;71;2;1;7;6;0;1;1;1;0;2
8145;61894;8145;72;1;3;1;6;0;1;1;1;0;2
8146;61894;8146;51;1;1;7;6;0;1;1;1;0;2
8147;61894;8147;25;2;1;7;6;0;1;1;1;0;2
8148;61894;8148;72;1;1;7;6;0;1;1;1;0;2
8149;61895;8149;72;2;1;7;6;0;2;1;1;0;3
8150;61895;8150;51;1;1;7;6;0;1;1;1;0;2
8151;61895;8151;51;1;1;7;3;0;1;1;1;0;2
8152;61895;8152;71;1;1;7;6;0;2;0;1;0;2
8153;61895;8153;21;3;1;7;6;0;1;1;1;0;2
8154;61895;8154;51;1;1;7;2;0;1;1;1;0;2
8155;61896;8155;26;1;1;7;2;0;1;1;1;0;2
8156;61896;8156;71;1;1;7;6;0;1;2;1;0;3
8157;61896;8157;72;3;3;1;6;0;1;1;1;0;2
8158;61896;8158;72;1;1;1;6;1;0;1;2;0;2
8159;61896;8159;71;3;1;7;6;0;1;1;1;0;2
8160;61896;8160;51;3;3;1;6;0;3;3;1;0;6
8161;61896;8161;41;1;1;7;2;0;1;1;1;0;2
8162;61896;8162;71;1;1;7;6;0;1;1;1;0;2
8163;61897;8163;71;1;1;1;6;0;1;1;1;0;2
8164;61898;8164;61;1;2;1;3;0;1;1;1;0;2
8165;61899;8165;64;1;1;7;4;0;1;1;1;0;2
8166;61899;8166;51;2;1;7;0;0;2;1;1;0;3
8167;61900;8167;72;1;1;7;6;0;1;1;1;0;2