accident_id;lieu_id;date_id;cause_id;lum_id;intemp_id;etat_surface_id;impliq_id;nb_blesses_graves;nb_blesses_legers;nb_indemnes;gravite;nb_morts;nb_impliqués
8168;61901;8168;36;1;1;7;6;0;1;2;1;0;3
8169;61901;8169;72;1;1;7;6;0;1;1;1;0;2
8170;61901;8170;72;1;3;1;6;0;1;1;1;0;2
8171;61902;8171;72;1;1;7;6;0;1;1;1;0;2
8172;61902;8172;81;3;4;3;6;0;1;2;1;0;3
8173;61902;8173;52;1;1;7;6;0;1;2;1;0;3
8174;61902;8174;52;3;1;7;6;0;1;0;1;0;1
8175;61902;8175;72;1;1;7;6;0;1;1;1;0;2
8176;61902;8176;72;1;1;7;6;0;1;1;1;0;2
8177;61903;8177;71;1;1;7;6;0;2;1;1;0;3
8178;61903;8178;71;1;1;7;4;0;1;1;1;0;2
8179;61903;8179;71;1;1;7;7;0;1;1;1;0;2
8180;61903;8180;51;2;1;7;6;0;1;1;1;0;2
8181;61903;8181;71;3;1;7;6;0;1;1;1;0;2
8182;61904;8182;72;3;1;7;6;1;0;1;2;0;2
8183;61904;8183;26;3;3;2;2;0;1;1;1;0;2
8184;61904;8184;26;3;2;1;2;1;0;1;2;0;2
8185;61906;8185;71;2;1;7;6;0;1;2;1;0;3
8186;61906;8186;51;3;1;7;6;1;1;0;2;0;2
8187;61906;8187;25;1;1;7;6;0;1;2;1;0;3
8188;61906;8188;51;1;3;1;6;0;2;1;1;0;3
8189;61907;8189;72;3;6;1;6;0;1;1;1;0;2
8190;61907;8190;72;3;1;7;6;0;1;1;1;0;2
8191;61907;8191;25;3;1;7;6;0;1;0;1;0;1
8192;61907;8192;81;3;1;7;6;1;0;1;2;0;2
8193;61907;8193;63;1;1;7;6;0;1;2;1;0;3
8194;61907;8194;71;1;1;7;6;0;1;1;1;0;2
8195;61907;8195;27;1;1;7;9;0;1;0;1;0;1
8196;61908;8196;71;1;1;7;6;0;1;2;1;0;3
8197;61908;8197;71;1;1;7;6;0;1;1;1;0;2
8198;61908;8198;71;1;1;7;6;1;0;1;2;0;2
8199;61908;8199;36;3;3;2;6;0;7;3;1;0;10
8200;61908;8200;51;1;1;7;2;0;1;1;1;0;2
8201;61909;8201;51;3;1;7;8;0;1;1;1;0;2
8202;61909;8202;25;3;1;7;6;0;1;2;1;0;3
8203;61909;8203;76;1;1;1;6;0;1;1;1;0;2
8204;61909;8204;25;3;1;7;6;0;1;0;1;0;1
8205;61909;8205;71;2;1;7;6;0;1;1;1;0;2
8206;61910;8206;71;1;1;7;5;0;2;1;1;0;3
8207;61910;8207;36;1;1;7;3;0;2;1;1;0;3
8208;61911;8208;52;3;1;7;7;0;1;1;3;0;2
8209;61911;8209;25;3;3;2;0;0;1;1;1;0;2
8210;61911;8210;72;1;1;7;6;0;1;1;1;0;2
8211;61912;8211;36;1;1;7;4;0;1;3;1;0;4
8212;61912;8212;36;1;1;1;3;0;1;1;1;0;2
8213;61912;8213;81;3;2;1;6;0;1;1;1;0;2
8214;61922;8214;25;1;1;7;6;0;1;1;1;0;2
8215;61923;8215;51;1;1;7;6;0;1;0;1;0;1
8216;61925;8216;52;1;1;7;6;0;2;0;1;0;2
8217;61925;8217;51;1;1;7;6;0;1;1;1;0;2
8218;61925;8218;51;1;1;1;6;0;2;0;1;0;2
8219;61925;8219;51;1;1;7;3;0;1;1;1;0;2
8220;61925;8220;72;1;1;7;6;1;0;1;2;0;2
8221;61929;8221;52;1;1;7;6;0;1;1;1;0;2
8222;61932;8222;21;1;1;7;3;0;1;1;1;0;2
8223;61933;8223;72;1;1;7;6;0;1;1;1;0;2
8224;61933;8224;72;1;1;7;6;1;0;1;2;0;2
8225;61934;8225;67;1;1;7;5;0;2;1;1;0;3
8226;61937;8226;36;1;6;1;4;0;1;1;1;0;2
8227;61938;8227;72;1;1;7;6;1;0;4;2;0;5
8228;61939;8228;61;1;1;7;4;0;1;1;1;0;2
8229;61941;8229;71;1;1;7;6;0;1;2;1;0;3
8230;61944;8230;28;1;1;7;7;0;1;1;1;0;2
8231;61947;8231;82;1;1;7;0;0;1;0;1;0;1
8232;61947;8232;71;1;1;7;6;0;1;1;1;0;2
8233;61947;8233;72;1;1;1;6;0;1;2;1;0;3
8234;61954;8234;72;1;1;7;6;0;1;1;1;0;2
8235;61955;8235;25;1;1;7;6;0;1;1;1;0;2
8236;61955;8236;72;1;1;7;6;0;1;1;1;0;2
8237;61955;8237;72;1;1;7;6;0;1;1;1;0;2
8238;61961;8238;72;1;1;7;6;0;1;1;1;0;2
8239;61961;8239;61;1;1;7;3;0;1;1;1;0;2
8240;61962;8240;67;1;1;7;4;0;1;1;1;0;2
8241;61963;8241;61;1;1;7;4;0;1;1;1;0;2
8242;61963;8242;51;1;1;7;6;0;3;1;1;0;4
8243;61963;8243;32;1;1;7;6;0;1;2;1;0;3
8244;61963;8244;51;1;1;7;6;0;1;1;1;0;2
8245;61963;8245;26;1;3;1;2;0;1;1;1;0;2
8246;61965;8246;71;1;1;7;6;0;1;1;1;0;2
8247;61965;8247;71;1;3;1;6;0;1;1;1;0;2
8248;61967;8248;81;3;3;1;6;0;1;2;1;0;3
8249;61967;8249;51;3;1;7;4;0;1;3;1;0;4
8250;61972;8250;71;3;2;2;6;1;0;1;2;0;2
8251;61986;8251;26;1;1;7;2;0;1;1;1;0;2
8252;61987;8252;67;3;1;7;5;0;1;1;1;0;2
8253;61989;8253;25;1;1;7;6;0;1;1;1;0;2
8254;61993;8254;71;1;1;7;6;1;0;1;2;0;2
8255;61999;8255;21;1;5;4;6;0;1;1;1;0;2
8256;61999;8256;71;1;1;7;6;0;1;2;1;0;3
8257;62001;8257;72;1;3;2;6;0;1;1;1;0;2
8258;62003;8258;72;3;1;7;6;0;1;1;1;0;2
8259;62003;8020;64;1;1;7;4;0;1;1;1;0;2
8260;62003;8260;64;1;1;1;3;0;1;2;1;0;3
8261;62003;8261;72;1;1;7;6;0;1;1;1;0;2
8262;62003;8262;81;3;1;7;6;0;2;1;1;0;3
8263;62003;8263;52;1;1;7;0;0;1;0;1;0;1
8264;62004;8264;72;1;1;7;6;0;1;1;1;0;2
8265;62004;8265;71;1;1;7;6;0;1;1;1;0;2
8266;62004;8266;81;1;1;7;1;0;1;0;1;0;1
8267;62004;8267;41;3;1;7;2;0;1;0;1;0;1
8268;62006;8268;72;1;1;7;6;0;1;1;1;0;2
8269;62007;8269;71;1;1;7;6;0;1;1;1;0;2
8270;62007;8270;72;1;1;7;6;0;1;1;1;0;2
8271;62007;8271;72;1;1;7;6;0;1;1;1;0;2
8272;62007;8272;71;1;1;7;6;0;1;1;1;0;2
8273;62007;8273;71;1;1;7;6;0;1;1;1;0;2
8274;62015;8274;64;3;1;1;4;0;1;1;1;0;2
8275;62015;8275;28;1;1;7;9;0;1;0;1;0;1
8276;62017;8276;72;1;1;7;6;0;2;1;1;0;3
8277;62019;8277;81;3;1;7;6;0;1;2;1;0;3
8278;62021;8278;52;3;1;7;6;0;1;0;1;0;1
8279;62021;8279;23;3;1;7;4;0;1;1;1;0;2
8280;62021;8280;63;1;1;7;3;0;1;1;1;0;2
8281;62021;8281;72;1;1;7;6;0;1;1;1;0;2
8282;62021;8282;71;1;1;7;6;0;1;1;1;0;2
8283;62021;8283;71;1;1;7;6;0;1;1;1;0;2
8284;62021;8284;36;3;1;7;4;0;1;1;1;0;2
8285;62021;8285;23;1;1;7;3;0;1;4;1;0;5
8286;62021;8286;21;1;1;1;6;0;3;0;1;0;3
8287;62034;8287;61;1;1;7;3;0;1;1;1;0;2
8288;62034;8288;72;1;1;7;6;0;1;1;1;0;2
8289;62034;8289;20;1;1;7;2;0;2;0;1;0;2
8290;62034;8290;64;1;1;7;2;0;1;1;1;0;2
8291;62034;8291;72;1;1;7;6;0;1;1;1;0;2
8292;62058;8292;72;1;1;7;6;0;1;1;1;0;2
8293;62058;8293;72;1;1;7;6;0;1;1;1;0;2
8294;62063;8294;72;1;1;7;6;0;1;1;1;0;2
8295;62064;8295;61;1;1;7;4;0;1;1;1;0;2
8296;62064;8296;26;1;1;7;2;0;1;1;1;0;2
8297;62064;8297;81;3;1;2;0;0;1;0;1;0;1
8298;62064;8298;51;1;3;1;3;0;1;1;1;0;2
8299;62064;8299;61;1;1;7;4;0;1;1;1;0;2
8300;62065;8300;71;1;1;7;6;1;0;1;2;0;2
8301;62065;8301;51;2;1;7;6;0;2;2;1;0;4
8302;62066;8302;51;1;1;7;4;0;1;1;1;0;2
8303;62066;8303;22;1;1;7;6;0;1;1;1;0;2
8304;62066;402;72;1;1;7;8;0;1;0;1;0;1
8305;62067;8305;51;1;1;7;6;0;1;1;1;0;2
8306;62067;8306;51;1;1;7;4;0;1;1;1;0;2
8307;62067;8307;25;1;1;1;6;0;1;1;1;0;2
8308;62067;8308;22;1;1;7;6;1;0;1;2;0;2
8309;62067;8309;51;1;1;7;6;0;1;1;1;0;2
8310;62071;8310;72;1;1;7;4;0;1;1;1;0;2
8311;62072;8311;72;1;1;7;6;0;1;1;1;0;2
8312;62073;8312;72;1;1;7;6;0;1;1;1;0;2
8313;62078;8313;72;1;1;7;6;0;1;1;1;0;2
8314;62083;8314;72;3;1;7;6;1;0;1;3;0;2
8315;62085;8315;64;1;1;7;6;0;1;3;1;0;4
8316;62096;8316;52;3;1;7;0;0;0;0;3;0;0
8317;62096;8317;52;1;6;1;0;0;1;3;1;0;4
8318;62096;8318;63;1;1;7;4;0;1;1;1;0;2
8319;62096;8319;51;1;1;7;6;0;1;2;1;0;3
8320;62099;8320;22;1;1;7;6;0;1;1;1;0;2
8321;62099;8321;64;1;1;7;6;0;1;2;1;0;3
8322;62102;8322;71;1;3;1;6;0;1;1;1;0;2
8323;62102;8323;51;1;1;7;6;0;4;0;1;0;4
8324;62102;8324;71;1;1;7;6;0;1;1;1;0;2
8325;62103;8325;25;1;1;7;6;0;1;0;1;0;1
8326;62103;8326;21;3;1;7;6;0;2;0;1;0;2
8327;62103;8327;23;1;1;7;5;0;1;1;1;0;2
8328;62103;8328;81;1;1;7;6;0;2;2;1;0;4
8329;62110;8329;73;1;1;7;5;0;1;1;1;0;2
8330;62111;8330;72;3;1;7;6;0;1;1;1;0;2
8331;62111;8331;72;1;1;7;6;0;1;1;1;0;2
8332;62111;8332;72;1;1;7;6;0;1;1;1;0;2
8333;62111;8333;72;1;1;7;5;0;2;0;1;0;2
8334;62111;5596;72;3;1;7;6;0;1;1;1;0;2
8335;62111;2049;28;3;1;7;0;0;1;0;1;0;1
8336;62111;8336;72;1;1;7;6;0;1;1;1;0;2
8337;62111;8337;72;1;1;7;6;1;0;1;2;0;2
8338;62111;8338;51;3;1;1;6;2;1;0;2;0;3
8339;62111;8339;81;1;3;2;2;0;1;1;1;0;2
8340;62111;8340;72;1;1;7;6;0;1;1;1;0;2
8341;62111;8341;72;1;1;7;6;0;1;1;1;0;2
8342;62111;8342;72;1;1;7;6;1;0;0;2;0;1
8343;62111;8343;72;1;1;7;6;0;1;1;1;0;2
8344;62111;8344;72;3;1;7;6;0;1;0;1;0;1
8345;62111;8345;51;3;3;1;6;0;1;2;1;0;3
8346;62111;8346;71;3;1;7;6;0;1;1;1;0;2
8347;62111;8347;71;1;1;7;7;0;1;1;1;0;2
8348;62112;8348;72;1;1;7;6;1;0;1;2;0;2
8349;62112;8349;51;1;1;7;6;0;1;3;1;0;4
8350;62112;8350;71;1;3;1;6;0;1;1;1;0;2
8351;62112;8351;72;1;1;7;6;0;0;1;3;0;1
8352;62113;8352;51;3;1;4;6;0;2;1;1;0;3
8353;62113;8353;72;1;1;7;6;0;1;1;1;0;2
8354;62113;8354;64;1;1;7;4;0;1;1;1;0;2
8355;62113;8355;63;1;3;1;4;0;1;1;1;0;2
8356;62113;8356;52;3;3;1;0;0;2;4;1;0;6
8357;62114;8357;25;1;1;7;6;0;1;1;1;0;2
8358;62114;8358;26;1;1;7;2;0;1;1;1;0;2
8359;62114;8359;51;2;1;7;6;0;2;1;1;0;3
8360;62114;8360;71;1;1;7;6;0;0;1;3;0;1
8361;62114;8361;71;1;1;7;6;0;1;1;1;0;2
8362;62114;8362;61;1;1;7;3;0;1;1;1;0;2
8363;62115;8363;51;1;1;7;6;0;1;2;1;0;3
8364;62115;8364;71;1;3;1;6;0;1;1;1;0;2
8365;62116;8365;23;1;1;7;5;0;1;2;1;0;3
8366;62116;8366;72;1;1;7;6;0;1;1;1;0;2
8367;62116;8367;26;2;1;7;2;0;1;1;1;0;2
8368;62116;8368;71;3;7;1;6;0;1;1;1;0;2
8369;62116;8369;52;3;1;7;0;1;1;3;2;0;5
8370;62126;8370;22;1;1;7;6;0;1;1;1;0;2
8371;62132;8371;51;3;1;7;4;0;1;0;1;0;1
8372;62140;8372;25;1;1;7;6;0;1;1;1;0;2
8373;62140;8373;27;1;1;7;0;0;1;0;1;0;1
8374;62141;8374;71;1;1;7;6;0;1;1;1;0;2
8375;62144;8375;72;1;1;7;6;1;0;1;2;0;2
8376;62145;8376;52;3;1;7;0;0;2;0;3;0;2
8377;62147;8377;71;1;1;7;6;1;0;1;2;0;2
8378;62153;8378;71;1;1;7;6;0;1;1;1;0;2
8379;62154;8379;25;3;1;7;6;0;2;1;1;0;3
8380;62155;8380;41;1;3;2;6;0;1;1;1;0;2
8381;62156;8381;72;2;1;7;6;0;1;1;1;0;2
8382;62156;8382;25;1;2;2;6;0;1;0;1;0;1
8383;62156;8383;51;1;1;7;6;0;1;2;1;0;3
8384;62157;8384;71;1;1;7;6;1;0;1;2;0;2
8385;62157;8385;72;1;1;7;6;1;0;1;2;0;2
8386;62157;8386;72;1;1;7;6;0;1;1;1;0;2
8387;62157;8387;72;1;1;7;6;0;1;2;1;0;3
8388;62159;8388;71;1;1;1;6;0;1;1;1;0;2
8389;62168;8389;51;2;1;7;6;0;1;1;1;0;2
8390;62170;8390;71;1;1;7;6;0;1;1;1;0;2
8391;62170;8391;64;3;1;7;4;0;1;1;1;0;2
8392;62170;8392;67;1;1;7;4;0;1;1;1;0;2
8393;62171;8393;71;1;1;7;6;0;1;1;1;0;2
8394;62171;8394;72;2;1;7;6;0;1;1;1;0;2
8395;62171;8395;81;1;1;7;2;1;0;1;2;0;2
8396;62171;8396;72;1;1;7;8;2;0;0;2;0;2
8397;62171;8397;51;1;1;7;6;0;1;2;1;0;3
8398;62171;8398;72;1;1;7;6;0;1;1;1;0;2
8399;62171;8399;71;1;1;7;6;0;1;0;1;0;1
8400;62171;8400;25;1;1;7;6;0;1;0;1;0;1
8401;62172;8401;64;3;1;7;4;0;1;2;1;0;3
8402;62172;8402;25;1;1;7;7;0;1;1;1;0;2
8403;62173;8403;71;1;1;7;6;0;1;1;1;0;2
8404;62173;8404;51;1;1;7;6;0;1;3;1;0;4
8405;62176;8405;71;1;1;7;6;0;1;1;1;0;2
8406;62176;8406;51;1;1;7;6;0;1;1;1;0;2
8407;62176;8407;71;1;1;7;6;0;1;1;1;0;2
8408;62177;8408;66;1;1;7;6;0;1;1;1;0;2
8409;62178;8409;72;3;1;7;6;0;0;2;3;0;2
8410;62178;8410;20;1;1;7;6;0;1;3;1;0;4
8411;62179;8411;71;1;1;7;6;0;1;1;1;0;2
8412;62179;8412;71;1;1;7;6;1;0;1;2;0;2
8413;62179;8413;25;3;1;7;7;0;1;2;1;0;3
8414;62185;8414;72;1;1;7;6;0;1;1;1;0;2
8415;62185;8415;72;1;1;7;6;0;1;1;1;0;2
8416;62188;8416;72;1;1;7;3;0;1;1;1;0;2
8417;62189;8417;71;1;1;7;6;0;1;1;1;0;2
8418;62192;8418;71;1;1;7;6;0;1;1;1;0;2
8419;62192;8419;32;1;3;1;7;0;1;2;1;0;3
8420;62193;8420;52;1;1;7;0;0;1;0;1;0;1
8421;62195;8421;81;1;1;7;6;1;0;1;2;0;2
8422;62196;8422;72;1;7;7;6;0;1;1;1;0;2
8423;62205;8423;72;1;1;7;6;0;1;1;1;0;2
8424;62211;8424;64;1;1;7;2;0;1;1;1;0;2
8425;62212;8425;71;1;1;7;6;0;1;1;1;0;2
8426;62212;8426;35;1;1;7;4;0;1;1;1;0;2
8427;62212;8427;51;3;1;7;0;0;2;0;1;0;2
8428;62212;8428;18;1;1;7;5;0;2;0;1;0;2
8429;62212;8429;72;1;1;7;6;0;1;1;1;0;2
8430;62212;8430;86;1;1;7;6;0;1;1;1;0;2
8431;62214;8431;51;3;1;1;6;0;1;1;1;0;2
8432;62214;8432;71;1;1;1;6;0;1;1;1;0;2
8433;62214;8433;72;1;1;7;6;0;1;1;1;0;2
8434;62214;8434;81;1;1;7;6;0;2;2;1;0;4
8435;62214;8435;71;1;1;7;6;0;1;1;1;0;2
8436;62214;8436;63;1;1;7;4;0;1;1;1;0;2
8437;62215;8437;51;3;7;5;7;1;0;1;2;0;2
8438;62215;8438;72;1;1;1;6;0;1;1;1;0;2
8439;62215;8439;71;1;3;1;6;0;1;1;1;0;2
8440;62215;8440;64;1;1;7;4;1;0;1;2;0;2
8441;62216;8441;71;1;1;7;6;0;1;1;1;0;2
8442;62216;8442;72;1;1;7;6;0;1;1;1;0;2
8443;62216;8443;52;3;3;1;0;3;1;0;2;0;4
8444;62216;8444;51;1;1;7;6;0;4;0;1;0;4
8445;62216;8445;52;1;1;7;0;0;2;0;1;0;2
8446;62216;8446;52;3;3;1;0;0;2;0;1;0;2
8447;62216;8447;72;1;1;7;6;0;1;2;1;0;3
8448;62216;8448;51;1;1;7;0;0;1;0;1;0;1
8449;62216;8449;51;1;1;7;0;0;1;0;1;0;1
8450;62216;8450;51;3;3;1;6;0;2;2;1;0;4
8451;62216;8451;22;1;1;7;5;0;1;1;1;0;2
8452;62216;8452;52;3;1;7;0;0;2;1;1;0;3
8453;62216;8453;52;3;1;7;0;0;2;0;1;0;2
8454;62216;8454;52;3;1;7;0;0;1;1;1;0;2
8455;62217;4178;23;1;1;7;5;0;1;1;1;0;2
8456;62217;8456;32;1;1;7;7;0;1;1;1;0;2
8457;62217;8457;51;1;1;7;4;0;1;2;1;0;3
8458;62217;8458;64;1;1;7;4;0;1;1;1;0;2
8459;62218;8459;24;1;1;7;3;0;1;1;1;0;2
8460;62218;8460;71;3;3;2;6;0;1;1;1;0;2
8461;62218;8461;64;1;1;7;6;0;1;1;1;0;2
8462;62218;8462;51;1;1;7;6;0;1;1;1;0;2
8463;62218;8463;71;1;1;7;4;0;1;1;1;0;2
8464;62218;8464;28;3;7;1;9;0;1;0;1;0;1
8465;62219;8465;71;3;3;2;6;0;1;1;1;0;2
8466;62219;8466;35;1;1;7;4;0;1;1;1;0;2
8467;62220;8467;71;1;1;7;6;0;1;1;1;0;2
8468;62220;8468;36;1;1;7;6;1;0;1;2;0;2
8469;62220;8469;73;1;3;1;4;0;1;1;1;0;2
8470;62220;8470;71;1;1;7;6;0;1;1;1;0;2
8471;62221;8471;51;1;1;7;6;0;2;0;1;0;2
8472;62221;8472;61;3;2;1;3;0;1;1;1;0;2
8473;62221;8473;81;1;1;7;6;0;1;1;1;0;2
8474;62221;8474;81;1;1;7;6;0;1;1;1;0;2
8475;62222;8475;72;1;1;1;6;0;1;1;1;0;2
8476;62222;8476;36;1;1;7;4;0;1;1;1;0;2
8477;62222;8477;81;1;1;7;6;0;3;2;1;0;5
8478;62222;8478;25;3;1;7;6;0;1;1;1;0;2
8479;62222;8479;22;2;1;7;6;0;1;1;1;0;2
8480;62222;8480;71;1;1;7;6;0;1;1;1;0;2
8481;62223;8481;26;1;1;7;2;0;1;0;1;0;1
8482;62223;8482;81;3;3;1;0;2;0;0;2;0;2
8483;62223;8483;52;3;1;7;0;0;4;0;1;0;4
8484;62224;8484;51;3;1;7;6;0;1;2;1;0;3
8485;62224;8485;35;1;1;7;4;0;1;1;1;0;2
8486;62224;8486;71;1;1;7;6;1;0;1;2;0;2
8487;62224;8487;51;1;1;7;6;0;2;0;1;0;2
8488;62230;8488;71;1;1;7;5;0;1;1;1;0;2
8489;62237;8489;74;1;1;7;6;0;1;0;1;0;1
8490;62240;8490;52;1;1;7;2;0;1;1;1;0;2
8491;62243;8491;72;3;1;7;6;1;0;1;2;0;2
8492;62244;8492;20;1;1;7;2;0;1;1;1;0;2
8493;62244;8493;72;1;1;7;6;0;1;1;1;0;2
8494;62246;8494;21;1;1;2;6;1;0;1;2;0;2
8495;62246;8495;20;1;1;7;1;0;1;1;1;0;2
8496;62248;8496;81;3;1;7;4;0;1;1;1;0;2
8497;62248;8497;71;1;1;7;6;0;1;1;1;0;2
8498;62248;8498;72;1;1;7;6;0;1;1;1;0;2
8499;62252;8499;71;1;1;7;8;0;1;1;1;0;2
8500;62252;8500;71;1;1;7;6;0;1;1;1;0;2
8501;62253;8501;51;1;1;7;6;0;1;1;1;0;2
8502;62253;8502;72;1;1;7;6;0;1;1;1;0;2
8503;62254;8503;71;1;1;7;6;0;1;1;1;0;2
8504;62261;8504;25;3;3;1;7;0;1;2;1;0;3
8505;62261;8505;72;1;1;7;6;0;1;1;1;0;2
8506;62263;8506;71;1;1;7;6;0;1;1;1;0;2
8507;62263;8507;72;1;1;7;6;0;1;1;1;0;2
8508;62263;8508;72;5;1;1;6;0;1;1;1;0;2
8509;62263;8509;72;1;3;1;6;1;0;1;2;0;2
8510;62265;8510;71;1;1;7;6;0;1;1;1;0;2
8511;62267;8511;16;3;1;7;4;0;1;2;1;0;3
8512;62267;8512;72;1;1;7;6;0;1;1;1;0;2
8513;62267;8513;64;1;1;1;4;0;1;1;1;0;2
8514;62268;8514;72;1;1;7;6;0;1;1;1;0;2
8515;62275;8515;72;1;3;1;6;0;1;1;1;0;2
8516;62278;8516;51;2;1;7;3;0;1;1;1;0;2
8517;62278;8517;51;1;3;1;3;0;1;1;1;0;2
8518;62278;8518;51;1;1;7;6;0;1;2;1;0;3
8519;62279;8519;51;1;3;2;6;0;1;3;1;0;4
8520;62279;8520;22;3;1;7;6;0;1;1;1;0;2
8521;62279;8521;51;1;2;1;6;0;2;2;1;0;4
8522;62279;8522;26;3;1;7;2;1;0;3;2;0;4
8523;62279;8523;23;1;1;7;6;0;1;1;1;0;2
8524;62285;8524;71;3;1;7;6;1;0;1;2;0;2
8525;62285;8525;51;1;1;7;3;0;1;1;1;0;2
8526;62285;8526;21;1;1;7;4;0;1;1;1;0;2
8527;62285;8527;74;1;1;7;4;0;1;1;1;0;2
8528;62285;8528;26;1;1;7;2;0;1;1;1;0;2
8529;62285;8529;51;1;1;7;6;1;0;1;2;0;2
8530;62285;8530;36;1;1;7;4;0;1;1;1;0;2
8531;62286;8531;25;3;1;7;0;0;1;0;1;0;1
8532;62286;8532;72;1;1;7;4;1;0;1;2;0;2
8533;62286;8533;53;1;1;7;4;0;1;1;1;0;2
8534;62286;8534;72;1;1;7;4;0;1;1;1;0;2
8535;62286;8535;64;1;1;7;4;0;1;1;1;0;2
8536;62286;8536;71;1;3;2;6;0;1;1;1;0;2
8537;62286;8537;72;1;1;7;6;0;1;1;1;0;2
8538;62286;8538;73;1;1;7;4;0;1;1;1;0;2
8539;62286;8539;52;3;1;7;0;1;0;0;2;0;1
8540;62286;8540;64;1;1;7;6;1;0;1;2;0;2
8541;62286;8541;26;3;1;7;4;0;2;0;1;0;2
8542;62286;8542;74;1;1;7;4;0;2;0;1;0;2
8543;62286;8543;72;1;1;7;6;0;1;1;1;0;2
8544;62286;8544;18;1;1;7;4;0;2;0;1;0;2
8545;62286;8545;64;1;1;7;4;0;2;0;1;0;2
8546;62286;8546;74;1;1;7;6;0;1;1;1;0;2
8547;62287;8547;72;1;1;7;6;0;1;1;1;0;2
8548;62287;8548;51;1;1;7;6;0;1;1;1;0;2
8549;62287;8549;51;1;1;7;6;0;1;0;1;0;1
8550;62288;8550;21;3;1;7;6;0;3;3;1;0;6
8551;62288;8551;51;1;1;7;2;0;1;3;1;0;4
8552;62288;8552;26;1;1;7;2;0;1;1;1;0;2
8553;62288;8553;71;1;1;7;6;0;1;1;1;0;2
8554;62288;8554;71;1;1;7;6;0;0;1;3;0;1
8555;62288;8555;51;1;3;1;6;0;1;1;1;0;2
8556;62288;8556;72;1;1;7;4;0;2;0;1;0;2
8557;62288;8557;52;3;1;7;0;0;0;0;3;0;0
8558;62288;8558;67;1;3;1;6;0;1;1;1;0;2
8559;62288;8559;52;3;3;1;0;0;1;1;1;0;2
8560;62289;8560;74;1;1;7;6;0;1;1;1;0;2
8561;62289;8561;72;1;1;7;6;0;1;1;1;0;2
8562;62289;8562;26;1;1;7;2;0;1;1;1;0;2
8563;62290;8563;51;1;3;2;6;0;1;2;1;0;3
8564;62290;8564;72;1;1;7;4;0;1;1;1;0;2
8565;62290;8565;51;1;3;1;6;0;2;4;1;0;6
8566;62290;8566;72;1;1;7;9;0;1;0;1;0;1
8567;62291;8567;51;1;3;2;6;0;1;2;1;0;3
8568;62291;8568;71;1;1;7;9;1;0;0;2;0;1
8569;62291;8569;71;1;1;7;6;0;1;1;1;0;2
8570;62291;8570;51;3;1;7;0;1;2;0;2;0;3
8571;62291;8571;51;3;1;7;0;0;1;0;1;0;1
8572;62294;8572;72;1;1;7;6;0;1;1;1;0;2
8573;62295;8573;72;1;1;7;6;0;1;1;1;0;2
8574;62295;8574;71;1;1;7;6;0;1;1;1;0;2
8575;62299;8575;72;3;3;1;6;0;1;2;1;0;3
8576;62299;8576;72;1;1;7;6;0;1;1;1;0;2
8577;62305;8577;72;1;1;7;6;1;0;1;2;0;2
8578;62305;8578;72;1;1;7;6;0;1;1;1;0;2
8579;62306;8579;61;1;1;1;3;0;1;1;1;0;2
8580;62307;8580;72;1;1;7;4;0;1;1;1;0;2
8581;62310;8581;72;1;1;7;7;0;1;1;1;0;2
8582;62310;8582;72;1;1;7;6;0;1;2;1;0;3
8583;62310;8583;72;3;1;7;6;0;1;1;1;0;2
8584;62311;8584;72;1;1;7;6;0;1;1;1;0;2
8585;62311;8585;72;2;1;7;6;0;1;1;1;0;2
8586;62315;8586;72;1;1;7;6;0;1;1;1;0;2
8587;62317;8587;26;1;1;7;1;0;1;1;1;0;2
8588;62317;8588;71;1;1;7;3;0;1;1;1;0;2
8589;62322;8589;72;1;1;7;6;0;1;1;1;0;2
8590;62329;8590;72;3;1;7;6;0;1;0;1;0;1
8591;62330;8591;71;2;1;7;6;0;1;1;1;0;2
8592;62342;8592;71;1;1;7;6;0;1;1;1;0;2
8593;62344;8593;71;3;3;1;6;0;1;1;1;0;2
8594;62350;8594;64;1;1;7;4;0;1;1;1;0;2
8595;62350;8595;35;3;1;1;3;0;1;0;1;0;1
8596;62354;8596;52;1;1;7;0;0;0;0;3;0;0
8597;62354;8597;72;1;1;7;6;0;1;1;1;0;2
8598;62357;8598;22;1;3;2;4;0;2;0;1;0;2
8599;62357;8599;64;1;1;7;5;0;2;1;1;0;3
8600;62357;8600;13;1;1;7;3;0;1;1;1;0;2
8601;62357;8601;73;1;1;7;6;0;1;1;1;0;2
8602;62357;8602;41;1;3;1;6;0;1;1;1;0;2
8603;62357;8603;51;1;3;1;6;0;1;2;1;0;3
8604;62357;8604;13;3;1;7;4;0;1;1;1;0;2
8605;62358;8605;26;1;1;7;1;0;1;1;1;0;2
8606;62358;8606;26;2;1;7;1;0;1;1;1;0;2
8607;62358;8607;26;1;1;7;1;0;1;1;1;0;2
8608;62358;8608;71;3;1;7;6;0;1;1;1;0;2
8609;62358;8609;71;1;1;7;6;0;1;1;1;0;2
8610;62359;8610;71;1;1;7;6;0;1;1;1;0;2
8611;62359;8611;51;1;1;7;6;0;1;1;1;0;2
8612;62359;8612;61;1;1;7;3;0;1;1;1;0;2
8613;62361;8613;72;1;1;7;4;0;2;1;1;0;3
8614;62361;8614;72;1;1;7;6;0;1;1;1;0;2
8615;62361;8615;25;3;1;7;6;0;1;1;1;0;2
8616;62361;8616;21;1;1;7;6;0;1;1;1;0;2
8617;62362;8617;51;1;1;7;6;0;1;3;1;0;4
8618;62362;8618;71;1;1;7;6;0;1;1;1;0;2
8619;62362;8619;71;1;1;7;6;0;1;1;1;0;2
8620;62362;8620;61;1;1;7;1;0;1;2;1;0;3
8621;62363;8621;71;1;1;7;6;0;1;1;1;0;2
8622;62363;8622;72;1;1;7;6;1;0;1;2;0;2
8623;62363;8623;71;2;1;7;6;0;1;1;1;0;2
8624;62363;8624;25;3;1;1;6;0;3;1;1;0;4
8625;62363;8625;71;1;1;7;6;0;1;2;1;0;3
8626;62366;8626;72;1;1;7;6;0;1;1;1;0;2
8627;62366;8627;25;3;1;7;6;0;1;0;1;0;1
8628;62366;8628;72;3;1;7;2;0;2;4;1;0;6
8629;62366;8629;71;1;1;7;6;0;1;1;1;0;2
8630;62366;8630;72;3;1;1;6;0;1;1;1;0;2
8631;62366;8631;81;3;1;7;6;0;1;1;1;0;2
8632;62366;8632;72;3;3;1;6;0;1;1;1;0;2
8633;62366;8633;62;1;1;7;2;0;1;1;1;0;2
8634;62366;8634;36;1;1;7;3;0;1;1;1;0;2
8635;62366;8635;72;2;1;7;6;0;1;1;1;0;2
8636;62366;8636;72;1;1;7;6;0;1;1;1;0;2
8637;62366;8637;25;1;1;7;6;0;1;2;1;0;3
8638;62366;8638;71;1;1;7;6;0;1;1;1;0;2