accident_id;lieu_id;date_id;cause_id;lum_id;intemp_id;etat_surface_id;impliq_id;nb_blesses_graves;nb_blesses_legers;nb_indemnes;gravite;nb_morts;nb_impliqués
8639;62367;8639;63;3;1;7;6;0;2;0;1;0;2
8640;62367;8640;25;1;1;7;6;0;1;1;1;0;2
8641;62367;8641;71;3;3;1;6;0;1;1;1;0;2
8642;62367;8642;72;1;1;7;6;0;1;1;1;0;2
8643;62367;8643;51;1;3;1;6;0;1;2;1;0;3
8644;62367;8644;72;1;1;7;6;0;1;1;1;0;2
8645;62367;8645;72;1;1;7;6;0;1;1;1;0;2
8646;62368;8646;72;1;1;7;6;0;1;1;1;0;2
8647;62368;8647;71;1;1;7;6;0;1;1;1;0;2
8648;62368;8648;51;3;1;7;3;0;1;1;1;0;2
8649;62368;8649;71;3;3;1;6;1;0;1;2;0;2
8650;62368;8650;72;1;1;7;6;0;1;1;1;0;2
8651;62368;8651;25;1;1;7;6;0;1;0;1;0;1
8652;62369;8652;28;1;1;7;0;0;1;0;1;0;1
8653;62370;8653;25;3;3;1;6;0;1;2;1;0;3
8654;62370;8654;25;3;1;7;7;0;2;1;1;0;3
8655;62370;8655;21;1;3;2;6;0;2;0;1;0;2
8656;62370;8656;64;1;1;7;4;0;1;1;1;0;2
8657;62370;8657;28;1;1;7;7;0;1;1;1;0;2
8658;62370;8658;72;1;1;7;6;0;1;1;1;0;2
8659;62372;8659;27;4;1;7;9;0;1;1;1;0;2
8660;62373;8660;25;3;3;2;6;1;0;0;2;0;1
8661;62373;8661;71;1;1;7;6;0;1;1;1;0;2
8662;62373;8662;51;3;2;2;3;0;1;1;1;0;2
8663;62373;8663;28;3;1;7;9;0;1;0;1;0;1
8664;62373;8664;64;1;1;7;6;0;1;1;1;0;2
8665;62376;8665;63;1;1;7;2;0;1;1;1;0;2
8666;62377;8666;26;1;1;7;2;1;0;1;2;0;2
8667;62377;8667;64;1;1;7;8;0;1;1;1;0;2
8668;62377;8668;20;1;1;1;6;0;1;2;1;0;3
8669;62377;8669;62;1;1;7;8;0;1;3;1;0;4
8670;62377;8670;67;1;3;1;4;0;1;1;1;0;2
8671;62377;8671;22;3;1;7;3;0;1;1;1;0;2
8672;62378;8672;71;1;1;7;6;0;1;1;1;0;2
8673;62378;8673;26;2;1;7;2;0;1;1;1;0;2
8674;62383;8674;21;1;1;7;6;0;1;1;1;0;2
8675;62385;8675;72;1;1;7;4;0;2;0;1;0;2
8676;62385;8676;72;1;1;7;6;1;0;1;2;0;2
8677;62386;8677;71;1;1;7;6;0;1;1;1;0;2
8678;62388;8678;72;1;1;7;6;0;1;1;1;0;2
8679;62388;8679;99;1;1;7;2;0;1;0;1;0;1
8680;62388;8680;41;1;1;7;6;0;1;1;1;0;2
8681;62391;8681;67;2;1;7;4;0;1;1;1;0;2
8682;62391;8682;71;1;1;7;8;0;1;1;1;0;2
8683;62404;8683;22;1;1;7;6;0;1;1;1;0;2
8684;62416;8684;51;3;1;7;0;0;2;0;1;0;2
8685;62418;8685;36;1;1;7;4;0;0;1;0;0;1
8686;62420;8686;74;1;1;7;6;0;1;1;1;0;2
8687;62422;8687;72;1;1;7;6;0;1;1;1;0;2
8688;62422;2599;64;1;1;7;6;1;0;1;2;0;2
8689;62422;8689;72;2;1;7;6;0;3;3;1;0;6
8690;62422;8690;51;1;1;7;6;0;1;1;1;0;2
8691;62426;8691;71;1;1;7;6;0;1;1;1;0;2
8692;62432;8692;72;1;1;7;6;0;1;1;1;0;2
8693;62432;8693;72;1;1;7;6;0;1;1;1;0;2
8694;62437;8694;71;1;1;7;6;0;1;1;1;0;2
8695;62447;8695;72;1;1;7;6;0;1;1;1;0;2
8696;62448;8696;72;1;1;7;6;0;1;1;1;0;2
8697;62449;8697;25;1;1;7;6;0;1;3;1;0;4
8698;62449;8698;64;1;1;7;9;0;1;0;1;0;1
8699;62449;8699;20;1;1;7;1;0;1;0;1;0;1
8700;62452;8700;81;1;1;7;6;0;1;2;1;0;3
8701;62453;8701;51;1;1;7;6;0;2;0;1;0;2
8702;62453;8702;25;3;1;1;6;0;1;2;1;0;3
8703;62453;8703;71;1;1;7;6;0;1;1;1;0;2
8704;62453;8704;51;1;1;7;6;0;1;0;1;0;1
8705;62453;8705;52;1;3;1;0;2;1;0;3;0;3
8706;62454;8706;67;1;1;7;4;0;1;1;1;0;2
8707;62455;8707;51;1;1;7;6;0;1;1;1;0;2
8708;62455;8708;51;1;1;7;6;0;2;0;1;0;2
8709;62456;8709;72;1;1;7;6;0;1;1;1;0;2
8710;62456;8710;52;1;1;7;0;0;4;0;1;0;4
8711;62456;8711;64;1;1;7;4;0;1;1;1;0;2
8712;62457;8712;23;1;1;7;4;0;2;0;1;0;2
8713;62461;8713;71;1;1;7;6;0;1;1;1;0;2
8714;62463;8714;72;1;1;7;6;0;1;0;1;0;1
8715;62463;8715;52;1;1;7;7;0;1;1;1;0;2
8716;62464;8716;72;1;1;7;6;0;1;1;1;0;2
8717;62464;8717;21;3;1;7;6;0;2;4;1;0;6
8718;62466;8718;21;1;1;7;6;0;1;1;1;0;2
8719;62466;8719;61;1;1;7;3;0;1;1;1;0;2
8720;62468;8720;26;1;1;7;2;0;1;1;1;0;2
8721;62468;8721;23;1;1;1;7;0;1;2;1;0;3
8722;62468;8722;25;1;1;7;7;0;2;0;1;0;2
8723;62469;8723;72;1;1;7;6;0;1;1;1;0;2
8724;62469;8724;64;1;1;7;6;0;1;1;1;0;2
8725;62472;8725;23;1;1;7;4;0;1;1;1;0;2
8726;62472;8726;51;1;1;7;6;0;2;1;1;0;3
8727;62475;8727;71;1;1;7;6;0;3;1;1;0;4
8728;62475;8728;71;1;1;7;6;0;1;1;1;0;2
8729;62477;8729;32;3;1;7;4;0;1;2;1;0;3
8730;62479;8730;52;1;1;7;6;0;1;1;1;0;2
8731;62484;8731;72;1;1;7;4;1;0;1;2;0;2
8732;62493;8732;63;1;1;7;3;0;1;0;1;0;1
8733;62493;8733;51;1;1;7;6;0;1;1;1;0;2
8734;62495;8734;52;1;4;3;0;0;1;0;1;0;1
8735;62496;8735;23;3;1;7;6;0;1;1;1;0;2
8736;62496;8736;18;1;1;7;6;0;1;2;1;0;3
8737;62496;8737;52;3;3;1;6;0;2;0;1;0;2
8738;62497;8738;52;1;3;1;0;2;1;2;2;0;5
8739;62497;8739;51;3;1;7;6;0;2;0;1;0;2
8740;62497;8740;18;1;1;7;6;0;1;1;1;0;2
8741;62498;8741;72;1;1;7;6;0;1;1;1;0;2
8742;62498;8742;72;1;1;7;6;0;1;1;1;0;2
8743;62505;8743;99;3;1;7;4;0;1;1;1;0;2
8744;62505;8744;72;1;1;7;6;0;1;1;1;0;2
8745;62505;8745;72;1;1;7;6;0;1;1;1;0;2
8746;62513;8746;64;1;1;7;6;0;1;1;1;0;2
8747;62513;8747;72;1;1;7;6;0;1;1;1;0;2
8748;62518;8748;51;1;1;7;1;1;0;1;2;0;2
8749;62519;8749;72;1;1;7;4;0;2;1;1;0;3
8750;62519;8750;72;1;1;7;6;0;1;1;1;0;2
8751;62519;8751;72;1;1;7;6;0;1;1;1;0;2
8752;62530;8752;41;1;1;7;3;0;1;1;1;0;2
8753;62532;8753;72;1;1;7;6;0;1;1;1;0;2
8754;62533;8754;52;1;1;7;6;0;2;1;1;0;3
8755;62536;8755;72;1;1;7;6;0;1;1;1;0;2
8756;62539;8756;71;1;3;1;6;0;1;1;1;0;2
8757;62544;8757;51;1;1;1;6;0;1;2;1;0;3
8758;62544;8758;72;3;3;1;6;0;1;0;1;0;1
8759;62545;8759;25;1;1;1;6;0;1;1;1;0;2
8760;62545;8760;71;1;1;7;6;0;1;2;1;0;3
8761;62546;8761;52;3;1;7;6;0;3;0;1;0;3
8762;62546;8762;71;1;1;7;6;0;1;1;1;0;2
8763;62547;8763;72;1;1;7;6;0;1;1;1;0;2
8764;62551;8764;72;1;1;7;6;0;1;1;1;0;2
8765;62554;8765;26;3;1;7;2;0;1;1;1;0;2
8766;62555;8766;65;1;1;7;6;1;0;0;2;0;1
8767;62555;8767;51;1;1;7;2;0;1;1;1;0;2
8768;62557;8768;71;1;1;7;6;0;1;1;1;0;2
8769;62567;8769;72;1;1;7;6;0;1;1;1;0;2
8770;62567;8770;72;3;1;7;6;0;1;1;1;0;2
8771;62571;8771;72;1;1;7;6;0;1;1;1;0;2
8772;62572;8772;52;1;1;7;0;1;0;0;2;0;1
8773;62572;8773;82;1;1;7;0;0;3;0;3;1;4
8774;62573;8774;63;1;1;7;5;0;1;1;1;0;2
8775;62573;8775;20;3;1;7;6;0;1;1;1;0;2
8776;62583;8776;36;3;1;1;3;0;1;1;1;0;2
8777;62584;8777;64;1;1;1;4;0;1;1;1;0;2
8778;62585;8778;25;1;1;7;6;0;2;1;1;0;3
8779;62588;8779;81;1;1;7;0;0;1;1;1;0;2
8780;62591;8780;72;1;1;7;6;0;1;1;1;0;2
8781;62591;8781;72;1;1;7;6;0;1;1;1;0;2
8782;62591;8782;51;1;1;7;1;0;0;2;0;0;2
8783;62592;8783;71;1;1;7;6;0;1;1;1;0;2
8784;62596;8784;72;1;1;7;6;0;0;1;3;0;1
8785;62600;8785;21;1;1;7;6;0;1;2;1;0;3
8786;62600;8786;72;1;1;7;6;0;1;1;1;0;2
8787;62603;8787;72;1;1;7;6;1;0;1;2;0;2
8788;62603;2103;81;3;1;7;0;0;1;0;1;0;1
8789;62603;8789;71;1;1;7;6;0;1;2;1;0;3
8790;62603;8790;71;1;3;1;6;0;1;1;1;0;2
8791;62603;8791;81;3;1;7;6;0;1;1;1;0;2
8792;62603;8792;51;3;3;1;6;0;2;4;1;0;6
8793;62603;8793;26;1;1;7;4;0;1;1;1;0;2
8794;62603;8794;72;3;1;7;6;0;1;1;1;0;2
8795;62603;8795;23;3;3;1;4;1;0;1;2;0;2
8796;62605;8796;72;3;4;4;6;0;1;1;1;0;2
8797;62605;8797;64;1;1;7;6;0;1;1;1;0;2
8798;62605;8798;25;3;3;2;6;0;1;1;1;0;2
8799;62605;8799;72;1;1;7;6;0;1;1;1;0;2
8800;62605;8800;64;3;1;7;6;0;1;2;1;0;3
8801;62605;8801;61;1;1;7;3;1;0;1;2;0;2
8802;62606;8802;25;3;1;7;0;0;1;0;1;0;1
8803;62606;8803;72;3;1;7;6;1;0;1;2;0;2
8804;62606;8804;51;3;1;7;0;0;1;0;1;0;1
8805;62606;8805;71;1;3;2;6;0;1;1;1;0;2
8806;62606;8806;61;1;1;7;3;0;1;1;1;0;2
8807;62606;8807;32;1;1;7;7;0;1;1;1;0;2
8808;62606;8808;72;1;1;7;6;0;1;1;1;0;2
8809;62606;8809;25;5;1;7;6;0;1;0;1;0;1
8810;62607;8810;72;1;1;7;6;0;1;1;1;0;2
8811;62607;8811;71;3;1;7;6;0;1;1;1;0;2
8812;62607;8812;71;1;1;7;6;0;1;1;1;0;2
8813;62607;8813;71;1;1;7;6;1;0;1;2;0;2
8814;62609;8814;72;1;1;7;6;0;1;1;1;0;2
8815;62609;8815;52;1;1;7;0;0;0;0;3;0;0
8816;62609;8816;52;1;1;7;0;0;2;0;1;0;2
8817;62609;8817;51;3;3;1;3;0;1;1;1;0;2
8818;62609;8818;72;1;1;7;4;0;2;0;1;0;2
8819;62610;8819;71;1;1;7;6;0;1;1;1;0;2
8820;62610;8820;26;1;1;7;1;0;1;2;1;0;3
8821;62610;8821;71;1;1;7;6;1;0;1;2;0;2
8822;62610;8822;71;1;1;7;6;1;0;1;2;0;2
8823;62610;8823;52;1;1;7;0;0;1;0;3;0;1
8824;62610;8824;63;1;1;7;6;0;1;1;1;0;2
8825;62610;8825;52;3;1;7;0;1;0;0;3;0;1
8826;62611;8826;35;1;1;7;4;0;1;1;1;0;2
8827;62611;8827;81;3;1;1;6;0;1;1;1;0;2
8828;62612;8828;72;1;1;7;4;0;1;1;1;0;2
8829;62612;8829;23;3;1;1;6;0;1;2;1;0;3
8830;62612;8830;81;3;1;1;6;0;1;2;1;0;3
8831;62612;8831;20;1;1;7;6;0;1;1;1;0;2
8832;62635;8832;21;1;3;2;7;0;1;1;1;0;2
8833;62636;8833;72;1;1;7;6;0;1;1;1;0;2
8834;62636;8834;71;1;1;7;6;0;1;1;1;0;2
8835;62636;8835;71;1;1;7;6;0;1;1;1;0;2
8836;62636;8836;71;1;1;7;6;0;1;1;1;0;2
8837;62636;8837;71;3;6;1;6;0;1;2;1;0;3
8838;62636;8838;71;1;1;7;6;0;1;1;1;0;2
8839;62637;8839;26;3;1;7;2;0;1;1;1;0;2
8840;62637;8840;71;1;1;7;6;0;1;1;1;0;2
8841;62637;8841;71;3;1;7;6;0;2;1;1;0;3
8842;62638;8842;51;2;1;7;4;0;1;1;1;0;2
8843;62638;8843;64;1;1;7;3;0;1;1;1;0;2
8844;62638;8844;72;1;1;7;6;0;2;0;1;0;2
8845;62639;8845;25;2;3;2;6;1;0;1;2;0;2
8846;62639;8846;71;1;1;7;6;0;1;1;1;0;2
8847;62639;8847;36;1;1;1;4;0;1;0;1;0;1
8848;62640;8848;71;3;1;7;6;0;1;1;1;0;2
8849;62640;8849;51;1;3;1;6;0;1;1;1;0;2
8850;62640;8850;51;1;1;1;3;0;0;1;3;0;1
8851;62641;8851;71;1;1;7;6;1;0;1;2;0;2
8852;62641;8852;22;1;1;7;6;0;1;1;1;0;2
8853;62641;8853;51;1;1;7;6;0;2;2;1;0;4
8854;62641;8854;25;1;1;1;6;0;3;0;1;0;3
8855;62641;8855;51;1;1;7;6;0;1;2;1;0;3
8856;62641;8856;51;3;4;3;7;0;1;1;1;0;2
8857;62641;8857;51;1;7;6;6;0;2;0;1;0;2
8858;62641;8858;72;1;1;7;6;0;1;1;1;0;2
8859;62641;8859;64;3;1;7;6;0;1;2;1;0;3
8860;62642;8860;51;1;1;7;3;0;1;0;1;0;1
8861;62644;8861;41;1;1;7;2;0;1;1;1;0;2
8862;62644;8862;64;3;3;1;3;0;1;1;1;0;2
8863;62645;8863;63;1;1;7;5;0;1;1;1;0;2
8864;62645;8864;72;3;1;7;6;1;0;1;2;0;2
8865;62646;8865;81;3;1;7;6;0;1;0;1;0;1
8866;62646;8866;72;2;3;1;6;0;1;1;1;0;2
8867;62646;8867;71;3;1;7;6;1;0;1;2;0;2
8868;62647;8868;72;3;1;7;6;1;0;1;2;0;2
8869;62647;8869;71;3;1;1;6;1;0;1;2;0;2
8870;62647;8870;81;3;1;7;1;0;3;0;1;0;3
8871;62647;8871;52;3;1;7;0;0;1;0;1;0;1
8872;62649;8872;72;1;2;1;6;0;1;1;1;0;2
8873;62650;8873;26;1;1;1;1;0;1;1;1;0;2
8874;62650;8874;51;1;1;7;6;0;2;2;1;0;4
8875;62651;8875;32;1;1;7;6;0;1;1;1;0;2
8876;62659;8876;73;1;1;7;6;0;1;1;1;0;2
8877;62660;8877;51;1;1;1;6;0;1;2;1;0;3
8878;62662;8878;53;1;1;7;2;0;1;2;1;0;3
8879;62662;8879;71;3;1;7;6;0;1;1;1;0;2
8880;62663;8880;71;1;1;7;6;0;1;1;1;0;2
8881;62664;8881;41;1;1;7;3;0;1;1;1;0;2
8882;62670;8882;72;1;1;1;6;0;1;1;1;0;2
8883;62672;8883;61;1;1;7;4;0;1;1;1;0;2
8884;62674;8884;72;1;1;7;6;0;1;1;1;0;2
8885;62678;8885;72;3;3;1;6;0;1;0;1;0;1
8886;62679;8886;72;1;1;7;6;0;1;1;1;0;2
8887;62679;8887;99;2;1;7;1;0;1;1;1;0;2
8888;62688;8888;72;1;1;7;6;0;1;3;1;0;4
8889;62689;8889;72;1;1;7;6;0;1;1;1;0;2
8890;62697;8890;72;1;1;7;6;1;0;1;2;0;2
8891;62697;8891;72;1;1;7;6;0;1;1;1;0;2
8892;62697;8892;72;1;1;7;6;0;1;1;1;0;2
8893;62697;8893;72;1;1;7;6;0;1;1;1;0;2
8894;62698;8894;64;1;3;1;6;0;2;0;1;0;2
8895;62698;8895;23;1;1;7;4;0;1;1;1;0;2
8896;62698;8896;71;3;3;1;6;0;1;1;1;0;2
8897;62698;8897;26;1;1;7;2;0;1;1;1;0;2
8898;62701;8898;51;1;1;7;6;0;2;2;1;0;4
8899;62701;8899;71;1;3;2;6;0;1;2;1;0;3
8900;62701;8900;71;1;1;7;6;0;1;1;1;0;2
8901;62701;8901;72;1;1;7;6;0;1;1;1;0;2
8902;62701;8902;26;1;3;2;1;0;1;1;1;0;2
8903;62701;8903;71;1;2;2;6;1;0;1;2;0;2
8904;62701;8904;25;3;1;7;6;0;1;0;1;0;1
8905;62701;8905;71;1;1;7;6;1;0;1;2;0;2
8906;62701;4963;25;1;1;7;6;0;2;2;1;0;4
8907;62701;8907;72;1;1;7;6;0;1;1;1;0;2
8908;62701;8908;71;1;1;7;6;0;1;1;1;0;2
8909;62701;8909;71;1;1;7;6;0;1;1;1;0;2
8910;62701;8910;72;2;1;7;6;0;1;1;1;0;2
8911;62701;8911;71;1;1;7;6;0;1;1;1;0;2
8912;62701;8912;71;1;1;7;6;0;1;1;1;0;2
8913;62701;8913;51;1;3;1;6;0;1;2;1;0;3
8914;62701;8914;71;1;1;7;6;0;1;1;1;0;2
8915;62702;8915;18;1;1;7;6;0;1;1;1;0;2
8916;62712;8916;26;1;1;7;1;0;1;1;1;0;2
8917;62714;8917;71;1;1;7;6;1;0;1;2;0;2
8918;62714;8918;71;1;1;7;6;0;1;1;1;0;2
8919;62714;8919;71;1;1;7;6;0;1;1;1;0;2
8920;62714;8920;81;3;3;1;6;1;1;1;2;0;3
8921;62714;8921;21;1;1;7;6;0;2;2;1;0;4
8922;62715;8922;28;3;2;2;0;0;1;0;1;0;1
8923;62715;8923;63;1;1;7;4;0;1;1;1;0;2
8924;62715;8924;63;1;1;7;5;0;1;1;1;0;2
8925;62715;8925;72;1;1;7;6;0;1;1;1;0;2
8926;62716;6934;72;1;1;1;6;0;1;1;1;0;2
8927;62716;8927;72;1;1;7;6;0;1;1;1;0;2
8928;62716;8928;72;1;1;7;6;0;1;1;1;0;2
8929;62717;8929;51;1;1;7;6;0;1;1;1;0;2
8930;62717;8930;81;3;1;7;6;0;1;1;1;0;2
8931;62717;8931;71;1;1;7;6;0;1;1;1;0;2
8932;62717;8932;72;1;1;7;6;0;1;0;1;0;1
8933;62719;8933;51;1;1;7;3;0;1;0;1;0;1
8934;62722;8934;25;1;1;7;0;0;1;0;1;0;1
8935;62726;8935;72;1;1;7;6;0;1;1;1;0;2
8936;62726;8936;71;1;1;7;6;1;0;1;2;0;2
8937;62726;8937;72;1;1;7;6;0;1;1;1;0;2
8938;62728;8938;73;3;1;7;2;0;1;1;1;0;2
8939;62728;8939;72;1;1;7;3;0;2;0;1;0;2
8940;62730;8940;72;1;1;7;5;0;2;0;1;0;2
8941;62730;8941;75;1;1;7;5;0;2;0;1;0;2
8942;62733;8942;72;1;1;7;6;0;1;1;1;0;2
8943;62733;8943;72;1;1;7;6;0;1;1;1;0;2
8944;62735;8944;71;3;1;2;6;0;1;1;1;0;2
8945;62736;8945;72;1;1;7;6;1;0;1;2;0;2
8946;62736;8946;67;1;1;7;6;0;1;1;1;0;2
8947;62736;8947;51;3;2;2;4;0;1;1;1;0;2
8948;62736;8948;41;1;1;7;1;0;1;1;1;0;2
8949;62736;8949;72;3;1;7;6;0;1;1;1;0;2
8950;62736;8950;71;1;1;7;6;0;1;1;1;0;2
8951;62736;8951;72;1;1;7;6;0;1;1;1;0;2
8952;62736;8952;72;1;1;7;6;0;1;1;1;0;2
8953;62736;8953;72;1;1;7;6;0;1;1;1;0;2
8954;62742;8954;67;1;1;7;4;0;1;1;1;0;2
8955;62743;8955;72;1;1;7;3;0;1;1;1;0;2
8956;62743;8956;25;3;1;2;7;0;2;1;1;0;3
8957;62743;8957;99;1;1;7;9;0;1;0;1;0;1
8958;62748;8958;81;3;1;7;6;0;1;4;1;0;5
8959;62748;8959;72;1;1;7;6;0;1;1;1;0;2
8960;62748;8960;71;1;1;7;6;0;1;1;1;0;2
8961;62752;8961;72;3;3;2;6;0;0;1;3;0;1
8962;62752;8962;41;1;1;7;6;2;1;0;2;0;3
8963;62752;8963;71;1;1;7;6;0;1;1;1;0;2
8964;62752;8964;41;1;1;1;6;0;1;1;1;0;2
8965;62752;8965;51;3;1;7;6;1;2;0;2;0;3
8966;62755;8966;51;3;1;7;6;0;1;1;1;0;2
8967;62755;8967;51;1;1;7;6;0;1;3;1;0;4
8968;62755;8968;41;5;1;7;6;0;2;0;1;0;2
8969;62787;8969;72;1;1;7;6;0;1;1;1;0;2
8970;62787;1209;72;1;1;7;6;0;1;1;1;0;2
8971;62792;8971;51;1;1;7;6;0;1;1;1;0;2
8972;62792;8972;81;3;1;7;2;0;1;1;1;0;2
8973;62792;8973;72;3;1;7;6;0;1;1;1;0;2
8974;62792;8974;71;1;1;7;6;0;1;1;1;0;2
8975;62793;8975;41;1;1;7;6;0;1;1;1;0;2
8976;62793;8976;73;1;1;7;4;0;1;1;1;0;2
8977;62794;8977;41;1;1;1;4;0;1;1;1;0;2
8978;62804;8978;64;1;1;7;4;0;1;1;1;0;2
8979;62828;8979;73;1;1;7;3;0;1;1;1;0;2
8980;62829;8980;51;1;1;1;2;0;1;1;1;0;2
8981;62829;8981;51;1;1;7;1;0;1;1;3;0;2
8982;62831;8982;72;1;2;2;9;0;1;0;1;0;1
8983;62831;8983;32;1;1;7;6;0;1;2;1;0;3
8984;62845;8984;71;1;1;7;6;0;1;1;1;0;2
8985;62845;8985;72;1;1;7;6;0;1;1;1;0;2
8986;62845;8986;72;1;1;7;6;0;1;1;1;0;2
8987;62856;8987;21;2;1;7;4;0;1;1;1;0;2
8988;62895;8988;51;1;1;7;1;0;1;1;1;0;2
8989;62918;8989;51;1;1;7;6;0;1;2;1;0;3
8990;62918;8990;41;3;3;1;6;0;2;2;1;0;4
8991;62919;8991;36;1;1;7;3;0;1;1;1;0;2
8992;62919;8992;19;1;1;7;6;0;1;1;1;0;2
8993;62919;8993;64;1;3;1;6;0;2;1;1;0;3
8994;62920;8994;19;1;1;7;7;0;1;1;1;0;2
8995;62925;8995;51;3;3;2;6;0;2;1;1;0;3
8996;62928;8996;63;1;1;7;6;0;1;2;1;0;3
8997;62941;8997;51;3;1;7;6;0;1;0;1;0;1
8998;62941;8998;72;1;1;7;9;0;1;0;1;0;1
8999;62941;8999;51;1;1;7;5;0;1;1;1;0;2
9000;62941;9000;72;1;1;7;6;1;0;1;2;0;2
9001;62941;9001;71;3;3;1;6;0;1;1;1;0;2
9002;62942;9002;24;1;1;7;2;1;0;2;2;0;3
9003;62945;9003;28;3;1;7;0;0;1;0;1;0;1
9004;62945;9004;51;1;1;7;6;0;1;5;1;0;6
9005;62946;9005;51;1;1;7;4;0;1;1;1;0;2
9006;62946;9006;64;1;1;7;5;1;0;1;2;0;2
9007;62946;9007;20;1;1;7;6;0;1;1;1;0;2
9008;62947;711;51;1;1;7;6;0;1;1;1;0;2
9009;62947;9009;52;2;1;7;0;0;2;0;1;0;2
9010;62947;9010;52;3;1;1;0;1;0;0;2;0;1
9011;62947;9011;67;1;1;7;5;0;2;1;1;0;3
9012;62947;9012;67;3;1;7;4;0;1;1;1;0;2
9013;62949;9013;51;1;1;7;3;0;1;1;1;0;2
9014;62949;9014;72;3;1;1;6;0;1;1;1;0;2
9015;62949;9015;67;3;1;7;4;0;1;1;1;0;2
9016;62949;9016;41;1;1;7;4;0;1;1;1;0;2
9017;62949;9017;20;1;3;1;6;0;1;1;1;0;2
9018;62953;9018;35;1;1;7;4;0;1;1;1;0;2
9019;62953;9019;61;1;1;7;4;0;1;1;1;0;2
9020;62953;9020;64;1;1;7;6;0;1;1;1;0;2
9021;62954;9021;64;1;6;1;2;0;1;1;1;0;2
9022;62955;9022;72;1;1;7;6;0;1;1;1;0;2
9023;62956;9023;63;3;6;1;4;0;1;1;1;0;2
9024;62956;9024;51;1;1;7;6;0;2;1;1;0;3
9025;62961;9025;22;3;1;7;6;0;1;2;1;0;3
9026;62961;9026;28;1;1;7;0;0;1;0;1;0;1
9027;62962;9027;52;2;1;7;6;0;1;0;1;0;1
9028;62962;9028;21;1;1;7;5;0;1;1;1;0;2
9029;62965;9029;71;1;1;7;6;0;1;1;1;0;2
9030;62967;9030;72;1;1;7;6;0;1;1;1;0;2
9031;62968;9031;21;1;1;7;6;0;1;1;1;0;2
9032;62968;9032;72;1;1;7;6;0;1;1;1;0;2
9033;62972;9033;21;3;1;7;6;0;5;1;1;0;6
9034;62975;9034;21;1;1;7;6;0;1;1;1;0;2
9035;62975;9035;22;1;1;7;7;0;0;1;3;0;1
9036;62975;9036;72;1;1;7;6;0;1;1;1;0;2
9037;62975;9037;36;1;1;7;6;0;1;1;1;0;2
9038;62975;9038;21;1;3;1;6;0;2;0;1;0;2
9039;62993;9039;51;1;1;7;6;0;1;0;1;0;1
9040;63000;9040;74;1;3;2;6;0;1;1;1;0;2
9041;63000;9041;71;1;1;7;6;0;1;1;1;0;2
9042;63000;9042;25;1;1;7;6;0;1;1;1;0;2
9043;63000;9043;71;1;1;7;6;0;1;1;1;0;2
9044;63004;9044;71;3;1;7;6;0;1;1;1;0;2
9045;63005;9045;22;3;1;7;4;0;1;1;1;0;2
9046;63005;9046;72;3;2;1;6;0;1;1;1;0;2
9047;63005;9047;71;1;1;7;6;0;1;1;1;0;2
9048;63005;9048;64;1;1;7;6;0;1;1;1;0;2
9049;63005;9049;71;1;1;7;6;0;1;2;1;0;3
9050;63005;9050;51;3;3;1;2;0;1;5;1;0;6
9051;63005;9051;71;1;1;7;6;0;1;1;1;0;2
9052;63011;9052;72;3;3;5;6;0;1;1;1;0;2
9053;63016;9053;64;1;1;7;7;0;1;1;3;0;2
9054;63019;9054;72;1;1;7;6;0;1;1;1;0;2
9055;63019;9055;23;3;1;7;4;0;1;5;1;0;6
9056;63019;9056;18;1;1;7;6;0;2;2;1;0;4
9057;63020;9057;66;1;1;7;7;0;1;1;1;0;2
9058;63023;9058;81;3;1;7;6;2;0;1;2;0;3
9059;63024;9059;71;1;1;7;6;0;1;1;1;0;2
9060;63024;9060;71;1;1;7;6;0;1;1;1;0;2
9061;63024;9061;81;1;1;7;6;0;1;1;1;0;2
9062;63024;9062;72;1;1;1;4;0;2;0;1;0;2
9063;63024;9063;72;2;2;1;5;0;1;1;1;0;2
9064;63026;9064;51;1;1;1;6;0;1;1;1;0;2
9065;63026;9065;51;1;1;7;6;0;1;2;1;0;3
9066;63026;9066;72;1;1;7;6;0;1;1;1;0;2
9067;63034;9067;67;1;1;7;4;0;1;2;1;0;3
9068;63034;9068;61;3;1;7;3;1;0;2;2;0;3
9069;63034;9069;64;1;1;7;6;0;1;1;1;0;2
9070;63034;9070;24;3;1;7;4;0;1;1;1;0;2
9071;63034;9071;71;1;1;7;6;0;1;1;1;0;2
9072;63036;9072;41;1;1;7;1;0;1;1;1;0;2
9073;63036;9073;71;2;3;1;6;0;1;1;1;0;2
9074;63036;9074;71;1;1;2;6;0;1;1;1;0;2
9075;63036;9075;51;3;1;7;6;0;3;0;1;0;3
9076;63036;9076;71;1;1;7;6;0;1;1;1;0;2
9077;63036;9077;71;1;1;7;6;0;1;0;1;0;1
9078;63036;9078;81;3;1;1;6;0;1;0;1;0;1
9079;63036;9079;72;1;1;7;6;0;1;1;1;0;2
9080;63036;9080;72;1;1;7;6;0;1;1;1;0;2
9081;63037;9081;64;1;1;7;6;0;1;1;1;0;2
9082;63038;9082;72;2;1;7;6;0;1;1;1;0;2
9083;63038;9083;72;1;1;7;6;1;0;1;2;0;2
9084;63039;9084;71;1;6;7;6;0;1;1;1;0;2
9085;63039;9085;72;1;1;7;6;0;1;1;1;0;2
9086;63039;9086;72;1;1;7;6;1;1;0;2;0;2
9087;63039;9087;71;1;1;7;6;0;1;1;1;0;2
9088;63040;9088;67;3;1;7;5;0;1;1;1;0;2
9089;63040;9089;16;3;1;7;6;0;1;1;1;0;2
9090;63041;9090;28;5;1;7;0;0;1;0;1;0;1
9091;63041;9091;71;1;1;7;6;1;0;1;2;0;2
9092;63041;9092;25;3;3;1;6;0;2;0;1;0;2
9093;63041;9093;18;1;1;7;3;0;1;1;1;0;2
9094;63053;9094;64;1;1;7;6;0;1;1;1;0;2
9095;63053;9095;52;3;1;7;0;0;0;0;3;0;0
9096;63054;9096;72;1;1;7;6;0;1;1;1;0;2
9097;63060;9097;51;1;1;7;0;2;0;0;2;0;2
9098;63060;9095;52;3;1;7;0;0;0;0;3;0;0
9099;63060;9096;72;1;1;7;6;0;1;1;1;0;2
9100;63060;9100;51;1;1;7;0;0;1;0;1;0;1
9101;63061;9101;18;1;1;7;6;0;1;1;1;0;2
9102;63067;9102;22;1;3;1;5;0;1;1;1;0;2
9103;63067;9103;51;1;1;7;4;0;1;1;1;0;2
9104;63067;9104;72;1;1;7;6;0;0;1;3;0;1
9105;63074;9105;21;3;3;2;6;0;1;1;1;0;2
9106;63074;9106;71;3;1;7;6;1;0;1;2;0;2
9107;63075;9107;26;3;3;1;2;0;1;1;1;0;2
9108;63083;9108;51;1;1;7;3;0;2;0;1;0;2