accident_id;lieu_id;date_id;cause_id;lum_id;intemp_id;etat_surface_id;impliq_id;nb_blesses_graves;nb_blesses_legers;nb_indemnes;gravite;nb_morts;nb_impliqués
9109;63083;9109;71;1;1;7;6;0;1;1;1;0;2
9110;63532;9110;81;3;3;1;6;1;0;2;2;0;3
9111;63533;9111;21;1;6;1;6;3;0;1;2;0;4
9112;63533;9112;21;3;1;7;4;0;1;2;1;0;3
9113;63533;9113;52;3;3;2;0;1;0;0;2;0;1
9114;63533;9114;21;3;1;7;4;0;2;0;1;0;2
9115;63576;9115;21;1;1;2;6;2;2;0;2;0;4
9116;63577;9116;21;1;1;2;6;3;0;0;2;0;3
9117;64262;9117;52;5;1;7;0;1;0;0;2;0;1
9118;64263;9118;21;1;1;7;6;1;0;1;2;0;2
9119;64264;9119;81;1;1;7;6;1;0;2;2;0;3
9120;64266;9120;52;3;3;2;0;2;2;1;2;0;5
9121;64269;9121;21;1;1;7;6;2;0;1;2;0;3
9122;64271;9122;81;3;1;2;0;1;1;0;2;0;2
9123;64274;9123;25;1;1;7;6;1;1;0;2;0;2
9124;64277;9124;21;1;1;7;6;0;1;1;1;0;2
9125;64278;9125;51;3;1;7;3;0;0;1;3;0;1
9126;64278;9126;36;1;3;1;6;1;0;2;2;0;3
9127;64279;9127;21;3;1;2;6;3;1;0;2;0;4
9128;64279;9128;52;5;6;7;0;1;1;0;2;0;2
9129;64280;9129;22;1;7;7;6;0;1;1;1;0;2
9130;64280;9130;52;3;1;4;7;1;0;4;3;2;7
9131;64282;9131;36;3;3;1;6;0;1;1;1;0;2
9132;64282;9132;52;5;1;7;6;0;2;0;1;0;2
9133;64289;9133;25;1;1;7;6;0;1;1;1;0;2
9134;64296;9134;21;1;1;7;6;0;3;0;1;0;3
9135;64296;9135;21;1;1;7;9;1;0;0;2;0;1
9136;64301;9136;72;2;1;7;6;1;0;1;2;0;2
9137;64331;9137;52;1;2;2;0;1;0;1;2;0;2
9138;64331;9138;21;1;1;7;6;1;3;2;2;0;6
9139;64333;9139;81;3;1;2;0;0;1;0;1;0;1
9140;64394;9140;21;1;1;7;6;1;1;1;2;0;3
9141;64394;9141;21;5;1;7;6;1;2;0;2;0;3
9142;64394;9142;52;1;1;5;6;1;0;2;2;0;3
9143;64394;9143;52;1;1;7;7;0;1;1;1;0;2
9144;64394;9144;52;1;3;1;6;1;0;1;2;0;2
9145;64394;9145;81;1;3;1;6;2;2;0;2;0;4
9146;64443;9146;52;1;1;2;7;0;0;1;3;0;1
9147;65038;9147;71;1;1;7;6;0;1;1;1;0;2
9148;65048;9148;63;3;1;7;4;0;1;1;1;0;2
9149;65049;9149;71;1;3;2;6;1;0;1;2;0;2
9150;65073;9150;64;1;1;7;6;1;0;1;2;0;2
9151;65076;9151;25;1;1;7;7;2;1;1;2;0;4
9152;65076;9152;52;1;3;1;0;1;0;0;2;0;1
9153;65087;9153;72;1;1;7;6;0;1;1;1;0;2
9154;65094;9154;81;1;1;7;6;0;1;1;1;0;2
9155;65094;9155;71;3;3;1;6;1;0;1;2;0;2
9156;65095;9156;72;3;2;1;6;1;0;2;2;0;3
9157;65100;9157;67;1;1;7;5;1;0;2;2;0;3
9158;65102;9158;51;1;1;7;3;1;2;0;2;0;3
9159;65102;9159;52;1;1;7;0;3;0;0;3;2;5
9160;65103;9160;36;1;3;1;6;0;6;2;1;0;8
9161;65108;9161;71;1;3;1;6;0;1;1;1;0;2
9162;65109;9162;81;3;1;7;6;0;2;1;1;0;3
9163;65110;9163;22;2;1;7;6;0;4;2;1;0;6
9164;65110;9164;52;3;3;1;6;1;1;2;2;0;4
9165;65122;9165;52;1;2;1;6;1;1;1;2;0;3
9166;65131;9166;71;1;1;7;6;0;1;1;1;0;2
9167;65131;9167;72;5;1;7;6;0;1;1;1;0;2
9168;65171;9168;52;3;1;1;0;0;1;3;1;0;4
9169;65182;9169;52;1;1;7;0;0;2;0;1;0;2
9170;65830;9170;25;1;1;7;6;0;1;1;1;0;2
9171;65834;9171;51;1;1;7;6;1;0;1;2;0;2
9172;65834;9172;24;3;3;1;2;0;1;1;1;0;2
9173;65839;9173;21;1;1;7;6;1;0;1;2;0;2
9174;65848;9174;64;1;1;7;6;0;1;1;1;0;2
9175;65855;9175;23;1;1;7;4;0;1;1;1;0;2
9176;65868;9176;52;1;1;7;2;0;1;1;1;0;2
9177;65873;9177;67;1;1;7;6;0;1;1;1;0;2
9178;65875;9178;52;3;1;4;7;0;1;1;1;0;2
9179;65875;9179;74;4;1;1;6;0;0;1;3;0;1
9180;65875;9180;65;3;3;2;4;1;0;1;2;0;2
9181;65875;9181;81;3;3;1;6;0;2;0;1;0;2
9182;65875;9182;67;2;1;1;4;0;1;1;1;0;2
9183;65879;9183;64;1;1;7;4;0;1;1;1;0;2
9184;65883;9184;72;1;1;7;6;0;1;1;1;0;2
9185;65885;9185;64;1;1;7;4;0;1;1;1;0;2
9186;65887;9186;41;1;1;7;6;0;1;1;1;0;2
9187;65891;9187;64;1;3;1;3;0;1;1;1;0;2
9188;65893;9188;72;1;1;7;6;0;1;1;1;0;2
9189;65895;9189;74;1;1;7;6;0;1;1;1;0;2
9190;65895;9190;72;1;1;7;6;0;1;1;1;0;2
9191;65900;9191;25;3;1;1;6;0;1;2;1;0;3
9192;65900;9192;81;3;3;1;6;1;3;5;3;1;10
9193;65900;9193;64;1;3;1;6;2;0;1;2;0;3
9194;65900;9194;26;1;1;7;2;0;1;1;1;0;2
9195;65901;9195;53;1;3;1;6;1;0;1;2;0;2
9196;65901;9196;52;5;1;1;0;0;0;0;3;0;0
9197;65902;9197;72;3;1;7;6;0;1;1;1;0;2
9198;65902;9198;52;3;1;7;0;1;0;0;2;0;1
9199;65904;9199;23;3;3;2;6;0;1;1;1;0;2
9200;65904;9200;23;3;1;7;4;0;1;1;1;0;2
9201;65904;9201;26;3;2;1;2;1;0;1;2;0;2
9202;65905;9202;26;1;1;7;2;1;0;1;2;0;2
9203;65906;3687;23;1;2;2;6;0;1;2;1;0;3
9204;65906;9204;72;1;1;7;6;0;1;1;1;0;2
9205;65906;9205;61;1;1;7;3;0;1;2;1;0;3
9206;65907;9206;72;5;1;7;6;1;0;1;2;0;2
9207;65907;9207;25;3;1;7;6;0;0;1;3;0;1
9208;65908;9208;81;3;1;7;6;0;1;1;1;0;2
9209;65908;9209;61;1;1;7;3;1;0;1;2;0;2
9210;65908;9210;72;1;1;7;6;0;1;1;1;0;2
9211;65912;9211;25;3;1;7;6;0;1;0;1;0;1
9212;65913;9212;26;1;1;7;2;0;1;1;1;0;2
9213;65913;9213;64;1;1;7;3;0;1;1;1;0;2
9214;65913;9214;23;1;1;7;6;2;2;0;2;0;4
9215;65913;9215;35;1;1;7;4;0;1;2;1;0;3
9216;65913;9216;64;1;1;7;4;0;1;1;1;0;2
9217;65914;9217;22;1;1;7;4;0;1;1;1;0;2
9218;65914;9218;26;1;1;7;2;1;0;1;2;0;2
9219;65915;9219;26;1;3;1;2;1;0;1;2;0;2
9220;65915;9220;72;1;1;7;6;0;1;1;1;0;2
9221;65915;9221;51;3;1;1;0;1;0;0;2;0;1
9222;65915;9222;25;1;3;1;6;0;1;2;1;0;3
9223;65916;9223;81;3;1;1;6;0;1;1;1;0;2
9224;65916;9224;52;3;3;1;0;2;0;0;2;0;2
9225;65916;9225;52;1;1;6;0;0;1;0;1;0;1
9226;65916;9226;52;3;3;1;0;0;2;0;1;0;2
9227;65916;9227;63;1;1;7;5;0;2;1;1;0;3
9228;65916;9228;52;1;1;7;0;0;1;1;1;0;2
9229;65924;9229;27;3;1;7;9;1;0;1;2;0;2
9230;65929;9230;71;1;3;2;6;0;1;1;1;0;2
9231;65929;9231;21;2;3;1;6;0;3;1;1;0;4
9232;65930;9232;72;1;1;7;6;0;1;1;1;0;2
9233;65932;9233;71;1;1;7;6;0;1;1;1;0;2
9234;65933;9234;72;1;1;7;6;1;0;1;2;0;2
9235;65933;9235;52;3;1;7;0;0;1;0;1;0;1
9236;65934;9236;64;1;1;7;3;0;1;1;1;0;2
9237;65947;9237;61;1;1;7;3;0;1;1;1;0;2
9238;65947;9238;72;1;1;7;3;0;1;1;1;0;2
9239;65950;9239;52;1;1;7;6;0;1;1;1;0;2
9240;65950;9240;63;1;1;7;4;0;1;1;1;0;2
9241;65950;9241;72;1;1;7;6;0;1;1;1;0;2
9242;65950;9242;63;1;4;2;4;0;1;1;1;0;2
9243;65954;9243;26;1;1;7;2;0;1;1;1;0;2
9244;65956;9244;71;4;1;7;4;0;2;0;1;0;2
9245;65956;9245;26;1;1;7;2;0;1;1;1;0;2
9246;65958;9246;82;1;1;7;6;0;1;1;1;0;2
9247;65960;9247;52;1;1;7;6;0;1;1;1;0;2
9248;65967;9248;22;3;1;7;6;2;0;0;2;0;2
9249;65967;9249;81;3;1;7;0;0;1;0;1;0;1
9250;65973;9250;52;1;1;7;0;1;0;0;2;0;1
9251;65982;9251;51;1;1;7;6;1;0;1;2;0;2
9252;65982;9252;51;1;1;7;6;1;1;2;2;0;4
9253;65984;9253;63;1;3;2;8;1;1;3;2;0;5
9254;65985;9254;64;1;1;7;4;0;1;1;1;0;2
9255;65985;9255;86;1;1;1;2;0;1;1;1;0;2
9256;65992;9256;20;1;1;7;2;1;0;1;2;0;2
9257;65993;9257;67;1;1;7;6;2;1;2;2;0;5
9258;65995;9258;52;1;1;7;6;0;1;1;1;0;2
9259;65998;9259;64;2;1;7;6;0;1;1;1;0;2
9260;65998;9260;64;1;1;7;4;0;1;1;1;0;2
9261;65998;9261;64;1;3;2;6;0;1;2;1;0;3
9262;65998;9262;22;1;1;7;6;0;1;1;1;0;2
9263;66000;9263;81;3;1;1;6;1;0;4;2;0;5
9264;66000;9264;72;1;1;7;6;0;1;1;1;0;2
9265;66018;9265;21;3;1;7;6;0;1;1;1;0;2
9266;66019;9266;64;1;1;7;6;1;0;1;2;0;2
9267;66019;9267;74;1;1;7;6;0;1;1;1;0;2
9268;66024;9268;52;1;1;7;0;0;2;1;1;0;3
9269;66034;9269;25;3;2;2;6;0;1;1;1;0;2
9270;66035;9270;72;1;1;7;6;0;1;1;1;0;2
9271;66053;9271;52;1;1;7;0;0;1;0;1;0;1
9272;66054;9272;72;1;1;6;6;0;1;1;1;0;2
9273;66054;9273;51;1;1;7;6;0;1;1;1;0;2
9274;66056;9274;72;1;1;7;6;0;1;1;1;0;2
9275;66056;9275;67;1;1;7;6;0;1;1;1;0;2
9276;66064;9276;67;1;1;7;6;0;1;1;1;0;2
9277;66065;9277;64;1;1;7;4;0;1;1;1;0;2
9278;66065;9278;21;3;1;7;6;0;1;2;1;0;3
9279;66065;9279;72;4;1;7;6;0;1;2;1;0;3
9280;66065;9280;64;1;1;1;6;0;1;1;1;0;2
9281;66065;9281;67;1;1;7;4;0;1;1;1;0;2
9282;66067;9282;20;1;1;7;2;0;1;1;1;0;2
9283;66068;9283;85;4;1;7;6;1;0;1;2;0;2
9284;66069;9284;52;5;1;7;6;1;1;2;2;0;4
9285;66069;9285;25;3;1;7;6;0;4;1;1;0;5
9286;66072;9286;28;1;1;7;0;1;1;0;2;0;2
9287;66072;9287;28;1;1;7;0;0;3;0;1;0;3
9288;66072;9288;52;1;3;1;0;0;1;1;1;0;2
9289;66072;9289;52;2;3;1;6;0;2;1;1;0;3
9290;66077;9290;72;1;3;1;6;0;1;1;1;0;2
9291;66077;9291;72;1;3;1;6;1;0;1;2;0;2
9292;66078;9292;72;1;1;7;6;1;0;1;2;0;2
9293;66078;9293;71;1;3;2;6;0;1;1;1;0;2
9294;66080;9294;21;1;1;7;6;1;0;1;2;0;2
9295;66095;9295;36;1;1;7;6;1;0;2;2;0;3
9296;66104;9296;64;1;3;2;6;0;1;1;1;0;2
9297;66106;9297;52;1;1;7;0;0;1;0;1;0;1
9298;66106;9298;52;1;1;7;0;0;1;0;1;0;1
9299;66106;9299;72;1;1;7;6;1;0;1;2;0;2
9300;66111;9300;72;1;1;7;6;0;1;1;1;0;2
9301;66116;9301;25;1;1;7;6;0;1;1;1;0;2
9302;66120;9302;21;1;1;7;3;0;1;1;1;0;2
9303;66123;9303;41;2;1;1;6;2;5;0;2;0;7
9304;66123;9304;64;1;1;7;3;1;0;1;2;0;2
9305;66124;9305;51;3;1;2;6;1;1;1;2;0;3
9306;66124;9306;17;1;1;7;4;1;0;1;2;0;2
9307;66124;9307;53;1;1;7;6;0;1;1;1;0;2
9308;66124;9308;64;4;1;7;4;0;1;1;1;0;2
9309;66124;9309;21;1;1;7;6;0;2;0;1;0;2
9310;66124;9310;52;1;1;7;6;0;3;1;1;0;4
9311;66124;9311;52;1;3;1;6;0;1;1;1;0;2
9312;66124;9312;74;1;1;7;4;1;1;1;2;0;3
9313;66125;9313;52;1;1;2;2;0;2;1;1;0;3
9314;66125;9220;23;1;1;7;6;0;2;0;1;0;2
9315;66125;9315;23;3;3;2;6;0;2;0;1;0;2
9316;66128;9316;21;1;1;7;4;2;0;0;2;0;2
9317;66128;9317;52;1;3;2;6;0;1;3;1;0;4
9318;66128;9318;52;1;1;7;0;0;1;0;1;0;1
9319;66129;9319;52;1;1;7;0;0;1;0;1;0;1
9320;66129;9320;41;1;1;7;6;0;1;1;1;0;2
9321;66130;9321;52;1;1;1;0;0;1;0;1;0;1
9322;66130;9322;51;1;1;7;6;0;1;1;1;0;2
9323;66131;9323;52;1;1;7;0;0;2;0;1;0;2
9324;66135;9324;41;1;1;7;6;0;1;1;1;0;2
9325;66135;9325;52;1;3;1;0;1;0;0;2;0;1
9326;66135;9326;71;1;1;7;4;1;0;1;2;0;2
9327;66137;9327;41;3;2;2;6;4;0;0;2;0;4
9328;66137;9328;41;3;3;2;6;0;1;0;3;0;1
9329;66138;9329;41;1;1;7;6;1;0;1;2;0;2
9330;66138;9330;24;1;2;2;6;0;1;6;1;0;7
9331;66138;9331;52;1;1;5;0;0;1;0;1;0;1
9332;66138;9332;51;5;1;1;6;0;1;3;1;0;4
9333;66138;9333;72;4;3;1;6;0;1;1;1;0;2
9334;66139;9334;21;1;1;7;4;0;1;1;1;0;2
9335;66139;9335;41;1;1;7;4;0;2;0;1;0;2
9336;66140;9336;51;2;1;2;6;0;1;2;1;0;3
9337;66142;9337;72;1;1;7;6;0;1;1;1;0;2
9338;66164;9338;51;1;1;7;6;0;1;1;1;0;2
9339;66164;9339;21;1;1;7;6;0;1;2;1;0;3
9340;66164;9340;72;2;4;1;6;0;1;1;1;0;2
9341;66165;9341;81;3;3;2;6;2;0;0;2;0;2
9342;66165;9342;52;1;4;1;0;0;1;0;1;0;1
9343;66165;9343;81;3;4;2;6;0;1;7;1;0;8
9344;66165;9344;21;3;3;1;6;0;1;1;1;0;2
9345;66165;9345;52;1;6;1;6;0;2;1;1;0;3
9346;66165;9346;81;3;1;7;6;0;1;1;1;0;2
9347;66182;9347;26;4;1;7;1;0;1;1;1;0;2
9348;66194;9348;52;1;1;7;0;0;1;0;1;0;1
9349;66194;9349;52;1;1;7;0;0;1;0;1;0;1
9350;66195;9350;51;1;1;7;6;0;1;3;1;0;4
9351;66197;9351;51;1;1;7;3;1;0;1;2;0;2
9352;66215;9352;72;1;1;7;6;0;1;1;1;0;2
9353;66216;9353;67;1;1;7;6;0;1;1;1;0;2
9354;66798;9354;52;1;1;1;3;1;0;1;2;0;2
9355;66813;9355;73;1;1;7;6;1;0;1;2;0;2
9356;66814;9356;26;1;1;7;1;1;0;1;2;0;2
9357;66814;9357;72;3;1;7;6;1;0;1;2;0;2
9358;66824;9358;52;1;1;7;6;0;1;1;1;0;2
9359;66828;9359;52;1;3;1;6;0;2;1;1;0;3
9360;66859;9360;81;2;1;7;6;0;1;1;3;0;2
9361;66923;9361;81;1;1;7;0;2;0;0;2;0;2
9362;66927;9362;81;5;3;1;6;0;2;1;1;0;3
9363;66927;9363;27;5;7;7;9;2;0;0;2;0;2
9364;66927;9364;51;5;1;7;6;0;3;0;1;0;3
9365;66929;9365;21;2;1;7;6;0;1;5;1;0;6
9366;66930;9366;72;1;1;7;6;0;1;1;1;0;2
9367;67517;9367;81;1;3;2;6;3;1;0;2;0;4
9368;67518;9368;52;5;3;1;7;1;0;1;2;0;2
9369;67518;9369;21;1;7;1;6;0;1;0;1;0;1
9370;67520;3349;52;1;1;7;0;0;2;0;1;0;2
9371;67525;9371;51;1;7;7;6;0;1;3;1;0;4
9372;67537;9372;72;1;1;7;6;1;0;1;2;0;2
9373;67538;9373;36;5;1;7;4;0;1;1;1;0;2
9374;67539;9374;52;1;1;4;6;1;3;0;2;0;4
9375;67539;9375;21;1;1;7;6;1;1;1;2;0;3
9376;67566;9376;81;3;1;2;5;2;0;2;2;0;4
9377;67567;9377;71;3;1;7;6;0;0;1;3;0;1
9378;67568;9378;72;1;1;7;6;1;0;1;2;0;2
9379;67568;9379;72;1;1;7;6;1;0;1;2;0;2
9380;67568;9380;73;1;1;7;6;0;1;1;1;0;2
9381;67579;9381;72;1;6;1;6;0;1;1;1;0;2
9382;67595;9382;21;1;1;7;6;3;2;1;2;0;6
9383;67597;9383;25;1;1;7;6;0;1;1;1;0;2
9384;67608;9384;52;1;1;7;0;0;1;1;1;0;2
9385;67608;9385;23;1;2;1;5;1;0;3;2;0;4
9386;67609;9386;52;1;1;7;0;1;0;0;2;0;1
9387;67627;9387;52;5;4;4;6;1;1;0;2;0;2
9388;67628;9388;72;5;1;7;6;0;0;1;3;0;1
9389;67628;9389;72;1;1;7;6;0;1;1;1;0;2
9390;67628;9390;81;5;1;7;6;1;2;0;2;0;3
9391;67691;9391;52;1;1;7;0;1;0;0;2;0;1
9392;67709;9392;52;3;1;1;0;1;0;1;2;0;2
9393;67709;9393;52;5;7;1;0;1;0;0;3;0;1
9394;67709;9394;52;1;1;1;5;1;0;1;2;0;2
9395;68306;9395;71;1;1;7;6;1;0;1;2;0;2
9396;68306;9396;52;3;1;7;0;0;2;0;1;0;2
9397;68327;9397;52;1;1;7;0;1;0;0;2;0;1
9398;68347;9398;52;5;1;7;0;0;0;0;3;0;0
9399;68349;9399;25;5;2;2;6;1;0;1;2;0;2
9400;68349;9400;53;1;1;7;3;1;0;1;2;0;2
9401;68349;9401;51;1;1;7;6;1;0;0;2;0;1
9402;68349;9402;51;2;1;7;4;0;1;0;1;0;1
9403;68349;9403;52;1;1;2;7;0;1;3;1;0;4
9404;68363;9404;63;1;1;7;4;0;1;1;1;0;2
9405;68367;9405;72;1;1;7;6;1;0;1;2;0;2
9406;68367;9406;63;1;1;7;4;0;1;1;1;0;2
9407;68381;9407;72;1;1;7;6;0;1;1;1;0;2
9408;68389;9408;72;1;1;7;6;0;1;1;1;0;2
9409;68398;9409;72;1;1;7;6;1;0;0;2;0;1
9410;68406;9410;66;1;1;7;1;1;0;1;2;0;2
9411;68460;9411;72;1;1;7;6;0;1;1;1;0;2
9412;68463;9412;52;1;1;7;2;1;0;1;2;0;2
9413;68499;9413;21;1;1;2;6;1;0;1;2;0;2
9414;68500;9414;21;2;1;1;6;0;1;1;1;0;2
9415;68501;9415;63;1;1;7;3;0;1;1;1;0;2
9416;68501;9416;71;1;1;7;6;1;0;1;2;0;2
9417;68509;9417;71;1;1;7;6;0;1;1;1;0;2
9418;68513;9418;71;1;1;7;6;1;0;1;2;0;2
9419;68515;9419;81;1;1;7;8;1;0;0;2;0;1
9420;68515;9420;64;1;1;7;6;1;0;1;2;0;2
9421;68515;9421;72;1;1;7;3;0;2;0;1;0;2
9422;68517;9422;18;1;1;7;6;0;1;1;1;0;2
9423;68517;9423;72;1;1;7;4;0;2;0;1;0;2
9424;68517;9424;23;1;1;7;6;0;3;1;1;0;4
9425;68517;9425;23;3;1;7;5;0;1;1;1;0;2
9426;68517;9426;51;1;1;7;6;0;1;1;1;0;2
9427;68517;9427;21;1;1;7;6;0;1;1;1;0;2
9428;68532;9428;52;2;3;2;0;1;0;0;2;0;1
9429;68537;9429;67;1;1;7;6;2;0;0;2;0;2
9430;68551;9430;52;5;1;7;6;0;6;0;1;0;6
9431;68553;9431;23;3;3;2;6;1;0;1;2;0;2
9432;68553;9432;21;3;3;2;6;2;1;0;2;0;3
9433;68553;9433;52;3;1;7;0;1;0;0;2;0;1
9434;68553;9434;81;3;1;7;6;0;2;2;1;0;4
9435;68553;9435;52;3;3;1;0;1;0;0;3;0;1
9436;68553;9436;51;1;3;1;6;0;2;0;1;0;2
9437;68553;9437;52;3;3;1;0;2;0;0;2;0;2
9438;68553;9438;81;3;1;7;0;0;1;0;1;0;1
9439;68553;9439;52;2;1;7;0;0;1;0;1;0;1
9440;68554;9440;52;4;3;2;0;2;1;0;3;0;3
9441;68554;9441;51;1;1;7;6;1;0;1;2;0;2
9442;68554;9442;64;1;1;7;6;1;0;1;2;0;2
9443;68554;9443;67;1;1;7;5;1;1;1;2;0;3
9444;68556;9444;21;1;1;7;6;0;1;1;1;0;2
9445;68556;9445;51;1;1;7;6;0;1;1;1;0;2
9446;68556;9446;72;1;1;7;6;1;0;1;2;0;2
9447;68557;3459;26;1;1;7;2;1;0;1;2;0;2
9448;68557;9448;51;1;1;7;3;0;1;2;1;0;3
9449;68557;9449;52;1;3;2;6;1;0;1;2;0;2
9450;68557;9450;72;1;1;7;6;0;1;1;1;0;2
9451;68557;9451;72;3;1;7;6;1;0;1;2;0;2
9452;68557;9452;64;1;1;7;6;0;1;1;1;0;2
9453;68558;9453;51;1;1;7;6;0;1;3;1;0;4
9454;68573;9454;63;1;1;7;6;0;1;1;1;0;2
9455;68582;9455;71;3;1;1;6;0;0;1;3;0;1
9456;68584;9456;64;1;1;7;6;1;0;1;2;0;2
9457;68592;9457;81;1;6;1;4;0;1;1;1;0;2
9458;68592;9458;36;3;1;2;6;1;0;1;2;0;2
9459;68592;9459;72;2;1;7;4;0;1;1;1;0;2
9460;68593;9460;81;5;3;2;9;1;0;0;3;0;1
9461;68593;9461;73;5;3;2;6;1;0;1;2;0;2
9462;68598;9462;81;2;3;2;0;0;2;0;1;0;2
9463;68600;9463;52;2;3;1;0;0;1;0;3;0;1
9464;68609;9464;64;1;1;7;5;0;1;1;1;0;2
9465;68621;9465;71;2;2;2;6;0;1;1;1;0;2
9466;68636;9466;67;1;1;7;3;1;0;1;2;0;2
9467;68665;9467;64;1;1;7;3;0;1;1;1;0;2
9468;68673;9468;72;1;1;7;6;1;0;1;2;0;2
9469;68674;9469;81;3;1;7;6;0;1;1;1;0;2
9470;68680;9470;82;1;1;7;6;1;1;1;2;0;3
9471;68681;9471;72;1;1;2;6;0;0;1;3;0;1
9472;68683;9472;26;3;3;2;2;1;0;1;2;0;2
9473;68683;9473;36;3;1;7;6;0;1;2;1;0;3
9474;68683;9474;26;3;1;7;2;1;0;1;2;0;2
9475;68684;9475;22;3;3;1;6;0;1;1;1;0;2
9476;68686;9476;21;2;1;7;6;0;3;0;1;0;3
9477;68690;9477;66;1;3;1;2;0;1;1;1;0;2
9478;68695;9478;25;3;7;1;6;0;1;0;1;0;1
9479;68696;9479;51;1;1;7;4;0;1;1;1;0;2
9480;68696;9480;51;1;1;7;6;0;2;1;1;0;3
9481;68698;9481;72;1;1;7;6;0;1;1;1;0;2
9482;68699;9482;81;1;3;1;6;1;0;1;2;0;2
9483;68699;9483;67;1;1;7;6;0;2;0;1;0;2
9484;68699;9484;52;1;1;7;6;0;1;0;1;0;1
9485;68700;9485;63;1;1;7;4;1;0;1;2;0;2
9486;68701;9486;63;3;1;7;4;1;0;1;2;0;2
9487;68701;9487;23;1;1;7;6;0;2;0;1;0;2
9488;68702;9488;23;1;1;7;4;0;1;1;1;0;2
9489;68702;9489;21;1;1;7;6;1;0;1;2;0;2
9490;68702;9490;22;3;1;7;6;1;2;0;2;0;3
9491;68702;9491;51;1;1;7;6;0;2;0;1;0;2
9492;68704;9492;23;3;1;1;6;0;1;1;1;0;2
9493;68705;9493;51;5;1;7;3;0;0;1;3;0;1
9494;68724;9494;36;1;1;7;6;2;0;1;2;0;3
9495;68725;9495;51;1;3;1;7;0;1;1;1;0;2
9496;68745;9496;21;3;1;1;6;0;1;1;1;0;2
9497;68745;9497;52;1;1;7;6;6;0;0;2;0;6
9498;68745;9498;52;3;1;7;0;1;0;0;2;0;1
9499;68748;9499;52;2;1;1;6;0;2;0;1;0;2
9500;68748;9500;52;1;3;1;0;0;1;0;1;0;1
9501;68827;9501;73;1;1;7;6;0;1;1;1;0;2
9502;68891;9502;52;1;1;7;0;0;1;0;1;0;1
9503;68891;9503;35;1;1;7;3;1;0;1;2;0;2
9504;68891;9504;36;1;1;7;6;0;1;1;1;0;2
9505;68892;9505;51;1;1;7;6;1;0;1;2;0;2
9506;68892;9506;64;1;1;7;6;0;1;1;1;0;2
9507;68898;9507;23;1;1;7;6;0;1;1;1;0;2
9508;68899;9508;23;1;1;7;5;0;1;1;1;0;2
9509;68899;9509;81;1;1;7;7;0;2;1;1;0;3
9510;68899;9510;51;1;1;7;7;0;1;1;1;0;2
9511;68899;9511;21;1;1;2;6;0;3;1;1;0;4
9512;68913;9512;67;3;1;7;4;0;1;1;1;0;2
9513;68915;9513;72;1;3;1;6;0;1;1;1;0;2
9514;68957;9514;72;3;3;2;6;1;0;1;2;0;2
9515;68957;9515;81;1;1;7;0;0;1;0;1;0;1
9516;68957;9516;53;1;1;7;2;0;1;1;1;0;2
9517;68957;9517;36;1;1;7;6;1;0;1;2;0;2
9518;68957;9518;51;1;1;7;7;0;1;1;1;0;2
9519;68966;9519;52;1;2;2;0;1;0;0;2;0;1
9520;68966;9520;81;3;1;7;6;0;1;1;1;0;2
9521;68967;9521;21;5;1;7;6;0;1;1;1;0;2
9522;68967;9522;52;1;1;7;7;1;0;2;2;0;3
9523;68967;9523;63;1;1;7;6;0;2;0;1;0;2
9524;68967;9524;81;3;1;4;6;0;2;0;1;0;2
9525;68974;9525;51;1;1;7;4;0;1;1;1;0;2
9526;68990;9526;13;1;1;7;6;1;0;1;2;0;2
9527;68991;9527;81;3;1;7;2;0;1;1;1;0;2
9528;68999;9528;52;5;1;7;6;2;0;3;2;0;5
9529;68999;9529;51;5;1;7;6;1;0;1;3;0;2
9530;68999;9530;21;5;3;2;6;0;5;1;1;0;6
9531;69000;9531;52;5;1;4;0;0;1;0;1;0;1
9532;69001;9532;51;1;3;2;6;0;1;1;1;0;2
9533;69009;9533;21;5;1;7;6;1;1;0;2;0;2
9534;69013;9534;52;5;4;4;6;0;1;3;1;0;4
9535;69013;9535;21;1;3;2;6;0;2;0;1;0;2
9536;69013;9536;52;5;1;7;0;0;0;0;3;0;0
9537;69014;9537;52;2;1;7;0;0;1;0;1;0;1
9538;69015;9538;53;3;1;7;6;1;0;0;3;0;1
9539;69018;9539;52;1;1;7;0;0;0;0;3;0;0
9540;69019;9540;82;1;6;7;4;1;1;0;2;0;2
9541;69019;9541;36;1;1;7;6;0;2;0;1;0;2
9542;69026;9542;27;1;1;7;6;2;0;0;2;0;2
9543;69026;9543;64;1;1;7;6;0;1;1;1;0;2
9544;69484;9544;63;1;1;7;6;1;0;1;2;0;2
9545;69484;9545;52;1;1;7;0;0;1;0;1;0;1
9546;69484;9546;52;5;1;7;0;0;2;3;1;0;5
9547;69485;9547;52;3;1;7;6;1;1;0;2;0;2
9548;69486;9548;51;1;1;7;3;0;1;1;1;0;2
9549;69486;9549;21;2;7;7;6;1;0;1;2;0;2
9550;69504;9550;52;5;1;7;0;0;0;1;3;0;1
9551;69510;9551;72;1;1;7;6;1;1;1;2;0;3
9552;69510;9552;72;1;3;2;9;0;1;0;3;0;1
9553;69510;9553;12;1;1;7;9;1;0;1;2;0;2
9554;69517;9554;21;1;1;7;3;0;1;1;1;0;2
9555;69536;9555;22;1;3;2;6;0;6;0;1;0;6
9556;69550;9556;72;1;1;7;6;1;0;1;2;0;2
9557;69551;9557;25;1;6;1;6;0;1;1;1;0;2
9558;69552;9558;81;3;1;7;4;1;0;1;2;0;2
9559;69552;9559;24;1;1;7;6;0;1;3;1;0;4
9560;69574;9560;25;1;2;2;6;0;1;1;1;0;2
9561;69580;9561;52;1;1;7;0;0;1;3;1;0;4
9562;69594;9562;21;2;1;7;6;0;1;1;1;0;2
9563;69594;9563;52;2;3;1;6;0;3;0;1;0;3
9564;69596;9564;52;1;1;7;0;0;1;1;1;0;2
9565;69596;9565;72;2;1;7;6;0;1;1;1;0;2
9566;69597;9566;26;2;1;7;1;0;1;1;1;0;2
9567;69597;9567;26;1;1;7;2;1;0;0;2;0;1
9568;69597;9568;52;3;1;7;6;0;2;0;1;0;2
9569;69597;9569;52;1;3;2;0;1;0;0;2;0;1
9570;69597;9570;63;3;3;2;4;0;1;1;1;0;2
9571;69601;9571;36;1;1;7;6;1;0;1;2;0;2
9572;69606;9572;82;1;1;7;6;0;1;1;1;0;2
9573;69607;9573;72;1;1;7;1;1;1;1;2;0;3
9574;69607;9574;51;1;1;7;6;0;1;1;1;0;2
9575;69607;9575;67;3;1;7;5;0;1;1;1;0;2
9576;69608;9576;21;1;1;7;6;0;1;1;1;0;2
9577;69667;9577;72;1;1;7;6;0;1;1;1;0;2
9578;69687;9578;81;3;1;7;6;2;0;0;2;0;2