accident_id;lieu_id;date_id;cause_id;lum_id;intemp_id;etat_surface_id;impliq_id;nb_blesses_graves;nb_blesses_legers;nb_indemnes;gravite;nb_morts;nb_impliqués
9579;69687;9579;67;2;3;1;3;0;1;1;1;0;2
9580;69693;9580;22;1;3;2;6;1;0;1;2;0;2
9581;69693;9581;71;5;1;2;6;1;0;1;2;0;2
9582;69693;9582;81;3;1;7;6;0;4;0;1;0;4
9583;69693;9583;23;1;1;7;7;0;2;1;1;0;3
9584;69708;9584;51;1;1;7;0;0;1;0;1;0;1
9585;69712;9585;28;5;1;7;0;0;1;0;1;0;1
9586;69713;9586;23;1;1;7;5;0;1;1;1;0;2
9587;69715;9587;52;3;3;1;0;0;1;0;1;0;1
9588;69715;9588;67;3;6;1;6;0;2;2;1;0;4
9589;69715;9589;22;1;1;7;6;0;1;1;1;0;2
9590;69719;9590;21;1;1;7;6;0;1;2;1;0;3
9591;69719;9591;52;3;1;7;6;0;2;1;1;0;3
9592;69721;9592;99;5;1;7;6;0;4;0;1;0;4
9593;69725;9593;42;1;1;7;5;1;0;0;2;0;1
9594;69725;9594;52;1;1;7;0;0;1;0;1;0;1
9595;69726;9595;52;1;4;4;7;1;0;1;2;0;2
9596;69731;9596;52;1;1;7;0;0;1;0;1;0;1
9597;69731;9597;14;3;1;7;6;0;1;1;1;0;2
9598;69746;9598;52;3;1;7;7;1;0;1;2;0;2
9599;70297;9599;75;5;3;2;6;0;1;1;1;0;2
9600;70302;9600;51;1;1;7;4;0;2;0;1;0;2
9601;70309;9601;52;2;1;7;6;1;0;1;2;0;2
9602;70313;9602;51;1;1;7;2;0;1;2;1;0;3
9603;70317;9603;64;1;1;7;5;1;1;0;2;0;2
9604;70347;9604;22;3;1;7;6;1;0;1;2;0;2
9605;70351;9605;71;1;1;7;6;0;1;1;1;0;2
9606;70351;9606;71;1;3;1;6;1;0;1;2;0;2
9607;70352;9607;71;1;1;7;6;0;1;0;1;0;1
9608;70356;9608;36;1;1;7;6;1;0;1;2;0;2
9609;70367;9609;52;1;1;7;0;2;0;0;2;0;2
9610;70367;9610;21;1;1;7;2;0;1;0;1;0;1
9611;70424;9611;72;1;1;7;6;1;0;1;2;0;2
9612;70455;9612;51;5;1;7;3;1;0;1;2;0;2
9613;70455;9613;52;1;1;7;0;1;0;0;2;0;1
9614;70455;9614;51;5;1;7;4;0;1;1;1;0;2
9615;70460;9615;64;1;1;7;6;1;1;0;2;0;2
9616;70473;9616;21;1;1;7;6;0;1;1;1;0;2
9617;70481;9617;72;1;1;7;9;0;1;1;3;0;2
9618;70484;9618;41;4;1;7;6;0;0;2;0;0;2
9619;71071;9619;72;1;1;7;6;0;1;1;1;0;2
9620;71080;9620;23;1;1;7;5;0;2;1;1;0;3
9621;71086;9621;71;1;1;7;6;0;1;1;1;0;2
9622;71086;9622;23;1;1;7;4;0;1;1;1;0;2
9623;71086;9623;25;3;1;7;6;1;0;0;2;0;1
9624;71086;9624;26;1;1;7;2;1;0;1;2;0;2
9625;71086;9625;67;1;1;7;4;0;1;1;1;0;2
9626;71088;9626;71;3;1;7;6;0;0;1;3;0;1
9627;71088;9627;52;1;1;7;6;0;3;0;1;0;3
9628;71088;9628;25;3;1;7;6;0;1;0;1;0;1
9629;71091;9629;51;3;4;3;6;0;5;2;1;0;7
9630;71095;9630;52;3;1;7;0;2;0;0;2;0;2
9631;71096;9631;64;1;1;7;2;0;1;1;1;0;2
9632;71097;9632;21;2;1;7;4;0;1;1;1;0;2
9633;71123;9633;18;1;1;7;6;0;1;1;1;0;2
9634;71124;9634;21;1;1;7;6;0;1;1;1;0;2
9635;71145;9635;51;3;3;2;0;0;1;0;1;0;1
9636;71145;9636;71;3;1;7;6;0;1;1;1;0;2
9637;71145;9637;52;3;1;7;7;0;1;1;1;0;2
9638;71145;9638;52;3;1;7;6;0;1;0;1;0;1
9639;71145;9639;72;1;1;7;6;0;1;2;1;0;3
9640;71145;9640;25;1;1;7;7;0;1;3;1;0;4
9641;71147;9641;52;3;1;7;6;0;1;0;1;0;1
9642;71150;9642;64;1;1;7;6;0;1;1;1;0;2
9643;71151;9643;26;3;1;7;2;0;1;1;1;0;2
9644;71151;9644;71;1;1;7;6;0;1;1;1;0;2
9645;71151;9645;71;3;1;1;6;0;1;1;1;0;2
9646;71151;9646;26;1;1;7;1;0;1;1;1;0;2
9647;71153;9647;52;1;1;4;0;0;1;0;1;0;1
9648;71153;9648;72;1;1;7;6;0;1;1;1;0;2
9649;71167;9649;67;1;1;7;6;0;1;1;1;0;2
9650;71218;9650;16;1;1;7;6;0;1;1;1;0;2
9651;71225;9651;51;1;1;4;9;0;1;0;1;0;1
9652;71225;9652;41;1;3;1;6;0;2;0;1;0;2
9653;71225;9653;52;1;2;1;6;0;1;0;1;0;1
9654;71240;9654;81;3;1;7;6;0;1;0;1;0;1
9655;71240;9655;52;3;6;1;0;0;1;0;1;0;1
9656;71241;9656;52;3;7;2;6;0;2;0;1;0;2
9657;71241;9657;81;3;1;7;0;2;0;1;2;0;3
9658;71241;9658;52;2;1;7;0;0;1;0;1;0;1
9659;71251;9659;25;1;1;7;6;0;1;0;1;0;1
9660;71251;9660;21;3;1;7;4;1;0;1;2;0;2
9661;71251;9661;72;1;1;7;6;0;1;1;1;0;2
9662;71252;9662;52;3;4;3;0;1;0;0;2;0;1
9663;71822;9663;64;1;1;1;6;0;1;1;1;0;2
9664;71823;9664;72;1;7;7;6;0;1;1;1;0;2
9665;71823;9665;63;3;1;1;4;0;1;1;1;0;2
9666;71825;9666;72;1;1;7;6;0;1;1;1;0;2
9667;71825;9667;51;1;1;7;6;1;0;1;2;0;2
9668;71825;9668;64;1;3;1;2;0;1;1;1;0;2
9669;71826;9669;71;1;3;2;6;1;0;1;2;0;2
9670;71828;9670;81;3;6;1;6;0;3;0;1;0;3
9671;71829;9671;25;3;1;7;0;0;1;0;1;0;1
9672;71829;9672;52;3;1;7;0;0;1;0;1;0;1
9673;71830;9673;52;1;1;7;6;0;2;0;1;0;2
9674;71830;1964;81;1;3;1;6;0;2;1;1;0;3
9675;71831;5931;21;2;1;7;6;0;2;0;1;0;2
9676;71833;9676;67;1;1;7;4;0;1;1;1;0;2
9677;71835;9677;71;1;1;7;6;1;0;1;2;0;2
9678;71835;9678;71;1;1;7;6;0;1;1;1;0;2
9679;71835;9679;51;1;1;7;6;0;1;1;1;0;2
9680;71835;9680;82;1;1;7;2;0;1;1;1;0;2
9681;71837;9681;72;1;1;7;6;0;1;1;1;0;2
9682;71839;9682;71;1;1;7;6;0;1;1;1;0;2
9683;71844;9683;25;1;1;7;6;0;1;1;1;0;2
9684;71844;9684;74;3;3;1;6;0;1;1;1;0;2
9685;71844;9685;22;1;1;7;5;0;1;1;1;0;2
9686;71847;9686;76;1;1;7;8;1;0;1;2;0;2
9687;71856;9687;25;2;1;2;6;0;1;1;1;0;2
9688;71856;9688;18;1;1;7;6;0;1;1;1;0;2
9689;71863;9689;72;1;1;7;3;0;1;0;1;0;1
9690;71863;9690;41;1;1;7;6;0;2;1;1;0;3
9691;71864;9691;73;3;1;7;6;0;1;1;1;0;2
9692;71866;9692;81;3;1;7;6;0;2;1;1;0;3
9693;71866;9693;63;1;1;7;5;1;0;1;2;0;2
9694;71866;9694;52;5;1;7;0;0;1;0;1;0;1
9695;71866;9695;52;2;1;7;0;0;1;0;1;0;1
9696;71866;9696;22;1;1;7;6;0;1;1;1;0;2
9697;71868;9697;52;1;1;7;6;0;1;1;1;0;2
9698;71869;9698;67;1;1;7;5;0;1;1;1;0;2
9699;71869;9699;63;1;1;7;3;0;1;1;1;0;2
9700;71869;9700;64;1;1;7;6;0;2;1;1;0;3
9701;71870;9701;51;1;1;7;4;1;0;1;2;0;2
9702;71874;9702;72;2;3;2;6;1;0;1;2;0;2
9703;71875;9703;71;1;1;7;6;0;1;1;1;0;2
9704;71875;9704;72;1;1;7;6;1;0;1;2;0;2
9705;71875;9705;72;5;1;7;6;0;1;1;1;0;2
9706;71877;9706;51;3;3;2;6;1;0;2;2;0;3
9707;71877;9707;51;2;1;7;4;0;1;1;1;0;2
9708;71878;9708;22;1;1;7;6;1;0;1;2;0;2
9709;71878;9709;72;1;1;7;6;1;0;1;2;0;2
9710;71884;9710;13;1;3;1;5;0;1;0;1;0;1
9711;71886;9711;72;1;1;7;6;0;1;1;1;0;2
9712;71886;9712;52;1;1;1;6;0;1;2;1;0;3
9713;71890;9713;51;1;1;7;4;0;1;2;1;0;3
9714;71890;9714;64;2;3;1;4;0;1;1;1;0;2
9715;71900;9715;72;1;1;7;6;0;1;1;1;0;2
9716;71900;9716;72;1;1;7;6;1;0;1;2;0;2
9717;71900;9717;72;1;1;7;6;0;1;1;1;0;2
9718;71900;9718;71;1;1;7;6;0;1;1;1;0;2
9719;71900;9719;71;1;3;1;6;0;1;1;1;0;2
9720;71911;9720;51;1;3;1;4;0;1;1;1;0;2
9721;71912;9721;64;2;1;1;6;0;1;1;1;0;2
9722;71930;1110;71;1;1;7;6;0;1;1;1;0;2
9723;71933;9723;52;5;1;7;0;0;1;0;1;0;1
9724;71933;9724;72;1;1;7;6;0;1;1;1;0;2
9725;71934;9725;52;3;1;1;6;0;3;0;1;0;3
9726;71941;9726;21;1;1;7;6;0;1;2;1;0;3
9727;71964;5219;72;1;1;7;6;0;1;1;1;0;2
9728;71966;9728;72;2;1;7;3;0;1;1;1;0;2
9729;71971;9729;24;1;1;7;1;0;1;1;1;0;2
9730;71974;9730;52;1;1;7;0;0;1;0;1;0;1
9731;71996;9731;25;1;1;7;6;1;1;0;2;0;2
9732;71996;9732;51;1;1;7;4;0;1;1;1;0;2
9733;71996;9733;52;1;1;1;0;0;1;4;1;0;5
9734;71996;9734;74;1;3;1;6;0;1;1;1;0;2
9735;71999;9735;72;1;1;7;6;0;1;1;1;0;2
9736;72004;9736;71;1;1;7;6;1;0;1;2;0;2
9737;72004;9737;52;3;4;3;6;0;1;1;1;0;2
9738;72005;9738;71;1;3;2;6;1;0;1;2;0;2
9739;72005;9739;75;1;1;7;6;1;0;1;2;0;2
9740;72006;9740;72;1;1;7;6;0;1;1;1;0;2
9741;72011;9741;81;3;6;1;6;0;1;1;1;0;2
9742;72012;9742;85;5;1;7;6;0;1;1;1;0;2
9743;72013;9743;24;1;1;7;2;0;1;1;1;0;2
9744;72013;9744;72;1;1;7;6;1;0;1;2;0;2
9745;72013;9745;72;3;1;7;6;0;0;1;3;0;1
9746;72015;9746;62;1;1;7;2;0;1;1;1;0;2
9747;72015;9747;72;1;1;7;5;1;1;0;2;0;2
9748;72017;9748;72;2;1;7;6;0;1;1;1;0;2
9749;72018;9749;52;1;1;1;0;0;1;0;1;0;1
9750;72019;9750;72;1;1;7;6;0;1;1;1;0;2
9751;72019;9751;71;1;1;7;6;1;0;1;2;0;2
9752;72020;9752;51;1;1;7;6;0;1;1;1;0;2
9753;72024;9753;81;1;1;7;4;0;1;1;1;0;2
9754;72027;9754;25;3;3;2;6;0;1;1;1;0;2
9755;72028;9755;18;1;1;7;3;0;1;1;1;0;2
9756;72034;9756;72;1;1;7;6;0;1;1;1;0;2
9757;72034;9757;25;3;1;7;6;0;1;1;1;0;2
9758;72042;9758;72;1;1;1;6;0;1;1;1;0;2
9759;72043;9759;67;1;1;7;6;0;1;1;1;0;2
9760;72043;9760;72;3;1;7;3;0;1;1;1;0;2
9761;72044;9761;72;4;1;7;6;0;1;1;1;0;2
9762;72044;9762;71;1;1;7;8;1;0;1;2;0;2
9763;72045;9763;21;1;1;7;6;0;2;0;1;0;2
9764;72050;9764;27;1;1;7;0;1;1;0;2;0;2
9765;72050;9765;52;1;3;1;6;0;2;0;1;0;2
9766;72058;9766;72;1;1;7;5;1;0;1;2;0;2
9767;72058;9767;72;2;1;7;6;1;0;1;2;0;2
9768;72058;9768;72;1;1;7;6;0;1;1;1;0;2
9769;72064;9769;71;1;1;7;4;0;1;1;1;0;2
9770;72065;9770;72;1;1;7;6;0;1;1;1;0;2
9771;72066;9771;61;1;1;7;3;0;1;1;1;0;2
9772;72067;9772;28;2;6;7;2;1;1;0;2;0;2
9773;72067;9773;71;3;1;7;6;0;1;1;1;0;2
9774;72068;9774;28;1;1;7;0;0;1;0;1;0;1
9775;72068;9775;72;1;1;7;6;0;1;1;1;0;2
9776;72068;9776;51;1;1;7;3;0;1;1;1;0;2
9777;72068;9777;72;1;1;7;6;0;1;1;1;0;2
9778;72069;9778;25;3;2;2;6;0;1;1;1;0;2
9779;72069;9779;26;1;1;7;2;0;1;1;1;0;2
9780;72069;9780;71;1;1;7;6;0;1;1;1;0;2
9781;72072;9781;22;2;1;7;6;0;1;0;1;0;1
9782;72082;9782;28;4;1;7;0;0;2;0;1;0;2
9783;72083;9783;24;3;1;7;6;0;1;1;1;0;2
9784;72083;9784;72;1;1;7;6;0;1;1;1;0;2
9785;72083;9785;81;3;1;7;6;1;0;1;2;0;2
9786;72084;9786;25;1;1;7;6;0;1;1;1;0;2
9787;72084;9787;71;1;1;7;6;0;1;3;1;0;4
9788;72084;9788;64;1;1;7;6;0;2;0;1;0;2
9789;72084;9789;36;1;1;1;6;0;1;0;1;0;1
9790;72085;9790;63;1;3;1;4;0;1;1;1;0;2
9791;72086;9791;52;1;4;1;6;0;1;1;1;0;2
9792;72086;9792;25;3;1;7;0;1;0;0;2;0;1
9793;72086;9793;61;1;1;7;3;0;1;1;1;0;2
9794;72086;9794;51;3;1;7;6;0;1;1;1;0;2
9795;72086;9795;72;1;1;7;6;0;1;1;1;0;2
9796;72086;9796;67;1;1;7;5;0;1;1;1;0;2
9797;72087;9797;72;1;4;3;6;0;1;1;1;0;2
9798;72088;9798;64;1;1;7;6;0;1;1;1;0;2
9799;72088;9799;86;1;1;7;6;0;0;3;3;2;5
9800;72088;9800;72;1;1;7;4;0;2;0;1;0;2
9801;72089;9801;71;1;1;7;6;0;1;1;1;0;2
9802;72089;9802;71;1;1;7;4;0;1;1;1;0;2
9803;72089;9803;71;1;3;1;6;0;1;2;1;0;3
9804;72090;9804;72;1;3;1;6;0;1;1;1;0;2
9805;72090;9805;71;2;7;1;6;1;0;1;2;0;2
9806;72090;9806;21;3;1;1;6;0;5;0;1;0;5
9807;72090;9807;81;3;1;7;6;1;0;1;2;0;2
9808;72090;9808;72;1;1;7;6;0;1;1;1;0;2
9809;72091;9809;71;1;1;7;6;0;1;1;1;0;2
9810;72092;9810;81;1;1;7;6;0;1;1;1;0;2
9811;72092;9811;51;3;1;7;6;0;1;1;1;0;2
9812;72096;9812;52;2;3;2;0;0;1;0;1;0;1
9813;72098;9813;72;1;3;1;6;1;0;1;2;0;2
9814;72099;9814;51;1;3;1;6;0;1;1;1;0;2
9815;72099;9815;16;3;1;7;3;0;2;0;1;0;2
9816;72099;9816;51;3;3;1;6;0;1;1;1;0;2
9817;72102;8325;71;1;1;7;6;1;0;1;2;0;2
9818;72103;9818;51;2;3;2;6;0;1;1;1;0;2
9819;72103;9819;71;3;2;1;6;1;0;1;2;0;2
9820;72105;9820;72;1;3;2;6;0;1;1;1;0;2
9821;72105;9821;64;1;1;7;6;1;0;1;2;0;2
9822;72108;9822;51;1;1;7;7;0;1;1;1;0;2
9823;72108;9823;64;1;1;7;5;1;0;1;2;0;2
9824;72114;9824;72;1;1;7;6;0;1;1;1;0;2
9825;72118;7360;72;1;1;7;6;0;1;1;1;0;2
9826;72118;9826;41;1;1;7;1;1;0;1;2;0;2
9827;72119;9827;41;1;1;7;6;0;1;1;1;0;2
9828;72120;9828;61;1;1;7;4;0;1;1;1;0;2
9829;72120;9829;63;1;1;1;6;0;1;0;1;0;1
9830;72121;9830;71;1;1;7;4;1;0;1;2;0;2
9831;72122;9831;72;1;1;7;6;0;1;1;1;0;2
9832;72123;9832;52;3;4;4;0;0;1;1;1;0;2
9833;72123;9833;64;1;1;7;4;0;1;1;1;0;2
9834;72123;9834;61;1;3;2;3;0;1;1;1;0;2
9835;72123;9835;41;1;1;7;6;0;1;1;1;0;2
9836;72123;9836;72;1;1;7;6;0;1;1;1;0;2
9837;72130;9837;72;3;1;1;6;1;0;1;2;0;2
9838;72130;9838;21;1;1;7;6;0;1;1;1;0;2
9839;72131;9839;14;1;1;7;3;1;0;1;2;0;2
9840;72131;9840;72;1;1;7;6;1;0;1;2;0;2
9841;72140;9841;71;1;1;7;6;0;1;1;1;0;2
9842;72146;9842;52;3;1;7;2;1;0;1;2;0;2
9843;72148;9843;27;3;1;7;0;1;0;0;2;0;1
9844;72148;9844;52;1;1;7;6;0;1;1;1;0;2
9845;72148;9845;72;3;1;7;6;1;0;1;2;0;2
9846;72148;9846;21;1;1;7;6;0;1;1;1;0;2
9847;72148;9847;21;1;1;7;7;0;1;1;1;0;2
9848;72148;9848;72;1;1;7;6;0;1;1;1;0;2
9849;72151;9849;51;1;1;7;6;0;1;1;1;0;2
9850;72152;9850;71;1;1;7;6;0;1;1;1;0;2
9851;72152;9851;11;1;1;7;9;0;4;0;1;0;4
9852;72153;9852;72;1;2;2;4;1;0;1;2;0;2
9853;72153;9853;41;3;1;7;2;0;1;1;1;0;2
9854;72153;9854;25;1;1;7;7;0;1;1;1;0;2
9855;72153;9855;63;1;1;7;6;0;1;0;1;0;1
9856;72155;9856;72;1;1;7;6;0;1;1;1;0;2
9857;72156;9857;41;1;1;7;6;0;1;1;1;0;2
9858;72162;9858;64;1;1;2;4;0;1;2;1;0;3
9859;72163;9859;52;1;1;7;0;1;3;0;2;0;4
9860;72165;9860;74;1;1;7;6;0;1;1;1;0;2
9861;72169;9782;25;3;1;7;0;0;1;0;1;0;1
9862;72169;9862;64;1;1;7;6;1;0;1;2;0;2
9863;72171;9863;52;1;1;7;2;0;1;1;1;0;2
9864;72171;9864;74;1;1;7;4;0;1;1;1;0;2
9865;72173;9865;51;1;3;1;6;1;0;1;2;0;2
9866;72173;9866;72;1;1;7;6;0;1;1;1;0;2
9867;72173;9867;20;1;1;7;2;0;1;1;1;0;2
9868;72177;9868;72;1;1;7;4;0;2;0;1;0;2
9869;72177;9869;32;1;1;7;6;0;1;1;1;0;2
9870;72180;9870;51;1;1;7;6;1;0;1;2;0;2
9871;72180;9871;16;1;1;7;5;1;1;0;2;0;2
9872;72182;9872;72;1;1;7;9;0;1;1;1;0;2
9873;72185;9873;71;1;1;7;6;0;1;1;1;0;2
9874;72188;9874;52;1;1;7;0;1;1;0;2;0;2
9875;72188;9875;51;1;1;7;6;0;1;1;1;0;2
9876;72188;9876;53;3;1;7;0;0;1;0;1;0;1
9877;72188;9877;72;1;1;7;6;0;1;1;1;0;2
9878;72194;9878;52;1;1;7;2;0;1;1;1;0;2
9879;72200;9879;64;1;1;7;6;0;1;1;1;0;2
9880;72200;9880;61;3;1;1;3;0;1;1;1;0;2
9881;72200;9881;53;3;3;1;6;0;2;0;1;0;2
9882;72201;9882;72;1;1;7;6;0;1;1;1;0;2
9883;72201;9883;51;3;1;7;6;0;1;1;1;0;2
9884;72201;9884;23;2;1;7;6;0;2;0;1;0;2
9885;72201;9885;17;2;1;7;4;0;1;1;1;0;2
9886;72202;9886;74;1;1;7;4;0;1;1;1;0;2
9887;72202;9887;52;2;1;7;0;0;1;0;3;0;1
9888;72202;9888;81;3;1;7;0;0;1;0;1;0;1
9889;72210;9889;71;2;1;7;6;1;0;1;2;0;2
9890;72213;9890;81;3;1;7;6;0;3;0;1;0;3
9891;72214;9891;51;3;1;7;2;1;0;1;2;0;2
9892;72221;9892;72;1;3;2;4;0;0;1;3;0;1
9893;72221;9893;72;1;1;7;6;0;2;0;1;0;2
9894;72226;9894;72;1;1;7;6;0;1;1;1;0;2
9895;72228;9895;72;1;1;7;6;0;1;1;1;0;2
9896;72228;9896;72;1;1;7;6;0;1;1;1;0;2
9897;72230;9897;72;2;1;1;6;0;1;1;1;0;2
9898;72231;9898;64;1;1;7;6;0;1;1;1;0;2
9899;72245;9899;72;1;1;1;6;0;1;1;1;0;2
9900;72245;9900;52;1;1;5;6;1;0;1;2;0;2
9901;72248;9901;22;3;1;7;4;0;1;1;1;0;2
9902;72248;9902;71;1;1;7;4;0;1;1;1;0;2
9903;72251;9903;72;1;1;7;6;0;1;1;1;0;2
9904;72256;9904;21;3;1;7;6;0;1;1;1;0;2
9905;72258;9905;72;3;1;7;4;0;1;1;1;0;2
9906;72258;9906;52;1;1;4;6;0;1;1;1;0;2
9907;72258;9907;52;3;1;7;3;0;1;1;1;0;2
9908;72259;9908;52;1;3;2;0;0;1;0;1;0;1
9909;72259;9909;52;1;2;1;6;0;1;1;1;0;2
9910;72264;9910;21;1;1;7;6;0;2;0;1;0;2
9911;72265;9911;63;3;3;1;5;1;0;1;2;0;2
9912;72266;9912;72;1;1;7;6;0;1;1;1;0;2
9913;72266;9913;52;2;1;7;6;0;2;0;1;0;2
9914;72270;9914;72;1;1;7;6;1;0;1;2;0;2
9915;72273;9915;72;1;1;7;6;0;1;1;1;0;2
9916;72274;9916;51;3;1;7;4;0;1;1;1;0;2
9917;72274;9917;53;1;1;2;6;0;1;1;1;0;2
9918;72274;9918;71;1;1;1;6;0;1;1;1;0;2
9919;72277;9916;52;1;1;7;0;0;1;0;1;0;1
9920;72277;9920;85;3;3;2;6;0;1;1;1;0;2
9921;72335;9921;28;3;3;1;0;0;1;0;1;0;1
9922;72339;9922;63;1;1;7;4;0;1;1;1;0;2
9923;72339;9923;21;1;1;7;6;0;1;1;1;0;2
9924;72339;9924;26;1;1;7;2;0;1;1;1;0;2
9925;72340;9925;22;1;1;7;6;0;1;1;1;0;2
9926;72341;9926;23;1;1;7;6;0;1;1;1;0;2
9927;72341;9927;52;3;3;1;6;0;1;1;1;0;2
9928;72342;9928;72;2;1;1;6;1;0;1;2;0;2
9929;72342;9929;21;3;1;7;4;0;1;1;1;0;2
9930;72342;9930;72;1;1;7;6;0;1;1;1;0;2
9931;72342;9931;72;1;1;7;6;0;1;1;1;0;2
9932;72342;9932;72;1;2;2;6;0;1;1;1;0;2
9933;72342;9933;71;1;1;7;6;0;1;1;1;0;2
9934;72342;9934;72;1;1;7;6;1;0;1;2;0;2
9935;72342;9935;64;1;1;7;4;0;1;1;1;0;2
9936;72342;9936;26;1;1;7;2;1;0;1;2;0;2
9937;72342;9937;71;1;1;7;5;0;1;0;3;0;1
9938;72343;9938;85;3;3;2;6;0;1;1;1;0;2
9939;72343;9939;71;1;1;7;6;1;0;0;2;0;1
9940;72344;9940;81;3;1;7;6;0;1;1;1;0;2
9941;72344;9941;72;1;1;7;6;0;1;1;1;0;2
9942;72345;9942;61;1;1;7;3;0;1;1;1;0;2
9943;72346;9943;25;1;1;7;7;0;1;1;1;0;2
9944;72346;9944;51;3;1;1;6;0;1;1;1;0;2
9945;72347;9945;26;3;1;7;2;0;1;1;1;0;2
9946;72347;9946;25;1;1;7;6;0;1;1;1;0;2
9947;72349;9947;64;1;1;7;4;0;1;1;1;0;2
9948;72349;9948;52;1;3;1;6;0;2;0;1;0;2
9949;72350;9949;71;1;1;7;6;0;1;1;1;0;2
9950;72350;9950;51;1;1;7;3;0;1;1;1;0;2
9951;72350;9951;71;1;1;7;3;0;1;1;1;0;2
9952;72350;9952;26;1;3;2;1;0;1;1;1;0;2
9953;72350;9953;72;1;1;7;6;0;1;1;1;0;2
9954;72350;9954;26;1;1;7;2;0;1;1;1;0;2
9955;72350;9955;71;1;1;7;6;0;1;1;1;0;2
9956;72350;9956;71;1;1;7;6;0;1;1;1;0;2
9957;72350;9957;71;1;1;1;4;1;1;0;2;0;2
9958;72350;9958;51;1;1;1;6;0;1;1;1;0;2
9959;72358;9959;71;1;1;7;6;0;1;1;1;0;2
9960;72366;9960;61;1;1;7;3;1;0;1;2;0;2
9961;72370;9961;71;1;1;7;6;0;1;1;1;0;2
9962;72372;9962;61;1;6;1;4;0;1;1;1;0;2
9963;72372;9963;71;1;1;7;6;0;1;1;1;0;2
9964;72372;9964;51;3;1;1;6;1;0;1;2;0;2
9965;72372;9965;81;3;1;1;6;1;0;1;2;0;2
9966;72372;9966;18;2;1;7;6;0;1;1;1;0;2
9967;72373;9967;72;1;1;7;6;1;0;1;2;0;2
9968;72374;9968;52;1;3;1;0;0;1;0;1;0;1
9969;72374;9969;51;1;1;7;3;0;1;1;1;0;2
9970;72374;9970;26;2;1;7;1;1;0;1;2;0;2
9971;72374;9971;71;1;1;7;6;0;1;1;1;0;2
9972;72374;9972;51;1;1;1;6;0;2;0;1;0;2
9973;72374;9973;35;3;1;7;6;0;3;1;1;0;4
9974;72375;9974;99;1;1;7;6;0;4;1;1;0;5
9975;72376;9975;51;1;1;7;6;0;1;1;1;0;2
9976;72378;9976;51;1;1;7;6;0;2;0;1;0;2
9977;72378;9977;51;3;1;7;3;0;1;1;1;0;2
9978;72378;9978;51;3;1;7;6;2;0;1;2;0;3
9979;72378;9979;64;1;1;7;2;0;1;1;1;0;2
9980;72378;9980;72;1;1;7;6;0;1;1;1;0;2
9981;72378;9981;72;1;1;7;6;1;0;1;2;0;2
9982;72379;9982;72;2;1;7;6;1;0;1;2;0;2
9983;72379;9784;61;1;1;7;3;0;1;2;1;0;3
9984;72379;9984;18;1;1;7;6;0;1;1;1;0;2
9985;72382;9985;72;1;1;7;6;0;1;1;1;0;2
9986;72403;9986;51;2;1;7;7;0;1;1;1;0;2
9987;72406;9987;64;1;1;7;6;0;1;1;1;0;2
9988;72410;9988;24;1;1;7;2;1;0;1;2;0;2
9989;72414;9989;73;1;1;7;8;1;1;1;2;0;3
9990;72414;9990;77;1;3;1;8;0;1;1;1;0;2
9991;72420;9991;72;1;1;7;6;1;0;1;2;0;2
9992;72420;9992;72;1;3;2;6;0;1;1;1;0;2
9993;72423;9993;72;1;1;7;8;0;1;2;1;0;3
9994;72423;9994;71;1;1;7;6;0;1;1;1;0;2
9995;72425;9995;52;1;1;7;0;0;1;0;1;0;1
9996;72427;9996;72;1;1;7;6;0;1;1;1;0;2
9997;72427;8438;72;1;1;7;6;0;1;1;1;0;2
9998;72429;9998;21;1;1;7;6;0;1;1;1;0;2
9999;72432;9999;27;1;1;7;0;0;1;0;1;0;1
10000;72432;10000;71;3;1;7;6;0;1;1;1;0;2
10001;72432;10001;20;3;1;4;2;0;1;1;1;0;2
10002;72439;10002;72;1;1;7;6;1;0;1;2;0;2
10003;72439;10003;71;3;1;7;6;0;0;2;3;0;2
10004;72439;10004;81;1;1;7;1;1;0;1;2;0;2
10005;72440;10005;81;3;3;1;6;0;1;1;1;0;2
10006;72440;10006;72;1;1;7;6;0;1;1;1;0;2
10007;72440;10007;72;3;1;7;6;1;0;1;2;0;2
10008;72440;10008;20;1;1;7;6;0;1;1;1;0;2
10009;72442;10009;72;1;1;7;6;1;0;1;2;0;2
10010;72456;10010;26;1;1;7;3;0;1;1;1;0;2
10011;72457;10011;52;1;1;7;0;1;0;0;2;0;1
10012;72457;10012;52;2;1;1;0;0;1;0;3;0;1
10013;72459;10013;52;3;1;7;0;0;1;0;1;0;1
10014;72460;10014;72;1;1;7;6;0;1;1;1;0;2
10015;72460;10015;72;1;1;7;6;0;1;1;1;0;2
10016;72460;10016;51;1;1;7;6;0;1;2;1;0;3
10017;72460;10017;81;1;1;7;6;0;2;0;1;0;2
10018;72460;10018;20;1;1;7;6;0;2;1;1;0;3
10019;72460;10019;67;3;1;1;5;0;1;1;1;0;2
10020;72462;10020;71;1;2;1;6;0;1;1;1;0;2
10021;72463;10021;26;1;1;7;4;0;1;0;1;0;1
10022;72463;10022;52;3;1;4;0;0;0;0;3;0;0
10023;72465;10023;52;3;3;2;0;0;1;0;1;0;1
10024;72466;10024;52;1;1;1;0;1;1;0;2;0;2
10025;72466;10025;52;2;1;4;3;0;1;2;1;0;3
10026;72467;10026;23;1;1;7;6;0;1;1;1;0;2
10027;72468;10027;52;1;3;2;0;0;1;0;1;0;1
10028;72472;10028;72;1;1;7;4;0;1;3;1;0;4
10029;72473;10029;72;1;1;7;6;1;0;1;2;0;2
10030;72473;10030;72;1;1;7;6;0;1;1;1;0;2
10031;72477;10031;17;1;1;7;1;0;1;1;1;0;2
10032;72477;10032;72;1;1;7;6;0;1;1;1;0;2
10033;72478;10033;24;1;1;7;2;0;1;1;1;0;2
10034;72486;10034;72;1;1;7;6;0;1;1;1;0;2
10035;72499;10035;52;1;1;7;6;0;1;1;1;0;2
10036;72503;10036;71;1;1;7;6;1;0;1;2;0;2
10037;72503;10037;71;1;1;7;6;0;1;1;1;0;2
10038;72503;10038;64;5;1;7;6;0;1;1;1;0;2
10039;72504;10039;72;1;1;7;6;0;1;1;1;0;2
10040;72504;10040;73;1;1;2;6;0;0;1;3;0;1
10041;72504;10041;71;1;1;7;6;0;1;1;1;0;2
10042;72505;10042;32;3;1;7;6;0;1;1;1;0;2
10043;72506;10043;64;1;1;7;2;0;1;1;1;0;2
10044;72506;10044;72;1;1;7;9;0;1;0;1;0;1
10045;72506;10045;51;1;1;7;6;0;1;1;1;0;2
10046;72508;10046;51;1;1;7;6;0;1;2;1;0;3