accident_id;lieu_id;date_id;cause_id;lum_id;intemp_id;etat_surface_id;impliq_id;nb_blesses_graves;nb_blesses_legers;nb_indemnes;gravite;nb_morts;nb_impliqués
10047;72508;10047;51;1;1;7;6;0;2;0;1;0;2
10048;72508;10048;23;1;1;7;4;0;1;1;1;0;2
10049;72512;10049;51;1;1;7;3;0;1;1;1;0;2
10050;72519;10050;21;1;1;7;6;0;1;2;1;0;3
10051;72521;10051;72;3;4;2;6;0;1;1;1;0;2
10052;72526;10052;52;1;1;7;6;0;1;1;1;0;2
10053;72529;10053;51;1;1;7;6;0;1;3;1;0;4
10054;72529;10054;72;1;3;1;7;0;1;1;1;0;2
10055;72529;10055;81;3;1;7;0;0;2;0;3;0;2
10056;72530;10056;52;3;3;2;0;0;1;0;1;0;1
10057;72530;10057;72;3;1;7;6;1;0;1;2;0;2
10058;72530;10058;52;3;1;4;0;0;1;0;1;0;1
10059;72530;10059;52;2;1;7;6;0;1;1;3;0;2
10060;72530;10060;52;3;1;7;6;1;0;1;2;0;2
10061;72531;10061;64;1;3;5;6;0;1;1;1;0;2
10062;72531;10062;25;1;1;7;6;0;1;1;1;0;2
10063;72531;10063;20;1;1;7;2;0;1;2;1;0;3
10064;72532;10064;51;3;1;7;3;0;1;1;1;0;2
10065;72532;10065;51;1;1;7;6;0;1;1;1;0;2
10066;72535;10066;72;1;3;2;6;0;1;1;1;0;2
10067;72535;10067;18;1;1;7;6;0;1;1;1;0;2
10068;72536;10068;25;1;1;7;7;0;1;1;1;0;2
10069;72536;10069;51;1;2;2;3;0;2;1;1;0;3
10070;72538;10070;32;1;1;7;3;0;1;3;1;0;4
10071;72539;10071;51;1;1;7;3;0;1;1;1;0;2
10072;72539;10072;51;1;1;1;3;0;2;0;1;0;2
10073;72539;10073;81;3;1;7;0;1;0;0;2;0;1
10074;72539;10074;52;3;1;7;0;2;0;0;2;0;2
10075;72541;10075;71;1;1;7;6;0;1;1;1;0;2
10076;72541;10076;67;1;1;7;6;0;1;1;1;0;2
10077;72541;10077;21;1;1;7;6;0;1;1;1;0;2
10078;72541;10078;72;1;1;7;6;0;1;1;1;0;2
10079;72541;10079;21;1;1;7;6;1;0;1;2;0;2
10080;72545;10080;51;3;1;2;6;0;1;1;1;0;2
10081;72545;10081;22;3;1;7;4;1;0;1;2;0;2
10082;72545;10082;52;1;1;7;6;0;1;1;1;0;2
10083;72545;2450;51;3;1;1;4;0;1;1;1;0;2
10084;72546;10084;20;1;1;4;2;0;1;1;1;0;2
10085;72546;10085;64;2;3;2;2;0;1;1;1;0;2
10086;72548;10086;25;3;3;1;0;0;1;0;1;0;1
10087;72548;10087;25;3;3;1;6;0;1;1;1;0;2
10088;72548;10088;72;1;1;7;6;0;1;1;1;0;2
10089;72548;10089;32;1;1;7;7;1;0;1;2;0;2
10090;72548;10090;52;1;1;1;6;0;1;1;1;0;2
10091;72548;7911;52;1;3;1;6;0;2;0;1;0;2
10092;72549;10092;52;1;1;7;2;0;1;1;1;0;2
10093;72552;10093;52;3;1;7;6;0;1;1;1;0;2
10094;72554;10094;72;1;1;7;6;0;1;1;1;0;2
10095;72554;10095;52;1;1;7;6;0;1;2;1;0;3
10096;72554;10096;71;1;3;1;6;0;2;1;1;0;3
10097;72554;10097;71;1;1;7;6;1;0;1;2;0;2
10098;72555;10098;51;3;1;7;6;0;1;1;1;0;2
10099;72556;10099;71;1;1;7;6;1;0;1;2;0;2
10100;72556;10100;72;3;1;7;6;0;1;1;1;0;2
10101;72568;10101;72;1;1;7;6;1;0;1;2;0;2
10102;72568;10102;72;1;1;7;6;1;0;1;2;0;2
10103;72568;10103;72;2;3;1;6;1;0;1;2;0;2
10104;72571;10104;52;1;1;1;0;0;2;0;1;0;2
10105;72571;10105;67;3;3;1;6;0;1;1;1;0;2
10106;72571;10106;52;3;6;1;0;0;1;0;1;0;1
10107;72574;10107;21;1;1;7;4;0;1;1;1;0;2
10108;72574;10108;21;1;1;7;6;0;1;1;1;0;2
10109;72575;10109;52;1;1;1;6;0;1;1;1;0;2
10110;72576;10110;71;3;3;2;6;0;1;1;1;0;2
10111;72576;10111;26;1;1;7;1;0;1;1;1;0;2
10112;72577;10112;71;1;1;7;6;0;1;1;1;0;2
10113;72579;10113;52;1;1;7;6;0;1;3;1;0;4
10114;72588;10114;72;1;1;7;6;0;1;1;1;0;2
10115;72588;10115;22;3;1;7;6;0;2;2;1;0;4
10116;72589;10116;71;3;1;7;6;0;1;1;1;0;2
10117;72594;10117;53;1;1;7;3;0;1;1;1;0;2
10118;72594;10118;25;4;1;7;6;0;1;1;1;0;2
10119;72594;10119;81;3;1;7;6;0;2;0;1;0;2
10120;72594;10120;52;3;1;7;6;0;3;1;1;0;4
10121;72594;10121;81;1;1;7;7;0;0;1;3;0;1
10122;72594;10122;36;1;1;7;6;0;1;1;1;0;2
10123;72594;10123;72;1;1;7;6;1;0;1;2;0;2
10124;72595;10124;67;1;1;7;6;0;1;1;1;0;2
10125;72604;10125;72;1;1;7;6;0;1;1;1;0;2
10126;72613;10126;81;1;1;7;6;0;2;1;1;0;3
10127;72614;10127;61;1;1;7;4;0;1;1;1;0;2
10128;72618;10128;64;1;3;1;6;0;1;1;1;0;2
10129;72618;10129;52;1;3;1;0;0;1;0;1;0;1
10130;72619;10130;81;3;1;1;6;1;3;1;2;0;5
10131;72619;10131;11;1;1;7;6;0;1;1;1;0;2
10132;72620;10132;51;1;1;7;4;0;2;1;1;0;3
10133;72621;10133;23;1;1;7;6;1;0;2;2;0;3
10134;72621;10134;51;1;3;1;6;0;1;1;1;0;2
10135;72623;10135;26;2;1;7;2;0;1;1;1;0;2
10136;72623;10136;61;2;1;7;3;0;1;1;1;0;2
10137;72623;10137;51;1;1;1;6;0;1;2;1;0;3
10138;72626;10138;51;1;4;4;4;1;1;1;2;0;3
10139;72626;10139;51;1;3;1;6;0;1;1;1;0;2
10140;72627;10140;51;1;1;7;6;0;1;1;1;0;2
10141;72627;10141;67;1;1;7;3;1;0;1;2;0;2
10142;72628;10142;26;1;1;7;2;0;1;1;1;0;2
10143;72628;10143;26;1;1;1;2;0;1;1;1;0;2
10144;72628;10144;26;1;1;2;2;1;0;1;2;0;2
10145;72628;7552;26;3;3;2;2;1;0;1;2;0;2
10146;72628;10146;26;2;3;1;2;0;1;1;1;0;2
10147;72628;10147;26;1;1;7;2;0;1;1;1;0;2
10148;72629;10148;26;1;1;1;2;1;0;1;2;0;2
10149;72630;10149;26;1;1;7;2;1;0;1;2;0;2
10150;72631;10150;51;1;3;2;6;0;1;1;1;0;2
10151;72631;10151;21;1;4;4;6;0;2;0;1;0;2
10152;72631;10152;26;3;1;7;2;0;1;1;1;0;2
10153;72631;10153;22;1;1;7;4;0;1;1;1;0;2
10154;72631;10154;81;3;1;7;6;1;4;0;2;0;5
10155;72631;10155;26;1;1;7;2;0;1;1;1;0;2
10156;72631;10156;35;1;1;7;3;0;1;1;1;0;2
10157;72631;10157;71;1;1;1;6;0;1;1;1;0;2
10158;72631;10158;72;2;1;7;6;0;1;1;1;0;2
10159;72631;10159;23;3;1;1;6;0;7;0;1;0;7
10160;72631;10160;51;1;3;1;7;0;0;1;3;0;1
10161;72631;10161;23;1;1;7;5;0;1;1;1;0;2
10162;72631;10162;26;1;1;7;2;0;1;1;1;0;2
10163;72631;10163;64;1;1;7;6;0;1;1;1;0;2
10164;72631;10164;23;3;1;5;6;0;1;1;1;0;2
10165;72631;10165;18;2;6;5;5;0;1;1;1;0;2
10166;72631;10166;20;1;1;7;2;0;1;1;1;0;2
10167;72631;10167;17;1;1;1;2;1;1;0;2;0;2
10168;72632;10168;52;3;1;4;0;2;1;0;2;0;3
10169;72633;10169;51;3;3;1;6;1;0;1;2;0;2
10170;72633;10170;26;1;3;2;2;0;1;1;1;0;2
10171;72633;10171;52;3;1;4;0;0;1;0;1;0;1
10172;72636;10172;64;1;1;7;4;0;1;1;1;0;2
10173;72636;10173;63;1;1;7;4;1;0;1;2;0;2
10174;72636;10174;64;1;1;7;4;0;1;1;1;0;2
10175;72636;10175;64;1;1;7;4;0;1;1;1;0;2
10176;72636;10176;71;1;1;7;6;0;1;1;1;0;2
10177;72636;10177;64;1;1;7;6;0;1;1;1;0;2
10178;72636;10178;51;2;1;7;6;1;0;2;2;0;3
10179;72636;10179;71;1;1;7;6;0;1;1;1;0;2
10180;72636;10180;71;1;1;7;6;0;0;1;3;0;1
10181;72637;10181;23;3;3;1;6;0;1;2;1;0;3
10182;72638;10182;72;1;1;7;6;1;0;1;2;0;2
10183;72638;10183;61;1;1;7;4;0;2;2;1;0;4
10184;72640;10184;67;1;1;7;6;0;1;1;1;0;2
10185;72640;10185;61;2;1;7;3;0;1;1;1;0;2
10186;72640;10186;72;1;1;7;6;1;0;1;2;0;2
10187;72640;10187;72;3;1;1;6;0;1;1;1;0;2
10188;72640;10188;71;1;1;7;6;0;1;1;1;0;2
10189;72640;10189;71;1;1;7;6;0;1;1;1;0;2
10190;72641;10190;72;1;1;2;6;0;1;1;1;0;2
10191;72641;10191;71;1;1;7;6;0;1;1;1;0;2
10192;72641;10192;21;1;1;7;6;0;1;1;1;0;2
10193;72642;10193;52;1;1;7;6;0;1;1;1;0;2
10194;72644;10194;64;1;1;1;4;0;1;1;1;0;2
10195;72644;10195;17;3;2;1;1;0;1;1;1;0;2
10196;72645;10196;61;1;1;7;3;0;1;1;1;0;2
10197;72645;10197;65;3;1;7;4;0;1;1;1;0;2
10198;72645;10198;71;3;1;7;6;1;0;1;2;0;2
10199;72645;10199;71;1;1;7;6;1;0;1;2;0;2
10200;72645;10200;71;3;1;7;6;1;0;1;2;0;2
10201;72646;10201;72;1;1;1;6;0;1;1;1;0;2
10202;72646;10202;25;1;1;7;6;0;1;1;1;0;2
10203;72648;10203;64;1;1;7;6;0;2;2;1;0;4
10204;72648;10204;61;1;1;7;3;0;1;1;1;0;2
10205;72648;10205;21;1;1;7;8;0;1;1;1;0;2
10206;72649;10206;51;3;1;1;6;1;0;0;2;0;1
10207;72650;10207;21;1;3;1;6;0;1;1;1;0;2
10208;72651;10208;71;1;1;7;6;0;1;1;1;0;2
10209;72652;10209;23;1;1;7;6;0;1;1;1;0;2
10210;72652;10210;35;1;1;7;3;0;1;1;1;0;2
10211;72652;10211;71;1;2;1;5;1;0;1;2;0;2
10212;72652;10212;23;3;3;1;4;0;1;1;1;0;2
10213;72653;10213;51;1;1;7;6;0;2;0;1;0;2
10214;72654;10214;71;3;1;1;6;0;1;1;1;0;2
10215;72655;10215;67;3;1;7;4;1;0;2;2;0;3
10216;72655;10216;72;1;1;7;6;1;0;1;2;0;2
10217;72657;10217;64;1;1;7;3;0;1;1;1;0;2
10218;72658;10218;73;1;1;7;6;0;1;1;1;0;2
10219;72658;10219;64;3;3;1;4;1;1;0;2;0;2
10220;72659;10220;72;1;3;2;6;0;1;1;1;0;2
10221;72661;10221;21;1;1;7;6;1;0;1;2;0;2
10222;72667;10222;24;1;1;7;4;0;1;1;1;0;2
10223;72667;10223;72;3;1;7;6;1;0;1;2;0;2
10224;72669;10224;72;1;1;7;6;0;1;1;1;0;2
10225;72676;10225;64;3;1;7;6;0;1;2;1;0;3
10226;72676;10226;22;1;1;7;3;1;0;1;2;0;2
10227;72676;10227;36;1;3;1;6;0;1;4;1;0;5
10228;72678;10228;72;1;1;7;6;0;1;1;1;0;2
10229;72681;10229;25;1;1;7;0;0;2;0;1;0;2
10230;72681;10230;71;1;1;7;6;1;0;1;2;0;2
10231;72687;10231;12;1;1;7;2;0;1;1;1;0;2
10232;72687;10232;20;1;1;2;2;0;1;1;1;0;2
10233;72687;10233;26;1;1;7;2;0;1;1;1;0;2
10234;72687;10234;21;1;1;1;6;0;1;1;1;0;2
10235;72687;10235;71;1;1;7;6;0;1;1;1;0;2
10236;72691;10236;72;1;1;7;6;0;1;1;1;0;2
10237;72691;10099;72;1;1;7;6;1;0;1;2;0;2
10238;72695;10238;25;3;1;7;6;0;2;0;1;0;2
10239;72695;10239;51;1;1;7;6;2;0;0;2;0;2
10240;72695;10240;23;2;1;7;6;0;2;1;1;0;3
10241;72702;10241;72;1;1;7;6;1;0;1;2;0;2
10242;72704;10242;72;1;1;7;6;0;1;1;1;0;2
10243;72704;10243;72;1;1;7;6;0;1;1;1;0;2
10244;72707;10244;72;3;1;1;6;0;1;1;1;0;2
10245;72707;10245;71;3;1;7;6;0;1;1;1;0;2
10246;72707;10246;52;1;1;7;2;3;0;1;3;2;6
10247;72707;10247;52;3;6;1;0;0;1;0;1;0;1
10248;72707;10248;72;1;1;1;6;0;0;1;3;0;1
10249;72707;10249;71;3;3;1;6;0;1;1;1;0;2
10250;72709;10250;81;3;1;7;7;0;1;1;1;0;2
10251;72709;10251;71;1;3;2;6;0;0;1;3;0;1
10252;72709;10252;16;1;1;7;6;0;2;1;1;0;3
10253;72709;10253;22;1;1;7;4;0;1;1;1;0;2
10254;72709;10254;72;1;1;7;6;0;0;1;3;0;1
10255;72710;10255;64;1;1;1;6;0;1;2;1;0;3
10256;72712;10256;51;1;1;7;6;0;1;1;1;0;2
10257;72713;10257;52;1;1;7;0;0;2;0;1;0;2
10258;72714;10258;71;1;1;7;6;0;1;1;1;0;2
10259;72715;5656;51;1;1;7;4;0;1;1;1;0;2
10260;72715;10260;26;1;1;7;1;0;3;0;1;0;3
10261;72715;10261;26;1;1;7;2;0;1;1;1;0;2
10262;72717;10262;82;1;1;7;6;0;2;0;1;0;2
10263;72723;10263;26;1;1;7;2;0;1;1;1;0;2
10264;72725;10264;72;1;1;1;6;0;1;1;1;0;2
10265;72725;10265;21;1;1;7;6;0;1;0;1;0;1
10266;72727;10266;25;3;3;1;6;0;1;1;1;0;2
10267;72727;10267;71;2;1;7;6;0;1;1;1;0;2
10268;72728;10268;64;1;1;7;6;0;1;1;1;0;2
10269;72728;10269;63;3;3;2;5;0;1;1;1;0;2
10270;72728;10270;22;1;1;7;6;0;1;1;1;0;2
10271;72728;10271;72;3;1;7;6;0;1;1;1;0;2
10272;72728;10272;72;1;1;1;6;0;1;1;1;0;2
10273;72728;10273;72;1;1;7;6;1;1;1;2;0;3
10274;72729;10274;26;1;1;7;2;0;1;1;1;0;2
10275;72729;10275;72;2;1;7;6;0;1;1;1;0;2
10276;72729;10276;72;1;1;7;5;0;1;1;1;0;2
10277;72730;10277;72;1;1;7;6;0;1;1;1;0;2
10278;72731;10278;72;1;1;7;6;0;1;1;1;0;2
10279;72734;10279;74;3;1;7;6;1;0;1;2;0;2
10280;72734;10280;23;1;1;7;5;0;1;2;1;0;3
10281;72734;10281;63;1;1;7;4;0;1;1;1;0;2
10282;72735;10282;23;1;1;7;5;0;1;3;1;0;4
10283;72748;10283;72;1;1;7;6;1;0;1;2;0;2
10284;72748;10284;74;1;1;7;6;1;0;1;2;0;2
10285;72748;10285;72;1;1;7;5;0;1;1;3;0;2
10286;72749;10286;51;1;1;1;6;0;1;2;1;0;3
10287;72751;10287;72;1;1;7;6;0;1;1;1;0;2
10288;72755;10288;71;1;1;7;6;0;1;1;1;0;2
10289;72756;10289;63;3;1;7;4;0;1;2;1;0;3
10290;72756;10290;23;1;1;7;5;1;0;1;2;0;2
10291;72756;10291;23;1;1;7;4;0;1;1;1;0;2
10292;72763;10292;63;1;1;7;4;0;1;1;1;0;2
10293;72769;10293;72;1;1;7;4;0;1;1;1;0;2
10294;72769;10294;22;1;1;7;3;1;0;1;2;0;2
10295;72771;10295;81;3;1;7;0;0;2;0;1;0;2
10296;72780;10296;72;1;1;5;6;0;1;1;1;0;2
10297;72783;10297;41;1;1;7;2;0;1;1;1;0;2
10298;72784;10298;81;3;1;7;0;0;1;0;1;0;1
10299;72784;10299;72;1;3;2;6;0;1;1;1;0;2
10300;72784;10300;64;1;1;7;4;0;1;1;1;0;2
10301;72790;10301;72;1;1;7;6;0;1;1;1;0;2
10302;72790;10302;72;1;1;7;6;0;1;1;1;0;2
10303;72791;10303;71;1;1;7;6;0;1;1;1;0;2
10304;72806;10304;25;3;3;1;7;1;0;1;2;0;2
10305;72809;10305;71;1;1;7;6;1;0;1;2;0;2
10306;72809;10306;71;1;1;7;6;0;1;1;1;0;2
10307;72809;10307;61;1;1;7;3;0;1;1;1;0;2
10308;72819;10308;71;1;1;7;6;0;1;1;1;0;2
10309;72819;10309;61;1;1;1;4;0;1;1;1;0;2
10310;72819;10310;72;1;1;7;6;0;1;1;1;0;2
10311;72821;10311;26;1;3;2;2;1;0;1;2;0;2
10312;72822;10312;51;1;1;7;3;0;1;1;1;0;2
10313;72822;10313;72;3;1;1;6;0;1;1;1;0;2
10314;72822;10314;21;3;1;1;6;0;1;1;1;0;2
10315;72822;10315;71;3;1;7;6;0;1;1;1;0;2
10316;72823;10316;72;3;1;7;6;0;1;1;1;0;2
10317;72823;10317;71;1;1;7;6;0;1;1;1;0;2
10318;72825;10318;67;1;1;1;4;0;1;1;1;0;2
10319;72832;10319;72;1;1;7;4;0;1;1;1;0;2
10320;72841;10320;23;1;1;7;6;1;0;1;2;0;2
10321;72851;10321;71;1;1;7;6;0;1;1;1;0;2
10322;72853;10322;14;1;1;7;4;0;1;1;1;0;2
10323;72861;10323;72;1;1;7;6;0;1;1;1;0;2
10324;72863;10324;52;3;1;7;0;0;1;0;1;0;1
10325;72863;10325;52;1;1;7;6;0;1;1;1;0;2
10326;72863;10326;81;3;1;7;0;1;0;0;2;0;1
10327;72863;10327;52;3;3;1;0;0;1;1;1;0;2
10328;72876;10328;71;1;1;7;6;0;1;1;1;0;2
10329;72878;10329;72;1;1;7;6;0;1;1;1;0;2
10330;72879;10330;72;1;1;7;6;1;0;1;2;0;2
10331;72884;10331;72;1;1;7;6;0;1;1;1;0;2
10332;72891;10332;28;1;1;7;0;0;1;0;1;0;1
10333;72897;10333;72;1;1;7;6;0;1;1;1;0;2
10334;72897;10334;52;1;1;7;6;0;1;1;1;0;2
10335;72905;10335;61;1;1;7;2;0;1;1;1;0;2
10336;72911;10336;72;1;1;7;4;0;1;1;1;0;2
10337;72920;10337;25;1;4;1;6;0;1;2;1;0;3
10338;72924;10338;72;1;1;7;6;0;1;1;1;0;2
10339;72932;10339;20;1;1;7;2;1;0;1;2;0;2
10340;72933;10340;81;1;1;7;6;0;1;2;1;0;3
10341;72953;10341;21;3;1;1;6;0;1;1;1;0;2
10342;72953;10342;81;3;1;7;0;2;1;0;2;0;3
10343;72953;10343;81;3;6;1;0;4;0;0;3;0;4
10344;72953;10344;81;1;1;7;6;1;2;0;2;0;3
10345;72953;10345;81;3;1;7;6;0;1;0;1;0;1
10346;72953;10346;52;1;1;7;4;0;7;1;1;0;8
10347;72953;10347;21;1;1;1;6;0;3;1;1;0;4
10348;72954;10348;67;3;1;7;6;0;1;1;1;0;2
10349;72954;10349;51;2;4;3;7;0;1;1;1;0;2
10350;72955;10350;52;1;1;7;0;1;0;0;2;0;1
10351;72955;10351;52;3;4;4;0;0;1;0;1;0;1
10352;72955;10352;52;1;1;1;0;0;4;0;1;0;4
10353;72955;10353;52;1;1;1;0;0;1;0;1;0;1
10354;72955;10354;52;1;1;7;0;1;0;0;2;0;1
10355;72955;10355;64;1;1;7;6;0;1;1;1;0;2
10356;72955;10356;51;1;1;7;8;0;1;1;1;0;2
10357;72956;10357;52;3;1;7;0;0;2;0;1;0;2
10358;72956;10358;64;1;1;7;5;1;0;1;2;0;2
10359;72956;10359;64;1;1;7;5;0;1;1;1;0;2
10360;72956;10360;81;1;1;7;6;0;3;1;1;0;4
10361;72956;10361;51;1;1;7;3;0;1;1;1;0;2
10362;72956;10362;67;1;1;7;5;1;0;2;2;0;3
10363;72957;10363;71;1;1;7;6;1;0;1;2;0;2
10364;72962;10364;72;1;1;7;6;0;1;1;1;0;2
10365;72970;10365;28;3;1;1;0;0;2;0;1;0;2
10366;72970;10366;67;3;1;7;5;0;2;1;1;0;3
10367;72970;10367;81;3;1;7;6;0;1;1;1;0;2
10368;72970;10368;23;1;1;7;5;0;1;1;1;0;2
10369;72972;10369;74;1;3;2;6;0;1;1;1;0;2
10370;72972;10370;81;3;1;1;6;0;1;1;1;0;2
10371;72972;10371;72;1;3;1;6;0;1;1;1;0;2
10372;72974;10372;21;1;1;7;6;1;0;1;2;0;2
10373;72974;10373;72;3;1;7;6;0;1;1;1;0;2
10374;72974;10374;26;1;1;1;2;1;1;0;2;0;2
10375;72975;10375;85;3;1;7;6;0;2;1;1;0;3
10376;72975;10376;35;1;1;7;4;0;1;1;1;0;2
10377;72975;10377;61;1;1;7;4;1;0;1;2;0;2
10378;72975;10378;72;1;1;7;6;1;0;1;2;0;2
10379;72975;10379;64;1;1;7;6;0;1;1;1;0;2
10380;72975;10380;71;1;1;7;6;0;1;1;1;0;2
10381;72979;7097;64;1;1;7;6;0;1;1;1;0;2
10382;72984;10382;73;1;1;7;6;0;1;1;1;0;2
10383;72987;10383;71;1;3;1;6;1;0;1;2;0;2
10384;72988;10384;25;1;1;1;6;0;1;1;1;0;2
10385;72998;10385;71;1;1;7;6;0;1;1;1;0;2
10386;73001;10386;72;1;1;7;6;1;0;1;2;0;2
10387;73008;10387;52;3;1;7;6;0;1;1;1;0;2
10388;73008;10388;51;1;1;7;6;0;1;1;1;0;2
10389;73009;10389;82;1;3;1;6;0;1;1;1;0;2
10390;73025;10390;72;1;1;7;6;0;1;1;1;0;2
10391;73025;10391;71;1;1;7;6;0;1;1;1;0;2
10392;73027;10392;71;1;1;7;6;0;1;1;1;0;2
10393;73029;10393;21;1;1;7;6;0;1;2;1;0;3
10394;73029;10394;21;1;1;7;6;0;1;1;1;0;2
10395;73029;10395;72;1;1;7;8;0;1;1;1;0;2
10396;73029;10396;72;1;1;7;6;0;1;4;1;0;5
10397;73029;10397;72;1;1;7;6;1;0;1;2;0;2
10398;73030;10398;63;1;1;7;4;0;1;1;1;0;2
10399;73032;10399;67;1;1;1;6;0;1;1;1;0;2
10400;73032;10400;51;1;1;7;4;0;1;1;1;0;2
10401;73032;10401;26;2;1;1;2;0;1;1;1;0;2
10402;73032;10402;23;1;1;7;4;0;1;1;1;0;2
10403;73032;10403;51;1;1;7;6;0;1;1;1;0;2
10404;73034;10404;21;1;1;7;6;0;1;1;1;0;2
10405;73034;10405;25;3;3;1;6;0;1;1;1;0;2
10406;73035;10406;52;1;1;7;0;1;0;0;2;0;1
10407;73035;10407;81;3;3;1;6;0;2;0;1;0;2
10408;73043;10408;61;1;1;7;3;0;1;1;1;0;2
10409;73048;10409;71;1;1;7;6;0;1;1;1;0;2
10410;73050;10410;71;3;1;7;6;0;2;0;1;0;2
10411;73054;10411;25;3;1;7;6;0;1;3;1;0;4
10412;73054;10412;81;3;1;1;6;1;0;0;2;0;1
10413;73055;10413;85;3;1;7;7;1;1;1;2;0;3
10414;73055;10414;81;1;1;7;6;0;1;1;1;0;2
10415;73055;10415;51;1;1;1;6;0;2;0;1;0;2
10416;73056;10416;18;1;1;7;6;0;1;1;1;0;2
10417;73056;10417;65;2;2;2;4;0;1;1;1;0;2
10418;73056;10418;25;3;6;1;7;0;1;1;1;0;2
10419;73056;10419;26;1;1;7;1;0;1;1;1;0;2
10420;73056;10420;64;1;1;7;3;0;1;1;1;0;2
10421;73057;10421;52;3;1;7;0;0;1;0;1;0;1
10422;73057;10422;52;1;1;7;0;1;0;0;2;0;1
10423;73057;10423;52;1;1;7;0;0;1;0;1;0;1
10424;73057;10424;52;3;1;7;0;0;2;0;1;0;2
10425;73057;10425;51;1;3;2;6;0;1;1;1;0;2
10426;73057;10426;81;3;3;1;0;0;1;0;1;0;1
10427;73057;10427;52;3;1;1;0;0;1;0;1;0;1
10428;73057;10428;81;3;1;7;6;0;3;0;1;0;3
10429;73060;10429;65;1;1;7;4;0;1;1;1;0;2
10430;73073;10430;74;1;1;7;6;0;1;1;1;0;2
10431;73073;10431;67;1;1;7;6;0;1;1;1;0;2
10432;73078;10432;81;3;3;2;6;0;1;1;1;0;2
10433;73078;10433;52;1;3;2;6;0;2;0;1;0;2
10434;73078;10434;52;1;3;2;6;0;2;0;1;0;2
10435;73078;10435;21;2;2;1;6;0;2;3;1;0;5
10436;73078;10436;51;3;2;1;6;0;1;2;1;0;3
10437;73078;10437;52;1;1;7;6;0;3;0;1;0;3
10438;73078;10438;71;2;1;1;7;1;0;1;2;0;2
10439;73078;10439;52;1;1;7;6;0;2;0;1;0;2
10440;73078;10440;52;1;3;1;6;0;2;1;1;0;3
10441;73078;10441;51;1;3;1;3;0;1;1;1;0;2
10442;73078;10442;52;3;1;7;6;1;1;0;2;0;2
10443;73078;10443;52;1;3;1;6;0;2;0;1;0;2
10444;73078;10444;22;1;1;7;3;0;1;1;1;0;2
10445;73080;10445;21;1;1;7;4;0;1;1;1;0;2
10446;73081;10446;67;1;1;7;6;0;1;1;1;0;2
10447;73082;10447;72;1;1;7;6;0;1;1;1;0;2
10448;73083;10448;67;3;1;7;5;0;2;0;1;0;2
10449;73084;10449;72;1;1;7;6;1;0;1;2;0;2
10450;73084;10450;73;1;1;7;6;1;0;1;2;0;2
10451;73084;10451;51;1;1;7;4;1;1;0;2;0;2
10452;73096;10452;21;3;1;1;6;0;2;1;1;0;3
10453;73097;10453;71;2;1;1;6;1;0;1;2;0;2
10454;73099;10454;72;4;6;1;6;0;1;1;1;0;2
10455;73099;10455;20;1;1;7;1;0;2;1;1;0;3
10456;73099;10456;72;3;1;7;6;0;1;1;1;0;2
10457;73101;10457;21;3;3;2;6;3;0;0;2;0;3
10458;73103;10458;52;3;1;7;0;0;3;0;1;0;3
10459;73104;10459;51;1;1;7;3;0;1;1;1;0;2
10460;73104;10460;28;1;1;7;0;0;0;0;0;0;0
10461;73104;10461;21;1;1;7;4;0;2;0;1;0;2
10462;73104;10462;52;3;1;7;0;1;1;0;2;0;2
10463;73104;10463;52;3;3;2;0;0;1;0;1;0;1
10464;73104;10464;52;3;1;7;0;1;0;0;2;0;1
10465;73104;10465;81;3;1;1;0;0;2;0;1;0;2
10466;73104;10466;21;3;1;1;4;0;1;0;3;0;1
10467;73105;10467;23;1;1;7;4;0;1;1;1;0;2
10468;73105;10468;51;1;1;7;7;0;1;1;1;0;2
10469;73105;10469;81;1;1;7;9;1;0;1;2;0;2
10470;73106;10470;81;1;1;7;0;0;2;0;1;0;2
10471;73106;10471;51;1;1;7;6;0;1;1;1;0;2
10472;73108;10472;72;1;1;7;6;0;1;1;1;0;2
10473;73108;10473;52;1;1;4;6;0;1;1;1;0;2
10474;73120;10474;64;1;1;7;6;0;1;1;1;0;2
10475;73122;10475;27;1;1;7;0;0;1;0;1;0;1
10476;73129;10476;81;1;1;7;6;0;1;1;1;0;2
10477;73130;10477;74;1;1;7;6;0;1;1;1;0;2
10478;73131;10478;72;1;1;7;6;0;1;1;1;0;2
10479;73146;10479;72;1;1;7;6;0;1;1;1;0;2
10480;73151;10480;66;1;1;7;3;0;1;1;1;0;2
10481;73151;10481;41;1;1;7;6;0;1;1;1;0;2
10482;73152;10482;71;1;1;7;6;0;1;1;1;0;2
10483;73155;10483;64;1;1;7;6;0;1;1;1;0;2
10484;73156;10484;41;1;1;7;6;0;1;1;1;0;2
10485;73166;3061;72;1;1;7;6;0;1;1;1;0;2
10486;73168;10486;86;1;1;1;2;0;1;1;1;0;2
10487;73174;10487;52;1;3;1;2;0;1;1;1;0;2
10488;73175;10488;61;1;1;7;3;0;1;1;1;0;2
10489;73181;10489;81;1;1;7;1;0;1;1;1;0;2
10490;73183;10490;71;1;1;7;5;0;2;1;1;0;3
10491;73188;10491;26;3;1;7;1;0;1;1;1;0;2
10492;73191;10492;71;1;1;1;6;0;1;1;1;0;2
10493;73191;10493;71;1;3;1;6;0;1;1;1;0;2
10494;73191;10494;71;1;1;7;6;0;1;1;1;0;2