accident_id;lieu_id;date_id;cause_id;lum_id;intemp_id;etat_surface_id;impliq_id;nb_blesses_graves;nb_blesses_legers;nb_indemnes;gravite;nb_morts;nb_impliqués
10942;75993;10942;52;1;3;1;0;0;0;0;3;0;0
10943;75994;10943;51;1;1;7;6;0;0;4;3;2;6
10944;76017;10944;74;1;1;7;6;0;1;1;1;0;2
10945;76638;10945;52;1;1;7;0;1;0;0;2;0;1
10946;76655;10946;52;1;2;1;6;0;1;0;1;0;1
10947;76656;10947;52;2;1;7;0;0;2;0;1;0;2
10948;76656;10948;64;1;1;7;9;0;1;1;1;0;2
10949;76658;10949;35;1;1;7;4;0;1;1;1;0;2
10950;76658;10950;36;1;1;7;7;0;1;1;1;0;2
10951;76658;10951;52;2;1;2;6;0;1;0;3;0;1
10952;76658;10952;51;1;1;7;6;0;2;2;1;0;4
10953;76659;10953;52;1;6;4;0;0;1;0;1;0;1
10954;76662;10954;71;1;1;5;6;1;0;1;2;0;2
10955;76681;7501;72;1;3;1;6;1;0;1;2;0;2
10956;76681;10956;72;1;1;7;6;0;1;1;1;0;2
10957;76682;10957;52;3;1;7;6;0;1;2;1;0;3
10958;76682;10958;52;3;1;7;6;0;1;2;1;0;3
10959;76683;10959;72;1;1;7;6;0;1;1;1;0;2
10960;76683;10960;73;1;1;7;6;1;0;1;2;0;2
10961;76683;10961;26;1;1;7;2;0;1;1;1;0;2
10962;76685;10962;52;1;4;4;6;0;1;1;1;0;2
10963;76686;10963;71;3;1;7;6;0;1;1;1;0;2
10964;76696;10964;21;1;1;7;4;1;0;1;2;0;2
10965;76711;10965;22;3;1;7;6;1;2;0;2;0;3
10966;76723;10966;24;1;1;7;4;0;1;1;1;0;2
10967;76727;10967;25;3;1;7;0;0;1;0;1;0;1
10968;76727;10968;14;3;1;7;6;0;1;3;1;0;4
10969;76730;10969;52;3;1;7;0;1;2;0;2;0;3
10970;76736;10970;21;1;1;7;6;0;1;0;1;0;1
10971;76737;10971;52;1;1;5;6;1;0;1;2;0;2
10972;76739;10972;71;1;1;7;6;0;1;1;1;0;2
10973;76739;10973;52;3;1;7;0;0;1;0;1;0;1
10974;76739;10974;52;1;1;7;7;0;1;1;1;0;2
10975;76743;10975;12;3;1;7;9;0;0;1;3;0;1
10976;76746;10976;51;5;1;1;9;1;0;0;2;0;1
10977;76749;10977;51;1;1;7;3;1;0;1;2;0;2
10978;76749;10978;67;1;1;7;6;0;1;1;1;0;2
10979;76749;10979;51;3;3;2;6;0;2;0;1;0;2
10980;76750;10980;52;3;1;7;0;0;4;1;1;0;5
10981;76750;10981;51;2;1;7;6;0;1;1;1;0;2
10982;76751;10982;51;5;7;7;4;0;1;1;1;0;2
10983;76751;10983;64;1;1;7;6;0;1;1;1;0;2
10984;76751;10984;23;1;1;7;6;0;5;0;1;0;5
10985;76751;10985;51;5;6;1;7;0;1;1;1;0;2
10986;76751;10986;51;5;6;7;4;1;0;0;3;0;1
10987;76751;10987;52;1;1;7;0;0;1;0;1;0;1
10988;76751;10988;21;5;1;7;6;0;1;1;3;0;2
10989;76751;10989;23;1;1;7;6;0;1;0;1;0;1
10990;76751;10990;51;1;3;2;6;0;4;0;1;0;4
10991;76752;10991;26;1;2;1;2;0;1;1;1;0;2
10992;76753;10992;64;1;1;7;6;1;0;1;2;0;2
10993;76758;10993;72;1;1;7;6;0;1;1;1;0;2
10994;76759;10994;63;1;1;1;6;0;1;1;1;0;2
10995;76766;10995;74;1;1;7;6;0;1;1;1;0;2
10996;76772;10996;71;1;3;2;6;0;1;2;1;0;3
10997;76772;10997;36;3;4;2;6;0;1;1;1;0;2
10998;76773;10998;71;1;1;7;6;0;1;1;1;0;2
10999;76774;10999;81;3;1;7;7;1;0;1;2;0;2
11000;76774;11000;26;1;1;7;1;0;1;1;1;0;2
11001;76774;11001;26;1;6;1;1;0;1;1;1;0;2
11002;76774;11002;35;1;1;1;3;0;1;1;1;0;2
11003;76774;11003;72;1;1;7;6;0;1;1;1;0;2
11004;76774;11004;71;1;1;7;6;0;1;2;1;0;3
11005;76774;11005;67;1;1;7;5;0;1;1;1;0;2
11006;76774;11006;26;3;1;7;2;1;0;1;2;0;2
11007;76778;11007;52;5;4;4;0;0;1;0;1;0;1
11008;76778;11008;52;5;3;1;0;0;1;0;1;0;1
11009;76778;11009;36;1;1;7;6;3;0;0;2;0;3
11010;76778;11010;52;5;1;7;0;0;1;0;1;0;1
11011;76778;11011;52;5;1;7;0;0;0;0;3;0;0
11012;76778;11012;52;5;1;7;0;1;0;0;2;0;1
11013;76778;11013;52;5;1;7;0;0;0;0;3;0;0
11014;76780;11014;52;5;1;7;0;0;1;0;1;0;1
11015;76780;11015;35;4;3;1;7;0;3;1;1;0;4
11016;76780;11016;51;1;2;1;6;1;1;0;2;0;2
11017;76780;11017;51;5;6;1;6;0;2;1;1;0;3
11018;76780;11018;27;5;1;7;9;0;1;0;1;0;1
11019;76781;11019;52;5;1;7;0;1;0;0;3;0;1
11020;76781;11020;52;1;3;1;0;1;0;0;2;0;1
11021;76781;11021;21;5;1;7;3;0;0;2;3;0;2
11022;76781;11022;33;1;3;1;7;0;2;3;1;0;5
11023;76781;11023;52;2;1;6;0;1;0;0;2;0;1
11024;76782;11024;52;5;1;7;6;0;1;1;1;0;2
11025;76782;11025;36;1;1;7;3;1;1;1;2;0;3
11026;76783;11026;81;5;4;4;0;0;1;0;1;0;1
11027;76785;11027;21;1;1;7;6;0;1;1;1;0;2
11028;76799;11028;72;1;1;7;6;0;1;1;1;0;2
11029;76805;11029;52;1;1;7;0;1;0;0;2;0;1
11030;76809;11030;73;1;1;7;6;0;1;1;1;0;2
11031;76816;11031;51;1;1;7;6;0;1;1;1;0;2
11032;76818;11032;51;1;1;7;3;0;1;1;1;0;2
11033;76819;11033;36;1;1;7;3;0;1;1;1;0;2
11034;76820;11034;25;3;1;7;6;0;1;0;1;0;1
11035;76820;11035;52;3;1;7;6;0;1;1;1;0;2
11036;76822;11036;52;3;3;2;6;0;1;2;1;0;3
11037;76826;11037;52;1;1;4;7;0;2;0;1;0;2
11038;76831;11038;52;5;4;3;0;1;0;0;2;0;1
11039;76832;11039;72;1;1;7;6;0;1;1;1;0;2
11040;76834;11040;52;3;1;7;0;0;2;0;1;0;2
11041;76834;11041;52;1;7;1;0;0;1;0;1;0;1
11042;76836;11042;52;3;1;7;0;0;2;0;1;0;2
11043;76836;11043;52;3;1;7;0;2;0;0;2;0;2
11044;76836;11044;21;1;3;1;6;1;2;0;2;0;3
11045;76836;11045;52;1;1;4;6;0;2;1;3;0;3
11046;76836;11046;52;1;1;1;0;0;1;0;1;0;1
11047;76836;11047;21;3;3;1;6;1;1;0;2;0;2
11048;76836;11048;52;3;1;1;0;2;0;0;2;0;2
11049;76836;11049;52;1;2;1;0;1;2;0;2;0;3
11050;76836;11050;21;1;3;1;7;0;3;0;1;0;3
11051;76836;11051;52;3;1;7;0;0;1;2;1;0;3
11052;76846;11052;21;5;1;7;4;0;1;0;3;0;1
11053;76847;11053;52;1;1;7;0;0;2;0;1;0;2
11054;76879;11054;52;5;1;7;0;0;1;0;1;0;1
11055;76918;11055;72;3;1;7;6;0;1;1;1;0;2
11056;76919;11056;23;1;1;1;6;1;0;1;2;0;2
11057;76933;11057;52;1;3;2;6;1;1;0;2;0;2
11058;76957;11058;52;1;3;2;6;0;7;0;1;0;7
11059;76958;11059;72;1;1;1;6;0;1;1;1;0;2
11060;76958;11060;64;1;1;1;6;0;1;1;1;0;2
11061;76958;11061;71;1;1;1;6;1;0;1;2;0;2
11062;76964;11062;51;5;1;7;3;0;1;1;1;0;2
11063;76982;11063;52;1;6;4;6;0;1;1;1;0;2
11064;76983;11064;52;3;3;1;2;1;0;1;2;0;2
11065;76983;11065;21;1;1;7;5;1;0;1;2;0;2
11066;76986;11066;51;1;6;2;6;0;1;3;1;0;4
11067;76987;11067;35;1;1;7;3;0;1;2;1;0;3
11068;76987;11068;21;1;1;7;7;0;1;1;3;0;2
11069;76996;11069;25;1;1;7;0;0;1;0;1;0;1
11070;76996;11070;51;1;1;7;6;0;0;1;3;0;1
11071;76996;11071;72;2;1;7;6;0;0;1;3;0;1
11072;77555;11072;81;5;3;2;0;0;1;2;1;0;3
11073;77562;11073;52;5;3;2;6;1;1;0;2;0;2
11074;77562;11074;52;5;6;1;0;1;0;0;2;0;1
11075;77563;11075;52;5;4;2;0;2;0;0;2;0;2
11076;77563;11076;52;5;3;1;6;2;0;0;2;0;2
11077;77564;11077;52;5;1;7;6;1;0;2;2;0;3
11078;77564;11078;36;5;3;1;6;2;0;1;2;0;3
11079;77565;11079;81;3;1;7;6;1;0;0;3;0;1
11080;77599;11080;81;2;1;7;6;4;3;0;3;1;8
11081;78245;11081;51;1;3;2;4;1;0;1;2;0;2
11082;78255;11082;51;1;1;7;6;0;1;1;1;0;2
11083;78261;11083;34;1;1;7;4;0;1;1;1;0;2
11084;78264;11084;52;1;1;7;6;0;1;0;1;0;1
11085;78264;11085;25;1;1;7;6;0;2;0;1;0;2
11086;78265;11086;36;1;1;7;6;0;0;2;3;0;2
11087;78265;11087;64;1;1;7;6;0;1;1;1;0;2
11088;78268;11088;72;1;1;7;6;0;2;1;1;0;3
11089;78270;11089;25;3;1;7;6;0;2;0;1;0;2
11090;78278;11090;51;1;1;7;6;0;1;2;1;0;3
11091;78285;11091;25;1;1;7;7;1;0;1;2;0;2
11092;78285;11092;52;3;3;5;0;1;0;0;2;0;1
11093;78286;11093;52;2;1;7;0;0;1;0;1;0;1
11094;78287;11094;51;1;1;7;6;1;0;1;2;0;2
11095;78287;11095;22;1;1;7;7;0;0;1;0;0;1
11096;78287;11096;81;5;1;7;0;1;0;0;2;0;1
11097;78298;11097;67;1;1;7;4;0;2;0;1;0;2
11098;78302;11098;72;2;1;1;6;0;1;1;1;0;2
11099;78324;11099;71;3;2;1;6;0;1;1;1;0;2
11100;78325;11100;63;1;1;7;4;0;1;1;1;0;2
11101;78326;11101;81;1;1;7;6;1;0;1;2;0;2
11102;78327;11102;65;1;1;7;6;0;1;1;1;0;2
11103;78327;11103;52;3;1;7;6;0;2;2;1;0;4
11104;78327;11104;51;1;1;7;3;0;1;1;1;0;2
11105;78327;11105;52;3;1;7;0;0;1;0;1;0;1
11106;78328;11106;51;1;1;7;6;0;1;1;1;0;2
11107;78329;11107;71;1;1;7;6;0;1;1;1;0;2
11108;78351;11108;51;1;1;7;6;0;1;1;1;0;2
11109;78351;11109;52;1;1;7;6;0;1;1;1;0;2
11110;78352;11110;11;1;1;7;6;0;1;1;1;0;2
11111;78353;11111;52;1;1;2;0;0;3;0;1;0;3
11112;78353;11112;73;1;1;2;6;1;0;1;2;0;2
11113;78353;11113;51;1;3;1;6;0;3;4;1;0;7
11114;78353;11114;72;3;1;1;6;0;1;1;1;0;2
11115;78353;11115;51;1;1;7;6;0;1;2;1;0;3
11116;78353;11116;51;3;1;7;6;0;1;1;1;0;2
11117;78353;11117;51;1;3;1;6;0;1;2;1;0;3
11118;78353;11118;52;1;1;7;0;0;2;0;1;0;2
11119;78354;11119;72;3;1;7;6;1;0;1;2;0;2
11120;78354;11120;99;3;1;2;6;1;0;1;2;0;2
11121;78354;11121;62;1;2;1;6;0;1;1;1;0;2
11122;78354;11122;99;3;1;7;2;0;1;0;1;0;1
11123;78355;11123;51;3;1;7;6;0;2;2;1;0;4
11124;78355;11124;51;3;1;4;0;1;0;0;2;0;1
11125;78355;11125;51;1;1;7;6;0;1;0;1;0;1
11126;78355;11126;52;1;1;7;0;0;1;0;1;0;1
11127;78359;11127;51;1;1;7;3;0;2;0;1;0;2
11128;78368;11128;81;4;1;7;6;0;2;0;1;0;2
11129;78368;11129;67;1;1;7;4;0;1;1;1;0;2
11130;78373;11130;64;3;7;7;4;0;1;1;1;0;2
11131;78374;11131;64;1;1;7;6;0;1;1;1;0;2
11132;78375;11132;64;1;1;7;6;0;1;1;1;0;2
11133;78382;11133;72;1;3;1;6;0;1;1;1;0;2
11134;78389;11134;25;1;1;7;6;0;2;1;1;0;3
11135;78397;11135;21;1;1;7;6;1;1;1;2;0;3
11136;78397;11136;53;1;1;7;6;0;1;0;1;0;1
11137;78398;11137;21;1;1;7;6;0;2;1;1;0;3
11138;78398;11138;21;1;1;7;6;0;1;1;1;0;2
11139;78398;11139;21;1;1;7;6;0;1;1;1;0;2
11140;78425;11140;71;1;3;2;6;0;1;1;1;0;2
11141;78437;11141;64;1;1;7;4;1;0;1;2;0;2
11142;78437;11142;25;3;1;7;6;0;1;0;1;0;1
11143;78439;11143;99;1;1;7;8;0;1;1;1;0;2
11144;78440;11144;26;3;1;7;2;0;1;1;1;0;2
11145;78446;11145;67;2;1;7;4;1;0;1;2;0;2
11146;78446;11146;62;3;1;7;6;0;1;1;1;0;2
11147;78446;11147;25;3;1;7;6;0;1;0;1;0;1
11148;78446;11148;51;1;1;7;6;0;1;1;1;0;2
11149;78446;11149;64;1;1;7;3;0;1;1;1;0;2
11150;78447;11150;67;1;1;7;4;0;1;1;1;0;2
11151;78447;11151;51;1;1;7;6;1;1;0;2;0;2
11152;78447;11152;21;1;1;7;6;0;2;0;1;0;2
11153;78447;11153;21;3;1;4;6;0;2;0;1;0;2
11154;78456;11154;71;1;3;2;6;0;1;1;1;0;2
11155;78456;11155;71;1;3;2;6;0;1;1;1;0;2
11156;78456;11156;67;3;3;1;4;0;1;1;1;0;2
11157;78457;11157;63;3;3;1;5;0;1;1;1;0;2
11158;78460;11158;72;2;1;7;6;0;1;1;1;0;2
11159;78467;11159;23;1;1;7;4;0;1;1;1;0;2
11160;78480;11160;52;3;1;7;0;1;0;0;2;0;1
11161;78485;11161;21;1;1;7;4;0;1;1;1;0;2
11162;78485;11162;25;1;1;7;6;0;1;1;1;0;2
11163;78491;11163;25;3;6;2;4;0;1;1;1;0;2
11164;78492;11164;72;1;1;7;6;0;1;1;1;0;2
11165;78494;11165;52;2;1;7;6;1;0;1;2;0;2
11166;78494;11166;64;1;1;7;6;0;1;1;1;0;2
11167;78494;11167;71;1;1;7;6;0;2;0;1;0;2
11168;78494;11168;25;3;1;1;6;0;1;0;1;0;1
11169;78497;11169;71;1;1;7;6;1;0;1;2;0;2
11170;78501;11170;21;3;1;7;6;0;1;2;1;0;3
11171;78506;11171;64;1;1;7;4;0;1;1;1;0;2
11172;78506;11172;71;1;1;7;6;1;0;1;2;0;2
11173;78506;11173;25;3;4;4;6;0;1;3;1;0;4
11174;78514;11174;51;1;1;7;0;0;1;0;1;0;1
11175;78518;2078;75;1;1;7;6;0;1;1;1;0;2
11176;78519;11176;21;1;1;7;6;0;1;1;1;0;2
11177;78519;11177;21;3;3;2;6;0;2;0;1;0;2
11178;78523;11178;72;1;1;7;6;0;1;1;1;0;2
11179;78524;11179;72;3;1;7;6;0;1;1;1;0;2
11180;78527;11180;63;1;1;7;6;1;0;3;2;0;4
11181;78528;11181;21;1;1;7;6;0;1;1;1;0;2
11182;78531;11182;52;1;1;7;6;0;1;1;1;0;2
11183;78535;11183;64;1;1;7;6;0;1;1;1;0;2
11184;78538;11184;71;1;1;7;9;0;1;0;1;0;1
11185;78538;11185;52;1;1;4;0;0;1;0;1;0;1
11186;78538;11186;52;1;1;7;0;2;0;0;2;0;2
11187;78538;11187;35;1;1;7;4;0;1;1;1;0;2
11188;78539;11188;63;3;3;1;4;0;1;1;1;0;2
11189;78543;11189;72;1;1;7;6;0;1;1;1;0;2
11190;78543;11190;18;3;2;1;6;0;1;1;1;0;2
11191;78543;11191;72;1;1;7;6;0;1;1;1;0;2
11192;78543;11192;72;1;1;7;6;1;0;1;2;0;2
11193;78544;11193;21;1;1;7;6;0;1;1;1;0;2
11194;78544;11194;52;1;1;7;4;1;0;1;2;0;2
11195;78547;11195;64;3;2;2;6;0;1;1;1;0;2
11196;78554;11196;52;3;1;7;0;0;1;0;1;0;1
11197;78556;11197;51;1;1;7;0;0;1;0;1;0;1
11198;78557;11198;63;1;1;7;4;0;2;0;1;0;2
11199;78579;11199;72;2;1;7;6;0;1;1;1;0;2
11200;78580;11200;72;1;1;7;6;0;1;1;1;0;2
11201;78580;11201;81;3;1;7;6;0;1;1;1;0;2
11202;78580;11202;71;1;3;1;6;0;1;1;1;0;2
11203;78599;11203;72;1;1;7;6;0;1;1;1;0;2
11204;78615;11204;71;1;1;7;6;0;1;1;1;0;2
11205;78620;11205;21;1;1;7;5;0;1;2;1;0;3
11206;78620;11206;52;1;3;1;0;0;1;0;1;0;1
11207;78631;11207;72;1;1;7;6;1;0;1;2;0;2
11208;78631;11208;72;1;1;7;6;0;1;1;1;0;2
11209;78637;11209;72;1;2;2;6;0;1;1;1;0;2
11210;78646;11210;26;1;1;7;1;0;1;1;1;0;2
11211;78646;11211;26;1;1;7;2;0;1;1;1;0;2
11212;78653;11212;22;1;1;7;6;0;1;1;1;0;2
11213;78657;11213;72;3;1;7;6;0;1;1;1;0;2
11214;78672;11214;35;1;1;7;5;0;1;1;1;0;2
11215;78672;11215;25;3;1;1;6;0;1;0;1;0;1
11216;78673;11216;18;1;1;7;6;0;1;1;1;0;2
11217;78674;11217;51;1;1;7;7;0;1;1;1;0;2
11218;78675;11218;21;1;1;7;4;0;2;0;1;0;2
11219;78675;11219;21;1;1;7;4;0;2;0;1;0;2
11220;78676;11220;25;2;6;7;6;0;1;0;1;0;1
11221;78683;11221;51;3;1;1;2;0;1;0;1;0;1
11222;78689;11222;14;1;1;7;6;0;1;0;1;0;1
11223;78689;11223;14;1;1;7;6;0;1;5;1;0;6
11224;78689;11224;14;1;1;7;6;0;1;1;1;0;2
11225;78689;11225;14;1;1;7;6;0;1;1;1;0;2
11226;78689;11226;66;1;1;7;2;0;1;1;1;0;2
11227;78696;11227;24;1;1;7;0;0;0;0;3;0;0
11228;78706;11228;67;1;1;7;6;0;1;1;1;0;2
11229;78707;11229;24;1;1;7;3;0;1;1;1;0;2
11230;78716;11230;72;3;1;7;6;1;0;1;2;0;2
11231;78716;11231;71;1;1;7;6;1;0;1;2;0;2
11232;78716;11232;71;1;1;7;6;0;1;1;1;0;2
11233;78718;11233;25;3;7;1;6;0;2;0;1;0;2
11234;78722;11234;81;2;2;1;6;0;1;0;3;0;1
11235;78725;11235;41;1;1;7;6;0;1;1;1;0;2
11236;78796;11236;21;3;1;7;6;0;2;1;1;0;3
11237;78800;11237;72;1;1;7;6;0;1;1;1;0;2
11238;78821;11238;51;3;1;7;0;0;2;0;3;0;2
11239;78823;11239;52;1;1;7;6;0;2;0;1;0;2
11240;78830;11240;21;1;3;2;6;0;3;0;1;0;3
11241;78830;11241;72;2;1;7;6;0;1;1;1;0;2
11242;78831;11242;51;1;1;7;6;0;1;4;1;0;5
11243;78833;11243;51;1;1;7;6;0;1;3;1;0;4
11244;78833;11244;22;3;1;7;5;0;1;1;1;0;2
11245;78833;11245;51;1;1;7;6;0;1;1;1;0;2
11246;78835;11246;74;3;4;3;6;0;2;1;1;0;3
11247;78836;11247;51;3;1;7;0;0;1;0;1;0;1
11248;78836;11248;51;1;1;7;0;0;0;0;0;0;0
11249;78837;11249;18;1;1;7;6;0;1;1;1;0;2
11250;78838;11250;51;1;1;7;0;0;1;0;1;0;1
11251;78840;11251;51;3;1;7;0;0;1;3;1;0;4
11252;78841;11252;51;3;1;7;0;0;2;0;1;0;2
11253;78841;11253;51;1;1;1;6;0;1;1;1;0;2
11254;78841;11254;51;1;1;7;6;0;1;0;1;0;1
11255;78841;11255;51;3;1;7;0;0;2;0;1;0;2
11256;78841;11256;51;1;4;1;6;0;1;0;1;0;1
11257;78841;11257;51;3;3;1;0;0;1;1;1;0;2
11258;78841;11258;51;1;1;7;7;1;0;1;2;0;2
11259;78841;11259;52;3;1;7;0;0;1;0;1;0;1
11260;78855;11260;51;3;1;1;0;1;0;0;3;0;1
11261;78857;11261;52;1;1;7;0;0;1;0;1;0;1
11262;78872;11262;52;1;3;1;6;0;1;1;1;0;2
11263;78872;11263;52;1;1;7;6;0;1;1;1;0;2
11264;78872;11264;52;1;3;1;6;0;1;1;1;0;2
11265;78872;11265;21;1;1;1;6;0;1;1;1;0;2
11266;78872;11266;52;3;1;7;0;1;1;0;2;0;2
11267;78886;11267;51;3;1;7;0;0;1;0;1;0;1
11268;78899;11268;51;1;1;7;6;0;1;0;1;0;1
11269;78905;11269;51;1;1;7;0;0;1;0;1;0;1
11270;78913;11270;20;2;1;7;2;0;1;1;1;0;2
11271;78913;11271;52;3;3;4;6;0;3;1;1;0;4
11272;78922;11272;51;1;1;1;0;0;1;0;1;0;1
11273;78922;11273;51;1;1;7;6;0;1;1;1;0;2
11274;78922;11274;51;3;1;7;0;0;1;0;3;0;1
11275;78922;11275;51;1;1;7;6;0;3;1;1;0;4
11276;78924;11276;51;3;1;1;0;1;0;0;2;0;1
11277;79407;11277;26;3;1;7;2;1;0;1;2;0;2
11278;79407;11278;85;3;2;2;6;0;1;1;1;0;2
11279;79425;11279;81;3;1;7;6;3;0;2;2;0;5
11280;79425;11280;26;1;1;7;1;0;1;1;1;0;2
11281;79426;11281;72;1;1;7;6;1;0;1;2;0;2
11282;79426;11282;51;1;1;7;6;0;1;1;1;0;2
11283;79429;11283;71;1;1;7;6;0;1;1;1;0;2
11284;79431;11284;51;1;1;1;6;1;0;1;2;0;2
11285;79431;11285;71;1;1;7;6;0;0;1;3;0;1
11286;79435;11286;52;3;1;7;0;1;4;0;2;0;5
11287;79442;11287;51;1;1;7;6;1;1;0;2;0;2
11288;79443;11288;16;1;1;7;5;1;0;1;2;0;2
11289;79445;11289;71;2;1;7;6;0;1;1;1;0;2
11290;79449;11290;26;1;1;7;1;1;0;1;2;0;2
11291;79449;11291;71;1;1;7;6;1;0;1;2;0;2
11292;79449;11292;26;1;1;7;2;1;0;1;2;0;2
11293;79449;11293;81;3;1;7;6;0;1;1;1;0;2
11294;79449;11294;51;1;1;7;6;0;1;1;1;0;2
11295;79450;11295;81;1;1;7;2;1;0;1;2;0;2
11296;79450;11296;81;3;1;7;6;1;0;1;2;0;2
11297;79451;11297;26;1;1;7;2;1;0;1;2;0;2
11298;79451;11298;22;1;1;7;6;0;1;2;1;0;3
11299;79453;11299;71;3;1;7;6;1;0;1;2;0;2
11300;79453;11300;71;1;1;1;6;1;0;1;2;0;2
11301;79453;11301;71;1;3;2;6;0;0;1;3;0;1
11302;79453;11302;20;1;1;7;1;0;1;2;3;1;4
11303;79453;11303;81;1;1;7;3;0;0;1;3;0;1
11304;79453;11304;63;3;1;7;5;0;1;1;1;0;2
11305;79454;11305;25;3;1;7;6;3;0;0;2;0;3
11306;79454;11306;26;3;1;7;2;0;1;1;1;0;2
11307;79454;11307;71;2;3;2;6;1;0;1;2;0;2
11308;79455;11308;72;3;2;1;6;1;0;1;2;0;2
11309;79455;11309;71;3;1;7;6;1;0;1;2;0;2
11310;79458;11310;71;3;1;7;6;1;0;1;2;0;2
11311;79477;11311;86;3;1;7;7;0;1;1;1;0;2
11312;79482;11312;71;1;1;7;6;0;1;1;1;0;2
11313;79493;11313;26;1;1;7;2;1;0;1;2;0;2
11314;79494;11314;35;1;1;7;4;0;1;1;1;0;2
11315;79494;11315;71;1;1;7;6;1;0;1;2;0;2
11316;79494;11316;26;1;1;7;2;1;1;1;2;0;3
11317;79496;11317;72;1;1;7;6;0;1;1;1;0;2
11318;79496;11318;72;1;1;7;6;1;0;1;2;0;2
11319;79496;11319;72;1;1;7;6;1;0;1;2;0;2
11320;79512;11320;63;3;1;7;5;1;0;1;2;0;2
11321;79512;11321;62;1;1;7;4;1;0;1;2;0;2
11322;79512;11322;72;3;1;7;4;2;0;1;2;0;3
11323;79517;11323;36;1;1;7;2;0;2;0;1;0;2
11324;79518;11324;26;1;3;2;1;1;0;1;2;0;2
11325;79518;11325;81;1;1;7;3;0;1;1;1;0;2
11326;79518;11326;23;1;1;7;4;0;2;0;1;0;2
11327;79543;11327;52;3;7;7;0;0;1;0;1;0;1
11328;79559;11328;51;1;3;2;6;0;1;2;1;0;3
11329;79585;11329;22;1;1;7;6;0;1;1;1;0;2
11330;79585;11330;21;1;1;7;6;1;0;1;2;0;2
11331;79591;11331;52;1;1;7;0;0;1;0;1;0;1
11332;79601;11332;52;1;1;7;0;1;0;1;2;0;2
11333;79616;11333;21;2;1;7;6;0;1;1;1;0;2
11334;79622;11334;51;1;1;7;4;1;1;0;2;0;2
11335;79629;11335;51;1;1;7;0;0;1;0;1;0;1
11336;79630;11336;36;5;3;2;6;0;2;0;1;0;2
11337;79630;11337;72;1;1;7;6;0;1;1;1;0;2
11338;79631;11338;51;1;1;7;0;0;2;0;1;0;2
11339;79641;11339;72;3;1;7;6;0;1;1;1;0;2
11340;79652;11340;76;3;6;1;6;0;1;1;1;0;2
11341;79658;11341;75;3;3;1;2;1;0;0;2;0;1
11342;79717;11342;21;1;3;2;6;0;3;1;1;0;4
11343;79718;11343;52;1;1;1;6;1;1;0;3;0;2
11344;79718;11344;52;5;1;7;0;2;0;0;2;0;2
11345;79718;11345;52;1;1;7;0;0;1;0;1;0;1
11346;79718;11346;81;3;3;1;0;0;1;0;1;0;1
11347;79719;11347;52;1;1;7;0;1;0;0;2;0;1
11348;79719;11348;52;1;3;2;0;0;2;0;1;0;2
11349;79720;11349;81;1;1;7;0;4;3;0;3;1;8
11350;79724;11350;72;1;1;7;6;0;1;1;1;0;2
11351;79727;11351;74;1;1;7;6;0;1;1;1;0;2
11352;79728;11352;71;1;1;7;6;0;1;1;1;0;2
11353;79730;11353;71;3;1;7;6;1;0;1;2;0;2
11354;79731;11354;81;1;1;7;2;0;1;1;1;0;2
11355;79744;11355;52;1;2;2;6;1;2;0;2;0;3
11356;79751;11356;63;1;1;7;2;0;1;0;1;0;1
11357;79790;11357;22;3;1;7;6;1;0;1;2;0;2
11358;79790;11358;41;1;1;7;6;0;1;2;1;0;3
11359;79817;11359;72;1;1;7;6;0;1;1;1;0;2
11360;79833;11360;21;2;1;7;3;0;1;1;1;0;2
11361;79840;11361;72;1;1;7;6;1;0;1;2;0;2
11362;79841;11362;52;1;7;2;7;1;0;1;3;0;2
11363;79841;11363;72;1;1;7;6;0;1;1;1;0;2
11364;80443;11364;63;1;1;7;4;0;1;1;1;0;2
11365;80445;11365;51;1;1;7;3;0;1;0;1;0;1
11366;80445;11366;67;1;3;1;4;0;1;1;1;0;2
11367;80450;11367;21;1;1;7;6;1;0;1;2;0;2
11368;80450;11368;25;3;1;7;6;0;1;0;1;0;1
11369;80450;11369;51;3;1;7;2;0;1;1;1;0;2
11370;80450;11370;67;1;1;7;4;0;1;1;1;0;2
11371;80453;11371;72;1;1;7;6;0;1;1;1;0;2
11372;80455;11372;52;3;1;7;6;0;1;1;1;0;2
11373;80456;11373;41;3;1;7;0;0;2;0;1;0;2
11374;80457;11374;25;1;1;7;6;0;1;1;1;0;2
11375;80457;11375;72;1;1;7;6;0;1;1;1;0;2
11376;80464;11376;72;1;1;7;6;0;1;1;1;0;2
11377;80466;11377;71;1;1;7;6;0;1;1;1;0;2
11378;80484;11378;72;1;1;7;6;0;1;1;1;0;2
11379;80489;11379;26;3;1;7;1;0;1;1;1;0;2
11380;80490;11380;72;1;1;7;6;0;1;2;1;0;3
11381;80491;11381;28;2;1;7;0;0;1;0;1;0;1
11382;80491;11382;51;1;1;7;0;0;1;0;1;0;1
11383;80491;11383;52;1;1;7;0;0;1;0;1;0;1
11384;80491;11384;26;1;3;1;2;0;1;1;1;0;2
11385;80491;11385;26;1;1;7;1;0;1;1;1;0;2
11386;80491;11386;51;3;1;7;6;0;1;0;1;0;1
11387;80491;11387;71;1;1;7;6;0;1;1;1;0;2
11388;80492;11388;72;1;1;7;6;0;1;1;1;0;2
11389;80493;11389;71;3;1;7;6;0;1;1;1;0;2