accident_id;lieu_id;date_id;cause_id;lum_id;intemp_id;etat_surface_id;impliq_id;nb_blesses_graves;nb_blesses_legers;nb_indemnes;gravite;nb_morts;nb_impliqués
11390;80494;11390;51;3;1;7;6;0;1;0;1;0;1
11391;80498;11391;72;1;1;7;6;0;1;1;1;0;2
11392;80504;11392;67;1;1;7;4;0;1;1;1;0;2
11393;80506;11393;25;3;1;7;6;0;1;0;1;0;1
11394;80511;11394;72;1;1;7;6;0;1;1;1;0;2
11395;80519;11395;52;3;1;1;6;1;0;1;2;0;2
11396;80519;11396;61;3;3;1;3;0;0;2;3;0;2
11397;80547;11397;21;1;1;7;6;0;1;1;1;0;2
11398;80550;11398;25;1;4;3;6;0;1;1;1;0;2
11399;80581;11399;72;1;1;1;6;0;1;1;1;0;2
11400;80599;11400;26;1;1;7;1;0;1;1;1;0;2
11401;80613;11401;26;1;1;7;2;1;0;1;2;0;2
11402;80613;11402;64;3;3;1;4;0;1;2;1;0;3
11403;80614;11403;72;1;1;7;6;0;1;1;1;0;2
11404;80615;11404;23;1;1;4;2;0;1;1;1;0;2
11405;80645;11405;17;1;1;7;6;0;1;1;1;0;2
11406;80645;11406;67;1;1;7;4;0;1;1;1;0;2
11407;80646;11407;71;3;1;1;6;0;2;1;1;0;3
11408;80646;11408;26;1;1;7;2;0;1;1;1;0;2
11409;80647;11409;26;1;1;7;2;0;1;1;1;0;2
11410;80648;11410;72;2;3;1;6;0;1;1;1;0;2
11411;80648;11411;71;3;3;1;6;0;1;1;1;0;2
11412;80650;11412;81;3;1;7;6;0;2;0;1;0;2
11413;80650;11413;67;1;1;7;4;1;0;1;2;0;2
11414;80650;11414;82;3;1;7;0;0;1;0;1;0;1
11415;80650;11415;71;1;1;1;6;0;1;1;1;0;2
11416;80650;11416;52;3;1;7;0;0;5;0;1;0;5
11417;80650;11417;71;3;2;1;6;1;0;1;2;0;2
11418;80651;11418;21;3;2;2;6;0;2;0;1;0;2
11419;80651;11419;64;3;1;7;6;1;0;1;2;0;2
11420;80651;11420;72;1;1;7;6;0;1;1;1;0;2
11421;80652;11421;34;1;1;7;6;0;5;0;1;0;5
11422;80652;11422;23;3;1;7;4;0;2;1;1;0;3
11423;80652;11423;71;1;1;7;6;0;1;1;1;0;2
11424;80652;11424;26;1;3;2;2;1;0;2;2;0;3
11425;80652;11425;32;3;1;7;6;1;0;0;2;0;1
11426;80652;11426;22;1;1;7;4;0;1;1;1;0;2
11427;80652;11427;25;1;1;7;6;0;1;1;1;0;2
11428;80652;11428;26;1;1;7;2;0;1;1;1;0;2
11429;80652;11429;66;1;1;1;6;0;1;0;1;0;1
11430;80652;11430;61;1;1;7;2;0;1;1;1;0;2
11431;80652;11431;67;1;1;7;4;0;1;1;1;0;2
11432;80652;11432;51;3;1;7;6;0;1;3;1;0;4
11433;80654;11433;71;1;1;7;6;0;1;1;1;0;2
11434;80655;11434;51;1;1;7;6;0;2;1;1;0;3
11435;80655;11435;61;3;3;2;4;0;1;1;1;0;2
11436;80655;11436;71;1;3;1;7;0;0;1;3;0;1
11437;80655;11437;25;3;1;7;6;0;1;1;1;0;2
11438;80656;11438;72;2;6;7;6;0;1;1;1;0;2
11439;80657;11439;71;1;1;1;6;0;1;1;1;0;2
11440;80657;11440;77;3;1;7;8;0;1;1;1;0;2
11441;80659;11441;23;3;1;7;6;0;1;1;1;0;2
11442;80662;11442;71;1;4;2;6;1;0;1;2;0;2
11443;80672;11443;67;1;1;7;4;0;1;1;1;0;2
11444;80673;11444;72;1;1;7;6;0;1;1;1;0;2
11445;80673;11445;72;1;1;7;6;0;1;1;1;0;2
11446;80676;11446;26;1;1;7;2;0;1;1;1;0;2
11447;80679;11447;71;1;1;7;6;0;1;1;1;0;2
11448;80687;11448;21;1;1;7;6;0;1;1;1;0;2
11449;80707;11449;24;1;1;7;1;0;2;1;1;0;3
11450;80717;11450;72;2;1;7;6;0;1;1;1;0;2
11451;80736;11451;23;3;1;7;6;0;2;0;1;0;2
11452;80736;11452;64;1;1;7;5;0;2;0;1;0;2
11453;80736;11453;64;3;1;7;1;0;1;1;1;0;2
11454;80736;11454;64;3;1;7;4;0;1;1;1;0;2
11455;80736;11455;51;1;7;1;6;0;1;1;1;0;2
11456;80736;11456;67;1;1;7;6;0;1;2;1;0;3
11457;80736;11457;36;1;1;7;6;0;1;5;1;0;6
11458;80736;11458;64;1;1;7;6;0;1;1;1;0;2
11459;80736;11459;35;1;1;7;3;1;0;1;2;0;2
11460;80737;11460;51;1;3;2;6;0;1;1;1;0;2
11461;80737;11461;51;1;1;7;6;0;3;0;1;0;3
11462;80737;11462;23;1;1;7;4;0;1;1;1;0;2
11463;80737;11463;72;3;1;7;6;0;1;1;1;0;2
11464;80737;11464;52;1;1;7;6;0;1;2;1;0;3
11465;80755;11465;72;1;1;7;6;0;1;1;1;0;2
11466;80755;11466;72;1;1;7;6;0;1;1;1;0;2
11467;80771;11467;72;1;1;7;4;0;1;0;1;0;1
11468;80782;11468;64;1;1;7;6;0;1;1;1;0;2
11469;80784;11469;72;3;3;1;6;0;1;1;1;0;2
11470;80787;11470;51;2;3;1;6;0;1;1;1;0;2
11471;80787;11471;36;1;3;1;6;0;2;1;1;0;3
11472;80788;11472;63;2;3;2;4;0;1;1;1;0;2
11473;80803;11473;72;1;1;7;6;1;0;1;2;0;2
11474;80806;11474;25;3;3;1;6;0;1;2;1;0;3
11475;80807;11475;72;2;3;2;6;0;1;1;1;0;2
11476;80812;11476;81;3;1;7;6;0;1;0;1;0;1
11477;80813;11477;63;1;1;7;6;0;1;1;1;0;2
11478;80818;11478;66;1;1;7;6;1;0;1;2;0;2
11479;80833;11479;72;1;1;7;6;0;1;1;1;0;2
11480;80849;11480;21;1;1;7;4;0;1;1;1;0;2
11481;80856;11481;52;1;1;7;2;0;1;1;1;0;2
11482;80857;11482;53;1;1;7;3;0;1;1;1;0;2
11483;80858;11483;51;1;4;2;3;0;1;1;1;0;2
11484;80862;11484;21;3;1;7;6;1;0;1;2;0;2
11485;80867;11485;36;3;1;7;4;0;1;1;1;0;2
11486;80868;11486;72;3;1;7;6;1;0;1;2;0;2
11487;80868;11487;72;1;1;7;6;0;2;0;1;0;2
11488;80868;11488;51;1;1;7;3;1;0;2;2;0;3
11489;80873;11489;21;1;1;7;6;0;3;0;1;0;3
11490;80874;11490;63;1;1;7;4;0;1;1;1;0;2
11491;80884;11491;52;1;1;7;0;0;2;0;1;0;2
11492;80885;11492;52;1;1;7;6;0;1;1;1;0;2
11493;80887;11493;72;1;1;7;6;0;1;1;1;0;2
11494;80890;11494;31;3;1;7;4;0;1;1;1;0;2
11495;80890;11495;71;1;3;1;6;0;1;1;1;0;2
11496;80898;11496;22;1;1;1;6;0;0;1;3;0;1
11497;80898;11497;72;1;1;7;6;1;0;1;2;0;2
11498;80902;11498;64;1;1;7;6;0;1;1;1;0;2
11499;80910;11499;21;2;1;7;6;0;2;0;1;0;2
11500;80913;11500;21;2;4;3;6;0;1;1;1;0;2
11501;80913;11501;71;1;1;7;6;0;1;1;1;0;2
11502;80914;11502;51;2;1;7;4;0;2;1;1;0;3
11503;80915;11503;72;1;1;7;6;1;0;1;2;0;2
11504;80923;11504;51;1;1;7;6;0;1;1;1;0;2
11505;80923;11505;52;3;3;1;6;0;1;1;1;0;2
11506;80938;11506;71;3;1;7;5;1;0;1;2;0;2
11507;80938;11507;51;1;1;7;6;0;1;1;1;0;2
11508;80940;11508;71;1;1;7;6;0;1;1;1;0;2
11509;80954;11509;21;1;1;7;6;1;0;1;2;0;2
11510;80954;11510;81;3;1;7;6;0;2;2;1;0;4
11511;80957;11511;36;1;1;7;3;0;1;1;1;0;2
11512;80957;11512;21;1;1;7;6;0;1;1;1;0;2
11513;80959;11513;72;1;1;7;6;0;1;1;1;0;2
11514;80959;11514;51;3;1;1;6;0;1;1;1;0;2
11515;80960;11515;72;1;1;7;6;0;1;1;1;0;2
11516;80963;11516;51;1;3;2;6;1;0;1;2;0;2
11517;80974;11517;23;1;1;7;4;0;1;1;1;0;2
11518;80975;11518;72;3;7;1;6;0;1;1;1;0;2
11519;80979;11519;81;3;1;7;4;0;1;1;1;0;2
11520;80980;9432;25;3;6;2;6;1;0;1;2;0;2
11521;80982;11521;64;1;1;7;6;0;2;1;1;0;3
11522;80982;11522;63;1;1;7;6;0;1;1;1;0;2
11523;80983;11523;72;1;1;7;4;1;0;1;2;0;2
11524;80984;11524;72;1;1;7;6;0;1;1;1;0;2
11525;80991;11525;64;1;1;7;5;0;1;1;1;0;2
11526;80996;11526;64;1;1;7;4;0;1;1;1;0;2
11527;80996;11527;24;1;1;7;6;0;1;1;1;0;2
11528;80997;11528;23;1;3;1;4;0;1;1;1;0;2
11529;80997;11529;61;1;1;7;3;0;1;1;1;0;2
11530;81002;11530;72;1;1;1;6;0;1;1;1;0;2
11531;81002;11531;72;1;1;7;6;0;1;1;1;0;2
11532;81003;11532;25;3;1;7;6;0;1;1;1;0;2
11533;81016;11533;21;3;1;7;6;0;1;1;1;0;2
11534;81016;11534;64;1;1;7;6;0;1;1;1;0;2
11535;81017;11535;71;3;1;1;6;0;1;2;1;0;3
11536;81017;11536;21;3;3;1;6;0;1;2;1;0;3
11537;81018;11537;26;1;1;7;2;1;0;1;2;0;2
11538;81018;11538;71;3;1;1;6;0;1;1;1;0;2
11539;81018;11539;71;1;1;7;6;0;0;1;0;0;1
11540;81018;11540;71;1;1;7;6;0;2;0;1;0;2
11541;81018;11541;51;1;1;7;6;0;1;1;1;0;2
11542;81020;11542;51;1;1;7;7;1;0;1;2;0;2
11543;81042;11543;72;1;2;1;6;0;1;1;1;0;2
11544;81043;11544;51;3;1;7;0;0;1;0;1;0;1
11545;81045;11545;25;1;1;7;6;0;1;2;1;0;3
11546;81045;11546;23;3;2;1;4;0;1;1;1;0;2
11547;81045;11547;25;3;1;7;6;0;1;1;1;0;2
11548;81045;11548;64;1;1;7;5;0;1;1;1;0;2
11549;81045;11549;71;1;1;7;6;0;1;1;1;0;2
11550;81045;11550;64;1;1;7;6;0;1;1;1;0;2
11551;81047;11551;26;3;1;7;2;1;0;1;2;0;2
11552;81047;11552;26;3;1;7;1;0;1;1;1;0;2
11553;81047;11553;71;3;1;7;6;0;1;1;1;0;2
11554;81048;11554;71;3;1;1;6;1;0;1;2;0;2
11555;81049;11555;71;1;1;7;6;1;0;0;2;0;1
11556;81053;11556;71;1;1;7;6;0;1;1;1;0;2
11557;81054;11557;26;3;1;7;2;0;1;1;1;0;2
11558;81057;11558;81;1;1;7;0;0;3;0;1;0;3
11559;81057;11559;64;1;1;7;6;0;2;1;1;0;3
11560;81057;11560;21;1;1;7;6;0;2;0;1;0;2
11561;81058;11561;52;3;1;7;0;1;0;0;2;0;1
11562;81059;11562;21;1;3;2;6;0;1;1;1;0;2
11563;81075;11563;21;1;1;7;4;1;0;1;2;0;2
11564;81075;11564;51;1;1;7;3;0;2;0;1;0;2
11565;81075;11565;25;3;7;1;6;0;1;0;1;0;1
11566;81087;11566;72;1;1;1;6;0;1;1;1;0;2
11567;81094;11567;52;1;1;4;0;0;3;0;1;0;3
11568;81095;11568;72;1;3;1;6;0;1;1;1;0;2
11569;81095;11569;81;1;1;7;6;1;0;0;2;0;1
11570;81095;11570;72;2;6;1;6;0;1;1;1;0;2
11571;81095;11571;52;1;1;4;0;0;1;0;1;0;1
11572;81097;11572;52;3;1;7;7;0;2;1;1;0;3
11573;81097;11573;52;1;1;7;0;0;2;0;1;0;2
11574;81097;11574;51;3;4;3;6;0;3;3;1;0;6
11575;81098;11575;52;1;4;5;7;1;0;0;2;0;1
11576;81098;11576;52;1;1;7;6;0;2;0;1;0;2
11577;81099;11577;21;1;1;7;6;1;1;0;2;0;2
11578;81099;11578;18;1;1;7;5;0;1;1;1;0;2
11579;81105;11579;71;1;1;7;4;0;1;1;1;0;2
11580;81105;11580;61;1;1;7;4;0;1;1;1;0;2
11581;81110;11581;64;1;1;7;6;0;1;1;1;0;2
11582;81111;11582;64;1;1;7;6;0;2;0;1;0;2
11583;81113;11583;64;1;1;7;6;0;1;1;1;0;2
11584;81115;11584;52;1;2;2;0;1;0;0;2;0;1
11585;81115;11585;18;1;1;7;6;0;1;1;1;0;2
11586;81115;11586;71;1;3;1;6;0;0;1;3;0;1
11587;81115;11587;51;1;1;7;7;0;2;1;1;0;3
11588;81115;11588;71;3;1;7;6;0;1;1;1;0;2
11589;81118;11589;72;1;1;7;6;0;1;1;1;0;2
11590;81118;11590;71;2;2;2;6;1;0;1;2;0;2
11591;81118;11516;51;1;2;2;6;0;1;1;1;0;2
11592;81118;11592;26;3;1;1;2;0;2;0;1;0;2
11593;81118;11593;23;1;1;7;4;0;1;1;1;0;2
11594;81118;11594;26;3;1;7;2;1;0;1;2;0;2
11595;81118;11595;26;1;1;7;2;0;2;0;1;0;2
11596;81118;11596;51;1;2;1;0;0;0;0;3;0;0
11597;81118;11597;71;1;3;1;6;0;1;1;1;0;2
11598;81118;11598;81;1;1;7;6;1;0;1;2;0;2
11599;81118;11599;26;3;1;1;2;1;1;1;2;0;3
11600;81122;11600;52;3;7;1;6;0;1;1;1;0;2
11601;81125;11601;72;1;1;7;6;0;1;1;1;0;2
11602;81126;11602;51;3;1;7;0;0;1;0;1;0;1
11603;81126;7232;26;1;2;1;1;0;1;1;1;0;2
11604;81126;11604;52;3;1;4;6;0;5;1;1;0;6
11605;81126;11605;22;1;1;7;6;0;1;1;1;0;2
11606;81126;11606;51;3;1;7;3;0;1;0;1;0;1
11607;81135;11607;21;5;1;7;6;1;0;1;2;0;2
11608;81135;11608;51;1;1;7;9;0;2;0;1;0;2
11609;81135;11609;12;1;1;7;9;0;1;0;3;0;1
11610;81135;11610;64;1;1;7;6;0;1;1;1;0;2
11611;81136;11611;25;1;1;7;6;0;1;1;1;0;2
11612;81136;11612;25;4;1;7;6;0;1;1;1;0;2
11613;81136;11613;72;1;1;7;6;0;1;1;1;0;2
11614;81136;11614;51;1;1;7;3;0;1;0;1;0;1
11615;81142;11615;41;3;1;7;6;0;1;1;1;0;2
11616;81152;11616;71;1;1;7;6;0;1;1;1;0;2
11617;81165;11617;72;1;1;7;6;0;1;0;1;0;1
11618;81167;11618;52;1;1;7;0;1;0;0;2;0;1
11619;81168;11619;51;3;1;7;0;0;1;0;1;0;1
11620;81173;11620;72;1;1;7;3;0;1;1;1;0;2
11621;81173;11621;52;2;3;1;2;0;1;1;1;0;2
11622;81182;11622;52;3;1;7;0;0;1;0;1;0;1
11623;81183;11623;21;3;1;7;6;0;3;0;1;0;3
11624;81184;11624;72;1;1;7;6;0;1;1;1;0;2
11625;81195;11625;72;1;1;7;6;0;1;1;1;0;2
11626;81195;11626;52;1;3;1;6;0;1;1;1;0;2
11627;81195;11627;52;3;1;7;0;0;3;0;1;0;3
11628;81196;11628;21;1;1;7;6;0;1;1;1;0;2
11629;81196;11629;64;1;1;7;6;0;2;1;1;0;3
11630;81198;11630;72;1;1;7;6;1;0;1;2;0;2
11631;81200;11631;76;2;1;4;6;0;1;1;1;0;2
11632;81201;11632;23;2;2;2;6;0;1;0;1;0;1
11633;81202;11633;51;1;1;7;7;0;1;1;1;0;2
11634;81202;11634;21;1;1;1;5;0;1;2;1;0;3
11635;81202;11635;26;2;1;7;2;0;1;1;1;0;2
11636;81202;11636;67;3;1;7;3;0;1;1;1;0;2
11637;81216;11637;72;1;1;7;6;1;0;1;2;0;2
11638;81223;11638;67;3;1;7;4;0;1;1;1;0;2
11639;81225;11639;25;3;1;7;0;1;0;0;2;0;1
11640;81227;11640;21;1;1;7;6;1;0;1;2;0;2
11641;81228;11641;72;1;1;7;6;0;1;1;1;0;2
11642;81231;11642;52;3;1;7;0;1;1;0;2;0;2
11643;81232;11643;21;3;3;2;6;0;1;1;1;0;2
11644;81233;11644;85;5;1;2;6;0;1;1;1;0;2
11645;81233;11645;25;1;1;7;6;0;1;1;1;0;2
11646;81233;11646;25;1;4;2;6;0;1;1;1;0;2
11647;81233;11647;36;1;1;7;7;0;1;2;1;0;3
11648;81233;11648;61;1;3;1;3;0;1;1;1;0;2
11649;81233;11649;27;1;1;7;4;0;1;0;1;0;1
11650;81233;11650;51;1;1;7;6;0;1;1;1;0;2
11651;81234;11651;51;1;1;7;6;0;1;1;1;0;2
11652;81237;11652;32;1;1;7;4;0;1;0;1;0;1
11653;81240;11653;72;1;1;7;6;0;1;1;1;0;2
11654;81240;11654;51;3;1;7;4;0;1;1;1;0;2
11655;81241;11655;52;1;7;7;6;0;1;1;1;0;2
11656;81243;11656;64;1;1;7;6;0;1;1;1;0;2
11657;81243;11657;67;1;1;7;4;0;1;1;1;0;2
11658;81243;11658;35;1;1;7;3;0;1;1;1;0;2
11659;81244;11659;52;3;1;7;6;2;1;0;2;0;3
11660;81244;11660;25;3;3;1;6;0;1;0;1;0;1
11661;81251;11661;51;3;1;7;0;0;3;2;1;0;5
11662;81254;11662;52;3;3;1;0;0;2;0;1;0;2
11663;81255;11663;51;1;3;1;0;0;2;0;1;0;2
11664;81257;11664;82;1;1;7;2;0;1;0;3;0;1
11665;81258;11665;72;1;1;7;6;1;0;1;2;0;2
11666;81258;11666;81;3;1;7;2;0;1;1;1;0;2
11667;81258;11667;51;1;1;7;4;0;1;0;1;0;1
11668;81262;11668;72;1;3;1;6;0;1;1;1;0;2
11669;81271;11669;26;3;1;1;2;0;1;1;1;0;2
11670;81271;11670;73;1;1;7;6;0;1;1;1;0;2
11671;81279;11671;72;1;1;7;6;1;0;1;2;0;2
11672;81281;11672;15;1;1;7;6;0;1;1;1;0;2
11673;81283;11673;25;3;1;7;6;1;0;1;2;0;2
11674;81283;11674;52;3;2;1;6;0;1;2;1;0;3
11675;81293;11675;71;1;1;7;6;0;1;1;1;0;2
11676;81295;11676;51;1;1;7;6;0;1;1;1;0;2
11677;81295;11677;51;3;3;1;4;0;1;1;1;0;2
11678;81295;11678;52;3;3;2;6;0;1;0;1;0;1
11679;81298;1228;71;1;1;7;6;0;1;1;1;0;2
11680;81299;11680;71;1;1;7;6;1;0;1;2;0;2
11681;81300;11681;23;1;1;7;4;0;2;0;1;0;2
11682;81302;11682;51;1;1;7;3;0;1;1;1;0;2
11683;81302;11683;21;3;3;1;6;0;1;0;1;0;1
11684;81302;11684;64;3;1;7;6;0;1;1;1;0;2
11685;81303;11685;23;3;1;7;0;0;1;0;1;0;1
11686;81303;11686;71;1;1;7;6;0;1;1;1;0;2
11687;81303;11687;22;3;1;1;6;0;1;1;1;0;2
11688;81303;11688;61;1;1;7;3;0;1;1;1;0;2
11689;81304;11689;36;3;1;7;6;0;1;2;1;0;3
11690;81304;11690;51;1;1;7;6;0;2;1;1;0;3
11691;81305;11691;72;1;1;7;6;1;0;1;2;0;2
11692;81328;11692;21;1;1;1;6;0;1;1;1;0;2
11693;81333;11693;52;1;1;7;0;0;1;0;1;0;1
11694;81341;11694;71;1;1;7;6;1;0;1;2;0;2
11695;81349;11695;25;3;1;7;6;0;1;0;1;0;1
11696;81351;11696;67;3;1;7;4;0;1;1;1;0;2
11697;81351;11697;26;1;1;7;2;0;1;1;1;0;2
11698;81351;11698;35;1;1;7;3;0;1;1;1;0;2
11699;81359;11699;21;3;1;7;4;0;1;1;1;0;2
11700;81360;11700;72;1;1;7;6;1;0;1;2;0;2
11701;81361;11701;41;1;1;7;1;1;0;1;2;0;2
11702;81361;11702;72;3;1;7;6;0;1;0;1;0;1
11703;81369;11703;52;1;1;7;6;0;1;1;1;0;2
11704;81370;11704;72;3;1;7;6;0;1;1;1;0;2
11705;81371;11705;52;1;1;7;0;0;2;0;1;0;2
11706;81378;11706;72;3;3;1;6;0;1;1;1;0;2
11707;81378;11707;72;1;1;7;8;0;1;0;1;0;1
11708;81379;11708;81;2;1;7;6;0;1;0;1;0;1
11709;81379;11709;72;1;1;7;6;0;1;1;1;0;2
11710;81379;11710;71;1;1;7;6;1;0;1;2;0;2
11711;81379;11711;61;1;3;1;3;0;1;1;1;0;2
11712;81386;11712;72;1;1;7;6;1;0;1;2;0;2
11713;81386;11713;64;1;1;7;6;0;1;1;1;0;2
11714;81387;11714;64;1;1;7;4;0;2;0;1;0;2
11715;81387;11715;20;1;3;1;6;0;1;1;1;0;2
11716;81404;11716;72;1;1;7;6;1;0;1;2;0;2
11717;81410;11717;71;3;1;7;6;0;1;1;1;0;2
11718;81411;11718;21;1;1;7;5;0;2;1;1;0;3
11719;81411;11719;72;1;1;7;6;0;1;1;1;0;2
11720;81412;11720;21;1;1;7;6;0;1;0;1;0;1
11721;81426;11721;71;1;1;7;4;0;1;1;1;0;2
11722;81444;11722;52;3;1;7;6;0;1;0;1;0;1
11723;81448;11723;67;1;1;7;2;0;1;2;1;0;3
11724;81452;11724;23;1;1;7;5;0;1;1;1;0;2
11725;81468;11725;71;2;1;7;6;0;1;0;1;0;1
11726;81468;11726;52;3;1;7;0;0;1;0;1;0;1
11727;81476;11727;36;1;1;7;3;0;1;0;1;0;1
11728;81477;11728;25;3;1;1;6;0;1;1;1;0;2
11729;81477;11729;51;3;3;2;6;0;1;1;1;0;2
11730;81477;11730;71;1;1;7;6;1;0;1;3;0;2
11731;81477;3561;72;1;1;7;6;0;1;1;1;0;2
11732;81479;11732;64;1;1;7;6;0;1;1;1;0;2
11733;81479;11733;72;1;1;7;8;0;1;0;1;0;1
11734;81480;11734;52;1;1;7;6;0;1;1;1;0;2
11735;81490;11735;26;1;1;7;1;0;1;1;1;0;2
11736;81492;11736;26;3;1;7;1;0;1;1;1;0;2
11737;81496;11737;73;1;1;7;6;0;1;1;1;0;2
11738;81504;11738;21;1;1;7;7;1;0;1;2;0;2
11739;81514;11739;72;1;1;7;6;0;1;1;1;0;2
11740;81516;11740;52;3;1;1;6;0;1;0;1;0;1
11741;81516;11741;72;1;1;7;6;0;1;1;1;0;2
11742;81518;11742;51;1;1;7;3;1;0;1;2;0;2
11743;81518;11743;22;1;1;7;6;0;1;1;1;0;2
11744;81520;11744;65;1;1;7;4;0;2;1;1;0;3
11745;81521;11745;67;1;1;7;6;0;1;0;1;0;1
11746;81522;11746;85;3;3;1;4;0;2;0;1;0;2
11747;81522;11747;36;3;3;1;6;0;1;1;1;0;2
11748;81523;11748;21;1;1;7;2;0;1;1;1;0;2
11749;81547;11749;25;3;1;7;6;0;1;0;1;0;1
11750;81552;11750;25;3;1;1;7;0;1;0;1;0;1
11751;81552;11751;52;3;2;1;6;0;1;1;1;0;2
11752;81553;11752;25;3;1;7;7;0;0;1;3;0;1
11753;81553;11753;25;3;1;7;6;0;1;1;1;0;2
11754;81554;11754;51;3;1;7;6;0;1;1;1;0;2
11755;81554;11755;52;1;1;7;6;0;1;0;1;0;1
11756;81554;11756;71;1;1;7;4;0;1;1;1;0;2
11757;81557;11757;72;1;1;7;7;0;1;2;1;0;3
11758;81558;11758;71;1;1;7;6;0;1;1;1;0;2
11759;81565;11759;51;3;1;7;0;0;3;0;1;0;3
11760;81580;11760;67;1;1;7;6;0;1;1;1;0;2
11761;81588;11761;25;3;1;7;6;0;2;1;1;0;3
11762;81589;11762;51;3;3;1;6;0;1;1;1;0;2
11763;81590;11763;21;3;3;1;6;0;1;1;1;0;2
11764;81592;11764;81;1;1;7;6;0;1;2;1;0;3
11765;81593;11765;64;1;1;1;6;0;1;1;1;0;2
11766;81601;11766;51;1;1;7;6;0;1;3;1;0;4
11767;81601;11767;72;1;1;7;6;0;1;1;1;0;2
11768;81602;11768;72;1;1;7;6;1;0;1;2;0;2
11769;81602;11769;52;1;1;7;0;1;0;0;2;0;1
11770;81602;11770;72;1;1;7;6;0;1;1;1;0;2
11771;81603;1400;21;2;3;1;6;0;4;0;1;0;4
11772;81606;11772;21;1;3;1;6;0;1;0;1;0;1
11773;81606;11773;72;1;1;7;6;0;1;1;1;0;2
11774;81606;11774;52;1;1;7;0;0;2;0;1;0;2
11775;81606;11775;71;1;1;7;6;0;1;1;1;0;2
11776;81607;11776;63;1;1;7;6;0;2;0;1;0;2
11777;81608;11777;51;3;2;2;4;0;1;1;1;0;2
11778;81608;11778;51;3;2;1;6;0;1;1;1;0;2
11779;81610;11779;72;1;3;1;6;0;1;1;1;0;2
11780;81610;11780;71;1;1;7;6;1;0;1;2;0;2
11781;81610;11781;26;1;3;1;1;0;1;1;1;0;2
11782;81610;11782;26;1;1;7;1;0;1;1;1;0;2
11783;81610;11783;26;1;1;7;1;0;2;1;1;0;3
11784;81610;11784;63;1;1;7;3;0;1;1;1;0;2
11785;81610;11785;71;1;1;7;6;0;1;1;1;0;2
11786;81610;11786;51;3;1;7;3;0;1;0;1;0;1
11787;81612;11787;52;3;1;7;0;0;1;0;1;0;1
11788;81620;11788;21;1;1;7;6;1;0;1;2;0;2
11789;81623;11789;64;1;1;7;6;0;1;2;1;0;3
11790;81623;11790;21;1;1;7;6;0;1;1;1;0;2
11791;81669;11791;21;1;1;7;6;0;1;1;1;0;2
11792;81669;11792;26;3;2;1;4;0;1;2;1;0;3
11793;81670;11793;21;1;1;7;6;0;1;0;1;0;1
11794;81670;11794;52;1;1;1;6;0;1;4;1;0;5
11795;81681;11795;73;4;1;7;6;0;0;1;3;0;1
11796;81687;11796;52;1;4;3;2;0;1;0;1;0;1
11797;81701;11797;52;1;1;7;6;0;1;0;1;0;1
11798;81701;11798;23;1;1;7;4;0;1;1;1;0;2
11799;81702;11799;67;1;1;7;5;0;1;1;1;0;2
11800;81749;11800;21;1;1;7;6;1;1;0;3;0;2
11801;81749;11801;81;3;1;7;4;0;1;1;1;0;2
11802;81755;11802;72;1;1;7;6;0;1;1;1;0;2
11803;81823;11803;72;1;1;7;6;0;1;1;1;0;2
11804;81824;11804;99;1;1;7;6;0;2;0;1;0;2
11805;81824;11805;52;3;1;7;0;0;3;2;1;0;5
11806;81828;11806;21;1;1;7;6;0;1;1;1;0;2
11807;81836;11807;72;3;1;1;6;0;1;1;1;0;2
11808;81838;11808;25;2;1;7;6;0;2;0;1;0;2
11809;81838;11809;21;1;1;7;6;0;2;0;1;0;2
11810;81838;11810;52;1;1;1;2;0;1;1;1;0;2
11811;81839;11811;51;1;3;1;6;0;1;1;1;0;2
11812;81840;11812;52;1;1;7;0;0;0;0;3;0;0
11813;81872;11813;21;3;1;7;6;1;2;0;2;0;3
11814;81872;11814;99;1;1;7;2;0;1;1;1;0;2
11815;81876;11815;72;1;1;7;6;0;1;1;1;0;2
11816;81878;11816;72;1;1;7;6;0;1;1;1;0;2
11817;81878;11817;74;1;1;7;6;0;1;1;1;0;2
11818;81884;11818;71;1;1;7;6;0;1;1;1;0;2
11819;81884;11819;23;1;1;7;5;0;1;1;1;0;2
11820;81884;11820;71;3;3;1;4;0;2;0;1;0;2
11821;81890;11821;72;1;1;7;6;0;1;1;1;0;2
11822;81891;11822;72;1;1;7;6;0;1;1;1;0;2
11823;81891;11823;72;1;1;7;6;0;1;1;1;0;2
11824;81903;11824;63;1;1;7;4;0;1;1;1;0;2
11825;81903;11825;51;1;1;7;6;0;1;1;1;0;2
11826;81904;11826;64;1;1;7;6;0;1;1;1;0;2
11827;81910;11827;26;1;1;7;2;0;1;1;1;0;2
11828;81910;11828;26;1;1;7;2;0;1;1;1;0;2
11829;81921;11829;72;1;1;7;6;0;1;1;1;0;2
11830;81928;11830;51;1;1;7;2;0;1;0;1;0;1
11831;81933;11831;51;1;1;7;6;0;1;1;1;0;2
11832;81963;11832;25;1;1;7;6;0;1;1;1;0;2
11833;81969;11833;72;1;1;7;4;0;1;1;1;0;2
11834;81978;11834;71;1;1;7;6;0;1;1;1;0;2
11835;81978;11835;71;3;1;7;6;0;1;1;1;0;2
11836;81979;11836;71;1;1;7;6;0;2;1;1;0;3