accident_id;lieu_id;date_id;cause_id;lum_id;intemp_id;etat_surface_id;impliq_id;nb_blesses_graves;nb_blesses_legers;nb_indemnes;gravite;nb_morts;nb_impliqués
11837;81982;8156;52;1;1;7;6;0;2;0;1;0;2
11838;81983;11838;17;1;1;7;2;0;0;1;3;0;1
11839;81983;11839;72;2;3;1;6;0;1;1;1;0;2
11840;81985;11840;64;1;1;7;4;0;1;1;1;0;2
11841;81997;11841;25;1;1;7;7;0;1;1;1;0;2
11842;81997;11842;21;3;1;7;6;0;2;1;1;0;3
11843;81999;11843;25;1;1;7;7;0;1;0;1;0;1
11844;82422;11844;25;1;1;7;6;1;0;2;2;0;3
11845;82428;11845;71;1;1;2;6;1;0;1;2;0;2
11846;82432;11846;52;5;6;4;0;0;1;0;1;0;1
11847;82433;11847;52;2;3;1;6;3;2;0;2;0;5
11848;82433;11848;81;5;3;1;3;0;2;0;3;0;2
11849;82433;11849;67;1;1;1;6;0;2;1;1;0;3
11850;82433;11850;81;5;1;1;6;1;1;0;2;0;2
11851;82434;11851;21;1;1;7;6;0;2;0;1;0;2
11852;82434;11852;52;5;1;7;0;0;0;1;3;0;1
11853;82435;11853;52;1;1;7;0;0;0;0;3;0;0
11854;82449;11854;52;1;4;3;0;0;1;0;3;0;1
11855;82486;11855;52;1;1;4;6;0;1;1;1;0;2
11856;82487;11856;51;3;1;7;6;0;3;0;1;0;3
11857;82492;11857;21;1;1;7;6;1;0;1;2;0;2
11858;82493;11858;27;1;3;1;9;0;1;1;1;0;2
11859;82495;11859;81;5;1;7;6;1;1;0;2;0;2
11860;82497;11860;51;1;1;7;7;1;1;1;2;0;3
11861;82497;11861;16;1;3;2;6;1;0;2;3;2;5
11862;82520;11862;81;1;3;2;0;1;2;1;2;0;4
11863;82520;11863;21;3;1;7;6;1;0;2;2;0;3
11864;82547;11864;81;5;3;1;0;0;1;0;1;0;1
11865;82547;11865;51;1;1;7;5;1;0;1;2;0;2
11866;82548;7215;21;5;1;7;6;1;1;0;2;0;2
11867;82548;11867;52;5;1;4;6;0;2;1;1;0;3
11868;82548;11868;52;1;1;7;7;1;1;0;2;0;2
11869;82549;11869;81;5;1;1;7;0;1;1;1;0;2
11870;82551;11870;72;1;1;7;6;1;0;2;2;0;3
11871;82560;11871;72;1;1;7;6;0;1;1;1;0;2
11872;82572;11872;74;1;1;7;6;1;0;1;2;0;2
11873;82577;11873;52;5;1;1;6;3;0;0;3;2;5
11874;82610;2814;51;1;1;7;5;1;0;1;2;0;2
11875;82628;11875;11;1;1;7;2;1;0;1;2;0;2
11876;82629;11876;51;3;3;2;3;1;0;1;2;0;2
11877;82629;11877;22;1;1;7;6;0;1;1;1;0;2
11878;82629;11878;21;1;1;7;4;1;0;1;2;0;2
11879;82629;11879;71;1;1;7;6;1;0;1;2;0;2
11880;82630;11880;72;5;1;7;6;1;0;1;2;0;2
11881;82631;11881;64;1;1;7;4;1;0;2;2;0;3
11882;82664;11882;72;1;1;7;6;1;0;1;2;0;2
11883;82684;11883;52;5;1;7;0;1;0;2;3;2;5
11884;82685;11884;52;1;7;2;3;1;0;1;2;0;2
11885;82791;11885;81;1;1;7;6;0;3;1;1;0;4
11886;82791;11886;52;5;1;7;6;1;1;1;2;0;3
11887;82791;11887;21;1;1;7;6;3;2;0;2;0;5
11888;82791;11888;52;1;1;7;6;0;2;0;1;0;2
11889;82791;11889;21;1;1;1;4;1;1;0;2;0;2
11890;82791;11890;81;2;1;7;0;0;2;0;1;0;2
11891;83392;11891;72;3;1;7;6;0;0;1;3;0;1
11892;83394;11892;22;2;1;7;3;0;1;1;1;0;2
11893;83394;11893;52;1;2;2;6;1;2;0;2;0;3
11894;83394;11894;67;1;1;1;5;1;1;0;2;0;2
11895;83394;11895;13;1;1;7;5;0;1;1;1;0;2
11896;83414;11896;52;3;3;2;6;0;4;0;1;0;4
11897;83414;11897;86;1;1;7;6;0;1;0;1;0;1
11898;83414;11898;52;3;4;4;6;0;1;1;1;0;2
11899;83414;11899;32;2;1;7;6;1;0;1;2;0;2
11900;83415;11900;67;1;3;1;6;0;2;0;1;0;2
11901;83415;11901;51;1;1;7;6;0;1;1;1;0;2
11902;83415;11902;63;1;1;7;4;0;2;0;1;0;2
11903;83415;11903;72;1;1;7;6;0;1;1;1;0;2
11904;83415;11904;41;1;3;1;1;1;0;1;2;0;2
11905;83418;11905;52;1;1;7;6;0;1;1;1;0;2
11906;83420;11906;52;1;7;1;6;0;1;1;1;0;2
11907;83421;11907;52;3;3;1;0;0;4;0;1;0;4
11908;83422;11908;21;1;1;7;6;0;3;1;1;0;4
11909;83422;11909;22;1;3;1;7;1;0;0;2;0;1
11910;83422;11910;74;3;3;1;6;1;0;1;2;0;2
11911;83422;11911;81;1;1;7;6;0;2;0;1;0;2
11912;83436;11912;36;1;1;7;6;0;1;1;1;0;2
11913;83437;11913;64;1;1;1;3;0;1;1;1;0;2
11914;83439;11914;25;1;1;7;0;0;1;0;1;0;1
11915;83456;11915;22;1;1;7;3;0;4;1;1;0;5
11916;83459;11916;52;3;3;2;0;0;1;0;1;0;1
11917;83459;11917;52;3;1;4;0;1;0;0;2;0;1
11918;83459;11918;52;1;1;7;7;1;0;1;2;0;2
11919;83459;11919;52;1;1;7;6;0;1;1;1;0;2
11920;83459;11920;64;1;3;1;6;0;1;2;1;0;3
11921;83459;11921;81;3;3;1;6;2;0;1;2;0;3
11922;83459;11922;27;1;1;1;9;0;1;0;1;0;1
11923;83461;11923;81;5;1;7;6;0;1;1;1;0;2
11924;83462;11924;67;1;1;7;6;0;2;0;1;0;2
11925;83464;11925;21;3;1;1;6;1;1;0;2;0;2
11926;83472;11926;22;1;1;7;6;0;2;1;1;0;3
11927;83474;11927;73;1;1;7;7;0;0;1;3;0;1
11928;83479;11928;81;3;3;2;6;0;2;0;1;0;2
11929;83479;11929;28;3;3;2;0;0;1;0;1;0;1
11930;83482;11930;72;3;1;1;6;2;0;1;2;0;3
11931;83483;11931;52;1;1;7;0;0;1;0;1;0;1
11932;83493;11932;71;1;1;7;6;0;1;1;1;0;2
11933;83516;11933;72;1;1;7;6;1;0;1;2;0;2
11934;83550;11934;71;1;3;2;6;0;1;1;1;0;2
11935;83550;11935;64;1;3;2;6;0;1;1;1;0;2
11936;83564;11936;52;1;1;7;0;2;0;0;2;0;2
11937;83571;11937;82;4;6;1;6;1;0;1;2;0;2
11938;84165;11938;25;3;1;7;6;1;0;1;2;0;2
11939;84168;11939;21;5;1;7;7;0;3;2;1;0;5
11940;84168;11940;53;5;1;7;6;1;0;2;2;0;3
11941;84178;11941;52;1;1;7;0;1;0;0;2;0;1
11942;84190;11942;52;3;1;7;0;1;1;0;2;0;2
11943;84190;11943;52;5;3;2;6;1;0;1;2;0;2
11944;84803;11944;26;1;1;7;2;0;1;1;1;0;2
11945;84819;11945;52;1;1;7;0;1;0;0;2;0;1
11946;84834;11946;81;3;1;7;2;0;2;1;1;0;3
11947;84835;11947;52;1;1;7;7;0;1;0;1;0;1
11948;84835;11948;81;1;1;7;6;0;2;1;1;0;3
11949;84836;11949;21;1;1;7;6;0;2;1;1;0;3
11950;84859;11950;51;1;1;7;0;0;1;0;1;0;1
11951;84859;11951;21;3;1;7;6;0;1;3;1;0;4
11952;84859;11952;21;1;1;7;6;0;1;1;1;0;2
11953;84859;11953;51;3;1;7;3;1;0;1;2;0;2
11954;84882;11954;81;3;1;7;6;1;1;4;2;0;6
11955;84882;11955;72;1;1;7;6;0;1;1;1;0;2
11956;84892;11956;81;3;1;1;6;1;0;1;2;0;2
11957;84894;11957;52;3;1;7;0;0;1;1;1;0;2
11958;84894;11958;52;1;1;1;0;1;2;0;2;0;3
11959;84895;11959;52;1;1;7;0;0;1;0;1;0;1
11960;84895;11960;52;5;1;7;0;0;2;2;1;0;4
11961;84896;11961;52;1;1;7;0;1;0;0;2;0;1
11962;84955;11962;21;1;1;7;6;1;0;1;2;0;2
11963;85552;11963;21;1;1;7;4;0;1;1;1;0;2
11964;85612;11964;81;5;3;1;6;1;0;2;2;0;3
11965;90005;11454;71;3;1;7;6;0;1;1;1;0;2
11966;90009;11966;51;1;3;2;6;0;2;1;1;0;3
11967;90009;11967;81;5;1;7;6;1;0;0;2;0;1
11968;90012;11968;21;5;2;2;6;0;2;0;1;0;2
11969;90012;11969;52;5;4;3;6;4;0;1;2;0;5
11970;90012;11970;52;1;3;1;6;0;1;2;1;0;3
11971;90013;11971;21;1;1;7;6;3;1;0;2;0;4
11972;90013;11972;52;5;4;3;6;1;2;4;2;0;7
11973;90013;11973;74;5;1;7;4;1;0;1;2;0;2
11974;90017;11974;51;1;1;1;6;1;0;2;2;0;3
11975;90036;11975;61;2;1;7;3;1;0;1;2;0;2
11976;90037;11976;25;1;1;7;6;0;1;1;1;0;2
11977;90040;11977;81;3;1;7;6;0;3;0;1;0;3
11978;90041;11978;72;3;6;1;6;0;0;2;3;0;2
11979;90042;11979;52;3;1;7;0;1;0;0;2;0;1
11980;90048;11980;74;5;1;7;6;1;0;1;2;0;2
11981;90049;11981;81;1;1;7;0;1;0;0;2;0;1
11982;90050;11982;52;1;1;7;4;0;1;1;1;0;2
11983;90051;11983;51;3;1;7;6;0;1;1;1;0;2
11984;90051;11984;51;3;1;7;9;0;1;0;3;0;1
11985;90062;11985;21;1;1;7;4;2;1;0;2;0;3
11986;90064;11986;81;3;3;2;6;1;0;2;2;0;3
11987;90066;11987;51;3;1;1;7;1;0;1;2;0;2
11988;90068;11988;23;2;1;7;5;1;0;1;2;0;2
11989;90069;11989;51;1;6;1;6;0;2;0;1;0;2
11990;90069;11990;81;5;3;1;0;1;5;0;2;0;6
11991;90084;11991;64;1;3;1;6;1;1;0;2;0;2
11992;90086;11992;52;1;3;2;0;1;0;0;2;0;1
11993;90086;11993;52;3;6;4;0;1;2;1;2;0;4
11994;90087;11994;52;5;1;7;0;0;0;0;3;0;0
11995;90087;11995;81;3;1;1;0;1;0;0;3;0;1
11996;90087;11996;52;1;1;7;0;1;0;0;2;0;1
11997;90088;11997;52;1;1;7;7;0;1;1;1;0;2
11998;90089;11998;52;5;1;4;7;2;0;0;2;0;2
11999;90089;11999;81;5;1;7;6;1;0;0;3;0;1
12000;90096;12000;51;1;1;7;7;0;1;3;1;0;4
12001;90096;12001;36;5;3;2;6;0;3;0;1;0;3
12002;90100;12002;52;5;1;7;6;0;1;1;1;0;2
12003;90100;12003;81;5;3;1;0;0;1;0;1;0;1
12004;90101;12004;52;1;1;7;0;1;0;3;2;0;4
12005;90101;12005;21;2;1;7;6;1;2;0;2;0;3
12006;90101;12006;52;1;1;7;0;1;0;0;2;0;1
12007;90101;12007;52;1;1;7;0;1;0;0;2;0;1
12008;90101;12008;21;1;1;7;6;0;2;0;1;0;2
12009;90101;12009;52;1;1;5;0;0;5;1;1;0;6
12010;90101;12010;52;1;1;1;6;0;2;0;1;0;2
12011;90106;12011;52;1;2;1;6;1;1;0;2;0;2
12012;90108;12012;25;2;1;7;6;0;1;0;1;0;1
12013;90111;12013;71;1;3;1;4;1;0;1;2;0;2
12014;90112;12014;52;3;1;7;0;0;1;0;1;0;1
12015;90112;12015;23;1;1;7;4;0;1;1;1;0;2
12016;90121;12016;16;2;1;7;4;0;1;1;1;0;2
12017;90122;12017;26;2;1;5;2;0;1;1;1;0;2
12018;90134;12018;52;1;1;7;6;0;3;1;1;0;4
12019;90137;12019;25;3;1;7;6;0;1;1;1;0;2
12020;90141;12020;52;3;4;4;3;0;1;1;1;0;2
12021;90142;12021;53;1;1;7;6;0;1;3;1;0;4
12022;90142;12022;81;1;1;7;0;0;1;0;1;0;1
12023;90142;12023;71;1;1;7;6;0;1;1;1;0;2
12024;90142;12024;82;3;1;7;6;0;1;1;1;0;2
12025;90143;12025;72;3;1;7;6;1;0;1;2;0;2
12026;90143;12026;52;1;4;3;6;3;0;0;2;0;3
12027;90143;12027;81;3;1;7;0;0;1;0;3;0;1
12028;90155;478;52;1;1;7;0;0;1;0;1;0;1
12029;90155;12029;52;3;4;4;0;1;1;1;2;0;3
12030;90155;12030;52;1;3;2;6;0;1;1;1;0;2
12031;90156;12031;66;1;1;7;2;1;0;1;2;0;2
12032;90157;12032;35;1;1;7;4;0;1;0;1;0;1
12033;90159;12033;25;1;1;7;6;0;1;1;1;0;2
12034;90162;12034;64;1;1;7;7;1;0;1;2;0;2
12035;90162;12035;35;1;1;7;4;0;1;1;1;0;2
12036;90162;7044;21;1;3;1;6;0;2;0;1;0;2
12037;90162;12037;72;1;1;7;6;0;1;1;1;0;2
12038;90162;12038;86;2;1;7;6;1;2;1;2;0;4
12039;90165;12039;81;1;1;7;0;0;1;0;3;0;1
12040;90176;12040;72;1;1;7;6;1;1;1;2;0;3
12041;90187;12041;81;5;1;7;0;0;2;0;1;0;2
12042;90187;12042;22;1;1;7;6;0;0;1;3;0;1
12043;90187;12043;99;1;1;7;6;1;0;1;2;0;2
12044;90188;12044;21;1;1;7;6;0;1;1;1;0;2
12045;90191;12045;36;1;1;7;4;0;1;2;1;0;3
12046;90192;12046;25;3;1;7;6;1;0;1;2;0;2
12047;90204;12047;72;1;1;7;6;0;1;1;1;0;2
12048;90204;12048;81;3;1;1;0;0;1;0;1;0;1
12049;90204;12049;62;1;1;7;5;0;1;1;1;0;2
12050;90206;12050;72;3;3;1;6;1;0;1;2;0;2
12051;90207;12051;81;1;1;7;6;0;1;2;1;0;3
12052;90207;12052;64;1;1;7;4;1;0;1;2;0;2
12053;90207;12053;51;3;1;7;6;0;3;0;1;0;3
12054;90208;12054;25;1;1;7;6;0;1;1;1;0;2
12055;90208;12055;52;1;1;5;0;0;1;0;1;0;1
12056;90208;12056;64;3;3;2;6;0;1;1;1;0;2
12057;90208;12057;22;1;1;7;4;0;1;1;1;0;2
12058;90208;12058;71;1;3;1;6;0;1;1;1;0;2
12059;90208;12059;23;3;1;7;4;0;1;1;1;0;2
12060;90208;12060;73;1;1;7;6;0;1;0;1;0;1
12061;90208;12061;71;1;3;1;6;0;1;1;1;0;2
12062;90210;12062;52;3;1;7;0;0;1;0;1;0;1
12063;90211;12063;71;1;1;7;6;0;1;1;1;0;2
12064;90211;12064;67;3;1;7;5;2;2;0;2;0;4
12065;90212;12065;25;1;1;7;6;0;1;2;1;0;3
12066;90212;12066;71;1;1;7;4;0;1;0;1;0;1
12067;90212;12067;61;1;3;1;4;0;1;1;1;0;2
12068;90212;12068;23;1;1;7;4;0;1;1;1;0;2
12069;90215;12069;71;1;1;7;6;0;1;1;1;0;2
12070;90216;12070;52;5;1;7;0;2;0;0;2;0;2
12071;90221;12071;72;5;1;7;6;1;0;1;2;0;2
12072;90222;12072;81;1;1;1;6;0;1;1;1;0;2
12073;90223;12073;81;3;5;4;9;0;2;0;1;0;2
12074;90238;12074;41;1;1;7;4;0;1;1;1;0;2
12075;90240;12075;86;1;4;3;7;0;1;1;1;0;2
12076;90242;12076;63;1;3;2;5;0;1;1;1;0;2
12077;90242;12077;36;1;1;7;3;0;1;1;1;0;2
12078;90244;12078;52;1;3;1;8;1;0;1;2;0;2
12079;90244;12079;72;3;2;1;6;1;0;1;2;0;2
12080;90249;12080;81;2;1;7;7;0;0;1;3;0;1
12081;90251;11065;18;1;1;7;3;0;1;1;1;0;2
12082;90252;12082;71;3;1;7;6;0;1;0;1;0;1
12083;90253;12083;52;3;1;7;0;0;1;0;1;0;1
12084;90253;12084;71;1;1;7;6;0;1;1;1;0;2
12085;90260;12085;81;1;1;7;6;0;1;1;1;0;2
12086;90260;12086;72;1;1;7;6;1;0;1;2;0;2
12087;90263;12087;51;1;1;2;6;0;3;1;1;0;4
12088;90263;12088;64;1;4;2;3;0;1;1;1;0;2
12089;90263;12089;63;1;1;7;4;0;1;1;1;0;2
12090;90263;12090;36;1;1;7;2;0;2;0;1;0;2
12091;90263;12091;26;1;3;1;2;0;1;1;1;0;2
12092;90263;12092;51;1;1;7;6;0;1;1;1;0;2
12093;90264;12093;26;1;1;7;2;1;0;1;2;0;2
12094;90264;12094;26;1;1;7;2;0;1;1;1;0;2
12095;90264;12095;23;1;1;7;4;0;1;1;1;0;2
12096;90264;12096;61;1;1;7;3;0;1;1;1;0;2
12097;90269;12097;71;3;1;2;6;0;1;1;1;0;2
12098;90271;12098;53;1;1;7;6;0;1;3;1;0;4
12099;90271;12099;67;3;2;2;4;0;1;1;1;0;2
12100;90271;12100;52;3;1;7;0;0;1;0;1;0;1
12101;90271;12101;51;3;1;7;6;1;1;3;2;0;5
12102;90272;12102;63;1;1;7;5;0;1;1;1;0;2
12103;90273;12103;26;1;1;7;2;0;1;2;1;0;3
12104;90273;12104;71;4;1;7;6;0;1;1;1;0;2
12105;90273;12105;26;5;2;1;2;0;1;1;1;0;2
12106;90273;12106;26;3;1;1;2;0;1;1;1;0;2
12107;90273;12107;71;3;3;1;6;0;1;1;1;0;2
12108;90273;12108;26;1;3;1;2;0;1;1;1;0;2
12109;90273;12109;64;1;1;7;4;0;1;1;1;0;2
12110;90273;12110;67;2;1;7;4;0;1;1;1;0;2
12111;90277;12111;22;1;1;7;6;0;1;1;1;0;2
12112;90277;12112;52;1;3;2;6;0;1;2;1;0;3
12113;90277;12113;81;3;3;2;0;0;1;0;1;0;1
12114;90277;12114;81;5;1;7;0;0;2;0;1;0;2
12115;90277;12115;52;3;3;1;2;0;1;1;1;0;2
12116;90278;12116;63;3;1;7;6;0;4;0;1;0;4
12117;90279;12117;81;3;2;2;2;0;1;1;1;0;2
12118;90280;12118;72;1;1;7;6;0;1;1;1;0;2
12119;90280;12119;51;1;1;7;8;0;1;2;1;0;3
12120;90280;12120;52;3;3;1;0;0;1;0;1;0;1
12121;90280;12121;71;1;1;7;6;0;1;1;1;0;2
12122;90281;12122;71;3;1;7;6;0;1;1;1;0;2
12123;90281;12123;26;1;1;7;2;0;1;1;1;0;2
12124;90281;12124;71;1;1;7;6;0;1;1;1;0;2
12125;90286;12125;51;1;1;7;6;0;3;0;1;0;3
12126;90290;12126;51;1;1;7;6;0;2;1;1;0;3
12127;90290;12127;26;1;1;7;2;1;1;0;2;0;2
12128;90291;12128;21;3;1;7;6;1;0;0;3;0;1
12129;90291;12129;51;3;1;1;6;1;0;1;2;0;2
12130;90291;12130;67;3;1;7;5;0;2;1;1;0;3
12131;90291;12131;51;1;1;7;6;0;1;2;1;0;3
12132;90293;12132;72;3;1;7;6;1;0;1;2;0;2
12133;90296;12133;81;3;1;7;0;0;1;0;1;0;1
12134;90296;12134;21;1;3;2;6;0;4;1;1;0;5
12135;90297;12135;52;5;1;4;0;2;1;0;2;0;3
12136;90297;12136;51;1;1;7;2;0;0;1;3;0;1
12137;90297;12137;21;1;1;1;6;0;2;2;1;0;4
12138;90297;12138;52;1;3;2;0;0;2;1;1;0;3
12139;90297;12139;52;5;3;2;6;0;2;0;1;0;2
12140;90301;12140;52;1;1;7;6;1;0;0;2;0;1
12141;90303;12141;51;1;1;7;6;0;1;0;1;0;1
12142;90304;12142;72;1;1;7;6;1;0;1;2;0;2
12143;90305;12143;18;1;1;7;6;1;0;1;2;0;2
12144;90305;12144;64;1;1;7;5;0;1;1;1;0;2
12145;90306;12145;72;3;1;7;6;1;0;1;2;0;2
12146;90306;12146;23;3;1;7;6;0;1;1;1;0;2
12147;90307;12147;35;1;1;7;3;0;2;1;1;0;3
12148;90308;12148;36;1;1;7;4;0;1;1;1;0;2
12149;90308;12149;71;1;1;7;6;0;0;1;3;0;1
12150;90308;12150;71;3;3;2;6;1;0;1;2;0;2
12151;90308;12151;51;3;1;1;6;1;2;0;2;0;3
12152;90308;12152;72;1;1;7;6;0;0;1;3;0;1
12153;90309;12153;72;1;1;7;6;1;0;1;2;0;2
12154;90309;12154;64;3;1;7;6;0;1;1;1;0;2
12155;90309;12155;52;3;1;2;6;0;1;1;1;0;2
12156;90309;12156;36;3;1;7;6;0;1;1;1;0;2
12157;90309;12157;25;3;1;7;6;0;1;0;1;0;1
12158;90309;12158;71;2;1;7;6;1;0;1;2;0;2
12159;90310;8258;71;3;3;2;6;1;0;1;2;0;2
12160;90316;724;52;1;1;1;0;0;1;0;1;0;1
12161;90316;12161;74;4;1;7;6;1;0;1;2;0;2
12162;90316;12162;51;1;1;7;4;0;1;1;1;0;2
12163;90318;12163;52;5;3;2;0;1;0;0;2;0;1
12164;90318;12164;67;1;1;7;6;1;1;0;2;0;2
12165;90318;12165;52;5;1;7;0;0;2;0;1;0;2
12166;90318;12166;52;1;1;7;6;0;3;0;1;0;3
12167;90318;12167;53;1;1;7;6;0;1;1;1;0;2
12168;90319;12133;99;5;1;7;3;1;0;0;2;0;1
12169;90327;12169;52;1;1;4;6;0;1;1;1;0;2
12170;90328;12170;22;1;1;7;6;0;1;1;1;0;2
12171;90328;12171;82;1;1;7;6;0;1;1;1;0;2
12172;90329;12172;81;3;1;7;6;0;1;2;1;0;3
12173;90331;12173;51;3;1;7;4;0;1;1;1;0;2
12174;90332;12174;51;3;2;2;4;0;1;1;1;0;2
12175;90332;12175;71;1;3;2;6;0;1;1;1;0;2
12176;90332;12176;21;1;1;7;6;1;0;1;2;0;2
12177;90332;12177;32;1;1;7;6;0;1;1;1;0;2
12178;90332;12178;22;1;1;7;4;0;2;0;1;0;2
12179;90332;12179;23;3;1;7;6;1;2;0;2;0;3
12180;90332;12180;71;3;4;3;6;1;0;1;2;0;2
12181;90332;12181;52;1;1;7;6;0;2;1;1;0;3
12182;90332;12182;51;1;1;7;6;0;1;2;1;0;3
12183;90332;12183;36;3;1;7;2;1;0;1;2;0;2
12184;90332;12184;64;3;1;7;6;0;4;0;1;0;4
12185;90332;12185;81;3;1;7;6;0;0;1;3;0;1
12186;90332;12186;71;3;2;1;6;0;0;1;3;0;1
12187;90332;12187;51;1;1;7;6;0;1;1;1;0;2
12188;90332;12188;64;1;1;7;4;0;1;1;1;0;2
12189;90332;12189;71;1;1;7;6;0;0;1;3;0;1
12190;90332;12190;64;1;1;7;6;0;1;1;1;0;2
12191;90332;12191;72;3;1;7;6;1;0;1;2;0;2
12192;90333;12192;72;1;3;2;6;0;1;1;1;0;2
12193;90333;12193;64;1;1;7;5;1;0;1;2;0;2
12194;90333;12194;81;3;1;7;6;1;2;0;2;0;3
12195;90333;12195;20;1;1;7;6;1;0;1;2;0;2
12196;90333;12196;85;3;3;2;6;0;1;1;1;0;2
12197;90333;12197;18;3;3;1;6;0;2;0;1;0;2
12198;90333;12198;51;3;1;7;6;0;1;1;1;0;2
12199;90333;12199;72;1;1;7;6;0;1;1;1;0;2
12200;90333;12200;67;1;1;7;6;0;1;1;1;0;2
12201;90333;12201;51;1;1;7;6;0;1;1;1;0;2
12202;90334;12202;26;3;1;7;2;1;0;1;2;0;2
12203;90334;12203;51;3;1;7;6;0;1;1;1;0;2
12204;90334;12204;81;3;1;7;7;0;1;1;1;0;2
12205;90334;12205;51;3;1;7;3;0;1;1;1;0;2
12206;90335;12206;23;1;1;7;5;1;1;1;2;0;3
12207;90335;12207;71;3;1;7;6;0;1;1;1;0;2
12208;90335;12208;72;1;1;7;6;0;1;1;1;0;2
12209;90335;12209;71;1;1;7;6;0;1;1;1;0;2
12210;90336;12210;52;1;1;7;0;0;1;0;1;0;1
12211;90342;12211;32;2;3;1;6;0;1;1;1;0;2
12212;90345;12212;67;1;3;2;5;1;0;1;2;0;2
12213;90349;12213;52;1;1;2;6;0;1;0;1;0;1
12214;90354;12214;23;1;3;1;6;0;2;0;1;0;2
12215;90354;12215;73;1;1;7;8;1;0;1;2;0;2
12216;90361;12216;21;3;1;7;6;1;0;1;2;0;2
12217;90362;12217;81;3;1;7;4;0;1;1;1;0;2
12218;90362;12218;72;1;1;7;6;0;1;1;1;0;2
12219;90362;12219;81;3;1;7;0;1;0;0;2;0;1
12220;90363;12220;72;1;1;7;6;0;1;1;1;0;2
12221;90364;12221;72;3;1;7;6;0;1;1;1;0;2
12222;90365;12222;52;2;1;7;6;0;1;1;1;0;2
12223;90368;12223;52;3;1;7;7;1;0;1;2;0;2
12224;90382;12224;81;3;3;1;6;0;2;0;1;0;2
12225;90385;12225;72;1;1;7;6;0;1;1;1;0;2
12226;90385;12226;67;1;3;1;6;0;3;2;1;0;5
12227;90385;12227;67;3;1;7;4;0;1;1;1;0;2
12228;90387;12228;26;3;1;7;4;1;0;1;2;0;2
12229;90387;12229;36;1;1;7;4;1;0;1;2;0;2
12230;90388;12230;81;3;3;1;6;1;1;1;2;0;3
12231;90392;12231;51;1;3;1;6;0;1;2;1;0;3
12232;90392;12232;51;1;3;2;6;0;1;2;1;0;3
12233;90402;12233;72;1;1;7;6;0;1;1;1;0;2
12234;90416;12234;21;1;3;1;6;0;1;2;1;0;3
12235;90419;12235;21;1;4;4;6;1;1;2;2;0;4
12236;90420;12236;31;1;3;2;6;0;1;0;1;0;1
12237;90424;12237;25;1;1;7;6;0;1;1;1;0;2
12238;90424;12238;81;1;1;7;6;0;3;0;1;0;3
12239;90434;12239;32;1;1;7;6;0;1;1;1;0;2
12240;90434;12240;51;3;1;7;3;0;1;0;1;0;1
12241;90434;12241;51;1;1;7;3;1;0;1;2;0;2
12242;90434;12242;71;1;1;1;6;0;1;1;1;0;2
12243;90434;12243;64;1;1;2;6;0;1;1;1;0;2
12244;90434;12244;64;3;3;2;6;0;1;4;1;0;5
12245;90437;12245;51;1;1;7;6;0;1;1;1;0;2
12246;90437;12246;52;3;1;2;0;0;2;0;1;0;2
12247;90437;12247;63;1;1;7;6;0;2;0;1;0;2
12248;90437;12248;64;3;1;7;2;0;1;1;1;0;2
12249;90437;12249;51;1;1;7;6;0;1;3;1;0;4
12250;90437;12250;26;1;1;7;4;0;1;1;1;0;2
12251;90439;12251;64;1;3;1;6;0;1;1;1;0;2
12252;90439;12252;72;1;1;1;6;0;1;1;1;0;2
12253;90439;12253;52;3;1;7;6;2;1;0;2;0;3
12254;90439;12254;23;3;2;1;6;0;1;3;1;0;4
12255;90439;12255;64;1;1;7;6;0;1;1;1;0;2
12256;90447;12256;52;5;7;4;0;0;1;0;1;0;1
12257;90449;12257;36;4;2;2;4;0;1;1;1;0;2
12258;90450;12258;52;2;1;4;6;0;2;0;1;0;2
12259;90450;12259;52;3;1;1;0;1;0;0;2;0;1
12260;90451;12260;52;4;1;1;0;0;1;0;1;0;1
12261;90451;12261;67;1;1;7;5;0;1;1;1;0;2
12262;90463;12262;21;1;1;7;6;0;1;1;1;0;2
12263;90464;12263;72;2;3;1;6;0;1;1;1;0;2
12264;90470;12264;52;3;1;7;6;0;1;1;1;0;2
12265;90472;12265;71;1;1;7;6;0;1;1;1;0;2
12266;90473;12266;72;1;1;7;6;0;1;1;1;0;2
12267;90473;12267;64;1;1;7;3;0;1;1;1;0;2
12268;90473;12268;71;3;1;7;6;0;1;1;1;0;2
12269;90476;12269;52;3;1;7;6;0;1;0;1;0;1
12270;90476;12270;81;3;6;7;6;1;0;0;2;0;1
12271;90478;12271;74;3;3;2;6;1;0;1;2;0;2
12272;90478;12272;61;1;1;7;4;0;1;1;1;0;2
12273;90478;12273;72;1;3;2;6;0;1;1;1;0;2
12274;90479;12274;71;3;3;2;6;0;0;1;3;0;1
12275;90479;12275;71;1;1;7;6;0;1;1;1;0;2
12276;90480;12276;27;1;1;7;2;1;0;1;2;0;2
12277;90482;12277;81;1;1;7;1;0;1;1;1;0;2
12278;90482;12278;72;1;1;7;6;0;2;1;1;0;3
12279;90482;12279;72;5;1;7;6;0;1;1;1;0;2
12280;90484;12280;23;1;1;7;5;1;0;1;2;0;2
12281;90484;12281;25;1;1;7;6;0;1;0;1;0;1
12282;90485;12282;51;1;1;7;2;0;2;0;1;0;2
12283;90499;12283;51;1;1;7;4;2;0;0;2;0;2
12284;90499;12284;52;1;4;4;0;0;2;0;1;0;2