accident_id;lieu_id;date_id;cause_id;lum_id;intemp_id;etat_surface_id;impliq_id;nb_blesses_graves;nb_blesses_legers;nb_indemnes;gravite;nb_morts;nb_impliqués
12285;90500;12285;81;1;1;7;6;0;3;1;1;0;4
12286;90500;12286;64;1;3;2;6;0;1;1;1;0;2
12287;90509;12287;24;1;1;1;2;0;1;1;1;0;2
12288;90518;12288;52;3;3;2;6;0;1;1;1;0;2
12289;90519;12289;21;1;1;2;6;1;0;1;2;0;2
12290;90520;12290;52;1;1;7;7;0;1;2;1;0;3
12291;90529;12291;67;3;1;7;4;0;1;1;1;0;2
12292;90538;12292;67;3;1;7;5;0;2;0;1;0;2
12293;90542;12293;16;2;1;7;5;0;1;1;1;0;2
12294;90548;12294;72;2;1;7;6;0;1;1;1;0;2
12295;90549;12295;64;1;2;2;5;0;1;1;1;0;2
12296;90549;12296;52;3;1;7;0;0;2;0;1;0;2
12297;90549;12297;64;1;1;7;6;0;1;1;1;0;2
12298;90549;12298;26;1;5;2;2;1;0;1;2;0;2
12299;90549;12299;64;1;1;7;6;0;1;1;1;0;2
12300;90554;12300;72;1;3;2;6;1;0;1;2;0;2
12301;90562;12301;61;1;1;7;3;0;1;1;1;0;2
12302;90572;12302;71;1;1;7;6;0;1;1;1;0;2
12303;90573;12303;64;1;1;7;6;0;1;1;1;0;2
12304;90575;12304;52;3;1;7;0;0;1;0;1;0;1
12305;90575;12305;35;1;1;7;5;0;1;1;1;0;2
12306;90575;12306;35;3;6;1;4;0;1;1;1;0;2
12307;90586;12307;53;1;1;7;0;0;3;0;1;0;3
12308;90591;12308;52;1;1;7;2;2;0;3;2;0;5
12309;90610;12309;52;1;1;7;0;0;1;0;1;0;1
12310;90610;12310;71;1;1;7;6;0;1;1;1;0;2
12311;90610;12311;81;3;1;7;2;1;0;3;2;0;4
12312;90610;12312;63;1;1;7;5;0;1;1;1;0;2
12313;90610;12313;52;3;3;1;0;0;1;0;1;0;1
12314;90611;12314;72;1;1;7;6;0;1;1;1;0;2
12315;90614;12315;52;1;1;7;6;1;0;0;2;0;1
12316;90616;12316;21;3;1;7;4;0;1;1;1;0;2
12317;90617;12317;67;3;1;7;6;0;1;1;1;0;2
12318;90618;12318;72;1;1;7;6;1;0;1;2;0;2
12319;90618;12319;26;1;3;2;2;0;1;0;1;0;1
12320;90619;12320;51;1;1;7;6;0;1;1;1;0;2
12321;90620;12321;23;1;1;7;4;0;1;1;1;0;2
12322;90620;12322;21;3;1;7;6;0;1;0;1;0;1
12323;90620;12323;72;1;1;7;6;0;1;1;1;0;2
12324;90625;12324;52;2;1;7;0;0;1;0;1;0;1
12325;90626;12325;52;3;1;1;6;0;1;2;1;0;3
12326;90631;12326;72;1;1;7;6;0;1;1;1;0;2
12327;90631;12327;51;1;1;7;6;0;1;1;1;0;2
12328;90631;12328;61;1;1;7;3;0;1;1;1;0;2
12329;90631;12329;21;1;1;7;7;1;0;1;2;0;2
12330;90650;12330;72;1;1;7;6;0;1;1;1;0;2
12331;90650;12331;71;3;1;7;6;0;1;1;1;0;2
12332;90650;12332;72;3;1;7;6;0;1;1;1;0;2
12333;90655;12333;63;1;1;7;3;0;1;1;1;0;2
12334;90659;12334;51;1;1;7;3;1;0;1;2;0;2
12335;90659;12335;52;1;1;7;6;0;1;1;1;0;2
12336;90660;12336;74;5;7;2;6;0;0;1;3;0;1
12337;90662;12337;52;1;1;7;6;0;1;3;1;0;4
12338;90665;12338;51;3;6;1;3;1;0;0;2;0;1
12339;90673;12339;72;1;1;1;6;0;1;1;1;0;2
12340;90679;12340;72;1;3;2;4;0;2;0;1;0;2
12341;90692;12341;25;3;1;1;7;1;0;1;2;0;2
12342;90695;12342;61;1;1;7;3;1;0;1;2;0;2
12343;90696;12343;21;1;1;7;6;0;1;1;1;0;2
12344;90696;12344;32;1;1;7;6;0;1;1;1;0;2
12345;90698;12345;52;1;1;7;6;0;1;2;1;0;3
12346;90699;12346;52;3;3;1;0;0;1;0;1;0;1
12347;90699;12347;81;3;1;7;6;0;1;0;1;0;1
12348;90699;12348;21;1;1;1;6;0;2;1;1;0;3
12349;90700;12349;81;3;6;1;6;2;2;0;2;0;4
12350;90706;12350;71;1;1;7;6;1;0;1;2;0;2
12351;90709;12351;63;1;3;1;5;0;1;0;1;0;1
12352;90712;12352;25;3;1;7;6;0;1;1;1;0;2
12353;90725;12353;72;1;1;7;6;0;1;0;1;0;1
12354;90726;12354;72;1;3;1;6;0;1;1;1;0;2
12355;90727;12355;73;1;1;7;6;1;0;1;2;0;2
12356;90737;12356;62;1;1;7;2;0;1;1;1;0;2
12357;90737;12357;71;3;1;7;6;0;1;1;1;0;2
12358;90740;12358;61;1;1;7;3;0;1;2;1;0;3
12359;90743;12359;63;1;3;1;4;0;1;1;1;0;2
12360;90743;12360;81;1;1;7;2;0;1;1;1;0;2
12361;90744;12361;32;3;1;7;4;0;1;1;1;0;2
12362;90745;12362;35;3;1;7;3;0;1;1;1;0;2
12363;90770;12363;72;1;1;7;6;0;1;1;1;0;2
12364;90770;12364;63;3;3;2;5;0;1;1;1;0;2
12365;90770;12365;26;1;1;7;2;0;1;1;1;0;2
12366;90770;12366;81;1;3;1;6;0;1;2;1;0;3
12367;90770;12367;23;5;1;7;5;1;0;1;2;0;2
12368;90770;12368;81;1;1;7;2;0;1;2;1;0;3
12369;90770;12369;26;1;1;1;2;0;1;1;1;0;2
12370;90770;12370;71;1;1;7;6;0;1;1;1;0;2
12371;90770;12371;64;2;1;7;4;0;1;1;1;0;2
12372;90770;12372;52;1;3;2;6;0;2;1;1;0;3
12373;90770;12373;52;3;1;7;0;1;0;0;2;0;1
12374;90772;12374;81;3;1;7;0;1;0;0;2;0;1
12375;90772;12375;71;3;2;2;6;0;1;1;1;0;2
12376;90773;12376;28;1;1;7;0;0;1;0;1;0;1
12377;90774;12377;71;1;1;7;6;1;0;1;2;0;2
12378;90778;12378;72;3;1;7;6;0;1;1;1;0;2
12379;90779;12379;36;1;1;7;6;0;1;0;1;0;1
12380;90780;12380;51;1;1;7;6;1;0;2;2;0;3
12381;90780;12381;52;3;1;7;0;0;3;0;1;0;3
12382;90782;12382;51;2;1;7;3;0;1;1;1;0;2
12383;90782;12383;51;1;7;7;6;0;1;1;1;0;2
12384;90783;12384;21;1;1;7;6;0;2;0;1;0;2
12385;90785;12385;99;1;1;7;6;0;3;4;1;0;7
12386;90786;12386;21;1;1;7;6;0;2;2;1;0;4
12387;90786;12387;71;1;1;7;6;0;1;1;1;0;2
12388;90786;12388;25;1;1;7;6;0;1;0;1;0;1
12389;90791;12389;36;1;3;2;6;0;1;1;1;0;2
12390;90791;10582;51;3;1;7;6;0;2;2;1;0;4
12391;90792;12391;71;1;1;7;6;0;1;1;1;0;2
12392;90792;12392;52;1;1;1;0;0;1;2;1;0;3
12393;90794;12393;51;3;1;7;6;3;6;0;2;0;9
12394;90801;12394;23;1;1;7;4;1;0;1;2;0;2
12395;90801;12395;18;2;3;1;3;0;1;1;1;0;2
12396;90802;12396;72;1;1;7;6;0;1;1;1;0;2
12397;90802;12397;72;3;1;7;6;0;1;1;1;0;2
12398;90806;12398;81;3;1;7;6;0;1;1;1;0;2
12399;90806;12399;71;1;1;7;6;0;1;1;1;0;2
12400;90810;12400;52;5;4;3;6;3;0;0;2;0;3
12401;90810;12401;52;1;1;4;6;0;2;2;3;1;5
12402;90810;12402;36;1;1;7;6;2;1;0;2;0;3
12403;90810;12403;52;3;1;7;6;1;0;1;2;0;2
12404;90810;12404;21;5;6;7;6;0;0;1;3;0;1
12405;90810;12405;81;5;1;7;0;0;0;0;3;0;0
12406;90810;12406;81;5;1;1;0;0;0;0;3;0;0
12407;90812;12407;23;5;7;7;6;1;5;1;3;1;8
12408;90823;12408;81;1;1;7;0;0;0;0;3;0;0
12409;90824;12409;52;3;1;7;0;1;0;0;2;0;1
12410;90825;12410;32;1;1;7;6;0;1;0;1;0;1
12411;90827;12411;72;1;1;7;6;0;1;1;1;0;2
12412;90827;12412;28;4;4;2;0;0;1;0;1;0;1
12413;90828;12413;72;1;1;7;6;0;1;1;1;0;2
12414;90829;12414;51;1;1;7;1;0;1;1;1;0;2
12415;90834;12415;52;1;1;4;6;0;1;0;3;0;1
12416;90838;12416;72;1;1;2;6;0;1;1;1;0;2
12417;90838;12417;71;1;3;1;6;0;1;1;1;0;2
12418;90838;12418;71;1;1;7;6;0;2;1;1;0;3
12419;90839;12419;32;1;1;7;7;0;1;1;1;0;2
12420;90840;12420;52;1;3;1;6;0;1;0;1;0;1
12421;90845;12421;52;1;3;2;0;3;1;0;2;0;4
12422;90846;12422;85;2;1;7;5;0;2;0;1;0;2
12423;90846;12423;52;1;1;7;6;0;4;0;1;0;4
12424;90848;12424;81;5;1;7;0;1;0;1;2;0;2
12425;90850;12425;72;1;1;7;6;0;1;1;1;0;2
12426;90853;12426;81;5;3;1;0;0;1;0;1;0;1
12427;90856;12427;81;5;1;7;9;0;0;1;3;0;1
12428;90861;12428;63;1;1;7;6;0;1;1;1;0;2
12429;90861;12429;52;1;1;7;0;0;0;0;3;0;0
12430;90861;12430;52;1;1;7;6;0;1;1;1;0;2
12431;90861;12431;64;1;1;1;3;0;1;1;1;0;2
12432;90864;12432;26;2;1;7;2;1;0;1;2;0;2
12433;90870;12433;32;1;1;1;6;0;1;1;1;0;2
12434;90874;12434;52;1;1;7;0;0;1;0;1;0;1
12435;90880;12435;11;1;1;7;5;0;2;1;1;0;3
12436;90882;12436;52;1;1;7;0;1;2;1;2;0;4
12437;90882;12437;52;1;1;7;6;1;2;0;2;0;3
12438;90882;12438;52;1;3;2;4;3;0;1;2;0;4
12439;90882;12439;35;1;1;7;4;0;1;1;1;0;2
12440;66667304;12440;31;1;1;7;6;0;1;1;1;0;2
12441;67642304;12441;17;1;1;7;2;1;0;4;2;0;5
12442;67642304;12442;71;2;6;1;6;1;0;1;2;0;2
12443;67642401;12443;16;1;1;7;6;0;1;1;1;0;2
12444;67642401;12444;16;1;1;7;6;0;1;1;1;0;2
12445;67642401;12445;19;3;1;2;6;1;0;1;2;0;2
12446;67642401;12446;17;1;1;7;2;1;0;1;2;0;2
12447;67642401;12447;11;1;1;7;6;0;1;1;1;0;2
12448;67642403;12448;17;1;1;7;2;1;0;1;2;0;2
12449;67642403;12449;17;3;3;1;2;0;1;2;1;0;3
12450;67642409;12450;81;1;1;7;2;1;0;2;2;0;3
12451;67642412;12451;11;1;1;7;2;1;0;1;2;0;2
12452;67642512;12452;18;1;1;7;6;1;0;1;2;0;2
12453;67642512;12453;11;3;3;2;6;1;0;4;2;0;5
12454;67642512;12454;14;5;1;7;6;1;1;3;2;0;5
12455;67642512;12455;14;3;1;7;6;1;0;2;2;0;3
12456;67642513;12456;17;1;2;1;2;1;0;1;2;0;2
12457;67642513;12457;17;3;1;1;2;1;0;1;2;0;2
12458;67643311;12458;13;3;1;7;3;1;0;1;2;0;2
12459;67643402;12459;13;3;3;2;4;0;1;1;1;0;2
12460;67643402;12460;31;1;1;7;4;0;1;1;1;0;2
12461;67643405;12461;13;1;1;1;3;0;1;1;1;0;2
12462;67643407;12462;31;1;3;2;6;1;0;1;2;0;2
12463;67643503;12463;81;3;1;2;6;0;4;3;1;0;7
12464;67643503;12464;11;1;1;7;6;1;0;1;2;0;2
12465;67643503;12465;11;1;1;7;4;0;1;0;3;0;1
12466;67643506;12466;11;1;1;7;4;0;2;0;1;0;2
12467;67643507;12467;14;3;1;7;6;0;6;2;1;0;8
12468;67644501;12468;51;3;4;3;2;0;1;1;1;0;2
12469;67644501;12469;23;3;3;1;5;0;1;1;1;0;2
12470;67644507;12470;17;3;1;7;2;1;0;1;2;0;2
12471;67644511;12471;51;1;1;7;6;0;1;4;1;0;5
12472;67645502;12472;51;1;1;7;3;0;1;1;1;0;2
12473;67645503;12473;17;1;1;7;1;1;0;1;2;0;2
12474;67645503;12474;61;1;1;7;2;2;0;1;2;0;3
12475;67645503;12475;64;1;1;7;6;1;0;1;2;0;2
12476;67645503;12476;17;1;3;2;2;0;1;1;1;0;2
12477;67645503;12477;52;5;3;1;0;0;3;1;1;0;4
12478;67651302;12478;16;3;3;1;6;2;0;3;2;0;5
12479;67651303;12479;81;3;1;7;6;0;1;3;1;0;4
12480;67652107;12480;16;3;1;7;4;1;0;2;2;0;3
12481;67652108;12481;71;1;1;7;6;0;1;1;1;0;2
12482;67653107;12482;13;1;1;7;6;0;1;1;1;0;2
12483;67653107;12483;13;1;1;7;6;1;1;0;2;0;2
12484;67653107;12484;13;1;3;1;6;1;0;1;2;0;2
12485;67653107;12485;71;1;1;7;8;0;1;1;1;0;2
12486;67653107;12486;13;3;1;7;4;0;1;1;1;0;2
12487;67653204;12487;14;1;1;7;6;1;0;2;2;0;3
12488;67653304;12488;13;1;3;2;4;1;0;2;2;0;3
12489;67653304;12489;19;1;1;7;3;0;1;1;1;0;2
12490;67654401;10558;13;1;1;7;6;1;0;4;2;0;5
12491;67654401;12491;13;1;1;7;6;1;1;0;2;0;2
12492;67654401;12492;13;1;3;2;6;0;1;4;1;0;5
12493;67654401;12493;13;2;1;7;6;1;0;4;2;0;5
12494;67654410;12494;16;1;1;7;6;1;0;2;2;0;3
12495;67656205;12495;11;1;1;7;6;0;1;2;1;0;3
12496;67656205;12496;81;1;1;7;6;0;2;7;1;0;9
12497;67656205;12497;71;1;1;7;6;0;1;1;1;0;2
12498;67657105;12498;16;1;1;7;6;0;1;1;1;0;2
12499;67657105;12499;18;1;1;7;6;0;1;1;1;0;2
12500;67657403;12500;52;1;7;1;2;1;0;1;2;0;2
12501;67657403;12501;13;1;1;7;7;1;0;1;2;0;2
12502;68642408;12502;52;5;1;7;0;0;1;0;1;0;1
12503;68651502;12503;17;1;1;7;4;1;1;0;2;0;2
12504;68651508;12504;81;1;1;7;4;1;0;1;2;0;2
12505;68655505;12505;19;5;1;7;5;2;0;1;2;0;3
12506;68656102;12506;13;1;1;7;6;1;4;2;2;0;7
12507;68656102;12507;13;1;1;7;6;0;2;1;1;0;3
12508;68656102;12508;13;5;1;7;6;1;0;1;2;0;2
12509;68656102;12509;13;1;1;7;6;3;0;0;2;0;3
12510;68656102;12510;13;1;1;7;7;0;0;1;3;0;1
12511;68656102;12511;13;5;1;7;6;1;4;0;2;0;5
12512;68656102;12512;13;5;1;7;6;0;1;1;1;0;2
12513;68656102;12513;13;5;6;7;6;0;3;0;1;0;3
12514;68656102;12514;13;1;6;7;6;2;0;0;2;0;2
12515;68656102;12515;13;1;1;7;6;2;0;0;2;0;2
12516;68656102;12516;13;1;1;7;6;1;1;1;2;0;3
12517;68656102;12517;16;1;1;7;6;0;4;1;1;0;5
12518;68656102;12518;16;5;1;7;6;1;1;3;2;0;5
12519;68656102;12519;13;5;1;7;6;0;3;0;1;0;3
12520;68656102;12520;16;5;1;7;6;1;0;3;2;0;4
12521;68656102;12521;72;5;1;7;6;1;0;1;2;0;2
12522;68656104;12522;81;3;1;7;0;1;0;0;2;0;1
12523;68657505;12523;31;1;1;7;6;0;1;1;1;0;2
12524;68662310;12524;52;1;1;7;0;0;1;0;1;0;1
12525;68662310;12525;16;1;6;7;6;1;0;1;2;0;2
12526;68662310;12526;16;3;1;7;6;0;4;0;1;0;4
12527;68662310;12527;16;3;1;7;6;1;1;0;2;0;2
12528;68662402;12528;19;3;1;7;6;1;1;0;2;0;2
12529;68662402;12529;16;3;1;7;6;0;0;1;3;0;1
12530;68667103;12530;52;1;1;7;7;0;0;1;3;0;1
12531;68676505;12531;16;1;1;7;6;2;0;1;2;0;3
12532;68676505;12532;13;3;1;7;6;0;2;2;1;0;4
12533;68692404;12533;13;1;1;7;6;0;1;4;1;0;5
12534;68802303;12534;81;1;1;2;6;0;2;2;1;0;4
12535;68802303;12535;21;5;3;2;6;1;1;0;2;0;2
12536;68805504;12536;14;3;2;2;6;0;2;0;1;0;2
12537;68807503;12537;13;1;1;7;5;2;0;0;2;0;2
12538;68807507;12538;51;1;1;7;5;0;2;1;1;0;3
12539;68807507;12539;16;3;1;7;4;0;1;1;1;0;2
12540;69684302;12540;64;5;1;7;6;1;0;1;2;0;2
12541;69696111;12541;81;5;1;7;5;1;3;2;2;0;6
12542;69696111;12542;13;3;1;7;6;0;2;3;1;0;5
12543;69696111;12543;13;1;1;7;6;0;2;6;1;0;8
12544;69696111;12544;13;1;1;7;6;0;1;2;1;0;3
12545;69696111;12545;13;1;1;2;6;0;1;1;1;0;2
12546;69696111;12546;16;1;1;7;6;0;3;0;1;0;3
12547;69696111;12547;13;1;2;1;6;0;2;2;1;0;4
12548;69696111;12548;13;1;1;7;6;1;1;0;2;0;2
12549;69705107;12549;16;1;3;1;5;1;0;1;2;0;2
12550;69784404;12550;16;1;1;7;6;1;0;1;2;0;2
12551;69801404;12551;14;1;1;7;3;1;0;1;2;0;2
12552;69804503;12552;16;1;1;2;6;0;1;1;1;0;2
12553;69812106;12553;13;1;1;7;6;1;1;1;2;0;3
12554;69812106;12554;16;3;1;7;4;2;0;4;2;0;6
12555;69812106;12555;16;1;1;7;6;1;0;2;2;0;3
12556;69812106;12556;17;3;1;7;2;1;0;1;2;0;2
12557;69812106;12557;17;1;1;2;2;1;0;1;2;0;2
12558;69812106;12558;13;1;1;7;4;0;1;1;1;0;2
12559;69813105;12559;52;3;1;7;6;1;0;2;2;0;3
12560;69813207;12560;17;1;1;7;2;0;1;1;1;0;2
12561;69813207;12561;17;1;1;7;1;1;0;1;2;0;2
12562;69813207;12562;16;1;1;7;4;1;0;1;2;0;2
12563;69815114;12563;81;3;1;7;6;2;0;0;2;0;2
12564;69815114;12564;11;1;1;7;6;1;0;1;2;0;2
12565;70655205;12565;31;5;1;7;7;1;0;1;2;0;2
12566;70657301;12566;13;1;1;2;6;0;1;1;1;0;2
12567;70673201;12567;81;3;7;2;4;0;1;1;1;0;2
12568;70673201;12568;14;1;1;7;6;1;0;2;2;0;3
12569;70674402;12569;81;1;1;7;4;0;1;1;1;0;2
12570;70692310;12570;71;1;1;7;6;1;0;1;2;0;2
12571;70692310;12571;19;1;1;7;6;0;0;1;3;0;1
12572;70706103;12572;52;1;1;7;6;0;1;4;1;0;5
12573;70706103;12573;11;1;1;7;6;0;0;1;3;0;1
12574;70706103;12574;18;3;1;7;6;0;3;4;1;0;7
12575;70706103;12575;51;1;1;7;6;0;1;1;1;0;2
12576;70706103;12576;12;1;1;7;6;0;3;6;1;0;9
12577;70706103;12577;11;3;1;7;6;1;3;0;2;0;4
12578;70706103;12158;51;1;1;7;6;1;0;1;2;0;2
12579;70706103;12579;51;3;1;7;6;1;0;2;2;0;3
12580;70706103;12580;19;1;1;7;6;0;1;1;1;0;2
12581;70706103;12581;11;1;1;7;6;1;1;3;2;0;5
12582;70706103;12582;11;1;2;1;6;1;2;3;2;0;6
12583;70706103;12583;51;1;6;7;6;0;1;5;1;0;6
12584;70706103;12584;11;1;1;7;6;0;2;0;1;0;2
12585;70804203;12585;51;3;1;1;6;0;1;3;1;0;4
12586;70804410;12586;24;1;1;7;1;1;0;1;2;0;2
12587;70804410;12587;31;1;1;7;4;0;2;1;1;0;3
12588;70805502;12588;31;1;1;7;3;0;1;1;1;0;2
12589;70805503;12589;71;3;1;7;6;1;0;1;2;0;2
12590;70811405;12590;71;3;1;7;6;0;1;1;3;0;2
12591;70812402;12591;81;1;1;7;5;0;1;3;1;0;4
12592;70812508;12592;17;1;1;7;1;0;1;1;1;0;2
12593;70812510;12593;13;3;3;2;6;1;0;1;2;0;2
12594;70812510;12594;13;1;1;7;3;0;1;1;1;0;2
12595;70812510;12595;17;1;1;7;2;0;1;1;1;0;2
12596;70812510;12596;13;1;1;7;3;0;2;1;1;0;3
12597;70812510;12597;13;1;1;7;3;0;2;1;1;0;3
12598;70812510;12598;13;2;1;7;4;0;1;1;1;0;2
12599;70813404;12599;17;3;1;1;2;0;1;1;1;0;2
12600;70813505;12600;51;1;3;1;6;0;3;0;1;0;3
12601;70813505;12601;13;1;1;7;5;1;0;1;2;0;2
12602;70814503;12602;51;1;1;7;3;0;1;1;1;0;2
12603;70814503;12603;72;1;1;7;6;1;0;1;2;0;2
12604;70814505;12604;14;1;1;7;7;2;0;1;2;0;3
12605;70814505;12605;14;3;1;7;7;1;0;2;2;0;3
12606;70814505;12606;14;1;3;2;6;1;0;1;2;0;2
12607;70814505;12607;14;1;2;2;6;0;2;2;1;0;4
12608;70814505;12608;14;1;1;7;4;0;1;1;1;0;2
12609;70814505;12609;13;1;1;7;3;0;1;1;1;0;2
12610;70814505;12610;13;1;2;2;4;1;0;1;2;0;2
12611;70814505;12611;13;1;1;7;4;0;1;1;1;0;2
12612;70814505;12612;13;1;1;7;6;0;1;1;1;0;2
12613;70814505;12613;13;1;1;7;6;1;0;1;2;0;2
12614;70814505;12614;13;1;1;7;7;0;3;0;1;0;3
12615;70814505;12615;13;1;1;7;6;0;2;1;1;0;3
12616;70814505;12616;13;1;3;1;6;0;2;0;1;0;2
12617;70814505;12617;13;1;3;1;6;0;1;1;1;0;2
12618;70814505;12618;13;1;1;1;6;1;0;1;2;0;2
12619;70814505;12619;16;1;1;7;6;0;1;1;1;0;2
12620;70814505;12620;13;1;1;7;3;0;1;1;1;0;2
12621;70815507;12621;71;3;1;1;6;0;0;1;3;0;1
12622;70816102;12622;71;2;1;7;6;0;1;1;1;0;2
12623;70816102;12623;71;1;1;7;6;1;0;1;2;0;2
12624;70816105;12624;81;1;1;7;6;0;2;1;1;0;3
12625;70816105;12625;52;1;3;1;7;0;1;2;1;0;3
12626;70816201;12626;51;1;1;7;6;1;0;1;2;0;2
12627;70816201;12627;14;3;1;7;6;1;0;1;2;0;2
12628;70816201;12628;19;1;1;7;6;0;2;2;1;0;4
12629;70816303;12629;17;3;3;2;2;0;1;1;1;0;2
12630;70816303;12630;17;3;1;7;2;1;0;1;2;0;2
12631;70816303;12631;13;1;3;2;6;0;3;1;1;0;4
12632;70816303;12632;17;3;1;7;2;0;1;1;1;0;2
12633;70816303;12633;17;3;1;7;2;0;1;1;1;0;2
12634;70816303;12634;13;1;1;7;5;0;1;1;1;0;2
12635;70816303;12635;13;1;1;7;8;1;0;1;2;0;2
12636;70816303;12636;85;3;1;7;6;0;1;1;1;0;2
12637;70816305;12637;17;1;3;1;2;0;1;1;1;0;2
12638;70816406;12638;85;3;1;7;6;1;0;1;2;0;2
12639;70816410;12639;14;3;1;7;6;0;1;1;1;0;2
12640;70816410;12640;14;1;3;1;6;1;1;0;2;0;2
12641;70816503;12641;14;1;1;7;6;1;0;2;2;0;3
12642;70816503;12642;14;1;1;7;6;0;1;1;1;0;2
12643;70816503;12643;31;3;1;7;6;0;2;0;1;0;2
12644;70816503;12644;13;1;1;7;5;1;0;1;2;0;2
12645;70816506;12645;14;3;3;2;6;1;5;0;2;0;6
12646;70817105;12646;65;1;1;7;3;0;1;1;1;0;2
12647;70817105;12647;16;3;3;1;6;1;0;1;2;0;2
12648;70817303;12648;17;3;1;7;2;0;1;1;1;0;2
12649;70817405;12649;17;1;1;7;2;0;1;1;1;0;2
12650;70817405;12650;17;1;1;7;1;1;0;1;2;0;2
12651;70817405;12651;21;1;1;7;6;0;1;1;1;0;2
12652;70817406;12652;71;1;1;7;6;0;1;1;1;0;2
12653;70817406;12653;14;3;1;7;6;0;2;0;1;0;2
12654;70817406;12654;14;3;1;7;6;0;7;0;1;0;7
12655;70817406;12655;14;1;1;7;4;0;1;1;1;0;2
12656;70817406;12656;81;3;1;7;6;0;1;0;1;0;1
12657;70817406;12657;17;1;1;7;2;1;0;1;2;0;2
12658;70817406;12658;35;1;1;7;3;0;1;1;1;0;2
12659;70817410;12659;51;3;1;7;6;0;1;1;1;0;2
12660;70817410;12660;17;1;1;7;2;0;1;1;1;0;2
12661;70817410;12661;11;3;1;7;6;0;1;1;1;0;2
12662;70817410;12662;72;1;1;7;6;1;0;1;2;0;2
12663;70817410;12663;42;1;1;7;2;0;1;1;1;0;2
12664;70817410;12664;11;2;1;7;2;0;1;1;1;0;2
12665;70817501;12665;14;1;1;7;6;1;0;1;2;0;2
12666;70817504;12666;72;3;1;7;6;1;0;1;2;0;2
12667;70821106;12667;63;1;1;7;5;2;1;0;2;0;3
12668;70821110;12668;81;3;1;7;6;1;1;0;2;0;2
12669;70821110;12669;81;3;1;7;6;0;1;2;1;0;3
12670;70823102;12670;13;3;1;1;6;1;3;0;2;0;4
12671;70823102;12671;35;1;2;1;3;0;1;1;1;0;2
12672;70823102;12672;35;1;1;7;3;1;0;1;2;0;2
12673;70823301;12673;52;1;1;7;5;1;0;1;2;0;2
12674;70824402;12674;19;1;1;7;6;0;0;1;3;0;1
12675;70824501;11725;16;2;1;7;6;0;1;1;1;0;2
12676;70824501;12676;19;1;1;7;4;1;0;1;2;0;2
12677;70824501;12677;13;3;1;7;4;0;1;1;1;0;2
12678;70824501;12678;51;1;1;7;3;0;1;1;1;0;2
12679;70824501;12679;81;1;1;7;7;0;1;1;1;0;2
12680;70824501;12680;16;3;1;7;6;0;1;1;1;0;2
12681;70824501;12681;99;1;1;7;4;1;0;1;2;0;2
12682;70824501;12682;81;1;1;7;3;0;1;1;1;0;2
12683;70825104;12683;71;2;1;7;6;1;0;1;2;0;2
12684;70825203;12684;31;1;1;7;6;0;1;1;1;0;2
12685;70825203;12685;12;1;1;7;2;0;1;1;1;0;2
12686;70825206;12686;17;5;3;1;2;1;0;1;2;0;2
12687;70825401;12687;63;1;1;7;4;0;1;2;1;0;3
12688;70825401;12688;17;3;3;2;2;0;1;3;1;0;4
12689;70825401;12689;35;1;1;7;4;0;1;1;1;0;2
12690;70825401;12690;72;1;3;1;6;0;1;1;1;0;2
12691;70825401;12691;35;1;1;7;5;1;0;1;2;0;2
12692;70825404;12692;71;3;3;2;6;1;0;1;2;0;2
12693;70825404;12693;18;1;1;7;5;1;0;1;2;0;2
12694;70825404;12694;19;3;1;7;5;1;0;3;2;0;4
12695;70825404;12695;17;2;1;7;2;1;0;1;2;0;2
12696;70825404;12696;71;1;1;7;6;1;0;1;2;0;2
12697;70825404;12697;19;1;1;7;4;1;0;1;2;0;2
12698;70825506;12698;14;1;1;7;6;0;1;1;1;0;2
12699;70825510;12699;14;3;1;7;4;0;1;4;1;0;5
12700;70825510;6609;14;1;1;7;6;0;1;1;1;0;2
12701;70825510;12701;14;1;1;7;6;1;0;1;2;0;2
12702;70825510;12702;14;1;1;7;6;0;1;1;1;0;2
12703;70826105;12703;81;1;3;2;6;0;2;1;1;0;3
12704;70826105;12704;14;1;1;7;6;0;2;0;1;0;2
12705;70826202;12705;17;1;1;7;1;1;0;1;2;0;2
12706;70826301;12706;53;1;1;7;4;0;1;1;1;0;2
12707;70826301;12707;81;3;1;7;6;1;0;1;2;0;2
12708;70826301;12708;19;5;1;7;5;0;1;1;1;0;2
12709;70826301;12709;19;1;1;7;4;0;1;1;1;0;2
12710;70826303;12710;51;1;1;7;3;1;0;1;2;0;2
12711;70826303;12711;16;3;3;1;3;0;1;1;1;0;2