accident_id;lieu_id;date_id;cause_id;lum_id;intemp_id;etat_surface_id;impliq_id;nb_blesses_graves;nb_blesses_legers;nb_indemnes;gravite;nb_morts;nb_impliqués
12712;70826303;12712;13;3;1;7;3;0;1;1;1;0;2
12713;70826305;12713;72;1;1;7;6;1;0;1;2;0;2
12714;70826305;12714;25;3;1;7;6;1;0;1;2;0;2
12715;70826305;12715;81;1;1;7;6;2;0;1;2;0;3
12716;70826308;12716;71;1;1;7;6;1;0;1;2;0;2
12717;70826311;12717;52;3;1;7;0;1;0;0;3;0;1
12718;70826402;12718;13;3;1;7;6;0;1;1;1;0;2
12719;70826402;12719;17;1;1;7;2;1;0;1;2;0;2
12720;70826402;12720;51;1;1;7;3;0;1;1;1;0;2
12721;70826402;12721;17;3;3;1;2;1;0;1;2;0;2
12722;70826402;12722;86;2;3;1;2;1;0;1;2;0;2
12723;70826402;12723;17;1;1;7;2;0;1;1;1;0;2
12724;70827103;12724;51;1;1;7;3;1;0;1;2;0;2
12725;70827103;12725;16;1;1;7;4;1;0;1;2;0;2
12726;70827103;12726;11;1;1;7;6;0;1;2;1;0;3
12727;70827103;12727;16;1;1;7;6;1;0;1;2;0;2
12728;70827103;12728;11;3;1;7;6;0;2;2;1;0;4
12729;70827103;12729;11;1;1;7;6;1;0;1;2;0;2
12730;70827103;12730;11;1;1;7;4;0;1;1;1;0;2
12731;70827103;12731;31;1;1;7;6;0;1;1;1;0;2
12732;70827103;12732;11;3;1;7;6;2;2;0;2;0;4
12733;70827107;12733;72;3;1;7;6;0;0;1;3;0;1
12734;70827107;12734;13;2;6;7;5;0;1;1;1;0;2
12735;70827203;12735;16;3;1;7;4;1;0;1;2;0;2
12736;70827214;12736;16;1;1;7;3;0;1;1;1;0;2
12737;70827305;12737;11;1;1;7;6;0;1;1;1;0;2
12738;70827305;12738;17;1;1;7;2;1;0;1;2;0;2
12739;70827305;12739;35;1;1;7;3;1;0;1;2;0;2
12740;70827305;12740;18;1;1;7;6;0;1;1;1;0;2
12741;70827305;12741;17;1;1;7;2;1;0;1;2;0;2
12742;70827305;12742;16;3;2;1;6;0;3;0;1;0;3
12743;70827305;12743;51;1;3;1;7;0;0;1;3;0;1
12744;70827307;12744;72;2;1;7;4;0;1;1;1;0;2
12745;70827307;12745;19;1;3;2;4;0;1;1;1;0;2
12746;70827307;12746;16;2;1;7;4;0;1;1;1;0;2
12747;70827307;12747;14;1;1;7;4;0;1;1;1;0;2
12748;70827308;12748;52;3;3;2;0;0;2;1;1;0;3
12749;70827308;12749;31;1;1;7;4;0;1;1;1;0;2
12750;70827312;12750;16;3;1;7;4;1;1;1;2;0;3
12751;70827312;12751;16;2;1;7;3;0;1;1;1;0;2
12752;70827401;9277;14;1;1;7;4;1;0;1;2;0;2
12753;70827401;12753;32;1;1;7;6;0;1;1;1;0;2
12754;70827401;12754;14;1;1;7;6;1;0;6;2;0;7
12755;70827401;12755;14;1;3;2;6;0;1;6;1;0;7
12756;70827401;7509;14;1;1;7;3;1;0;1;2;0;2
12757;70827401;12757;14;3;1;7;6;0;1;0;3;0;1
12758;70827401;12758;13;4;1;7;6;1;0;1;2;0;2
12759;70827401;12759;16;1;1;7;4;0;1;1;1;0;2
12760;70827401;12760;13;1;3;1;6;0;2;1;1;0;3
12761;70827401;12761;17;3;1;7;2;0;1;1;1;0;2
12762;70827401;12762;17;1;1;7;2;0;0;1;3;0;1
12763;70827401;12763;81;3;1;7;6;0;2;0;1;0;2
12764;70827401;12764;13;1;1;7;4;0;1;1;1;0;2
12765;70827401;12765;17;1;1;7;2;0;1;1;1;0;2
12766;70827403;12766;19;1;1;7;5;1;0;1;2;0;2
12767;70827404;12767;21;3;1;7;3;0;1;1;1;0;2
12768;70827405;12768;13;3;1;7;6;0;1;1;1;0;2
12769;70836102;12769;14;1;1;7;5;0;1;1;1;0;2
12770;71686404;12770;13;1;1;7;6;1;0;1;2;0;2
12771;71693306;12771;16;1;1;7;6;2;0;0;2;0;2
12772;71693306;12772;16;1;1;7;5;1;0;2;2;0;3
12773;71695104;12773;21;1;1;7;7;0;1;1;1;0;2
12774;71695104;12774;86;1;1;1;9;0;1;3;1;0;4
12775;71695105;12775;13;1;1;7;8;1;0;1;2;0;2
12776;71695105;12776;13;1;1;7;4;0;1;1;1;0;2
12777;71703401;12777;11;3;1;7;2;0;0;1;3;0;1
12778;71703401;12778;15;1;1;7;6;1;0;2;2;0;3
12779;71704402;12779;51;1;1;7;2;0;2;1;1;0;3
12780;71706404;12780;21;2;1;7;6;0;1;1;1;0;2
12781;71785503;12781;14;5;1;2;6;2;4;0;2;0;6
12782;71785503;12782;52;1;1;7;0;1;0;1;2;0;2
12783;71785503;12783;14;1;3;2;6;0;2;1;1;0;3
12784;71796104;12784;16;1;1;7;6;1;0;1;2;0;2
12785;71797204;12785;19;1;1;7;6;3;1;0;2;0;4
12786;71797213;12786;19;1;1;7;6;1;0;3;2;0;4
12787;71797213;12787;51;1;1;7;6;0;1;1;1;0;2
12788;71797403;12788;13;1;1;1;6;0;2;0;1;0;2
12789;71797403;12789;13;3;1;7;6;0;3;0;1;0;3
12790;71803303;12790;71;1;1;7;6;0;1;1;1;0;2
12791;71804302;12791;14;1;3;2;6;0;1;3;1;0;4
12792;71805406;12792;72;1;1;7;6;0;1;1;1;0;2
12793;71805408;12793;16;1;1;7;6;1;0;1;2;0;2
12794;71805408;12794;72;1;1;7;6;1;0;1;2;0;2
12795;71806402;12795;17;1;1;7;4;1;0;1;2;0;2
12796;71806404;12796;13;1;3;2;6;1;0;2;2;0;3
12797;71806404;10475;13;1;1;7;6;0;1;1;1;0;2
12798;71806404;12798;17;1;1;7;4;0;1;1;1;0;2
12799;71806404;12799;81;3;1;7;2;0;1;1;1;0;2
12800;71806404;12800;17;1;3;1;2;0;1;1;1;0;2
12801;71806404;12801;17;1;1;7;4;1;0;1;2;0;2
12802;71806405;12802;42;1;4;4;6;0;1;2;1;0;3
12803;71807306;12803;64;1;1;7;6;1;0;1;2;0;2
12804;71811404;12804;14;1;3;2;6;0;1;1;1;0;2
12805;71811404;12805;81;3;1;7;6;0;1;2;1;0;3
12806;71811404;12806;14;1;6;1;4;0;1;1;1;0;2
12807;71811404;12807;16;1;1;7;6;0;1;1;1;0;2
12808;71811408;12808;51;1;1;7;3;0;1;1;1;0;2
12809;71811410;12809;71;1;1;7;6;1;0;1;2;0;2
12810;71811410;12810;17;1;3;2;2;1;0;1;2;0;2
12811;71811410;12811;13;1;1;7;4;0;1;1;1;0;2
12812;71811410;12812;81;3;1;7;2;0;1;1;1;0;2
12813;71811410;12813;71;3;1;7;6;0;1;1;1;0;2
12814;71811410;12814;73;3;1;7;6;0;1;1;1;0;2
12815;71811504;12815;71;1;3;2;6;0;1;1;1;0;2
12816;71811504;12816;21;1;1;7;6;0;1;1;1;0;2
12817;71811504;12817;17;1;1;7;2;1;0;1;2;0;2
12818;71811505;12818;51;1;1;7;6;0;2;2;1;0;4
12819;71811508;12819;31;1;1;7;6;0;1;1;1;0;2
12820;71811508;12820;71;1;1;7;6;1;0;1;2;0;2
12821;71811508;12821;14;1;1;7;6;1;0;2;2;0;3
12822;71811508;12822;63;1;1;7;4;0;0;2;0;0;2
12823;71812204;12823;16;3;3;2;4;1;0;1;2;0;2
12824;71812406;12824;16;1;1;7;4;0;1;1;1;0;2
12825;71812409;12825;21;3;3;2;6;1;0;1;2;0;2
12826;71812410;12826;17;1;1;7;2;1;0;1;2;0;2
12827;71812410;12827;17;1;3;1;2;0;1;1;1;0;2
12828;71812410;12828;52;3;1;7;6;1;1;1;2;0;3
12829;71812502;12829;17;1;1;7;2;1;0;1;2;0;2
12830;71812502;12830;71;1;1;7;6;0;1;1;1;0;2
12831;71812503;12831;72;1;1;7;6;1;0;1;2;0;2
12832;71812505;12832;19;1;1;7;4;1;0;1;2;0;2
12833;71813207;12833;51;1;1;7;4;0;1;1;1;0;2
12834;71813305;12834;20;1;1;7;3;0;1;2;1;0;3
12835;71813305;12835;19;1;3;1;6;1;0;1;2;0;2
12836;71813305;12836;20;1;1;7;2;0;1;1;1;0;2
12837;71813305;12837;17;1;1;7;4;1;1;1;2;0;3
12838;71813305;12838;16;1;1;7;5;0;2;0;1;0;2
12839;71813401;12839;19;1;1;7;5;0;1;1;1;0;2
12840;71813402;12840;17;3;1;7;2;1;0;1;2;0;2
12841;71813406;12841;18;3;1;7;6;0;4;2;1;0;6
12842;71813406;12842;14;1;3;2;6;0;1;5;1;0;6
12843;71813406;12843;14;1;1;7;4;1;0;1;2;0;2
12844;71813406;12844;19;2;1;7;6;0;1;1;1;0;2
12845;71813406;12845;19;1;1;7;4;1;0;1;2;0;2
12846;71813406;12846;19;1;1;7;6;0;1;1;1;0;2
12847;71813406;12847;19;1;1;7;4;1;0;1;2;0;2
12848;71813406;12848;19;1;1;7;4;0;1;1;1;0;2
12849;71813406;390;51;1;1;7;6;0;1;2;1;0;3
12850;71813406;12850;81;3;1;7;2;1;0;1;2;0;2
12851;71813406;12851;19;1;1;7;4;1;0;1;2;0;2
12852;71813406;12852;19;1;1;7;4;1;0;1;2;0;2
12853;71813406;12853;19;1;1;7;3;0;1;1;1;0;2
12854;71813406;3430;19;2;1;7;4;0;1;1;1;0;2
12855;71813406;12855;19;3;1;7;4;0;1;1;1;0;2
12856;71813406;12856;19;1;1;7;3;0;1;1;1;0;2
12857;71813406;12857;19;3;1;7;6;0;1;0;1;0;1
12858;71813501;12858;14;1;1;7;4;0;1;1;1;0;2
12859;71814104;12859;52;2;1;7;0;3;0;0;2;0;3
12860;71814104;12860;17;1;1;7;2;0;1;1;1;0;2
12861;71814104;12861;52;1;6;2;4;1;4;0;2;0;5
12862;71814104;12862;51;1;1;7;6;0;1;2;1;0;3
12863;71814104;12863;17;1;1;7;2;1;0;1;2;0;2
12864;71814104;12864;11;3;1;7;6;0;1;1;1;0;2
12865;71814501;12865;17;1;1;7;2;0;1;1;1;0;2
12866;71814501;6190;17;1;1;2;1;2;0;1;2;0;3
12867;71814501;12867;17;1;1;7;1;1;0;1;2;0;2
12868;71814506;12868;19;1;1;7;6;1;0;1;2;0;2
12869;71814509;12869;25;3;1;7;0;1;0;0;2;0;1
12870;71814509;12870;52;3;1;7;0;1;4;0;2;0;5
12871;71814510;12871;71;3;2;2;6;0;1;1;1;0;2
12872;71814510;12872;52;3;3;2;3;1;0;1;2;0;2
12873;71814510;12873;71;1;1;7;6;0;1;1;1;0;2
12874;71814510;12874;16;3;3;2;6;1;0;1;2;0;2
12875;71814510;12875;52;3;1;7;0;0;1;0;1;0;1
12876;71814510;12876;17;3;1;7;2;0;1;1;1;0;2
12877;71814510;12877;17;3;3;2;2;0;2;1;1;0;3
12878;71814510;12878;17;1;1;7;2;1;0;1;2;0;2
12879;71816503;12879;14;1;3;1;3;0;1;1;1;0;2
12880;71816504;12880;72;1;1;7;6;1;0;1;2;0;2
12881;71817505;12881;32;1;1;7;6;0;1;1;1;0;2
12882;71821104;12882;16;1;3;2;4;0;1;1;1;0;2
12883;71821104;12883;71;3;3;2;6;1;0;1;2;0;2
12884;71821104;12884;14;1;2;2;6;0;1;1;1;0;2
12885;71821104;12885;51;1;7;7;6;0;1;1;1;0;2
12886;71821104;12886;71;1;1;7;6;1;0;1;2;0;2
12887;71821106;12887;16;1;1;7;4;0;1;1;1;0;2
12888;71821106;12888;12;1;1;7;6;0;1;2;1;0;3
12889;71821106;12889;14;1;3;2;3;0;1;1;1;0;2
12890;71821106;12890;17;1;1;7;2;0;2;1;1;0;3
12891;71821106;12891;17;1;1;7;2;0;1;1;1;0;2
12892;71821106;12892;24;3;2;2;3;1;0;1;2;0;2
12893;71821106;12893;16;3;1;7;4;1;0;1;2;0;2
12894;71821106;12894;17;1;1;7;2;0;1;1;1;0;2
12895;71821106;12895;71;3;2;1;6;1;0;1;2;0;2
12896;71821106;12896;11;1;1;7;3;0;1;1;1;0;2
12897;71821106;12897;11;3;1;1;2;1;0;1;2;0;2
12898;71821107;12898;17;1;3;7;2;0;1;1;1;0;2
12899;71821107;12899;14;1;1;2;6;0;1;1;1;0;2
12900;71821107;12900;17;1;1;7;2;0;1;1;1;0;2
12901;71821109;12901;17;1;1;1;2;0;0;1;3;0;1
12902;71821110;12902;72;1;1;7;6;1;0;1;2;0;2
12903;71821201;12903;17;3;1;7;2;1;0;1;2;0;2
12904;71821201;12904;61;1;1;7;3;0;1;1;1;0;2
12905;71821201;12905;17;1;1;7;1;1;0;1;2;0;2
12906;71821201;12906;17;1;3;1;2;0;1;1;1;0;2
12907;71821203;12907;11;1;1;7;2;1;0;1;2;0;2
12908;71821203;12908;52;3;1;7;6;1;0;1;2;0;2
12909;71821207;12909;25;1;1;7;6;0;1;1;1;0;2
12910;71821208;12910;51;1;1;7;3;1;0;1;2;0;2
12911;71821208;12911;16;3;1;7;6;1;0;1;2;0;2
12912;71821208;12912;11;3;1;7;6;0;1;3;1;0;4
12913;71821208;12913;17;1;1;7;2;1;1;1;2;0;3
12914;71821208;12914;16;3;1;7;6;1;0;1;2;0;2
12915;71821208;12915;17;1;6;7;2;1;0;1;2;0;2
12916;71821208;12916;11;1;1;7;6;0;2;0;1;0;2
12917;71821302;12917;72;1;1;7;6;0;1;1;1;0;2
12918;71821401;12918;14;3;1;7;6;0;2;2;1;0;4
12919;71821401;12919;31;2;1;7;6;1;0;1;2;0;2
12920;71821401;12920;16;1;1;7;3;0;1;1;1;0;2
12921;71821401;12921;16;3;1;7;4;1;0;1;2;0;2
12922;71822101;12922;81;3;1;7;4;0;1;1;1;0;2
12923;71822101;12923;16;3;1;7;5;1;0;1;2;0;2
12924;71822101;12924;19;3;3;1;4;0;1;1;1;0;2
12925;71822107;12925;17;1;1;7;1;0;1;1;1;0;2
12926;71822107;12926;19;1;1;7;3;1;0;1;2;0;2
12927;71822107;12927;17;1;1;7;2;0;1;1;1;0;2
12928;71822107;12928;17;1;1;7;2;0;1;1;1;0;2
12929;71822107;12929;17;3;1;7;2;0;1;2;1;0;3
12930;71822111;12930;52;1;1;7;0;1;0;0;2;0;1
12931;71822111;12931;19;1;1;7;3;0;1;1;1;0;2
12932;71822211;12932;24;1;1;7;2;1;0;1;2;0;2
12933;71822408;12933;64;3;1;7;4;1;0;1;2;0;2
12934;71822415;12934;14;1;1;7;7;1;0;1;2;0;2
12935;71823104;12935;51;1;1;7;2;1;0;1;2;0;2
12936;71823104;12936;16;1;1;7;3;0;1;1;1;0;2
12937;71823206;12937;51;1;1;7;6;0;1;4;1;0;5
12938;71823206;12938;17;3;1;7;1;1;0;1;2;0;2
12939;71823402;12939;13;1;1;7;3;0;1;1;1;0;2
12940;71823402;12940;13;1;1;7;4;0;1;1;1;0;2
12941;71823402;12941;13;1;1;7;6;0;3;3;1;0;6
12942;71823402;12942;81;1;7;2;7;0;0;1;3;0;1
12943;71823407;12943;72;1;1;7;6;1;0;1;2;0;2
12944;71823418;12944;17;3;1;7;2;0;0;1;3;0;1
12945;71823418;12945;13;1;1;7;4;1;0;1;2;0;2
12946;71823418;12946;17;1;1;7;2;1;0;1;2;0;2
12947;71823419;12947;17;1;1;7;2;0;1;1;1;0;2
12948;71823419;12948;17;1;1;7;2;0;1;1;1;0;2
12949;71823419;12949;81;3;1;7;0;0;1;0;1;0;1
12950;71823420;12950;13;1;1;7;5;2;1;2;2;0;5
12951;71823420;12951;13;1;1;7;4;0;1;2;1;0;3
12952;71823420;12952;16;1;1;7;3;0;1;2;1;0;3
12953;71823420;12953;13;1;1;7;4;1;0;1;2;0;2
12954;71823503;12954;13;1;1;7;4;1;1;1;2;0;3
12955;71824211;4324;31;1;1;7;6;0;1;1;1;0;2
12956;71824212;12956;17;1;1;7;2;0;1;1;1;0;2
12957;71824212;12957;17;2;2;2;2;0;1;1;1;0;2
12958;71824212;12958;17;3;1;7;2;1;0;1;2;0;2
12959;71824215;12959;14;1;1;7;6;0;4;1;1;0;5
12960;71824215;12960;51;1;1;7;3;0;1;1;1;0;2
12961;71824215;12961;33;1;1;7;6;0;1;1;1;0;2
12962;71824303;12962;13;1;1;7;4;1;0;1;2;0;2
12963;71824303;12963;14;1;1;7;6;1;1;1;2;0;3
12964;71824303;12964;14;1;1;7;6;0;1;1;1;0;2
12965;71824303;12965;31;1;1;7;4;0;1;1;1;0;2
12966;71824303;12966;13;1;1;7;4;0;1;1;1;0;2
12967;71824303;12967;17;3;2;1;2;0;1;1;3;0;2
12968;71824303;12968;19;1;1;7;4;1;0;1;2;0;2
12969;71824401;12969;62;1;1;7;4;0;1;1;1;0;2
12970;71824405;12970;31;1;1;7;3;0;1;1;1;0;2
12971;71825101;12971;14;1;1;7;6;0;1;1;1;0;2
12972;71825101;12972;21;1;1;7;6;0;1;2;1;0;3
12973;71825101;12973;13;1;1;7;4;0;1;1;1;0;2
12974;71825104;12974;72;1;1;7;6;0;1;1;1;0;2
12975;71825104;12975;13;1;1;7;5;0;1;1;1;0;2
12976;71825107;12976;31;1;1;7;3;0;1;1;1;0;2
12977;71825108;12977;51;1;2;2;7;1;0;1;2;0;2
12978;71825108;12978;17;3;1;7;2;0;1;1;1;0;2
12979;71825108;12979;81;3;1;7;2;1;0;1;3;0;2
12980;71825108;12980;13;1;1;7;4;0;1;1;1;0;2
12981;71825108;12981;81;1;1;7;5;1;1;1;2;0;3
12982;71825108;12982;71;3;1;7;6;0;1;1;1;0;2
12983;71825108;12983;17;3;2;1;2;1;0;1;2;0;2
12984;71825108;12984;81;3;1;7;6;1;1;0;2;0;2
12985;71825110;12985;81;3;3;1;4;1;1;2;2;0;4
12986;71825111;12986;14;3;1;7;6;1;0;2;2;0;3
12987;71825111;12987;13;1;1;2;6;0;2;0;1;0;2
12988;71825111;12988;13;1;1;7;6;0;1;0;1;0;1
12989;71826106;12989;17;1;1;7;2;0;2;2;1;0;4
12990;71826106;12990;71;3;1;7;6;0;1;1;1;0;2
12991;71826106;12991;17;1;1;7;2;1;0;1;2;0;2
12992;71826107;12992;72;1;1;7;6;0;1;1;1;0;2
12993;71826107;12993;14;1;1;7;6;0;2;1;1;0;3
12994;71826107;12994;14;1;1;7;6;0;1;2;1;0;3
12995;71826107;12995;51;3;1;7;3;0;2;0;1;0;2
12996;71826107;12996;14;3;4;3;6;0;1;5;1;0;6
12997;71826107;12997;13;1;3;1;6;2;0;0;2;0;2
12998;71826107;12998;81;3;1;7;6;1;1;0;2;0;2
12999;71826110;12999;71;1;1;7;6;1;0;1;2;0;2
13000;71827102;13000;51;1;1;7;3;1;0;1;2;0;2
13001;71827103;13001;71;1;1;7;6;0;1;1;1;0;2
13002;71827104;13002;67;2;3;1;4;1;0;1;2;0;2
13003;71827203;13003;14;1;1;7;3;0;1;1;1;0;2
13004;71827203;13004;51;1;1;7;3;0;1;1;1;0;2
13005;71827203;13005;85;3;1;7;6;1;0;1;2;0;2
13006;71827205;13006;32;1;1;7;4;1;0;1;2;0;2
13007;71827208;13007;72;1;1;7;6;1;0;1;2;0;2
13008;71831105;13008;13;3;1;7;3;0;1;1;1;0;2
13009;71831105;13009;13;1;1;7;6;1;0;0;2;0;1
13010;71832202;13010;19;1;1;7;5;1;0;1;2;0;2
13011;71832204;13011;52;3;1;7;0;0;2;6;1;0;8
13012;71832204;13012;72;1;1;7;6;1;0;1;2;0;2
13013;71832302;13013;31;3;1;7;6;1;0;2;2;0;3
13014;71832306;13014;52;1;1;7;6;1;2;0;2;0;3
13015;71833104;13015;24;1;1;7;3;0;1;1;1;0;2
13016;71833106;13016;16;3;1;7;6;0;1;3;1;0;4
13017;71833106;13017;81;1;1;7;6;0;1;1;1;0;2
13018;71833106;13018;11;1;1;7;6;0;5;1;1;0;6
13019;71833106;13019;11;1;1;7;6;0;1;1;1;0;2
13020;71833106;13020;11;1;1;7;6;0;1;1;1;0;2
13021;71833106;13021;11;1;7;1;6;0;1;1;1;0;2
13022;71833106;13022;17;1;6;7;2;0;1;1;1;0;2
13023;71833106;4099;11;1;1;7;6;0;1;1;1;0;2
13024;71833106;13024;11;1;3;1;6;0;1;1;1;0;2
13025;71833106;13025;11;1;1;7;6;0;3;0;1;0;3
13026;71833106;13026;64;1;1;7;6;1;0;1;2;0;2
13027;71833106;13027;17;1;1;1;2;0;1;1;1;0;2
13028;71833212;13028;31;1;1;7;4;1;0;0;3;0;1
13029;71833212;13029;13;1;1;7;6;1;0;1;2;0;2
13030;71833212;13030;81;3;1;7;6;1;2;1;2;0;4
13031;71833212;13031;71;1;1;7;6;0;1;1;1;0;2
13032;71833212;13032;13;1;1;7;6;1;2;0;2;0;3
13033;71833212;13033;13;2;1;7;6;0;1;1;1;0;2
13034;71833212;13034;35;3;2;1;3;1;0;1;2;0;2
13035;71835102;13035;16;1;7;7;6;0;2;1;1;0;3
13036;71835102;13036;23;1;1;7;6;1;0;1;2;0;2
13037;71835102;13037;14;1;1;7;3;0;1;1;1;0;2
13038;71842101;13038;17;1;1;7;1;0;1;2;1;0;3
13039;71842101;13039;82;1;1;7;0;0;1;0;3;0;1
13040;71842107;13040;71;2;1;7;6;0;1;1;1;0;2
13041;71842111;13041;21;1;1;7;6;0;1;1;1;0;2
13042;71842111;13042;61;3;1;7;0;1;0;1;2;0;2
13043;71842111;13043;14;3;1;7;6;0;1;0;1;0;1
13044;71842111;13044;81;3;1;7;6;0;1;1;1;0;2
13045;71842203;13045;73;1;1;7;6;0;1;1;1;0;2
13046;71842203;13046;17;1;1;7;2;1;0;1;2;0;2
13047;72674404;13047;31;3;1;7;6;0;1;1;1;0;2
13048;72674404;13048;13;1;1;7;6;0;1;1;1;0;2
13049;72674404;13049;71;2;1;7;8;0;1;1;1;0;2
13050;72681203;13050;17;2;1;7;1;0;1;1;1;0;2
13051;72681205;13051;16;1;1;7;6;1;0;1;2;0;2
13052;72682104;13052;13;1;3;2;6;0;0;1;3;0;1
13053;72682106;13053;51;1;1;7;6;0;1;2;1;0;3
13054;72683104;13054;71;3;1;7;6;0;1;1;1;0;2
13055;72683104;13055;17;2;1;7;2;0;1;1;1;0;2
13056;72702406;13056;21;1;6;1;6;1;1;0;2;0;2
13057;72703405;13057;19;2;1;7;7;0;1;2;1;0;3
13058;72703405;13058;51;1;1;7;6;1;1;0;2;0;2
13059;72705402;13059;13;5;3;1;6;0;3;0;1;0;3
13060;72705504;13060;19;1;1;7;6;0;0;1;3;0;1
13061;72744305;13061;13;1;1;7;4;0;1;1;1;0;2
13062;72744305;13062;13;3;1;7;6;0;2;2;1;0;4
13063;72791405;13063;81;3;1;7;6;1;1;0;2;0;2
13064;72791405;13064;52;3;1;4;6;0;2;0;1;0;2
13065;72791405;13065;13;1;3;1;6;1;0;1;2;0;2
13066;72791405;13066;21;2;1;7;3;0;1;1;1;0;2
13067;72802104;11581;52;1;1;7;0;0;1;0;1;0;1
13068;72802109;13068;72;3;1;7;6;1;0;1;2;0;2
13069;72802205;13069;16;2;1;7;4;1;0;1;2;0;2
13070;72802207;13070;11;1;3;2;6;1;0;1;2;0;2
13071;72802214;13071;17;3;1;7;2;0;1;1;1;0;2
13072;72802214;13072;52;1;1;7;2;0;1;1;1;0;2
13073;72802214;13073;32;1;3;1;7;1;0;1;2;0;2
13074;72803209;13074;52;3;1;1;0;0;1;0;1;0;1
13075;72803302;13075;51;1;1;7;6;0;2;0;1;0;2
13076;72817503;13076;81;1;1;7;6;0;1;1;1;0;2
13077;72817503;13077;18;1;1;7;6;1;0;1;2;0;2
13078;72821106;13078;14;1;1;7;6;0;1;1;1;0;2
13079;72821201;13079;81;3;1;7;0;0;2;0;1;0;2
13080;72821201;13080;81;1;1;1;6;1;0;1;2;0;2
13081;72821210;13081;31;1;1;7;6;1;0;1;2;0;2
13082;72821307;13082;51;3;3;2;0;0;1;0;1;0;1
13083;72821307;13083;13;3;1;7;4;1;0;1;2;0;2
13084;72822310;13084;35;3;1;7;4;0;1;1;1;0;2
13085;72822310;13085;17;3;2;2;2;1;0;1;2;0;2
13086;72822310;13086;16;1;1;7;6;1;1;1;2;0;3
13087;72822317;13087;81;3;1;7;6;0;4;1;1;0;5
13088;72822317;13088;27;1;1;7;9;0;1;0;1;0;1
13089;72822318;13089;71;1;1;7;6;0;1;1;1;0;2
13090;72822318;13090;27;1;1;7;9;0;1;0;1;0;1
13091;72822318;13091;16;3;1;7;5;1;0;1;2;0;2
13092;72822319;13092;81;3;3;2;0;0;1;1;1;0;2
13093;72822320;13093;81;1;1;7;6;0;2;2;1;0;4
13094;72822320;13094;13;1;1;7;3;0;1;1;1;0;2
13095;72823307;13095;17;3;1;1;2;1;0;1;2;0;2
13096;72823307;13096;71;1;1;7;6;1;0;1;2;0;2
13097;72823307;13097;71;3;1;7;6;1;0;1;2;0;2
13098;72823309;13098;13;1;1;7;3;1;0;1;2;0;2
13099;72823312;13099;51;1;1;7;6;0;1;1;1;0;2
13100;72823312;13100;13;1;1;7;4;0;1;1;1;0;2
13101;72823317;13101;81;3;1;7;0;2;0;0;2;0;2
13102;72823317;13102;17;3;3;1;2;1;1;1;2;0;3
13103;72825305;13103;52;3;1;7;6;0;1;3;1;0;4
13104;72825305;13104;71;1;1;7;6;0;1;1;1;0;2
13105;72825401;13105;35;1;1;7;3;1;0;1;2;0;2
13106;72825404;13106;81;1;1;7;6;0;0;2;0;0;2
13107;72825504;13107;21;1;1;7;6;0;1;1;1;0;2
13108;72825504;13108;35;1;1;7;3;0;1;1;1;0;2
13109;72825505;13109;52;1;1;7;0;1;0;0;2;0;1
13110;72825505;13110;52;1;1;7;6;0;3;2;1;0;5
13111;72825505;13111;52;3;1;7;0;2;0;0;3;0;2
13112;72827501;13112;86;3;2;2;6;0;1;1;1;0;2
13113;72835109;13113;81;3;1;2;6;1;0;1;2;0;2
13114;72835109;13114;17;1;1;7;1;1;0;1;2;0;2
13115;72836107;13115;17;3;2;1;1;1;0;1;2;0;2
13116;72836202;13116;17;1;1;7;2;1;0;2;2;0;3
13117;72836202;11208;17;2;3;1;2;0;2;0;1;0;2
13118;72836202;13118;51;1;1;7;3;0;1;1;1;0;2
13119;72836202;13119;71;1;1;7;6;1;0;1;2;0;2
13120;72836202;13120;17;1;1;7;1;0;1;1;1;0;2
13121;72836203;13121;31;1;1;7;6;0;1;1;1;0;2
13122;72836203;13122;13;1;1;7;6;1;3;1;2;0;5
13123;73684205;13123;16;1;1;7;8;0;1;2;1;0;3
13124;73684309;13124;71;1;1;7;6;0;1;2;1;0;3
13125;73684309;13125;71;1;1;7;6;1;0;1;2;0;2
13126;73685202;13126;14;1;1;7;6;0;0;1;3;0;1
13127;73695106;13127;52;1;1;7;6;0;3;0;1;0;3
13128;73695106;13128;71;3;1;7;6;0;1;1;1;0;2