accident_id;lieu_id;date_id;cause_id;lum_id;intemp_id;etat_surface_id;impliq_id;nb_blesses_graves;nb_blesses_legers;nb_indemnes;gravite;nb_morts;nb_impliqués
13129;73696209;13129;13;2;1;7;4;0;1;1;1;0;2
13130;73697204;13130;16;3;1;7;4;1;0;1;2;0;2
13131;73697204;13131;71;1;1;7;6;1;0;1;2;0;2
13132;73697204;13132;73;1;1;7;4;0;1;1;1;0;2
13133;73697204;13133;11;1;1;7;6;0;1;1;1;0;2
13134;73697409;13134;13;3;1;1;4;1;0;1;2;0;2
13135;73713504;13135;51;1;1;7;3;0;0;1;3;0;1
13136;73714301;13136;51;1;1;7;6;1;0;3;2;0;4
13137;73714301;13137;52;1;3;2;0;1;0;0;2;0;1
13138;73714301;13138;81;3;1;7;6;0;3;0;1;0;3
13139;73714301;13139;51;1;2;1;6;1;0;1;2;0;2
13140;73714304;13140;51;1;1;7;6;1;0;1;2;0;2
13141;73743304;13141;51;1;7;7;3;1;0;1;2;0;2
13142;73743304;13142;81;5;1;7;6;0;1;1;1;0;2
13143;73782302;13143;22;1;1;7;6;1;0;3;2;0;4
13144;73782302;13144;36;1;1;7;4;1;1;0;2;0;2
13145;73786404;2303;14;1;1;7;6;0;2;0;1;0;2
13146;73791401;13146;51;1;1;7;6;0;2;1;1;0;3
13147;73791401;13147;51;2;3;1;6;0;1;2;1;0;3
13148;73791401;13148;71;1;3;1;6;0;0;1;3;0;1
13149;73791401;13149;17;1;1;1;4;1;0;1;2;0;2
13150;73791401;13150;63;1;1;7;6;1;0;1;2;0;2
13151;73791401;13151;51;3;1;7;6;4;0;0;3;1;5
13152;73794104;13152;13;3;1;7;6;2;2;1;2;0;5
13153;73794104;13153;13;1;1;7;4;0;1;1;1;0;2
13154;73794104;13154;13;3;3;2;6;1;0;1;2;0;2
13155;73794104;13155;17;5;1;7;2;1;0;1;2;0;2
13156;73794104;13156;23;3;1;7;4;0;1;1;1;0;2
13157;73794104;13157;13;3;3;2;6;2;2;0;3;1;5
13158;73794104;13158;13;3;1;7;6;0;3;0;1;0;3
13159;73794104;13159;16;1;3;1;6;0;1;2;1;0;3
13160;73794104;13160;13;1;1;7;6;0;2;1;1;0;3
13161;73794104;13161;81;3;1;7;6;3;1;0;2;0;4
13162;73794104;13162;71;1;1;1;7;1;0;1;2;0;2
13163;73794104;13163;81;3;3;1;6;0;5;2;1;0;7
13164;73821203;13164;11;1;1;7;6;0;1;1;1;0;2
13165;73821203;13165;16;2;1;2;4;1;0;5;2;0;6
13166;73821203;13166;14;1;7;7;6;2;1;2;2;0;5
13167;73821203;13167;16;3;3;1;6;0;1;1;1;0;2
13168;73821403;8735;13;3;1;2;6;0;3;1;1;0;4
13169;73823101;13169;14;1;1;7;3;1;0;2;2;0;3
13170;73823101;13170;14;1;1;7;3;1;0;1;2;0;2
13171;73833201;13171;31;3;1;7;6;0;1;1;1;0;2
13172;73843203;13172;13;2;1;7;6;1;2;0;2;0;3
13173;73847502;13173;27;1;1;7;6;0;1;2;1;0;3
13174;73855107;13174;14;1;1;7;6;0;1;1;1;0;2
13175;73855107;13175;14;3;1;7;6;0;1;1;1;0;2
13176;74691103;13176;17;1;1;7;1;0;1;1;1;0;2
13177;74691409;13177;81;1;1;7;6;0;1;1;1;0;2
13178;74692304;13178;17;1;1;7;2;1;0;1;2;0;2
13179;74692408;13179;17;3;3;2;2;1;0;2;2;0;3
13180;74694106;13180;13;3;1;1;5;0;1;1;1;0;2
13181;74694202;13181;17;3;1;7;1;0;1;1;1;0;2
13182;74694202;13182;71;1;1;7;6;1;0;1;2;0;2
13183;74697201;13183;13;2;1;7;6;1;0;1;2;0;2
13184;74721203;13184;13;5;1;7;5;1;0;1;2;0;2
13185;74721203;13185;13;1;7;7;6;0;1;1;1;0;2
13186;74721203;13186;13;3;3;1;6;0;1;1;1;0;2
13187;74721203;13187;13;1;1;7;7;1;0;1;2;0;2
13188;74721203;13188;13;3;1;7;6;0;3;2;1;0;5
13189;74721203;13189;13;1;3;1;6;0;1;0;3;0;1
13190;74721203;13190;13;3;1;1;6;0;1;9;1;0;10
13191;74726201;13191;21;1;7;7;6;0;1;1;1;0;2
13192;74733104;13192;19;1;1;7;6;2;0;2;2;0;4
13193;74733104;13193;19;5;1;7;7;0;0;1;3;0;1
13194;74733104;13194;16;1;1;7;6;0;1;2;1;0;3
13195;74733104;13195;19;5;1;7;6;0;2;1;1;0;3
13196;74733104;13196;19;5;1;7;6;1;1;0;2;0;2
13197;74733104;13197;81;3;1;7;6;1;0;2;3;2;5
13198;74734101;13198;11;3;1;2;6;1;0;1;2;0;2
13199;74734101;13199;52;1;1;7;0;0;1;0;1;0;1
13200;74734101;13200;11;1;1;7;6;1;0;1;2;0;2
13201;74734101;13201;19;1;1;1;6;1;1;0;2;0;2
13202;74734101;13202;82;1;1;7;0;1;0;0;2;0;1
13203;74735203;13203;13;1;1;7;4;0;1;1;1;0;2
13204;74735203;13204;52;1;4;3;6;0;1;2;1;0;3
13205;74735203;13205;13;5;3;2;7;0;0;1;3;0;1
13206;74735203;13206;16;1;1;7;6;0;1;1;3;0;2
13207;74735203;13207;13;1;1;7;7;0;2;1;1;0;3
13208;74735203;13208;13;1;1;7;4;0;1;1;1;0;2
13209;74735203;13209;13;1;1;7;6;1;0;1;2;0;2
13210;74737303;13210;19;1;3;2;6;1;0;1;2;0;2
13211;74737303;13211;52;5;1;7;0;0;0;0;3;0;0
13212;74737303;13212;81;3;1;7;7;0;2;0;1;0;2
13213;74746102;13213;19;3;2;2;6;1;1;0;2;0;2
13214;74746102;13214;81;1;2;2;6;0;1;1;1;0;2
13215;74746102;13215;21;3;1;7;6;0;3;1;1;0;4
13216;74746102;13216;31;1;1;7;6;1;0;1;2;0;2
13217;74746102;13217;13;1;1;7;7;1;0;4;2;0;5
13218;74746102;13218;13;1;1;7;7;0;1;1;1;0;2
13219;74747101;13219;16;1;1;7;4;1;0;1;2;0;2
13220;74757204;13220;16;1;1;7;4;1;0;1;2;0;2
13221;74757204;13221;51;3;1;7;7;0;0;1;3;0;1
13222;74757213;13222;13;1;1;7;5;0;2;1;1;0;3
13223;74761303;13223;52;1;1;7;0;1;0;0;2;0;1
13224;74762213;13224;31;1;1;7;3;0;1;1;1;0;2
13225;74783104;13225;13;1;1;7;6;0;2;4;1;0;6
13226;74783104;13226;13;1;3;1;8;1;1;1;2;0;3
13227;74873208;13227;16;1;1;7;6;1;1;1;2;0;3
13228;74873208;13228;13;1;2;1;6;0;2;2;1;0;4
13229;74874302;13229;13;1;1;7;6;1;0;1;2;0;2
13230;74877503;13230;13;1;1;7;3;0;3;2;1;0;5
13231;74877503;13231;13;1;1;7;6;1;0;1;2;0;2
13232;74877503;13232;13;1;1;7;6;1;4;1;2;0;6
13233;74877503;13233;13;1;1;7;6;2;1;2;2;0;5
13234;74877503;13234;16;5;2;1;6;0;2;2;1;0;4
13235;74877503;13235;13;1;3;1;6;1;0;1;2;0;2
13236;74877503;13236;13;1;3;1;7;0;0;1;3;0;1
13237;74877503;13237;16;1;1;1;6;0;1;1;1;0;2
13238;74877503;13238;13;1;1;7;6;1;1;2;2;0;4
13239;74885503;13239;13;2;1;7;5;0;2;3;1;0;5
13240;75695101;13240;52;5;1;1;7;1;0;1;2;0;2
13241;75704503;13241;52;2;1;7;2;0;1;0;3;0;1
13242;75711402;13242;17;1;1;7;2;1;0;1;2;0;2
13243;75712402;13243;52;3;1;4;6;1;1;0;2;0;2
13244;75713207;13244;14;1;1;7;3;1;0;1;2;0;2
13245;75722505;13245;13;1;1;7;7;1;0;1;2;0;2
13246;75722505;13246;13;1;1;7;6;2;1;0;2;0;3
13247;75722505;13247;13;1;1;7;7;1;0;1;2;0;2
13248;75722505;13248;13;1;1;7;4;0;1;1;1;0;2
13249;75722505;13249;13;1;1;7;6;0;2;2;1;0;4
13250;75722505;13250;13;1;1;7;6;0;2;1;1;0;3
13251;75722505;13251;13;1;1;1;6;1;1;0;2;0;2
13252;75731504;13252;21;2;1;7;6;0;1;1;1;0;2
13253;75733403;13253;17;1;3;2;2;1;0;1;2;0;2
13254;75733503;13254;17;1;1;7;2;0;0;1;3;0;1
13255;75734404;13255;13;1;1;7;6;0;1;1;1;0;2
13256;75734404;13256;14;1;1;7;6;1;0;2;2;0;3
13257;75734404;13257;32;1;1;7;6;0;1;1;1;0;2
13258;75734404;13258;14;1;1;7;6;1;2;0;2;0;3
13259;75734404;13259;18;1;3;1;6;0;1;1;1;0;2
13260;75734406;13260;16;1;3;1;6;0;3;1;1;0;4
13261;75735417;13261;14;1;1;7;3;0;2;0;1;0;2
13262;75735501;13262;13;1;1;7;8;0;1;1;1;0;2
13263;75735501;13263;82;1;3;1;6;0;1;1;1;0;2
13264;75736403;13264;17;1;1;7;2;0;1;1;1;0;2
13265;75736501;13265;36;1;3;2;6;0;1;1;1;0;2
13266;75736501;13266;42;1;1;7;5;0;1;1;1;0;2
13267;75736502;13267;14;1;1;7;7;0;1;1;1;0;2
13268;75736502;13268;14;1;3;1;6;0;1;1;1;0;2
13269;75736502;13269;14;1;1;7;6;0;1;1;1;0;2
13270;75736502;13270;14;1;1;7;6;1;0;1;2;0;2
13271;75736505;13271;13;1;1;7;6;0;2;2;1;0;4
13272;75736505;13272;13;3;3;1;6;0;1;2;1;0;3
13273;75736505;13273;99;1;1;7;7;0;1;1;1;0;2
13274;75737403;13274;16;1;1;7;6;0;1;1;1;0;2
13275;75737403;13275;18;1;1;7;6;0;1;1;1;0;2
13276;75737403;13276;16;1;1;7;6;0;4;0;1;0;4
13277;75737407;13277;17;1;1;7;2;1;0;1;2;0;2
13278;75737501;13278;11;1;1;7;1;0;1;1;1;0;2
13279;75737501;13279;11;1;1;7;5;0;2;0;1;0;2
13280;75737501;13280;11;1;1;7;2;0;3;1;1;0;4
13281;75741102;13281;14;3;2;1;6;0;1;1;1;0;2
13282;75743303;13282;13;2;1;7;6;1;1;2;2;0;4
13283;75743303;13283;13;1;1;7;6;0;1;1;1;0;2
13284;75743303;13284;17;1;1;1;2;1;0;1;2;0;2
13285;75743303;13285;16;1;1;7;6;1;0;1;2;0;2
13286;75743303;13286;17;3;2;1;2;0;1;2;1;0;3
13287;75744104;13287;13;1;1;7;4;1;0;2;2;0;3
13288;75745102;13288;18;1;1;7;7;1;0;1;2;0;2
13289;75745109;13289;16;1;3;1;4;0;1;1;1;0;2
13290;75746204;13290;72;1;1;7;6;0;1;1;1;0;2
13291;75747107;13291;13;1;1;7;3;0;1;1;1;0;2
13292;75747201;13292;17;1;1;7;1;0;1;1;1;0;2
13293;75747201;13293;23;3;3;2;6;0;1;0;1;0;1
13294;75747304;13294;31;1;1;7;6;0;1;1;1;0;2
13295;75747304;7127;31;1;1;7;6;0;2;0;1;0;2
13296;75747304;2593;51;3;1;7;6;0;2;1;1;0;3
13297;75747304;13297;51;3;1;7;3;1;0;0;2;0;1
13298;75751411;13298;11;5;3;2;6;0;1;2;1;0;3
13299;75753508;13299;18;1;3;1;4;1;0;1;2;0;2
13300;75754407;13300;67;1;3;1;6;0;1;2;1;0;3
13301;75764405;13301;13;1;1;7;6;0;1;1;1;0;2
13302;75764405;13302;13;5;1;7;6;1;1;0;2;0;2
13303;75764405;13303;13;5;1;7;4;0;1;1;1;0;2
13304;75764405;13304;13;5;1;7;7;0;2;0;3;0;2
13305;75764405;13305;13;5;1;7;7;0;1;1;1;0;2
13306;75764405;13306;13;1;1;7;6;0;2;0;1;0;2
13307;75764405;13307;13;1;1;7;6;0;1;1;1;0;2
13308;75764405;13308;13;5;3;2;6;0;1;1;1;0;2
13309;75764414;13309;13;1;1;7;6;0;1;1;1;0;2
13310;75764414;13310;13;1;1;7;6;0;2;0;1;0;2
13311;75764507;13311;31;3;3;2;4;0;1;1;1;0;2
13312;75764507;13312;51;1;1;7;6;0;1;2;1;0;3
13313;75765302;13313;13;1;1;7;4;0;1;1;1;0;2
13314;75765307;13314;51;1;3;2;6;0;2;1;1;0;3
13315;75766507;13315;41;1;1;7;6;0;1;1;1;0;2
13316;75767402;13316;14;1;1;7;5;0;1;1;1;0;2
13317;75773307;13317;16;1;1;7;6;1;0;3;2;0;4
13318;75773307;13318;16;1;3;1;4;0;1;1;1;0;2
13319;75775103;13319;13;1;3;1;4;1;0;1;2;0;2
13320;75775103;13320;13;3;1;7;6;0;1;0;1;0;1
13321;75776303;13321;16;1;1;7;6;0;1;1;1;0;2
13322;75776303;13322;11;1;1;7;6;0;1;1;1;0;2
13323;75776303;13323;16;1;1;7;6;0;1;1;1;0;2
13324;75776303;13324;16;1;1;7;6;0;1;1;1;0;2
13325;75776303;13325;17;3;3;2;2;0;1;1;1;0;2
13326;75776303;13326;11;1;1;7;6;0;1;1;1;0;2
13327;75776303;13327;16;1;1;7;4;0;1;1;1;0;2
13328;75776303;13328;11;3;1;7;4;0;1;0;1;0;1
13329;75776303;13329;17;1;1;7;2;0;1;1;1;0;2
13330;75776303;13330;16;1;1;7;6;0;1;1;1;0;2
13331;75776303;1723;17;1;1;7;2;1;0;1;2;0;2
13332;75776303;13332;16;3;3;1;6;0;1;2;1;0;3
13333;75776303;13333;16;1;1;7;6;0;2;1;1;0;3
13334;75776303;13334;16;1;1;7;6;0;2;1;1;0;3
13335;75776303;13335;16;1;1;7;6;0;2;0;1;0;2
13336;75776404;13336;13;1;1;7;6;0;1;1;1;0;2
13337;75776404;10486;13;1;1;7;6;0;3;0;1;0;3
13338;75776404;13338;35;3;1;7;6;0;1;0;1;0;1
13339;75776404;13339;13;3;3;1;6;0;1;0;1;0;1
13340;75776404;13340;13;1;1;7;6;0;1;1;1;0;2
13341;75776404;10253;13;1;1;7;6;0;2;1;1;0;3
13342;75776404;13342;16;2;2;2;6;0;3;0;1;0;3
13343;75776404;13343;72;3;1;7;6;0;0;1;3;0;1
13344;75776404;13344;13;1;2;1;6;0;2;0;1;0;2
13345;75776404;13345;13;1;1;7;6;0;1;1;1;0;2
13346;75776404;13346;13;1;2;1;6;0;1;1;1;0;2
13347;75776502;13347;13;1;1;7;7;0;1;1;1;0;2
13348;75776508;13348;13;1;1;7;5;1;0;1;2;0;2
13349;75776508;13349;13;1;1;7;6;0;1;1;1;0;2
13350;75777301;13350;71;1;1;7;6;0;1;1;1;0;2
13351;75777406;13351;14;1;1;7;6;0;1;1;1;0;2
13352;75786201;13352;71;3;1;7;6;1;0;1;2;0;2
13353;75786201;13353;15;1;1;7;6;0;1;1;1;0;2
13354;75786201;13354;11;1;1;7;6;0;1;1;1;0;2
13355;75786201;13355;16;1;1;7;4;1;0;1;2;0;2
13356;75786203;13356;16;1;1;7;6;1;0;1;2;0;2
13357;75786203;13357;13;1;1;7;6;0;2;1;1;0;3
13358;75786203;13358;13;3;1;7;6;0;1;0;1;0;1
13359;75786203;13359;13;1;1;7;6;0;1;4;1;0;5
13360;75786203;13360;13;3;3;1;6;0;2;0;1;0;2
13361;75786203;13361;13;2;3;2;6;0;2;1;1;0;3
13362;75787501;13362;21;1;1;7;7;1;1;1;3;1;4
13363;75792302;13363;13;3;1;7;6;1;0;2;2;0;3
13364;75792508;10449;14;1;1;7;6;0;1;1;1;0;2
13365;75792508;13365;14;1;1;7;6;0;1;1;1;0;2
13366;75792508;13366;14;3;1;7;6;0;1;0;1;0;1
13367;75792508;13367;14;1;1;7;6;0;2;2;1;0;4
13368;75793407;13368;31;3;1;7;6;1;1;0;2;0;2
13369;75794506;13369;72;1;1;7;6;0;1;1;1;0;2
13370;75794511;13370;71;1;1;7;6;0;1;1;1;0;2
13371;75794511;13371;18;1;1;7;4;0;1;1;1;0;2
13372;75796401;13372;14;1;3;2;6;0;1;1;1;0;2
13373;75796401;13373;53;1;1;7;3;2;1;1;2;0;4
13374;75796501;13374;14;1;1;7;6;0;1;1;1;0;2
13375;75796501;13375;14;3;1;7;6;1;0;1;2;0;2
13376;75796502;13376;16;3;1;7;4;0;1;1;1;0;2
13377;75796502;13377;16;1;1;7;4;0;1;1;1;0;2
13378;75796502;13378;31;3;3;2;6;0;1;1;1;0;2
13379;75796502;13379;51;1;1;7;6;0;2;1;1;0;3
13380;75796502;13380;31;1;1;7;7;0;1;1;1;0;2
13381;75796505;13381;17;1;1;7;2;1;0;1;2;0;2
13382;75797201;13382;19;1;1;7;6;0;4;0;1;0;4
13383;75797401;13383;14;3;3;2;6;0;1;1;1;0;2
13384;75797401;13384;16;1;1;7;6;0;1;1;1;0;2
13385;75797401;13385;81;3;3;1;6;1;5;0;2;0;6
13386;75797401;13386;19;1;1;7;4;0;1;1;1;0;2
13387;75797410;13387;13;1;1;7;6;0;1;2;1;0;3
13388;75797410;13388;13;1;3;1;6;0;1;0;1;0;1
13389;75797410;13389;19;3;1;7;6;0;4;0;1;0;4
13390;75797410;13390;13;3;3;2;6;0;1;1;1;0;2
13391;75797412;13391;14;1;1;7;6;0;2;0;1;0;2
13392;75797412;13392;19;1;1;7;8;0;1;1;1;0;2
13393;75797412;13393;19;1;2;1;6;0;2;1;1;0;3
13394;75797412;13394;19;1;1;7;6;0;1;1;1;0;2
13395;75797412;13395;19;1;3;1;6;0;1;2;1;0;3
13396;75797412;13396;19;3;3;2;6;0;1;1;1;0;2
13397;75797412;13397;19;1;1;7;6;0;1;3;1;0;4
13398;75797412;13398;19;1;1;7;6;0;4;1;1;0;5
13399;75797412;13399;19;1;6;2;6;0;5;0;1;0;5
13400;75797412;13400;19;3;3;2;6;0;1;1;1;0;2
13401;75797412;13401;19;3;1;7;6;0;2;1;1;0;3
13402;75803105;13402;14;3;3;2;6;0;2;0;1;0;2
13403;75803205;13403;21;1;1;7;6;0;2;2;1;0;4
13404;75803501;13404;72;1;1;7;6;0;1;1;1;0;2
13405;75805204;13405;52;3;1;7;6;0;2;1;1;0;3
13406;75805301;13406;16;1;1;7;4;0;1;1;1;0;2
13407;75805301;13407;16;1;1;7;3;0;1;1;1;0;2
13408;75805301;13408;13;1;1;7;4;0;1;1;1;0;2
13409;75805301;13409;17;1;1;7;2;0;1;2;1;0;3
13410;75806101;13410;17;2;3;2;2;0;1;1;1;0;2
13411;75806101;13411;17;1;1;2;2;1;0;1;2;0;2
13412;75806102;13412;67;1;1;7;4;0;1;1;1;0;2
13413;75806102;13413;52;3;1;7;0;0;1;0;1;0;1
13414;75806102;13414;14;1;1;7;6;0;1;1;1;0;2
13415;75806104;13415;11;1;1;7;8;0;1;1;1;0;2
13416;75806206;13416;36;1;1;7;6;0;1;1;1;0;2
13417;75806206;13417;16;3;3;2;5;1;0;1;2;0;2
13418;75806315;13418;21;1;1;7;4;0;1;1;1;0;2
13419;75806315;13419;14;1;1;7;6;0;1;1;1;0;2
13420;75806411;13420;52;1;3;2;0;0;1;0;1;0;1
13421;75807206;13421;71;1;1;7;6;0;1;1;1;0;2
13422;75807206;13387;17;1;1;7;1;0;1;1;1;0;2
13423;75807208;13423;71;1;1;7;6;0;1;2;1;0;3
13424;75811302;13424;16;1;1;7;5;0;1;1;1;0;2
13425;75812203;13425;14;1;1;7;6;0;1;1;1;0;2
13426;75812203;13426;13;1;1;7;6;0;1;1;1;0;2
13427;75812203;13427;13;1;1;7;6;0;3;0;1;0;3
13428;75812203;13428;16;1;1;7;6;0;1;1;1;0;2
13429;75812203;13429;16;1;1;2;4;0;1;1;1;0;2
13430;75812203;13430;31;1;1;7;4;0;1;1;1;0;2
13431;75815102;13431;14;1;3;1;6;1;1;1;2;0;3
13432;75837204;13432;14;1;1;1;4;0;1;3;1;0;4
13433;75837204;13433;14;1;1;7;6;1;0;1;2;0;2
13434;75837204;13434;14;1;1;7;7;1;0;0;2;0;1
13435;75856303;13435;13;1;1;7;6;0;0;1;3;0;1
13436;76693305;13436;52;3;1;1;6;0;3;5;1;0;8
13437;76697407;13437;16;1;1;7;4;0;1;1;1;0;2
13438;76697407;13438;16;1;1;7;4;0;1;1;1;0;2
13439;76705307;13439;14;1;1;7;7;0;1;1;1;0;2
13440;76721302;13440;19;1;1;7;6;0;2;2;1;0;4
13441;76721302;13441;19;1;1;7;6;0;0;1;3;0;1
13442;76721306;13442;19;2;1;7;6;0;1;2;1;0;3
13443;76721306;13443;16;1;1;7;6;0;3;1;1;0;4
13444;76723405;13444;85;3;2;1;6;0;1;1;1;0;2
13445;76724206;13445;19;1;1;7;4;1;0;1;2;0;2
13446;76724206;13446;19;1;1;7;6;0;2;0;1;0;2
13447;76724206;13447;19;1;1;7;6;0;3;0;1;0;3
13448;76724206;13448;17;1;1;7;2;0;1;1;1;0;2
13449;76724206;13449;19;1;3;2;6;0;2;0;1;0;2
13450;76724206;13450;41;1;1;7;6;0;1;1;1;0;2
13451;76724206;13451;19;1;3;1;6;0;1;1;1;0;2
13452;76724206;13452;32;1;1;7;7;0;1;1;1;0;2
13453;76724206;13453;19;1;1;7;6;0;1;1;1;0;2
13454;76724206;13454;19;1;1;7;6;0;1;1;1;0;2
13455;76725201;13455;81;1;1;7;6;0;1;1;1;0;2
13456;76726501;13456;32;1;1;7;6;0;1;1;1;0;2
13457;76726501;13457;72;1;1;7;6;0;1;1;1;0;2
13458;76726504;13458;71;1;1;7;6;0;1;1;1;0;2
13459;76727320;13459;19;2;3;1;6;1;0;1;2;0;2
13460;76727503;13460;41;3;1;7;6;0;1;1;1;0;2
13461;76727507;13461;21;1;1;7;6;0;2;2;1;0;4
13462;76731205;13462;72;3;1;7;6;0;1;1;1;0;2
13463;76731405;13463;15;1;2;2;6;0;1;2;1;0;3
13464;76731405;13464;17;3;1;1;2;0;1;1;1;0;2
13465;76731405;13465;51;3;1;7;6;1;0;1;2;0;2
13466;76731405;13466;81;3;1;7;0;0;1;0;1;0;1
13467;76731405;13467;52;2;1;7;0;0;1;1;1;0;2
13468;76731405;13468;16;1;3;1;3;0;1;1;1;0;2
13469;76731405;13469;51;1;1;7;3;0;1;1;1;0;2
13470;76731405;13470;35;1;1;7;3;0;1;1;1;0;2
13471;76731405;13471;11;3;3;1;6;1;1;1;2;0;3
13472;76731405;13472;11;1;1;7;6;0;2;2;1;0;4
13473;76731415;13473;16;1;1;7;6;0;2;0;1;0;2
13474;76732209;13474;13;1;3;1;6;0;1;1;1;0;2
13475;76732209;13475;13;3;3;1;6;0;1;1;1;0;2
13476;76732209;13476;13;2;1;7;6;0;1;1;1;0;2
13477;76732310;13477;17;1;1;7;2;1;0;1;2;0;2
13478;76732401;13478;11;1;1;7;6;0;1;1;1;0;2
13479;76732410;13479;17;1;1;7;2;0;1;0;1;0;1
13480;76732410;13480;11;1;1;7;6;0;1;1;1;0;2
13481;76732410;13481;16;1;1;7;3;1;0;1;2;0;2
13482;76732410;13482;11;1;1;7;6;0;1;1;1;0;2
13483;76732410;13483;11;3;3;1;2;0;1;0;3;0;1
13484;76732410;13484;11;1;1;7;6;0;1;1;1;0;2
13485;76733207;13485;32;1;1;7;7;0;1;1;1;0;2
13486;76733303;13486;13;1;1;7;3;0;1;1;1;0;2
13487;76733303;13487;13;1;1;7;6;0;1;1;1;0;2
13488;76733303;13488;16;2;1;7;4;0;1;3;1;0;4
13489;76733303;13489;13;1;1;7;6;0;2;1;1;0;3
13490;76733308;13490;72;1;1;7;4;0;1;1;1;0;2
13491;76733418;13491;16;3;1;7;4;0;1;0;1;0;1
13492;76733507;13492;72;1;1;7;6;0;1;0;1;0;1
13493;76733509;13493;21;1;1;7;6;0;2;0;1;0;2
13494;76733509;13494;17;1;1;7;1;0;1;1;1;0;2
13495;76734212;13495;13;1;1;7;4;0;1;1;1;0;2
13496;76734212;13496;22;3;1;7;6;0;1;1;1;0;2
13497;76734212;13497;16;3;1;7;5;0;1;0;1;0;1
13498;76734212;13498;61;1;1;7;3;0;1;1;1;0;2
13499;76734309;13499;13;1;1;7;7;0;1;1;1;0;2
13500;76734309;13500;13;1;1;7;6;1;0;0;2;0;1
13501;76734309;13501;13;1;1;7;5;1;1;0;2;0;2
13502;76734309;13502;51;1;1;7;6;0;1;1;1;0;2
13503;76734403;13503;85;3;1;7;6;0;1;1;1;0;2
13504;76734403;13504;63;1;1;7;4;0;1;1;1;0;2
13505;76734502;13505;11;3;1;7;6;0;3;0;1;0;3
13506;76734502;13506;11;1;1;7;4;0;1;1;1;0;2
13507;76734502;13507;81;1;1;7;6;0;2;1;1;0;3
13508;76734502;13508;11;1;3;1;6;0;1;1;1;0;2
13509;76734502;13509;64;1;1;7;6;0;1;1;1;0;2
13510;76734502;13510;71;3;1;7;5;0;3;0;1;0;3
13511;76734503;13511;16;1;1;7;4;0;1;1;1;0;2
13512;76734503;13512;18;1;1;7;6;0;1;1;1;0;2
13513;76735102;13513;16;1;1;7;4;0;1;1;1;0;2
13514;76735103;13514;16;1;1;7;4;1;0;1;2;0;2
13515;76735303;13515;51;1;1;7;6;0;1;1;1;0;2
13516;76736307;13516;65;1;1;7;6;0;1;1;1;0;2
13517;76736403;13517;72;1;1;7;6;0;1;1;1;0;2
13518;76736510;13518;51;2;1;7;6;1;0;1;2;0;2
13519;76736510;13519;11;1;1;7;6;1;0;1;2;0;2
13520;76736510;13520;11;3;1;7;6;0;1;1;1;0;2
13521;76736510;13521;21;1;1;7;6;0;1;1;1;0;2
13522;76736510;13522;11;3;3;2;5;0;3;0;1;0;3
13523;76737401;13523;18;1;1;7;6;0;2;1;1;0;3
13524;76737501;13524;72;1;1;7;6;0;1;1;1;0;2
13525;76737504;13525;17;1;1;7;2;0;1;0;1;0;1
13526;76737508;13526;51;2;3;1;6;0;2;3;1;0;5
13527;76737508;13527;17;1;1;7;2;0;1;1;1;0;2
13528;76737515;13528;13;1;1;7;6;0;2;0;1;0;2
13529;76741209;13529;14;2;1;7;6;0;1;1;1;0;2
13530;76741209;13530;31;1;1;7;6;0;1;1;1;0;2
13531;76746404;13531;51;1;1;7;6;0;1;1;1;0;2
13532;76746404;13532;51;1;3;2;7;0;1;2;1;0;3
13533;76746404;13533;14;1;1;7;3;0;1;1;1;0;2
13534;76746404;13534;16;3;3;1;5;0;1;1;1;0;2
13535;76746404;13535;13;1;1;7;6;0;2;1;1;0;3
13536;76746404;13536;13;1;1;7;5;0;1;1;1;0;2
13537;76746404;13537;71;1;1;7;6;1;0;1;2;0;2
13538;76747303;13538;13;1;2;2;6;0;1;1;1;0;2
13539;76747401;13539;13;3;1;7;6;0;1;1;1;0;2
13540;76747401;1422;13;1;1;7;6;0;1;1;1;0;2
13541;76752103;13541;52;3;1;7;0;0;1;0;1;0;1
13542;76752103;13542;52;1;2;2;6;0;2;0;1;0;2
13543;76752103;13543;14;1;1;7;6;0;1;1;1;0;2
13544;76752110;13544;52;2;1;7;6;0;1;1;1;0;2
13545;76752407;13545;21;1;1;7;6;1;0;1;2;0;2