accident_id;lieu_id;date_id;cause_id;lum_id;intemp_id;etat_surface_id;impliq_id;nb_blesses_graves;nb_blesses_legers;nb_indemnes;gravite;nb_morts;nb_impliqués
13546;76753110;13546;17;2;1;7;2;0;1;1;1;0;2
13547;76753202;13547;13;1;1;7;6;0;4;0;1;0;4
13548;76753202;13548;16;1;1;7;4;0;1;1;1;0;2
13549;76753203;13549;16;3;1;7;4;0;1;1;1;0;2
13550;76753203;13550;17;2;2;1;2;1;0;1;2;0;2
13551;76753203;13551;17;3;3;1;2;0;1;1;1;0;2
13552;76753301;13552;13;1;2;1;6;0;1;1;1;0;2
13553;76753301;13553;71;1;1;7;6;0;1;2;1;0;3
13554;76753306;13554;52;5;1;4;0;0;1;0;1;0;1
13555;76754111;13555;13;1;1;7;6;1;1;0;2;0;2
13556;76754111;13556;41;3;1;7;6;0;5;0;1;0;5
13557;76754402;13557;16;1;1;7;4;0;1;1;1;0;2
13558;76754508;13558;16;1;1;7;6;0;2;0;3;0;2
13559;76754508;13559;16;3;1;7;4;0;1;1;1;0;2
13560;76755104;3677;52;3;1;2;0;0;3;0;1;0;3
13561;76756404;13561;31;1;1;7;6;0;1;1;1;0;2
13562;76757401;13562;14;1;1;7;6;0;2;1;1;0;3
13563;76761101;13563;53;3;3;1;0;0;1;0;1;0;1
13564;76761501;13564;13;1;1;7;6;0;1;1;1;0;2
13565;76762102;13565;13;1;1;7;6;0;1;1;1;0;2
13566;76762102;13566;13;1;1;7;6;1;2;0;2;0;3
13567;76763101;13567;11;3;1;7;6;0;2;1;1;0;3
13568;76763101;13568;31;1;1;7;4;0;1;1;1;0;2
13569;76764509;13569;52;1;1;7;0;0;0;0;3;0;0
13570;76765202;13570;13;1;1;7;4;0;2;0;1;0;2
13571;76765202;13571;13;1;1;7;6;0;2;0;1;0;2
13572;76765202;13572;21;3;1;7;6;0;1;1;1;0;2
13573;76765202;13573;41;2;1;7;6;0;1;0;1;0;1
13574;76765202;13574;11;3;3;1;5;0;1;1;1;0;2
13575;76765307;13575;52;3;1;7;0;1;0;0;2;0;1
13576;76765311;13576;13;1;4;1;6;1;0;1;2;0;2
13577;76765312;13577;13;3;1;4;6;0;1;1;1;0;2
13578;76765312;13578;31;1;1;7;3;0;1;1;1;0;2
13579;76765315;13579;18;1;1;7;6;0;1;1;1;0;2
13580;76765315;13580;16;3;1;7;6;0;2;0;1;0;2
13581;76765316;13581;14;1;1;7;6;0;1;1;1;0;2
13582;76765316;13582;14;1;1;7;3;0;1;1;1;0;2
13583;76765503;13583;31;3;1;7;6;0;1;1;1;0;2
13584;76765503;13584;16;1;1;7;6;0;1;1;1;0;2
13585;76765503;13585;31;1;1;7;6;0;1;1;1;0;2
13586;76766504;13586;14;1;1;7;6;0;1;1;1;0;2
13587;76766507;13587;81;2;1;7;6;0;2;1;1;0;3
13588;76771107;13588;31;1;1;7;4;1;0;1;2;0;2
13589;76771107;13589;13;1;1;7;6;0;3;1;1;0;4
13590;76771205;13590;52;3;3;2;0;0;1;0;1;0;1
13591;76771307;13591;17;3;1;2;1;0;1;1;1;0;2
13592;76771310;13592;64;1;1;7;5;0;1;1;1;0;2
13593;76771310;13593;15;3;1;7;6;0;1;2;1;0;3
13594;76771310;13594;16;2;1;7;4;1;0;1;2;0;2
13595;76771310;13595;31;1;1;7;6;0;1;1;1;0;2
13596;76771506;13596;11;1;1;7;6;1;0;1;2;0;2
13597;76771506;13597;19;1;1;7;6;0;3;0;1;0;3
13598;76771506;13598;11;2;1;7;6;0;1;1;1;0;2
13599;76771506;13599;11;1;1;7;6;0;1;0;1;0;1
13600;76772205;13600;13;3;1;7;6;0;5;0;1;0;5
13601;76772205;13601;13;1;1;7;6;0;2;0;1;0;2
13602;76772205;13602;18;1;1;7;6;0;1;1;1;0;2
13603;76772205;13603;19;1;1;7;6;0;1;1;1;0;2
13604;76772205;13604;19;1;1;7;6;0;3;0;1;0;3
13605;76772205;13605;19;1;1;7;6;0;2;0;1;0;2
13606;76772205;13606;19;1;1;7;6;0;6;0;1;0;6
13607;76772205;13607;19;1;1;7;6;0;2;0;1;0;2
13608;76772205;13608;19;1;1;7;6;0;1;1;1;0;2
13609;76772205;13609;19;1;2;2;6;0;2;0;1;0;2
13610;76772205;13610;19;1;1;7;6;0;1;2;1;0;3
13611;76772205;13611;19;1;3;2;6;0;2;1;1;0;3
13612;76772205;13612;13;1;1;7;6;0;1;1;1;0;2
13613;76772402;13613;14;1;1;7;6;0;1;1;1;0;2
13614;76773404;13614;13;3;1;7;6;0;1;1;1;0;2
13615;76773407;13615;17;1;1;7;2;0;1;1;1;0;2
13616;76773407;13616;17;2;1;2;2;0;1;1;1;0;2
13617;76773408;13617;17;3;3;2;2;0;1;1;1;0;2
13618;76773408;13618;23;1;1;7;4;1;0;1;2;0;2
13619;76773503;13619;52;1;1;7;0;1;0;0;2;0;1
13620;76773507;13620;52;1;1;7;2;0;1;1;1;0;2
13621;76774108;13621;14;1;1;7;3;0;0;1;3;0;1
13622;76774304;13622;13;1;1;7;4;0;1;2;1;0;3
13623;76774307;13623;71;1;1;7;6;0;1;1;1;0;2
13624;76774307;13624;64;1;1;7;6;0;1;1;1;0;2
13625;76774310;13625;31;1;1;7;6;0;1;1;1;0;2
13626;76774310;13626;31;3;1;7;6;0;1;0;1;0;1
13627;76774401;13627;13;3;3;2;6;0;1;1;1;0;2
13628;76774401;13628;16;1;1;7;4;0;1;1;1;0;2
13629;76774402;13629;11;1;2;2;4;0;2;0;1;0;2
13630;76774402;13630;11;1;1;7;6;0;1;2;1;0;3
13631;76774402;13631;11;1;1;7;6;0;1;1;1;0;2
13632;76774405;13632;17;1;3;2;2;0;1;1;1;0;2
13633;76774405;13633;17;3;1;7;2;0;1;1;1;0;2
13634;76774405;13634;11;1;1;7;6;0;1;2;1;0;3
13635;76774405;13635;11;1;1;7;6;0;1;1;1;0;2
13636;76774405;13636;11;3;1;7;6;0;1;1;1;0;2
13637;76774405;13637;16;3;1;7;4;0;1;1;1;0;2
13638;76774405;13638;71;3;1;7;6;0;1;0;1;0;1
13639;76774405;13639;18;3;3;1;4;0;1;1;1;0;2
13640;76774405;13640;32;1;1;7;6;0;1;1;1;0;2
13641;76774405;13641;51;4;3;1;6;0;1;1;1;0;2
13642;76774405;13642;51;1;1;7;7;0;1;1;1;0;2
13643;76774405;13643;17;2;1;7;2;0;1;1;1;0;2
13644;76774409;13644;16;3;1;7;4;0;1;1;1;0;2
13645;76774409;13645;16;1;1;7;6;0;1;1;1;0;2
13646;76774409;13646;17;1;1;7;2;0;1;1;1;0;2
13647;76774409;13647;64;1;1;7;6;0;2;1;1;0;3
13648;76774506;13648;71;1;2;1;6;0;1;1;1;0;2
13649;76774511;13649;13;1;1;7;6;0;2;0;1;0;2
13650;76774511;13650;17;1;3;2;1;0;2;1;1;0;3
13651;76774511;13651;13;1;1;7;4;0;1;1;1;0;2
13652;76774511;13652;13;1;1;7;4;0;1;1;1;0;2
13653;76774511;13653;13;1;1;7;4;0;1;1;1;0;2
13654;76774511;13654;13;1;1;7;3;0;1;1;1;0;2
13655;76775102;13655;13;1;1;7;5;0;2;1;1;0;3
13656;76775102;13656;72;1;1;7;6;1;0;1;2;0;2
13657;76775404;13657;16;2;3;2;5;0;1;1;1;0;2
13658;76775404;13658;17;1;1;7;2;1;0;1;2;0;2
13659;76775406;13659;16;3;1;7;6;0;1;1;1;0;2
13660;76775406;13660;51;2;1;7;6;0;7;1;1;0;8
13661;76775406;13661;32;1;1;7;6;0;1;1;1;0;2
13662;76776105;13662;14;1;1;7;4;0;1;1;1;0;2
13663;76776209;13663;41;1;1;7;4;0;1;1;1;0;2
13664;76776303;13664;13;1;1;7;6;0;1;1;1;0;2
13665;76776311;13665;14;1;1;7;6;0;1;1;1;0;2
13666;76776311;13666;72;1;1;7;6;0;1;1;1;0;2
13667;76776406;13667;11;1;1;7;6;1;0;1;2;0;2
13668;76776406;13668;11;1;3;1;6;0;2;0;1;0;2
13669;76776406;13669;11;1;1;1;6;0;1;1;1;0;2
13670;76777104;13670;13;1;1;7;5;0;1;1;1;0;2
13671;76777104;13671;13;1;1;7;4;0;1;1;1;0;2
13672;76777104;13672;13;1;1;7;6;0;1;1;1;0;2
13673;76777104;13673;13;1;1;7;5;0;1;1;1;0;2
13674;76777104;13674;13;3;3;2;6;1;1;0;2;0;2
13675;76777204;13675;21;3;1;7;3;0;1;1;1;0;2
13676;76777204;13676;51;1;1;7;6;0;1;1;1;0;2
13677;76777407;13677;13;3;1;7;6;0;2;0;1;0;2
13678;76782111;13678;11;1;1;7;6;0;1;2;1;0;3
13679;76782111;13679;11;1;3;1;6;0;1;1;1;0;2
13680;76783106;13680;41;1;1;7;6;0;1;1;1;0;2
13681;76783114;13681;11;1;1;7;6;0;2;1;1;0;3
13682;76783114;13682;19;1;3;2;6;0;2;0;1;0;2
13683;76787104;12317;41;3;1;7;6;0;1;1;1;0;2
13684;76791402;13684;21;5;3;2;6;0;2;2;1;0;4
13685;76791406;13685;13;1;1;7;6;0;1;1;1;0;2
13686;76803401;13686;14;1;1;7;6;0;0;1;3;0;1
13687;76803401;13687;14;1;1;1;6;0;1;2;1;0;3
13688;76817304;13688;17;2;1;7;1;1;0;0;2;0;1
13689;76817304;13689;52;1;1;7;0;1;0;0;2;0;1
13690;76822502;5218;13;1;1;7;5;1;1;1;2;0;3
13691;76847502;13691;31;3;1;7;4;0;1;2;1;0;3
13692;76847502;7630;17;1;3;1;2;0;1;1;1;0;2
13693;76847502;13693;16;3;3;1;4;1;0;1;2;0;2
13694;76847502;13694;71;3;3;2;6;0;0;1;3;0;1
13695;76857107;13695;13;1;1;7;5;1;0;4;2;0;5
13696;76857304;13696;14;2;1;7;6;1;0;0;2;0;1
13697;76857502;13697;21;1;1;7;6;0;1;2;1;0;3
13698;76862103;13698;13;1;1;7;6;1;0;0;3;0;1
13699;76892203;13699;19;1;1;7;6;0;1;1;1;0;2
13700;76894504;13700;13;3;1;7;6;0;3;0;1;0;3
13701;76896104;13701;52;3;1;6;0;0;1;0;1;0;1
13702;76906204;13702;16;2;1;1;4;0;1;1;1;0;2
13703;76906204;13703;51;1;1;7;6;0;1;1;1;0;2
13704;76906204;13704;51;1;3;2;5;0;2;1;1;0;3
13705;76906204;13705;51;3;1;7;6;0;1;1;1;0;2
13706;76906204;13706;16;1;1;7;6;0;1;1;1;0;2
13707;76907303;13707;72;1;1;7;6;1;0;1;2;0;2
13708;76907303;13708;14;1;3;2;6;0;1;1;1;0;2
13709;76907304;13709;63;1;1;7;6;0;1;1;1;0;2
13710;76907304;13710;16;3;1;7;6;0;5;0;1;0;5
13711;77667202;13711;16;3;4;2;4;1;0;1;2;0;2
13712;77667202;13712;16;3;1;7;6;1;0;1;2;0;2
13713;77667202;13713;41;1;3;1;6;1;0;1;2;0;2
13714;77676502;13714;81;5;1;7;0;0;3;3;1;0;6
13715;77683203;13715;81;3;1;7;6;0;1;1;1;0;2
13716;77683203;13716;51;1;1;7;6;0;4;1;1;0;5
13717;77683203;13717;11;3;1;7;6;0;2;2;1;0;4
13718;77683203;13718;16;1;1;7;5;1;0;1;2;0;2
13719;77683203;13719;14;1;1;7;6;0;1;1;1;0;2
13720;77691203;13720;81;5;1;7;0;1;0;0;2;0;1
13721;77691203;13721;16;3;1;7;6;1;0;1;2;0;2
13722;77696519;13722;52;1;1;7;6;1;0;1;2;0;2
13723;77696519;13723;14;1;2;1;6;0;1;3;1;0;4
13724;77706405;13724;13;1;2;2;6;0;4;1;1;0;5
13725;77713411;13725;16;3;1;1;4;1;0;1;2;0;2
13726;77714202;13726;52;1;1;7;0;0;2;3;1;0;5
13727;77714303;13727;16;1;6;7;3;0;1;1;1;0;2
13728;77715402;13728;51;1;1;7;6;0;1;1;1;0;2
13729;77715402;13729;13;1;1;7;6;0;1;1;1;0;2
13730;77715402;13730;13;1;1;7;6;0;1;1;1;0;2
13731;77715402;13731;51;1;3;2;6;0;2;3;1;0;5
13732;77715402;13732;13;1;1;7;4;0;1;4;1;0;5
13733;77715415;1992;52;1;2;2;0;0;1;0;1;0;1
13734;77721201;13734;41;1;1;7;6;0;1;1;1;0;2
13735;77721208;13735;16;1;1;7;4;0;1;1;1;0;2
13736;77721208;13736;16;1;1;7;4;0;1;1;1;0;2
13737;77721208;13737;16;1;1;7;6;0;1;0;1;0;1
13738;77721208;13738;16;1;1;7;6;0;2;1;1;0;3
13739;77721208;13739;16;1;1;7;5;1;1;0;2;0;2
13740;77721208;13740;16;1;1;7;7;0;1;1;1;0;2
13741;77721208;13741;16;1;1;7;3;1;0;1;2;0;2
13742;77721208;13742;31;1;1;7;3;0;1;1;1;0;2
13743;77721208;13743;16;1;1;7;3;0;1;1;1;0;2
13744;77721304;13744;31;1;1;7;3;0;1;1;1;0;2
13745;77721402;13745;14;1;3;2;3;0;1;1;1;0;2
13746;77721502;13746;19;1;1;7;6;0;1;1;1;0;2
13747;77721502;13747;19;1;1;7;6;0;2;0;1;0;2
13748;77721502;13748;19;3;1;7;5;0;1;1;1;0;2
13749;77721502;4732;19;1;1;7;6;0;1;1;1;0;2
13750;77721502;13750;19;3;1;1;5;0;0;1;3;0;1
13751;77721502;13751;19;1;1;7;6;0;1;2;1;0;3
13752;77721502;13752;19;1;1;7;6;0;1;1;1;0;2
13753;77721502;13753;19;4;1;7;6;0;1;0;1;0;1
13754;77721502;13754;19;1;1;7;6;0;3;1;1;0;4
13755;77721502;13755;19;1;1;7;7;0;1;1;1;0;2
13756;77721502;13756;19;1;1;7;6;0;2;3;1;0;5
13757;77721502;13757;19;1;1;7;6;0;3;0;1;0;3
13758;77721502;13758;19;1;1;7;6;0;1;1;1;0;2
13759;77721502;13759;19;1;1;7;6;0;2;1;1;0;3
13760;77721502;13760;19;2;1;7;4;0;1;1;1;0;2
13761;77721502;13761;81;1;1;7;6;0;2;1;1;0;3
13762;77721502;13762;19;3;1;2;6;0;1;1;1;0;2
13763;77722109;13763;14;1;1;7;6;0;2;2;1;0;4
13764;77723101;13764;14;3;3;2;6;0;1;1;1;0;2
13765;77723107;13765;51;1;3;2;6;0;2;0;1;0;2
13766;77723107;13766;11;1;1;7;6;0;2;1;1;0;3
13767;77723107;13767;12;3;1;7;6;0;1;1;1;0;2
13768;77723107;13768;16;1;3;1;6;0;2;1;1;0;3
13769;77723107;13769;11;3;1;7;6;0;1;2;1;0;3
13770;77723107;13770;19;1;2;1;6;0;1;1;1;0;2
13771;77723107;13771;17;1;1;7;4;0;1;1;1;0;2
13772;77723301;13772;19;1;1;7;6;0;1;1;1;0;2
13773;77723301;13773;19;1;1;7;6;0;1;1;1;0;2
13774;77723301;5887;16;1;1;7;5;0;1;1;1;0;2
13775;77723301;13775;19;1;1;7;6;0;1;1;1;0;2
13776;77723301;13776;11;1;1;7;6;0;2;0;1;0;2
13777;77723301;13777;16;1;1;7;6;0;1;1;1;0;2
13778;77723301;13778;11;1;1;7;6;0;1;1;1;0;2
13779;77723301;13779;11;1;1;7;6;0;3;2;1;0;5
13780;77723301;13780;16;1;1;7;6;0;1;2;1;0;3
13781;77723301;13781;16;1;1;7;6;0;2;0;1;0;2
13782;77723301;13782;81;3;2;1;6;1;3;0;3;1;5
13783;77724304;13783;51;1;1;7;6;0;3;1;1;0;4
13784;77724304;13784;16;1;1;7;6;0;3;0;1;0;3
13785;77724304;13785;23;1;1;7;6;0;1;1;1;0;2
13786;77724304;13786;52;3;1;7;0;0;6;0;1;0;6
13787;77724304;13787;16;3;1;7;5;0;1;1;1;0;2
13788;77726504;13788;41;1;1;7;4;0;1;1;1;0;2
13789;77731411;13789;31;1;3;1;6;0;1;1;1;0;2
13790;77731503;13790;13;2;4;4;3;0;1;1;1;0;2
13791;77731503;13791;20;3;1;7;2;0;1;0;1;0;1
13792;77731503;13792;17;1;1;7;2;0;1;1;1;0;2
13793;77731512;13793;11;1;1;7;6;0;1;1;1;0;2
13794;77731512;13794;81;2;3;2;6;1;0;1;2;0;2
13795;77731512;13795;16;1;1;7;6;0;2;0;1;0;2
13796;77732201;13796;51;1;1;7;7;0;1;1;1;0;2
13797;77732201;13797;52;1;1;7;0;0;1;1;1;0;2
13798;77732501;13798;16;1;1;7;6;0;1;1;1;0;2
13799;77732501;13799;18;3;1;7;6;0;1;1;1;0;2
13800;77732501;13800;72;1;1;7;6;0;1;1;1;0;2
13801;77732501;13801;16;1;1;7;6;0;1;1;1;0;2
13802;77732501;13802;16;1;1;7;6;0;1;1;1;0;2
13803;77732501;13803;16;2;1;7;6;0;1;2;1;0;3
13804;77732501;13804;16;1;1;7;4;0;1;1;1;0;2
13805;77732501;13805;81;3;1;7;6;0;1;2;1;0;3
13806;77732501;13806;17;1;1;7;2;0;1;1;1;0;2
13807;77732501;13807;51;1;1;7;6;0;2;1;1;0;3
13808;77732501;13808;16;1;1;7;6;0;1;1;1;0;2
13809;77732501;13809;11;1;1;7;6;0;2;1;1;0;3
13810;77733307;13810;16;1;1;7;8;0;1;1;1;0;2
13811;77734102;13811;14;3;3;2;6;0;2;0;1;0;2
13812;77734507;13812;52;1;1;7;0;0;2;0;1;0;2
13813;77734509;13813;51;1;1;7;6;0;1;1;1;0;2
13814;77734514;13814;71;1;3;2;6;0;1;1;1;0;2
13815;77735105;13815;52;1;1;7;4;0;1;1;1;0;2
13816;77735110;13816;22;1;1;7;4;0;1;1;1;0;2
13817;77735110;13817;71;1;1;7;6;0;1;1;1;0;2
13818;77735302;13818;21;1;1;7;6;0;1;1;1;0;2
13819;77735411;13819;13;3;3;2;4;0;1;1;1;0;2
13820;77735411;13820;13;1;1;7;6;0;1;1;1;0;2
13821;77735411;13821;51;3;1;7;6;0;2;0;1;0;2
13822;77735411;13822;13;1;1;7;6;0;2;0;1;0;2
13823;77735411;13823;13;1;1;7;4;0;1;1;1;0;2
13824;77735411;13824;21;1;1;7;4;0;1;1;1;0;2
13825;77735411;13825;13;3;1;7;6;1;0;1;2;0;2
13826;77735411;13826;13;1;4;3;6;0;1;1;1;0;2
13827;77735513;13827;13;1;1;7;6;0;1;1;1;0;2
13828;77735513;13828;42;1;1;7;5;0;2;1;3;1;4
13829;77736117;13829;31;1;1;7;3;0;1;1;1;0;2
13830;77736117;13830;11;1;2;2;6;0;5;0;1;0;5
13831;77736117;13831;14;3;1;7;6;0;3;0;1;0;3
13832;77736117;13832;16;3;1;7;6;0;3;0;1;0;3
13833;77736117;13833;16;3;1;7;6;0;2;0;1;0;2
13834;77736117;13834;15;5;1;7;6;0;2;1;1;0;3
13835;77736117;13835;11;1;1;7;6;1;0;1;2;0;2
13836;77736117;13836;72;1;1;7;5;0;1;1;1;0;2
13837;77736117;13837;15;3;1;2;6;0;1;1;1;0;2
13838;77736209;13838;11;1;1;7;6;1;0;1;2;0;2
13839;77736209;13839;11;3;1;7;3;0;1;1;1;0;2
13840;77736209;13840;14;1;1;7;6;0;2;2;1;0;4
13841;77736318;13841;51;1;3;2;6;0;1;1;1;0;2
13842;77736402;13842;17;3;1;7;2;0;1;1;1;0;2
13843;77736402;13843;16;1;1;7;3;0;1;1;1;0;2
13844;77736407;13844;17;1;1;7;2;0;1;1;1;0;2
13845;77736407;13845;52;1;3;2;2;0;1;1;1;0;2
13846;77736407;13846;52;3;1;7;0;3;0;0;3;0;3
13847;77736407;13847;71;1;1;7;6;0;1;1;1;0;2
13848;77736407;13848;17;1;1;7;2;1;0;1;2;0;2
13849;77736502;13849;52;3;1;7;0;0;1;0;1;0;1
13850;77737101;13850;16;2;1;7;5;1;0;1;2;0;2
13851;77737206;13851;11;1;1;7;6;0;1;1;1;0;2
13852;77737206;13852;16;1;1;7;6;0;1;2;1;0;3
13853;77737207;13853;81;1;2;1;6;0;1;7;1;0;8
13854;77737211;13854;11;1;1;7;6;0;2;0;1;0;2
13855;77737211;13855;16;1;1;7;5;1;0;1;2;0;2
13856;77737211;13856;16;2;1;7;4;1;0;1;2;0;2
13857;77737211;13857;16;1;1;7;4;0;1;1;1;0;2
13858;77737301;13858;11;1;1;7;6;1;0;1;2;0;2
13859;77737301;13859;51;1;1;7;6;0;4;1;1;0;5
13860;77737301;3430;14;2;1;1;6;0;1;1;1;0;2
13861;77737301;13861;16;2;1;7;3;0;1;1;1;0;2
13862;77737301;13862;17;1;1;7;2;0;1;1;1;0;2
13863;77737301;13863;11;1;1;7;6;0;3;0;1;0;3
13864;77737301;13864;11;1;1;7;5;0;0;1;3;0;1
13865;77737301;13865;11;1;1;7;6;1;0;1;2;0;2
13866;77737308;13866;53;1;1;7;6;0;1;2;1;0;3
13867;77737308;13867;16;1;1;7;4;0;1;1;1;0;2
13868;77737308;13868;11;3;1;7;6;0;2;1;1;0;3
13869;77737308;13869;21;3;1;1;6;0;2;1;1;0;3
13870;77737308;13870;11;1;1;7;6;0;1;1;1;0;2
13871;77737308;13871;11;3;1;7;8;3;2;1;2;0;6
13872;77737308;13872;11;1;1;7;6;0;2;0;1;0;2
13873;77737308;13873;25;1;1;7;0;1;0;0;2;0;1
13874;77737308;13874;11;1;1;7;6;0;2;0;1;0;2
13875;77737308;13875;32;1;1;7;7;0;0;1;3;0;1
13876;77737308;13876;99;1;1;7;6;0;2;0;1;0;2
13877;77737308;13877;18;1;1;7;6;0;2;1;1;0;3
13878;77737308;13878;11;2;7;1;6;0;3;0;1;0;3
13879;77737308;4216;12;3;3;1;6;0;2;2;1;0;4
13880;77737308;13880;81;3;1;7;6;0;2;0;1;0;2
13881;77737308;13881;11;1;3;2;4;1;1;2;2;0;4
13882;77737308;13882;11;1;3;2;6;0;1;1;1;0;2
13883;77737308;13883;11;1;3;2;6;0;1;1;1;0;2
13884;77737505;13884;21;1;1;7;6;0;2;1;1;0;3
13885;77742209;13885;51;1;1;7;6;0;1;1;1;0;2
13886;77742209;13886;51;1;1;7;6;0;1;3;1;0;4
13887;77742209;13887;24;1;2;2;6;0;3;2;1;0;5
13888;77743102;13888;23;1;1;7;6;0;2;2;1;0;4
13889;77743102;13889;81;3;1;7;6;0;1;1;1;0;2
13890;77743102;13890;52;3;1;7;0;0;1;0;1;0;1
13891;77743102;13891;16;1;1;7;6;0;1;1;1;0;2
13892;77743102;13892;16;1;1;7;3;0;1;1;1;0;2
13893;77743102;13893;16;3;1;7;5;0;1;1;1;0;2
13894;77743102;13894;16;1;3;2;6;0;1;1;1;0;2
13895;77743102;13895;23;2;1;7;4;0;1;1;1;0;2
13896;77743102;13896;31;1;1;7;6;0;1;1;1;0;2
13897;77743102;13897;11;1;1;7;6;1;0;1;2;0;2
13898;77743102;13898;51;1;1;7;6;0;3;2;1;0;5
13899;77743102;13899;17;3;1;7;2;1;1;1;2;0;3
13900;77743104;13900;71;1;1;7;6;0;1;1;1;0;2
13901;77743104;13071;51;3;1;7;6;0;1;1;1;0;2
13902;77743104;13902;99;1;1;7;6;0;1;1;1;0;2
13903;77743104;13903;11;1;1;7;6;0;1;1;1;0;2
13904;77744102;13904;51;2;3;2;6;0;1;2;1;0;3
13905;77744102;13905;17;1;1;7;1;0;1;1;1;0;2
13906;77744106;13906;13;1;1;7;4;0;1;1;1;0;2
13907;77744106;13907;63;1;1;1;7;0;1;1;1;0;2
13908;77744210;13908;71;1;1;7;6;1;0;1;2;0;2
13909;77744210;13909;52;1;1;7;6;0;1;2;1;0;3
13910;77744210;13910;71;3;6;1;6;0;1;1;1;0;2
13911;77744404;13911;12;1;1;7;2;0;1;1;1;0;2
13912;77744506;13912;81;1;1;7;6;1;0;1;2;0;2
13913;77745103;13913;21;3;3;2;6;0;1;2;1;0;3
13914;77745103;13914;19;1;1;7;3;1;0;1;2;0;2
13915;77745103;13915;19;1;1;7;4;0;1;1;1;0;2
13916;77745103;13916;33;1;1;7;3;0;1;1;1;0;2
13917;77745103;13917;17;1;1;2;2;0;1;1;1;0;2
13918;77745103;13918;72;3;3;2;6;0;1;1;1;0;2
13919;77745103;13919;32;1;1;7;6;0;1;1;1;0;2
13920;77745103;13920;16;3;1;7;3;0;1;1;1;0;2
13921;77745103;13921;17;1;1;7;2;1;0;1;2;0;2
13922;77745103;13922;52;3;1;7;0;0;1;0;1;0;1
13923;77745106;13923;81;4;1;7;4;0;0;1;3;0;1
13924;77745106;13924;17;4;1;2;2;1;0;1;2;0;2
13925;77745106;13925;13;1;1;7;6;0;2;1;1;0;3
13926;77745106;13926;12;3;1;7;9;0;1;0;1;0;1
13927;77745106;13927;13;1;1;7;6;0;2;0;1;0;2
13928;77745106;13928;13;1;1;7;4;0;1;1;1;0;2
13929;77745107;13929;11;1;3;2;6;0;1;1;1;0;2
13930;77745107;13930;16;3;1;7;4;0;1;1;1;0;2
13931;77745107;13931;11;2;3;2;4;0;2;0;1;0;2
13932;77745107;13932;18;1;1;7;5;0;1;1;1;0;2
13933;77745107;13933;71;1;1;7;6;0;1;1;1;0;2
13934;77745107;13934;11;1;1;7;6;0;1;1;1;0;2
13935;77745204;2934;17;1;1;7;2;0;1;1;1;0;2
13936;77745204;13936;13;3;1;7;6;0;4;0;1;0;4
13937;77745204;13937;13;1;1;7;6;0;1;1;1;0;2
13938;77745204;13938;13;1;1;7;4;0;1;2;1;0;3
13939;77745204;13939;17;1;1;7;2;0;1;0;1;0;1
13940;77745204;13940;13;1;1;7;6;0;2;1;1;0;3
13941;77745204;13941;12;1;1;7;6;0;1;3;1;0;4
13942;77745206;13942;13;1;1;7;4;0;1;1;1;0;2
13943;77746101;13943;31;1;1;7;6;0;1;1;1;0;2
13944;77746108;13944;19;1;1;7;5;0;1;2;1;0;3
13945;77746209;13945;11;1;1;7;6;0;1;1;1;0;2
13946;77746209;13946;17;3;1;7;2;0;1;1;1;0;2
13947;77746209;13947;11;4;1;7;6;0;1;1;1;0;2
13948;77746210;13948;51;1;1;7;6;0;1;2;1;0;3
13949;77746210;13949;22;3;3;1;6;0;1;1;1;0;2
13950;77746306;13950;13;1;1;7;6;0;1;1;1;0;2
13951;77747101;13951;19;1;1;7;6;1;2;1;2;0;4
13952;77747101;13952;19;1;1;2;6;0;2;1;1;0;3
13953;77747110;13953;14;1;1;7;6;0;3;0;1;0;3
13954;77747110;13954;14;3;3;2;6;0;2;0;1;0;2
13955;77747110;13955;14;1;1;7;6;0;1;1;1;0;2
13956;77747114;13956;71;1;1;7;6;0;1;1;1;0;2
13957;77747114;13957;13;3;1;7;6;0;1;2;1;0;3
13958;77747114;13958;13;2;1;7;4;0;1;1;1;0;2
13959;77747205;13959;11;1;1;7;6;0;4;1;1;0;5
13960;77747205;13960;51;3;1;7;6;1;0;1;2;0;2
13961;77747205;13961;11;3;1;7;8;0;0;2;0;0;2
13962;77747205;13962;17;1;1;7;2;0;1;1;1;0;2
13963;77747205;13963;17;2;1;7;2;0;1;1;1;0;2