accident_id;lieu_id;date_id;cause_id;lum_id;intemp_id;etat_surface_id;impliq_id;nb_blesses_graves;nb_blesses_legers;nb_indemnes;gravite;nb_morts;nb_impliqués
13964;77747205;13964;11;1;3;2;6;0;1;1;1;0;2
13965;77747205;13965;17;1;1;7;2;0;1;1;1;0;2
13966;77747205;13966;71;1;1;7;6;0;1;1;1;0;2
13967;77747205;13967;17;1;1;7;2;0;1;1;1;0;2
13968;77747205;13968;11;1;1;7;6;0;1;0;1;0;1
13969;77747309;13969;71;1;1;7;6;1;0;1;2;0;2
13970;77747409;12829;17;1;1;7;1;0;1;0;1;0;1
13971;77747414;13971;16;1;1;7;6;0;1;1;1;0;2
13972;77751501;13972;18;3;1;7;5;0;1;1;1;0;2
13973;77751501;13973;16;3;1;7;6;0;3;0;1;0;3
13974;77752502;13974;51;2;3;2;6;0;2;0;1;0;2
13975;77752502;13975;71;1;6;7;6;0;1;1;1;0;2
13976;77752502;13976;13;1;1;7;6;0;1;2;1;0;3
13977;77752503;13977;63;1;1;7;3;1;0;1;2;0;2
13978;77752505;13978;14;1;1;7;4;0;1;1;1;0;2
13979;77752507;13979;13;1;1;7;6;0;1;0;1;0;1
13980;77752507;13980;13;1;1;7;6;2;0;1;2;0;3
13981;77752507;13308;13;3;3;2;6;0;2;1;1;0;3
13982;77752507;13982;71;1;1;7;6;0;1;1;1;0;2
13983;77752507;13983;13;5;1;7;6;1;1;1;2;0;3
13984;77752507;13984;81;1;1;7;5;0;1;1;1;0;2
13985;77753501;13985;13;1;1;6;4;0;1;1;1;0;2
13986;77754501;13986;31;1;1;7;4;0;1;1;1;0;2
13987;77754508;13987;31;1;1;7;3;0;1;1;1;0;2
13988;77754508;13988;17;1;1;7;2;0;1;0;1;0;1
13989;77755402;13989;14;1;1;7;6;0;1;1;1;0;2
13990;77755402;13990;14;1;1;7;6;2;0;1;2;0;3
13991;77755402;13991;16;1;1;7;6;0;2;0;1;0;2
13992;77755405;13992;16;1;1;7;6;0;1;2;1;0;3
13993;77755501;13993;17;1;1;7;1;0;1;1;1;0;2
13994;77755501;13994;16;2;1;7;5;0;1;1;1;0;2
13995;77755501;13995;81;3;1;7;2;0;1;1;1;0;2
13996;77755501;13996;71;1;1;7;5;1;2;0;2;0;3
13997;77755505;13997;13;1;1;7;6;0;1;1;1;0;2
13998;77756403;13998;16;1;1;7;6;0;2;0;1;0;2
13999;77756403;13999;26;1;1;7;2;0;1;1;1;0;2
14000;77756403;14000;13;1;1;7;6;0;1;1;1;0;2
14001;77756403;14001;21;3;1;2;5;0;1;1;1;0;2
14002;77757102;14002;13;1;1;7;6;0;1;1;1;0;2
14003;77757102;14003;13;1;1;7;5;0;1;1;1;0;2
14004;77757102;14004;16;1;1;7;6;0;2;0;1;0;2
14005;77757102;14005;13;1;1;7;7;1;1;0;2;0;2
14006;77757102;14006;16;1;1;7;6;0;2;0;1;0;2
14007;77757102;14007;13;1;1;7;3;0;1;1;1;0;2
14008;77757304;14008;14;2;1;7;6;0;1;1;1;0;2
14009;77757304;14009;16;1;1;7;6;0;1;1;1;0;2
14010;77757304;14010;16;1;1;7;6;0;1;0;1;0;1
14011;77757304;8269;16;1;1;7;6;0;3;0;1;0;3
14012;77757304;14012;16;1;1;7;4;0;1;1;1;0;2
14013;77757304;14013;16;1;1;7;6;0;1;2;1;0;3
14014;77757304;14014;11;1;1;7;6;0;1;1;1;0;2
14015;77757408;14015;53;3;1;7;6;0;3;2;1;0;5
14016;77757408;14016;51;1;1;7;6;0;1;1;1;0;2
14017;77757501;14017;16;1;1;7;6;0;1;1;1;0;2
14018;77762104;14018;71;2;7;2;6;0;0;1;3;0;1
14019;77762109;14019;71;1;3;1;6;0;1;1;1;0;2
14020;77763102;14020;13;1;1;7;6;0;3;0;1;0;3
14021;77763102;14021;13;1;1;7;6;0;1;0;1;0;1
14022;77763102;14022;17;1;1;7;2;0;1;1;1;0;2
14023;77763102;14023;13;1;1;7;6;0;1;1;1;0;2
14024;77763102;14024;13;3;1;7;4;0;1;1;1;0;2
14025;77763102;14025;13;1;1;7;6;1;0;1;2;0;2
14026;77763102;14026;13;1;2;2;6;0;4;0;1;0;4
14027;77763102;14027;13;1;1;7;6;0;1;1;1;0;2
14028;77763102;14028;13;3;3;2;6;1;0;1;2;0;2
14029;77763102;14029;13;1;1;7;4;1;0;1;2;0;2
14030;77763102;1307;13;1;1;7;6;0;1;2;1;0;3
14031;77763102;14031;13;1;1;7;7;1;0;2;2;0;3
14032;77763102;14032;13;3;1;7;6;0;1;1;1;0;2
14033;77763102;14033;13;1;1;7;6;0;1;1;1;0;2
14034;77763102;14034;13;2;1;7;7;1;1;1;2;0;3
14035;77763102;14035;13;1;1;7;6;0;1;1;1;0;2
14036;77763108;14036;13;1;3;2;6;0;1;1;1;0;2
14037;77763108;14037;13;1;1;7;6;0;1;1;1;0;2
14038;77763108;14038;18;1;1;7;3;0;1;1;1;0;2
14039;77763203;14039;52;3;3;1;0;2;0;0;2;0;2
14040;77763214;14040;33;1;1;7;3;0;1;1;1;0;2
14041;77763214;14041;16;3;1;7;6;0;3;0;1;0;3
14042;77763214;14042;81;1;1;7;0;0;1;0;1;0;1
14043;77763214;14043;17;1;1;7;2;0;1;1;1;0;2
14044;77763214;14044;16;1;1;7;6;0;1;0;1;0;1
14045;77763214;14045;11;3;2;2;6;0;1;1;1;0;2
14046;77763214;14046;11;1;3;2;6;1;0;1;2;0;2
14047;77764102;14047;11;1;1;7;6;0;1;3;1;0;4
14048;77764102;14048;17;1;1;7;2;0;1;1;1;0;2
14049;77764102;14049;16;1;1;7;3;0;1;1;1;0;2
14050;77764102;14050;11;3;1;7;6;0;1;1;1;0;2
14051;77764102;14051;16;1;1;7;4;0;1;1;1;0;2
14052;77764102;14052;16;1;1;7;4;0;1;0;1;0;1
14053;77764102;14053;11;3;1;7;6;0;2;1;1;0;3
14054;77764102;14054;11;1;1;7;6;0;1;1;1;0;2
14055;77764102;14055;11;2;1;7;6;0;1;2;1;0;3
14056;77764103;14056;17;1;1;7;1;0;1;1;1;0;2
14057;77764202;14057;51;1;1;7;3;0;1;1;1;0;2
14058;77764207;14058;14;1;1;7;6;0;1;1;1;0;2
14059;77764207;14059;14;3;1;7;6;0;1;1;1;0;2
14060;77764301;14060;13;1;1;7;6;0;3;1;1;0;4
14061;77764310;14061;16;1;1;7;4;1;0;1;2;0;2
14062;77764310;14062;16;1;1;7;4;0;1;1;1;0;2
14063;77764310;14063;17;1;1;7;2;0;1;1;1;0;2
14064;77764310;14064;16;3;2;1;4;1;0;2;2;0;3
14065;77764406;14065;14;1;1;7;6;0;1;1;1;0;2
14066;77764517;14066;51;1;1;7;6;0;1;2;1;0;3
14067;77764517;14067;31;1;1;7;4;0;1;1;1;0;2
14068;77764517;14068;13;1;1;7;6;0;1;1;1;0;2
14069;77764517;14069;13;1;1;2;6;0;3;1;1;0;4
14070;77765202;14070;11;1;1;7;6;0;1;1;1;0;2
14071;77765202;14071;16;3;1;7;4;0;1;1;1;0;2
14072;77765202;14072;35;1;1;7;3;0;1;1;1;0;2
14073;77765304;14073;71;1;3;2;6;0;1;1;1;0;2
14074;77765307;14074;31;1;1;7;7;0;1;0;1;0;1
14075;77765402;14075;71;1;1;7;6;0;1;1;1;0;2
14076;77765402;14076;16;1;3;1;6;1;0;1;2;0;2
14077;77765508;14077;17;1;1;7;1;0;1;1;1;0;2
14078;77766101;14078;17;1;1;7;1;0;1;1;1;0;2
14079;77766105;14079;13;1;1;7;6;1;0;1;2;0;2
14080;77766302;14080;31;1;1;7;4;1;0;1;2;0;2
14081;77766305;14081;19;1;1;7;6;0;1;1;1;0;2
14082;77766309;14082;17;1;1;7;2;0;1;1;1;0;2
14083;77766310;14083;16;3;1;7;3;0;1;1;1;0;2
14084;77766404;14084;17;1;3;2;2;0;1;1;1;0;2
14085;77766404;14085;13;1;1;7;4;0;1;1;1;0;2
14086;77766404;4873;13;1;3;1;4;0;1;1;1;0;2
14087;77766404;14087;13;1;1;7;6;0;1;1;1;0;2
14088;77766406;14088;13;1;1;7;3;0;1;1;1;0;2
14089;77766406;14089;13;3;1;7;4;0;1;1;1;0;2
14090;77766504;14090;17;1;1;7;2;1;0;1;2;0;2
14091;77766504;14091;13;1;1;7;6;0;1;2;1;0;3
14092;77766505;14092;16;3;3;2;4;0;1;1;1;0;2
14093;77766505;14093;16;1;1;7;4;0;1;1;1;0;2
14094;77766505;14094;17;2;1;7;2;1;0;1;2;0;2
14095;77766505;14095;17;3;1;2;2;1;0;1;2;0;2
14096;77766509;14096;17;3;3;2;2;0;1;1;1;0;2
14097;77767203;14097;13;1;1;7;6;0;1;2;1;0;3
14098;77767205;14098;13;1;3;2;6;0;1;0;1;0;1
14099;77767205;14099;13;1;1;1;8;0;1;2;1;0;3
14100;77767205;14100;17;2;1;7;6;1;0;1;2;0;2
14101;77767205;14101;13;1;1;7;4;0;2;1;1;0;3
14102;77767205;14102;85;3;1;7;6;0;1;1;1;0;2
14103;77767405;14103;13;3;1;7;6;0;2;0;1;0;2
14104;77767405;14104;13;1;1;7;6;0;1;1;1;0;2
14105;77767409;14105;13;1;3;1;6;0;1;1;1;0;2
14106;77767502;14106;13;1;1;7;6;0;2;0;1;0;2
14107;77767502;14107;13;1;1;7;4;0;1;1;1;0;2
14108;77767502;14108;13;1;1;7;6;0;2;0;1;0;2
14109;77767502;14109;13;1;1;7;6;0;1;1;1;0;2
14110;77767502;14110;13;2;1;7;5;0;1;1;1;0;2
14111;77767502;14111;13;2;1;7;6;1;2;2;2;0;5
14112;77767505;14112;13;3;1;7;6;0;1;1;1;0;2
14113;77767505;14113;13;1;3;2;4;0;1;1;1;0;2
14114;77767505;14114;13;1;1;7;4;0;1;1;1;0;2
14115;77767505;2797;13;1;1;7;6;0;2;1;1;0;3
14116;77767505;14116;13;1;1;7;6;0;1;2;1;0;3
14117;77767505;14117;13;1;1;7;6;0;1;2;1;0;3
14118;77767505;14118;13;1;1;7;6;0;1;1;1;0;2
14119;77767505;14119;13;1;3;2;6;0;1;1;1;0;2
14120;77767505;14120;13;1;1;7;6;0;1;2;1;0;3
14121;77767505;14121;13;1;1;7;6;0;1;0;1;0;1
14122;77767505;14122;51;1;1;7;6;0;2;4;1;0;6
14123;77767505;14123;13;2;1;7;6;0;2;1;1;0;3
14124;77767505;9742;13;3;1;7;6;0;1;2;1;0;3
14125;77767505;14125;13;2;3;1;6;0;1;1;1;0;2
14126;77767505;14126;13;1;1;7;4;1;0;2;2;0;3
14127;77767505;14127;17;1;3;2;2;0;1;1;1;0;2
14128;77767507;14128;13;1;1;7;4;0;2;1;1;0;3
14129;77767507;14129;13;3;2;2;6;0;2;0;1;0;2
14130;77767507;14130;13;1;3;1;6;0;1;2;1;0;3
14131;77771402;14131;11;1;1;7;6;0;3;0;1;0;3
14132;77771402;14132;17;2;1;7;2;0;1;1;1;0;2
14133;77771402;14133;86;1;1;7;6;0;2;0;1;0;2
14134;77771402;14134;11;3;1;7;6;0;3;1;1;0;4
14135;77771403;14135;51;3;3;2;3;0;1;1;1;0;2
14136;77771403;14136;16;1;1;7;5;0;2;0;1;0;2
14137;77771404;14137;16;1;3;2;6;0;1;2;1;0;3
14138;77771404;14138;13;3;1;7;6;1;0;1;2;0;2
14139;77771406;14139;81;3;1;7;5;0;1;1;1;0;2
14140;77771406;14140;16;1;1;7;6;1;0;1;2;0;2
14141;77771406;14141;17;2;2;1;2;1;0;2;2;0;3
14142;77772301;14142;16;3;1;7;6;0;2;1;1;0;3
14143;77772301;9842;16;3;1;7;4;0;1;1;1;0;2
14144;77772301;14144;11;1;1;7;4;0;1;1;1;0;2
14145;77772301;14145;16;1;1;7;4;0;1;1;1;0;2
14146;77772301;14146;16;1;1;7;6;0;3;0;1;0;3
14147;77772301;14147;16;1;1;7;6;2;3;0;2;0;5
14148;77772301;14148;11;3;1;7;6;0;1;2;1;0;3
14149;77772301;14149;16;1;1;7;6;0;2;0;1;0;2
14150;77772301;14150;61;1;2;1;6;0;6;1;1;0;7
14151;77772301;14151;16;5;3;1;4;0;1;1;1;0;2
14152;77772303;14152;16;3;1;7;3;0;1;1;1;0;2
14153;77772303;14153;22;1;1;7;4;0;1;1;1;0;2
14154;77772303;14154;16;1;1;7;6;0;2;1;1;0;3
14155;77772502;14155;13;1;1;7;6;0;1;2;1;0;3
14156;77772502;14156;13;1;1;7;6;0;1;1;1;0;2
14157;77772505;14157;61;1;1;7;3;0;1;1;1;0;2
14158;77772505;14158;41;1;1;7;6;0;1;1;1;0;2
14159;77772505;14159;11;1;1;7;6;0;2;1;1;0;3
14160;77772505;14160;51;4;1;7;6;0;1;1;1;0;2
14161;77772505;14161;71;1;1;2;6;0;1;1;1;0;2
14162;77772509;2223;23;1;1;7;6;0;1;3;1;0;4
14163;77772509;14163;71;1;3;2;3;0;1;1;1;0;2
14164;77772509;14164;11;3;1;7;2;0;2;2;1;0;4
14165;77772509;14165;16;3;1;7;4;0;1;1;1;0;2
14166;77772509;14166;64;1;1;7;6;0;2;0;1;0;2
14167;77773404;14167;18;1;1;7;6;0;1;1;1;0;2
14168;77773404;14168;13;2;1;7;4;0;1;1;1;0;2
14169;77774403;14169;11;1;1;7;7;0;1;1;1;0;2
14170;77774403;14170;51;1;1;7;6;0;1;1;1;0;2
14171;77774404;14171;11;1;1;7;6;0;1;1;1;0;2
14172;77774405;14172;51;1;1;7;6;0;1;1;1;0;2
14173;77774405;14173;13;1;1;7;5;0;1;1;1;0;2
14174;77774405;14174;21;1;1;7;6;0;1;1;1;0;2
14175;77774405;14175;17;1;3;2;2;0;1;1;1;0;2
14176;77774504;14176;17;1;1;7;2;0;1;1;1;0;2
14177;77774505;14177;16;1;1;7;4;0;1;1;1;0;2
14178;77774505;14178;81;3;1;7;5;1;0;1;2;0;2
14179;77775102;14179;81;3;1;7;0;0;1;0;1;0;1
14180;77775102;14180;14;1;1;7;6;0;2;1;1;0;3
14181;77775105;14181;14;1;1;7;6;0;1;1;1;0;2
14182;77775106;14182;14;1;1;7;6;0;1;2;1;0;3
14183;77775106;14183;14;1;3;2;5;0;1;0;1;0;1
14184;77775401;14184;11;1;1;7;6;1;0;1;2;0;2
14185;77775401;14185;11;1;3;2;6;0;1;1;1;0;2
14186;77775401;14186;11;1;1;7;6;0;1;1;1;0;2
14187;77775401;14187;16;1;1;7;4;0;1;1;1;0;2
14188;77775401;14188;16;1;1;7;3;0;1;1;1;0;2
14189;77775401;14189;16;1;1;7;3;0;0;1;3;0;1
14190;77775401;14190;16;1;1;7;6;0;1;1;1;0;2
14191;77775401;14191;16;1;1;7;6;0;1;2;1;0;3
14192;77775401;14192;11;1;1;7;4;0;0;1;3;0;1
14193;77775401;14193;11;1;3;2;6;0;2;1;1;0;3
14194;77775401;14194;16;1;1;7;3;0;1;1;1;0;2
14195;77775508;14195;14;3;1;7;6;0;1;1;1;0;2
14196;77776101;14196;17;1;1;7;2;1;0;1;2;0;2
14197;77776115;14197;19;1;1;7;6;0;1;1;1;0;2
14198;77776116;14198;19;1;1;7;4;1;0;1;2;0;2
14199;77776305;14199;12;1;1;7;6;0;3;0;1;0;3
14200;77776305;14200;51;1;1;7;6;0;2;1;1;0;3
14201;77776305;14201;36;1;1;7;3;0;1;1;1;0;2
14202;77776305;14202;11;1;1;7;6;0;2;0;1;0;2
14203;77776305;14203;11;3;2;2;6;0;3;0;1;0;3
14204;77776305;14204;11;1;1;7;6;0;2;0;1;0;2
14205;77776305;14205;17;1;1;7;1;0;1;1;1;0;2
14206;77776305;14206;11;1;1;7;6;0;1;1;1;0;2
14207;77776305;14207;71;1;3;1;6;0;1;1;1;0;2
14208;77776305;14208;81;3;1;7;6;0;1;0;1;0;1
14209;77776305;14209;11;1;1;7;6;0;1;1;1;0;2
14210;77776305;14210;11;1;1;7;6;0;2;1;1;0;3
14211;77776305;14211;11;3;1;7;6;0;1;1;1;0;2
14212;77776305;14212;16;1;3;2;6;0;1;2;1;0;3
14213;77776305;14213;11;1;1;7;6;1;0;1;2;0;2
14214;77776305;226;16;1;1;7;4;0;1;1;1;0;2
14215;77776305;14215;71;1;1;7;6;0;1;1;1;0;2
14216;77776305;14216;11;3;2;1;6;0;1;2;1;0;3
14217;77776305;14217;16;1;1;7;6;0;2;0;1;0;2
14218;77776305;14218;16;1;1;7;6;0;2;0;1;0;2
14219;77776305;14219;11;1;1;7;6;1;0;1;2;0;2
14220;77776305;14220;11;1;1;7;6;0;2;1;1;0;3
14221;77776305;14221;11;1;1;7;6;0;1;1;1;0;2
14222;77776305;14222;71;3;1;7;6;0;1;1;1;0;2
14223;77776305;14223;16;1;1;7;6;0;2;1;1;0;3
14224;77776305;14224;16;1;1;7;5;0;1;1;1;0;2
14225;77776305;14225;16;3;1;7;6;0;1;1;1;0;2
14226;77776305;14226;71;3;1;7;6;0;1;1;1;0;2
14227;77776310;14227;64;1;1;7;5;0;1;1;1;0;2
14228;77776310;14228;71;1;1;7;6;0;1;1;1;0;2
14229;77776310;14229;31;1;1;7;6;0;1;1;1;0;2
14230;77776310;14230;31;3;1;7;6;1;0;1;2;0;2
14231;77776310;14231;71;1;1;7;6;0;1;1;1;0;2
14232;77776310;14232;17;1;1;7;1;0;1;1;1;0;2
14233;77776310;14233;17;2;1;7;2;1;0;1;2;0;2
14234;77777103;14234;16;1;1;7;4;0;1;1;1;0;2
14235;77777103;14235;81;1;1;7;6;0;0;2;0;0;2
14236;77777103;14236;16;1;1;7;4;0;1;1;1;0;2
14237;77777103;14237;16;1;3;1;6;0;1;2;1;0;3
14238;77777103;14238;16;3;1;7;6;0;1;1;1;0;2
14239;77777103;14239;16;1;1;7;4;0;1;1;1;0;2
14240;77777103;14240;31;1;1;7;6;0;2;1;1;0;3
14241;77777103;14241;11;1;1;1;6;1;0;1;2;0;2
14242;77777103;14242;11;1;1;7;4;0;1;2;1;0;3
14243;77777203;14243;17;3;1;7;2;0;1;1;1;0;2
14244;77777203;14244;23;1;1;7;4;0;1;1;1;0;2
14245;77777203;14245;17;1;1;7;2;0;1;1;1;0;2
14246;77777203;14246;99;1;1;7;6;0;1;1;1;0;2
14247;77777203;14247;11;1;1;7;6;0;1;1;1;0;2
14248;77777204;14248;17;1;3;2;2;0;1;1;1;0;2
14249;77777204;14249;17;1;1;7;2;0;1;1;1;0;2
14250;77777204;14250;16;1;1;7;4;0;1;1;1;0;2
14251;77777204;14251;16;1;1;7;3;0;1;1;1;0;2
14252;77777204;14252;31;1;1;7;8;0;1;2;1;0;3
14253;77777204;14253;11;1;1;7;6;0;1;1;1;0;2
14254;77777204;14254;17;2;1;7;2;0;1;1;1;0;2
14255;77777204;14255;24;1;1;7;6;0;1;1;1;0;2
14256;77777206;14256;13;2;1;1;3;0;1;1;1;0;2
14257;77777206;14257;21;1;1;7;6;0;2;1;1;0;3
14258;77777206;14258;71;1;1;7;6;0;1;1;1;0;2
14259;77777206;14259;16;1;1;7;6;0;1;1;1;0;2
14260;77777206;14260;17;1;3;2;2;0;1;1;1;0;2
14261;77777206;14261;13;3;1;7;6;0;2;0;1;0;2
14262;77777406;14262;16;1;1;7;3;0;1;1;1;0;2
14263;77777406;14263;16;3;3;1;6;0;1;1;1;0;2
14264;77777406;14264;13;1;1;7;5;0;1;1;1;0;2
14265;77777406;14265;16;3;3;2;6;2;1;2;2;0;5
14266;77777406;14266;28;1;7;2;0;0;1;0;1;0;1
14267;77777406;14267;16;3;1;7;6;0;1;1;1;0;2
14268;77777406;14268;13;3;1;7;6;0;2;0;1;0;2
14269;77777406;14269;16;1;1;7;6;0;1;1;1;0;2
14270;77777406;14270;16;1;1;7;6;0;2;1;1;0;3
14271;77777406;14271;17;1;3;1;2;0;3;0;1;0;3
14272;77782209;14272;16;3;1;7;4;0;1;1;1;0;2
14273;77782209;14273;13;3;1;7;6;0;1;1;1;0;2
14274;77782315;14274;16;1;1;2;6;0;3;1;1;0;4
14275;77783109;14275;17;1;1;7;1;0;1;1;1;0;2
14276;77784509;14276;14;3;1;7;6;0;4;1;1;0;5
14277;77785202;14277;14;1;1;7;6;2;0;1;2;0;3
14278;77785202;14278;31;1;1;7;6;1;0;1;2;0;2
14279;77785210;14279;14;1;1;7;6;0;2;0;1;0;2
14280;77785210;14280;14;3;1;7;6;1;0;1;2;0;2
14281;77785210;14281;14;1;1;1;6;0;1;1;1;0;2
14282;77785301;14282;14;1;1;7;6;0;1;1;1;0;2
14283;77786301;14283;31;1;1;7;4;0;1;1;1;0;2
14284;77786301;14284;14;1;3;2;6;0;1;1;1;0;2
14285;77786301;14285;17;1;1;7;2;1;0;1;2;0;2
14286;77786301;14286;14;2;2;1;6;0;1;2;1;0;3
14287;77786301;14287;14;1;3;1;6;0;1;1;1;0;2
14288;77786301;14288;14;4;1;7;6;0;1;1;1;0;2
14289;77786301;14289;17;1;1;7;1;0;1;1;1;0;2
14290;77787305;14290;13;2;1;7;6;0;1;1;1;0;2
14291;77787305;14291;13;1;1;7;6;0;1;2;1;0;3
14292;77787307;14292;31;1;1;7;4;0;1;1;1;0;2
14293;77787307;14293;14;1;1;7;6;0;1;1;1;0;2
14294;77787307;14294;14;1;1;7;6;1;2;1;2;0;4
14295;77787307;14295;16;1;1;7;5;1;0;1;2;0;2
14296;77787307;14296;51;3;1;7;3;0;1;1;1;0;2
14297;77787307;14297;14;1;1;7;4;0;1;1;1;0;2
14298;77795105;14298;64;1;1;7;6;1;0;1;2;0;2
14299;77796104;14299;25;1;1;7;6;0;1;1;1;0;2
14300;77797203;14300;14;1;1;7;4;0;1;1;1;0;2
14301;77797203;14301;13;1;1;7;5;1;0;1;2;0;2
14302;77802304;14302;13;1;1;2;6;1;0;2;2;0;3
14303;77811508;14303;13;3;3;2;5;0;4;0;1;0;4
14304;77811508;14304;13;1;1;7;6;1;3;2;2;0;6
14305;77811508;14305;13;1;1;7;3;0;2;1;1;0;3
14306;77811508;14306;13;1;1;7;6;1;1;0;2;0;2
14307;77811508;14307;13;1;3;1;4;1;0;1;2;0;2
14308;77815202;14308;13;1;1;7;6;0;1;1;1;0;2
14309;77815202;14309;31;1;1;7;3;0;1;1;1;0;2
14310;77815202;14310;51;1;1;7;6;0;3;3;1;0;6
14311;77815204;14311;13;2;1;7;6;2;0;0;2;0;2
14312;77836304;14312;52;1;2;1;0;0;1;0;1;0;1
14313;77842504;14313;16;3;1;7;4;0;1;1;1;0;2
14314;77851101;14314;17;1;1;7;2;0;1;1;1;0;2
14315;77851101;14315;14;3;3;2;6;2;0;0;2;0;2
14316;77851101;14316;81;1;1;7;6;1;0;2;2;0;3
14317;77851105;14317;14;1;1;7;4;0;1;1;1;0;2
14318;77851105;14318;14;1;1;7;5;0;1;1;1;0;2
14319;77851105;14319;81;1;1;7;6;1;2;1;2;0;4
14320;77851105;14320;14;3;3;2;4;1;0;1;2;0;2
14321;77851108;14321;52;1;1;7;1;0;1;1;1;0;2
14322;77875504;14322;81;1;3;2;6;1;3;0;2;0;4
14323;77877302;14323;16;1;1;7;6;1;1;0;2;0;2
14324;77877401;14324;17;1;1;7;1;1;0;1;2;0;2
14325;77877401;14325;51;1;3;1;6;0;2;0;1;0;2
14326;77884101;14326;52;3;6;1;0;1;0;0;2;0;1
14327;77885201;14327;72;1;1;7;6;0;1;1;1;0;2
14328;77893209;14328;52;1;1;7;0;0;1;0;1;0;1
14329;77893502;14329;13;1;1;7;6;0;1;1;1;0;2
14330;77893502;14330;16;1;1;7;6;0;1;1;1;0;2
14331;77893503;14331;81;1;1;7;1;1;0;1;2;0;2
14332;77894502;14332;14;1;3;2;6;0;1;1;1;0;2
14333;77894502;14333;14;1;1;7;6;0;1;1;1;0;2
14334;77895510;14334;17;1;1;7;1;0;1;1;1;0;2
14335;77901202;14335;72;1;1;7;6;0;1;1;1;0;2
14336;77901408;14336;16;3;1;7;4;0;1;1;1;0;2
14337;77901408;14337;17;1;1;7;2;0;1;1;1;0;2
14338;77901408;14338;75;2;1;1;7;0;1;1;1;0;2
14339;77901408;14339;61;1;1;7;3;0;1;1;1;0;2
14340;77901408;14340;71;1;1;7;6;0;1;1;1;0;2
14341;77902107;14341;13;1;6;7;3;0;1;1;1;0;2
14342;77902203;14342;21;1;1;7;6;0;1;1;1;0;2
14343;77902304;14343;51;1;1;7;2;0;1;1;1;0;2
14344;77902304;14344;81;3;1;7;0;3;0;0;2;0;3
14345;77902402;14345;23;1;1;7;6;0;1;1;1;0;2
14346;77902501;14346;14;1;1;1;6;0;1;1;1;0;2
14347;77902509;14347;16;1;1;7;4;0;1;1;1;0;2
14348;77902509;14348;16;1;1;7;7;0;1;1;1;0;2
14349;77902509;14349;16;1;3;2;4;0;1;1;1;0;2
14350;77902509;14350;17;1;1;7;2;0;1;1;1;0;2
14351;77902509;14351;17;1;1;7;2;1;0;1;2;0;2
14352;77902509;14352;81;3;1;1;2;1;0;2;2;0;3
14353;77902509;14353;13;1;1;7;5;0;1;1;1;0;2
14354;77902509;14354;16;1;3;1;3;0;1;1;1;0;2
14355;77902509;14355;17;1;1;7;2;0;1;1;1;0;2
14356;77902509;14356;17;3;1;7;2;1;0;1;2;0;2
14357;77902509;14357;13;1;1;7;4;1;0;1;2;0;2
14358;77902509;14358;13;1;1;7;6;0;1;1;1;0;2
14359;77902514;14359;52;3;6;1;6;0;1;1;1;0;2
14360;77903203;14360;13;3;3;1;6;0;1;0;1;0;1
14361;77903209;14361;86;1;1;7;3;0;0;1;3;0;1
14362;77903209;14362;13;1;1;7;6;0;1;1;1;0;2
14363;77903209;14363;16;1;1;7;5;0;2;1;1;0;3
14364;77903302;14364;72;1;1;7;6;0;1;1;1;0;2
14365;77903302;14365;16;1;1;7;6;0;2;0;1;0;2
14366;77903306;14366;17;1;1;7;2;0;1;1;1;0;2
14367;77903306;14367;15;1;1;7;7;0;1;1;1;0;2
14368;77903306;14368;52;1;1;7;1;0;4;1;1;0;5
14369;77903306;14369;15;1;1;7;6;0;1;1;1;0;2
14370;77903306;14370;17;1;1;7;1;0;2;1;1;0;3
14371;77903306;14371;14;3;1;7;3;0;1;1;1;0;2
14372;77903306;14372;19;3;1;1;6;0;2;0;1;0;2
14373;77903306;14373;13;1;1;7;7;0;1;0;1;0;1
14374;77903504;14374;13;1;1;7;4;0;1;1;1;0;2
14375;77903504;14375;13;1;1;7;7;0;1;1;1;0;2
14376;77903504;14376;71;1;1;1;6;0;1;1;1;0;2
14377;77903504;14377;52;3;3;1;0;0;1;0;1;0;1
14378;77903504;14378;17;3;1;7;2;1;0;1;2;0;2
14379;77903506;14379;13;1;1;7;4;0;1;1;1;0;2
14380;77903506;14380;67;1;1;7;4;0;1;1;1;0;2