accident_id;lieu_id;date_id;cause_id;lum_id;intemp_id;etat_surface_id;impliq_id;nb_blesses_graves;nb_blesses_legers;nb_indemnes;gravite;nb_morts;nb_impliqués
14381;77903506;14381;13;1;1;7;4;0;1;1;1;0;2
14382;77903508;14382;21;3;1;7;6;0;1;1;1;0;2
14383;77903508;14383;21;1;1;7;3;0;1;1;1;0;2
14384;77903508;14384;21;1;1;7;6;0;3;0;1;0;3
14385;77903508;14385;17;1;1;7;2;0;1;1;1;0;2
14386;77903508;14386;17;1;1;7;2;0;1;1;1;0;2
14387;77903508;14387;17;3;3;1;2;0;1;1;1;0;2
14388;77903513;14388;17;1;1;7;2;0;2;1;1;0;3
14389;77904211;14389;14;1;1;7;6;1;1;1;2;0;3
14390;77904211;14390;14;1;1;7;6;0;2;0;1;0;2
14391;77904211;14391;14;3;1;7;6;0;2;0;1;0;2
14392;77904306;14392;16;1;1;7;6;0;1;1;1;0;2
14393;77904407;14393;71;1;1;7;6;1;0;1;2;0;2
14394;77904408;14394;17;1;1;7;1;0;1;1;1;0;2
14395;77904408;14395;16;3;1;7;4;0;1;1;1;0;2
14396;77904408;14396;17;3;1;7;2;1;0;1;2;0;2
14397;77904410;14397;52;3;3;2;6;0;1;2;1;0;3
14398;77904410;14398;14;3;3;1;6;0;1;1;1;0;2
14399;77904410;14399;21;1;1;7;6;0;1;1;1;0;2
14400;77904501;14400;13;1;1;7;7;1;0;1;2;0;2
14401;77904501;14401;86;1;1;7;3;0;1;1;1;0;2
14402;77904504;14402;17;1;1;7;1;0;1;1;1;0;2
14403;77904504;14403;23;1;1;7;6;0;1;1;1;0;2
14404;77905206;12008;21;1;1;7;6;0;1;1;1;0;2
14405;77905301;14405;32;1;1;7;7;1;0;1;2;0;2
14406;77905301;14406;71;1;1;7;6;1;0;1;2;0;2
14407;77905302;14407;14;1;1;7;6;0;1;1;1;0;2
14408;77905405;14408;21;1;1;7;7;0;1;1;1;0;2
14409;77905405;14409;52;1;3;1;7;0;1;1;1;0;2
14410;77905410;14410;17;1;1;7;2;0;1;1;1;0;2
14411;77906203;14411;16;3;1;7;4;1;0;1;2;0;2
14412;77906203;14412;16;1;1;7;5;1;0;1;2;0;2
14413;77906203;14413;81;3;3;1;4;0;1;1;1;0;2
14414;77906208;14414;16;3;1;7;4;0;1;1;1;0;2
14415;77906209;14415;16;1;1;7;6;0;1;2;1;0;3
14416;77906404;14416;18;1;1;7;6;0;1;1;1;0;2
14417;77907506;14417;13;1;3;2;6;0;1;1;1;0;2
14418;77907506;14418;81;3;3;2;6;0;1;2;1;0;3
14419;77907506;14419;81;3;1;7;6;1;0;1;2;0;2
14420;77917102;14420;14;1;1;7;4;0;1;1;1;0;2
14421;78655301;9526;13;1;1;7;6;1;0;1;2;0;2
14422;78655301;14422;13;3;1;7;6;1;0;1;2;0;2
14423;78655301;14423;13;3;1;7;6;2;0;1;2;0;3
14424;78655301;14424;13;1;1;2;6;0;3;0;1;0;3
14425;78655301;14425;13;1;1;7;6;0;4;1;1;0;5
14426;78655301;14426;13;1;1;7;5;0;0;1;3;0;1
14427;78655503;14427;14;3;3;2;6;1;0;1;2;0;2
14428;78655503;14428;14;1;1;7;3;1;0;1;2;0;2
14429;78656401;14429;51;1;1;7;6;0;2;1;1;0;3
14430;78662106;14430;82;1;1;7;0;0;0;0;3;0;0
14431;78662106;14431;11;3;1;7;6;1;0;1;2;0;2
14432;78662106;14432;11;1;3;1;6;0;2;0;1;0;2
14433;78662106;14433;82;1;1;7;0;1;0;0;2;0;1
14434;78663201;14434;16;3;1;7;5;0;1;1;1;0;2
14435;78663201;14435;16;3;1;7;6;1;1;1;2;0;3
14436;78663201;14436;16;3;1;7;5;1;2;0;2;0;3
14437;78663201;14437;16;1;1;7;6;1;0;1;2;0;2
14438;78663201;14438;16;1;1;7;6;0;4;0;1;0;4
14439;78663201;14439;16;1;1;7;6;0;1;2;1;0;3
14440;78663201;14440;11;1;1;7;6;3;0;0;2;0;3
14441;78663201;14441;16;3;1;7;6;1;1;0;2;0;2
14442;78663201;14442;16;3;1;7;6;0;2;1;1;0;3
14443;78663201;14443;16;1;1;7;6;0;1;1;1;0;2
14444;78663201;14444;16;1;1;7;6;0;2;0;1;0;2
14445;78663201;14445;16;1;1;7;6;0;2;1;1;0;3
14446;78663201;14446;16;1;1;7;6;0;4;2;1;0;6
14447;78663201;14447;16;3;3;2;6;1;1;0;2;0;2
14448;78663201;14448;16;1;1;7;6;0;1;2;1;0;3
14449;78663303;14449;51;1;1;7;6;0;2;0;1;0;2
14450;78663303;14450;16;3;1;7;4;1;0;1;2;0;2
14451;78663303;14451;51;2;3;1;3;1;0;2;2;0;3
14452;78663303;14452;16;3;3;2;6;1;0;1;2;0;2
14453;78663303;14453;11;1;1;7;1;1;0;1;3;0;2
14454;78664206;14454;52;1;1;7;2;0;1;1;1;0;2
14455;78664405;14455;11;1;1;7;6;1;0;1;2;0;2
14456;78664405;14456;19;1;2;2;7;1;1;1;2;0;3
14457;78664405;14457;16;1;3;1;6;0;2;0;1;0;2
14458;78664405;14458;11;1;1;7;6;0;3;1;1;0;4
14459;78664405;14459;11;3;1;7;6;1;1;1;2;0;3
14460;78664405;14460;11;1;1;7;6;0;1;2;1;0;3
14461;78664405;14461;52;1;3;2;6;0;1;1;1;0;2
14462;78665301;14462;16;2;1;7;4;1;0;2;2;0;3
14463;78665505;14463;17;3;6;1;2;0;1;1;1;0;2
14464;78665505;14464;17;3;1;7;2;1;0;1;2;0;2
14465;78665505;14465;53;1;1;7;1;0;0;2;3;0;2
14466;78665505;14466;18;1;1;7;3;1;0;1;2;0;2
14467;78665505;14467;19;1;1;7;5;0;2;1;1;0;3
14468;78665505;14468;17;1;1;7;2;1;0;0;2;0;1
14469;78665505;14469;17;1;3;1;2;0;1;1;1;0;2
14470;78665505;14470;19;3;1;1;6;0;1;1;1;0;2
14471;78665505;14471;51;1;1;7;3;0;1;1;1;0;2
14472;78666406;14472;31;1;1;7;2;1;0;1;2;0;2
14473;78674104;14473;12;1;1;7;6;1;2;1;2;0;4
14474;78674104;14474;11;2;2;2;2;1;0;1;2;0;2
14475;78674104;14475;16;1;1;7;3;1;0;1;2;0;2
14476;78674104;14476;16;3;1;7;4;0;1;1;1;0;2
14477;78674104;14477;15;1;1;7;6;0;1;2;1;0;3
14478;78674104;14478;14;5;3;1;6;0;1;2;1;0;3
14479;78674120;14479;71;1;1;7;6;0;1;1;1;0;2
14480;78675111;14480;16;1;1;7;4;1;0;1;2;0;2
14481;78675111;14481;11;1;1;7;6;1;0;1;2;0;2
14482;78675116;14482;16;3;1;7;4;1;0;1;2;0;2
14483;78675116;14483;71;1;1;7;4;1;0;1;2;0;2
14484;78675116;14484;11;1;1;7;6;0;1;1;1;0;2
14485;78675116;14485;11;1;1;7;6;0;2;0;1;0;2
14486;78675204;14486;21;1;1;7;5;1;0;1;2;0;2
14487;78676202;14487;71;1;1;7;6;0;1;1;1;0;2
14488;78676202;14488;17;1;1;7;2;0;1;1;1;0;2
14489;78676204;14489;17;1;1;7;2;1;0;1;2;0;2
14490;78676204;14490;19;3;1;7;5;0;1;1;1;0;2
14491;78676307;14491;31;1;1;7;6;0;1;1;1;0;2
14492;78676307;14492;81;1;1;7;0;0;1;0;1;0;1
14493;78676307;14493;71;1;1;7;6;1;0;1;2;0;2
14494;78676307;14494;71;1;1;7;6;0;1;1;1;0;2
14495;78676407;14495;16;3;1;1;6;0;2;1;1;0;3
14496;78676407;14496;11;1;3;2;7;1;0;1;2;0;2
14497;78676407;14497;11;3;1;7;6;0;1;1;1;0;2
14498;78676407;14498;14;1;1;7;4;1;0;1;2;0;2
14499;78676407;14499;11;1;1;7;6;1;1;2;2;0;4
14500;78676407;14500;14;1;1;7;6;1;0;2;2;0;3
14501;78676407;14501;11;1;1;7;6;0;1;1;1;0;2
14502;78676503;14502;52;3;3;2;7;0;2;2;1;0;4
14503;78677304;14503;11;1;1;7;7;0;1;1;1;0;2
14504;78677304;14504;51;1;1;7;6;0;1;3;1;0;4
14505;78677304;14505;11;3;1;7;6;0;2;1;1;0;3
14506;78685203;14506;19;5;1;7;6;0;1;1;1;0;2
14507;78685203;14507;13;1;2;2;6;2;0;3;2;0;5
14508;78685203;14508;13;2;1;7;4;1;0;1;2;0;2
14509;78685203;14509;52;1;6;7;0;0;2;0;3;0;2
14510;78687502;14510;13;1;1;7;6;0;1;1;1;0;2
14511;78687502;14511;13;1;1;7;6;0;1;1;1;0;2
14512;78687502;14512;13;1;1;7;6;1;1;0;2;0;2
14513;78687502;14513;13;1;1;7;6;0;1;1;1;0;2
14514;78687502;14514;31;3;1;7;4;1;0;1;2;0;2
14515;78687502;2849;13;1;1;7;6;1;1;0;2;0;2
14516;78687502;14516;32;1;1;7;6;1;0;1;2;0;2
14517;78687502;14517;11;1;1;7;7;0;1;1;1;0;2
14518;78691405;14518;16;1;1;7;5;1;1;1;2;0;3
14519;78691507;14519;99;1;1;7;6;1;0;2;2;0;3
14520;78692103;14520;13;5;1;7;3;1;0;1;2;0;2
14521;78692103;14521;13;1;1;1;5;1;0;1;2;0;2
14522;78692105;14522;13;1;1;7;6;1;1;0;2;0;2
14523;78694405;14523;13;1;1;2;6;1;0;1;2;0;2
14524;78694405;14524;13;1;1;7;6;1;0;1;2;0;2
14525;78694405;14525;13;1;1;2;6;1;1;0;2;0;2
14526;78694405;14526;13;3;3;1;6;0;3;0;1;0;3
14527;78694405;14527;24;1;3;2;6;0;4;0;1;0;4
14528;78694405;14528;13;3;1;7;5;0;1;1;1;0;2
14529;78694405;14529;13;5;1;7;6;1;0;1;2;0;2
14530;78695502;14530;16;1;1;7;4;1;0;1;2;0;2
14531;78695502;14531;21;1;1;7;6;1;3;0;2;0;4
14532;78704307;14532;14;1;1;7;3;1;0;1;2;0;2
14533;78706103;14533;52;1;3;2;6;0;2;0;1;0;2
14534;78706103;14534;81;3;3;1;6;0;2;0;1;0;2
14535;78706205;14535;51;1;1;7;4;1;0;1;2;0;2
14536;78706205;14536;51;1;1;7;6;0;1;0;1;0;1
14537;78706205;14537;14;1;1;7;6;1;0;1;2;0;2
14538;78706205;14538;11;1;1;7;6;0;2;1;1;0;3
14539;78706205;14539;11;3;1;7;6;0;4;0;1;0;4
14540;78706205;14540;51;2;3;2;6;1;0;1;2;0;2
14541;78706205;14541;51;1;1;7;6;1;0;1;2;0;2
14542;78706205;14542;81;1;1;7;1;0;1;1;1;0;2
14543;78706205;14543;11;1;1;7;7;1;0;1;2;0;2
14544;78706205;14544;81;3;3;1;6;0;1;0;3;0;1
14545;78706205;14545;11;3;1;7;6;0;1;2;1;0;3
14546;78706205;14546;71;1;1;7;6;0;1;1;1;0;2
14547;78706410;14547;11;1;1;7;6;2;0;1;2;0;3
14548;78706410;14548;32;3;1;7;6;0;2;1;1;0;3
14549;78706410;14549;81;3;1;7;6;2;0;1;2;0;3
14550;78706410;14550;11;1;1;7;6;0;1;1;1;0;2
14551;78706410;14551;11;1;1;7;6;1;1;0;2;0;2
14552;78706410;14552;81;5;1;1;6;0;2;0;1;0;2
14553;78706410;14553;51;1;1;7;6;0;1;1;1;0;2
14554;78706410;14554;11;1;1;7;6;0;1;1;1;0;2
14555;78706410;14555;11;1;1;7;6;1;0;1;2;0;2
14556;78706410;14556;81;5;2;1;6;0;0;1;3;0;1
14557;78706410;14557;16;3;3;1;4;0;1;0;3;0;1
14558;78706410;14558;11;1;1;7;8;0;1;1;1;0;2
14559;78707302;14559;21;1;1;7;9;1;1;1;3;2;5
14560;78717103;14560;51;1;1;7;6;1;0;0;2;0;1
14561;78717103;14561;51;1;1;7;6;0;2;1;1;0;3
14562;78717103;14562;21;3;3;1;6;2;0;1;2;0;3
14563;78717302;14563;16;1;1;7;6;1;0;1;2;0;2
14564;78717302;14564;13;1;1;7;6;0;1;1;1;0;2
14565;78717302;14565;16;3;1;7;6;1;0;1;2;0;2
14566;78717302;14566;16;2;4;3;6;1;1;0;2;0;2
14567;78717302;14567;52;3;1;2;0;0;1;0;1;0;1
14568;78717402;14568;72;3;1;7;6;0;1;1;1;0;2
14569;78717402;14569;51;5;1;7;6;0;2;1;1;0;3
14570;78731302;14570;11;3;1;7;6;0;2;1;1;0;3
14571;78731401;14571;19;1;1;7;4;0;1;1;1;0;2
14572;78731410;14572;11;3;1;7;4;0;1;1;1;0;2
14573;78731410;14573;11;1;1;7;6;0;1;1;1;0;2
14574;78731410;14574;11;1;1;7;6;0;1;1;1;0;2
14575;78731410;14575;11;1;1;7;3;0;1;1;1;0;2
14576;78731410;14576;11;1;1;7;6;0;1;1;1;0;2
14577;78731410;14577;11;1;1;7;6;0;2;1;1;0;3
14578;78731410;14578;62;1;1;7;2;0;1;1;1;0;2
14579;78731410;14579;11;1;1;7;8;0;1;1;1;0;2
14580;78731504;14580;13;3;2;1;3;0;1;1;1;0;2
14581;78731504;14581;51;1;1;7;6;0;2;1;1;0;3
14582;78731504;14582;13;3;1;7;6;1;0;1;2;0;2
14583;78731504;14583;42;1;1;7;2;0;1;1;1;0;2
14584;78731505;14584;52;1;1;7;0;0;1;0;1;0;1
14585;78731505;14585;16;1;1;7;6;0;1;2;1;0;3
14586;78732204;14586;81;1;1;7;6;1;0;1;2;0;2
14587;78732204;14587;22;1;1;7;6;0;1;1;1;0;2
14588;78732302;14588;11;1;1;7;6;0;1;1;1;0;2
14589;78732302;14589;35;1;1;7;3;0;1;0;1;0;1
14590;78732401;14590;18;1;1;7;5;0;1;1;1;0;2
14591;78732401;14591;11;1;1;7;6;0;1;1;1;0;2
14592;78732401;14592;11;1;1;7;6;1;0;1;2;0;2
14593;78732401;14593;11;1;1;7;6;0;1;2;1;0;3
14594;78732401;14594;11;1;1;7;6;0;1;1;1;0;2
14595;78732401;14595;11;1;1;7;6;0;1;1;1;0;2
14596;78732401;14596;11;1;1;7;6;0;3;1;1;0;4
14597;78732401;14597;11;2;3;2;6;0;1;1;1;0;2
14598;78732504;14598;71;1;1;7;6;0;1;1;1;0;2
14599;78733405;14599;13;2;1;7;6;0;1;1;1;0;2
14600;78733501;14600;11;2;3;2;8;1;1;1;2;0;3
14601;78733501;14601;14;1;1;7;6;0;2;1;1;0;3
14602;78733501;14602;11;1;1;7;6;0;1;1;1;0;2
14603;78733501;14603;11;1;1;7;6;1;1;0;2;0;2
14604;78733501;14604;11;1;1;7;6;0;3;0;1;0;3
14605;78733502;14605;52;1;1;7;0;0;2;0;1;0;2
14606;78733508;14606;52;1;4;4;6;1;0;2;2;0;3
14607;78734104;14607;19;1;1;7;6;0;3;0;1;0;3
14608;78734104;14608;16;3;1;7;6;0;2;0;1;0;2
14609;78734104;14609;81;1;1;7;6;0;2;0;1;0;2
14610;78734104;14610;19;1;1;7;6;0;3;0;1;0;3
14611;78734104;14611;13;3;1;7;6;0;2;1;1;0;3
14612;78734104;14612;19;2;1;7;5;0;1;1;1;0;2
14613;78734104;14613;16;1;4;1;6;0;1;2;1;0;3
14614;78734104;14614;19;3;1;1;6;0;1;2;1;0;3
14615;78734104;14615;19;1;1;7;6;0;1;1;1;0;2
14616;78734104;14616;19;1;1;7;6;0;2;1;3;2;5
14617;78734104;14617;19;3;3;1;6;0;3;0;1;0;3
14618;78734104;14618;19;2;3;2;6;0;1;1;1;0;2
14619;78734408;14619;71;3;1;7;6;0;1;1;1;0;2
14620;78734408;14620;72;3;3;1;6;0;1;1;1;0;2
14621;78734408;14621;18;1;1;7;6;0;1;1;1;0;2
14622;78734408;14622;67;1;1;7;6;0;1;2;1;0;3
14623;78735309;14623;19;3;1;7;6;0;5;1;1;0;6
14624;78735501;14624;42;1;1;7;6;0;1;1;1;0;2
14625;78741104;14625;52;1;1;7;7;0;1;2;1;0;3
14626;78741104;14626;41;3;1;7;6;0;2;2;1;0;4
14627;78741204;14627;17;1;1;7;2;0;1;1;1;0;2
14628;78741204;14628;31;1;1;7;6;0;1;1;1;0;2
14629;78741204;14629;17;1;5;2;2;0;1;1;1;0;2
14630;78741204;14630;17;3;1;7;2;0;1;1;1;0;2
14631;78741209;14631;61;1;1;7;3;0;1;1;1;0;2
14632;78741209;14632;51;1;1;7;6;0;1;1;1;0;2
14633;78741214;14633;16;1;1;7;6;0;1;1;1;0;2
14634;78741214;14634;51;1;3;2;6;0;1;1;1;0;2
14635;78741214;14635;13;3;3;1;6;0;1;1;1;0;2
14636;78741214;14636;64;1;1;7;6;0;1;1;1;0;2
14637;78741215;14637;17;1;1;7;2;1;0;1;2;0;2
14638;78741215;14638;51;1;1;7;6;0;3;2;1;0;5
14639;78741215;14639;13;1;3;1;5;0;1;1;1;0;2
14640;78741215;14640;31;1;1;7;6;0;1;1;1;0;2
14641;78741215;14641;13;1;3;1;6;0;1;1;1;0;2
14642;78741215;14642;16;3;1;7;4;0;1;1;1;0;2
14643;78741307;14643;21;3;1;7;3;0;1;1;1;0;2
14644;78741307;14644;14;1;1;7;6;0;1;1;1;0;2
14645;78741404;14645;14;1;1;7;6;0;1;1;1;0;2
14646;78741404;14646;13;1;1;7;6;0;1;2;1;0;3
14647;78741406;14647;52;2;3;2;6;0;1;2;1;0;3
14648;78743101;14648;81;3;3;2;6;1;0;1;2;0;2
14649;78743101;12422;13;3;1;7;5;0;1;1;1;0;2
14650;78743101;14650;52;1;1;7;0;1;3;0;2;0;4
14651;78743101;14651;13;3;1;7;4;0;1;1;1;0;2
14652;78743101;14652;52;4;1;7;6;0;1;1;1;0;2
14653;78743113;14653;13;3;3;1;6;0;1;1;1;0;2
14654;78743201;14654;81;3;1;1;6;0;1;1;1;0;2
14655;78743204;14655;13;3;1;7;6;0;1;1;1;0;2
14656;78743204;14656;13;2;1;7;5;0;1;1;1;0;2
14657;78743301;14657;17;1;1;7;2;0;2;0;1;0;2
14658;78743301;14658;16;3;1;1;6;0;1;1;1;0;2
14659;78743301;14659;16;1;1;7;4;0;1;1;1;0;2
14660;78743301;14660;16;1;1;7;4;0;1;1;1;0;2
14661;78743301;14661;51;1;1;7;6;0;3;0;1;0;3
14662;78743301;14662;11;1;1;7;6;0;1;1;1;0;2
14663;78743301;14663;16;1;1;7;6;0;1;1;1;0;2
14664;78743301;14664;17;1;6;1;2;0;2;0;1;0;2
14665;78743301;14665;11;3;3;2;7;0;2;1;1;0;3
14666;78743301;14666;11;1;1;7;6;0;1;2;1;0;3
14667;78743302;14667;63;1;1;7;6;0;2;0;1;0;2
14668;78743302;14668;36;1;1;7;6;0;1;1;1;0;2
14669;78743302;14669;17;1;1;7;2;0;2;1;1;0;3
14670;78744101;14670;18;1;1;7;5;0;1;1;1;0;2
14671;78744101;14671;18;1;1;7;6;0;1;1;1;0;2
14672;78744201;14672;41;1;3;1;1;0;1;1;1;0;2
14673;78744201;14673;13;3;1;7;6;0;1;1;1;0;2
14674;78744201;14674;17;3;1;7;2;1;0;1;2;0;2
14675;78744201;14675;81;1;3;2;6;0;1;0;1;0;1
14676;78744201;14676;13;4;1;7;6;0;4;0;1;0;4
14677;78744201;14677;13;3;1;7;6;0;2;0;1;0;2
14678;78744203;14678;72;1;1;7;4;0;2;1;1;0;3
14679;78744203;14679;16;1;1;7;6;0;1;2;1;0;3
14680;78744203;14680;71;1;1;7;6;0;1;2;1;0;3
14681;78744302;14681;13;1;3;2;5;0;1;1;1;0;2
14682;78744302;14682;71;1;1;7;6;1;0;1;2;0;2
14683;78744302;3751;17;1;1;7;2;0;1;1;1;0;2
14684;78744302;14684;63;1;1;7;4;0;1;1;1;0;2
14685;78744302;14685;17;1;1;7;2;0;1;1;1;0;2
14686;78744302;14686;52;3;1;7;6;0;1;1;1;0;2
14687;78744302;14687;17;1;3;2;2;0;1;1;1;0;2
14688;78744302;14688;17;1;1;7;2;0;1;1;1;0;2
14689;78744302;14689;17;5;3;1;2;1;0;2;2;0;3
14690;78744302;14690;17;1;1;7;2;0;1;1;1;0;2
14691;78744302;14691;71;1;1;7;6;0;1;1;1;0;2
14692;78744302;14692;17;1;1;7;2;0;1;1;1;0;2
14693;78744302;14693;13;2;1;7;6;0;2;1;1;0;3
14694;78744302;14694;17;2;2;1;2;0;1;1;1;0;2
14695;78744302;14695;17;1;3;1;2;0;1;1;1;0;2
14696;78744302;14696;17;1;1;7;2;1;0;1;2;0;2
14697;78744302;14697;13;2;1;7;6;0;2;1;1;0;3
14698;78744303;14698;16;1;1;7;5;0;1;1;1;0;2
14699;78744303;14699;16;1;1;7;4;0;1;1;1;0;2
14700;78744303;14700;31;1;1;7;6;0;1;1;1;0;2
14701;78744303;14701;52;3;3;1;6;0;4;0;1;0;4
14702;78744303;14702;52;2;2;1;6;0;2;0;1;0;2
14703;78744303;14703;17;1;3;1;2;0;1;1;1;0;2
14704;78744304;14704;17;2;1;7;2;1;1;1;2;0;3
14705;78744304;14705;17;3;2;2;2;0;1;1;1;0;2
14706;78744304;14706;17;1;1;7;2;0;1;1;1;0;2
14707;78745301;14707;13;1;1;7;4;0;1;1;1;0;2
14708;78745307;14708;51;1;1;7;6;0;1;2;1;0;3
14709;78745307;14709;51;1;1;7;4;0;1;1;1;0;2
14710;78745307;14710;51;1;1;7;6;0;2;1;1;0;3
14711;78745307;14711;51;5;1;7;8;0;3;1;1;0;4
14712;78745307;14712;11;1;1;7;6;0;1;1;1;0;2
14713;78745307;14713;21;3;3;1;6;0;3;2;1;0;5
14714;78745307;14714;11;3;3;2;6;0;1;2;1;0;3
14715;78745307;14715;15;1;1;7;6;0;1;1;1;0;2
14716;78745307;14716;51;1;1;7;6;0;1;1;1;0;2
14717;78745501;13788;14;1;1;7;6;0;1;1;1;0;2
14718;78746202;14718;73;2;1;7;6;0;1;1;1;0;2
14719;78746306;14719;18;1;1;7;3;0;1;1;1;0;2
14720;78746306;14720;14;1;1;7;6;0;1;1;1;0;2
14721;78746306;14721;17;3;1;7;2;0;1;1;1;0;2
14722;78746311;14722;51;1;3;2;6;0;1;1;1;0;2
14723;78746315;14723;52;3;1;6;0;0;3;0;1;0;3
14724;78746401;14724;11;3;3;1;5;0;1;1;1;0;2
14725;78746407;14725;11;5;1;7;6;0;1;1;1;0;2
14726;78746407;14726;51;1;1;7;8;0;1;1;1;0;2
14727;78746407;14727;51;1;1;7;6;0;1;2;1;0;3
14728;78746407;14728;71;1;1;7;6;0;2;1;1;0;3
14729;78746407;14729;11;3;1;1;6;0;1;1;1;0;2
14730;78746409;14730;72;1;1;7;6;0;1;1;1;0;2
14731;78746409;14731;71;1;1;7;4;0;1;1;1;0;2
14732;78746410;14732;17;1;1;7;2;0;1;1;1;0;2
14733;78746416;14733;11;1;3;1;6;0;1;1;1;0;2
14734;78746416;14734;15;3;1;4;6;0;1;1;1;0;2
14735;78746416;14735;11;1;1;7;5;0;1;1;1;0;2
14736;78746416;14736;15;1;1;7;7;0;1;1;1;0;2
14737;78746416;14737;18;3;1;7;4;0;1;1;1;0;2
14738;78746416;14738;11;1;1;7;6;0;2;1;1;0;3
14739;78746416;14739;11;1;1;7;6;0;1;1;1;0;2
14740;78746416;14740;11;5;1;7;6;0;2;0;1;0;2
14741;78746416;14741;11;3;1;7;6;0;2;1;1;0;3
14742;78746416;14742;11;1;1;7;6;0;1;1;1;0;2
14743;78746416;14743;11;1;3;2;6;1;1;0;2;0;2
14744;78746504;14744;17;1;1;7;2;1;0;1;2;0;2
14745;78747104;14745;51;1;1;7;6;0;1;1;1;0;2
14746;78747112;14746;11;1;1;7;6;0;2;1;1;0;3
14747;78747112;14747;41;3;1;7;6;0;1;1;1;0;2
14748;78747112;14748;11;1;1;7;6;0;1;1;1;0;2
14749;78747112;14749;15;1;1;7;6;0;1;3;1;0;4
14750;78747112;14750;11;1;1;7;6;0;2;0;1;0;2
14751;78747112;14751;41;1;1;7;4;0;1;1;1;0;2
14752;78747112;14752;11;1;1;7;6;0;1;2;1;0;3
14753;78747112;14753;81;1;1;7;6;0;2;2;1;0;4
14754;78747112;14754;51;1;1;7;6;0;1;1;1;0;2
14755;78747308;14755;51;1;1;7;6;0;1;4;1;0;5
14756;78747308;14756;52;1;1;7;0;0;1;0;1;0;1
14757;78747501;14757;11;3;1;7;4;0;1;1;1;0;2
14758;78747501;14758;16;1;1;7;4;0;1;1;1;0;2
14759;78747502;14759;11;1;1;7;6;1;0;1;2;0;2
14760;78747502;14760;51;1;1;7;6;0;1;1;1;0;2
14761;78747504;14761;64;1;1;7;8;0;1;1;1;0;2
14762;78747508;14762;13;1;1;7;2;0;1;1;1;0;2
14763;78747510;14763;11;3;3;1;5;2;0;0;2;0;2
14764;78747510;14764;11;1;1;7;6;0;1;1;1;0;2
14765;78747510;14765;51;1;1;7;6;0;1;1;1;0;2
14766;78747510;14761;64;1;1;7;8;0;1;1;1;0;2
14767;78747510;14767;81;3;3;2;6;0;1;1;1;0;2
14768;78747510;14768;51;1;1;7;6;0;1;1;1;0;2
14769;78747510;14769;11;3;3;2;6;0;2;1;1;0;3
14770;78747510;14770;71;3;1;7;6;0;1;1;1;0;2
14771;78747510;14771;11;3;1;7;6;0;1;1;1;0;2
14772;78751504;14772;19;1;1;7;6;1;0;1;2;0;2
14773;78751504;14773;19;1;1;7;6;0;1;1;1;0;2
14774;78751504;14774;31;1;1;7;6;0;1;0;3;0;1
14775;78751504;14775;19;3;1;7;6;0;1;0;1;0;1
14776;78751504;14776;13;3;1;7;4;0;1;1;1;0;2
14777;78751504;14777;13;3;3;2;4;0;1;1;1;0;2
14778;78751504;14778;16;1;1;7;4;1;0;1;2;0;2
14779;78751504;14779;19;1;1;7;6;0;1;0;1;0;1
14780;78751504;14780;19;3;1;7;5;0;2;0;1;0;2
14781;78751504;14781;13;1;1;7;6;0;1;1;1;0;2
14782;78751504;14782;85;5;1;1;6;0;0;1;3;0;1
14783;78751504;14783;13;1;1;7;6;0;1;2;1;0;3
14784;78751504;14784;13;1;1;7;6;0;1;1;1;0;2
14785;78751504;14785;16;1;1;7;6;0;2;2;1;0;4
14786;78751504;14786;13;3;1;2;6;0;1;1;1;0;2
14787;78751504;14787;13;3;1;7;5;0;1;1;1;0;2
14788;78752102;14788;14;1;3;2;7;0;1;1;1;0;2
14789;78753102;14789;14;1;1;3;7;0;2;1;1;0;3
14790;78754107;14790;52;1;3;1;0;0;1;1;1;0;2
14791;78754201;14791;18;1;1;7;6;0;1;4;1;0;5
14792;78754201;14792;18;1;1;7;6;0;1;1;1;0;2
14793;78755106;14793;71;1;3;1;6;0;1;1;1;0;2
14794;78755204;14794;71;1;1;7;6;0;1;1;1;0;2
14795;78755204;14795;71;1;1;7;6;0;1;1;1;0;2
14796;78755204;14796;51;1;1;7;6;0;1;3;1;0;4
14797;78755206;14797;14;1;1;7;4;0;2;1;1;0;3