accident_id;lieu_id;date_id;cause_id;lum_id;intemp_id;etat_surface_id;impliq_id;nb_blesses_graves;nb_blesses_legers;nb_indemnes;gravite;nb_morts;nb_impliqués
14798;78755206;14798;72;1;1;7;6;1;0;1;2;0;2
14799;78755206;14799;17;1;1;7;1;0;1;2;1;0;3
14800;78755209;14800;35;1;1;7;7;0;1;2;1;0;3
14801;78756201;14801;71;1;1;7;6;0;1;1;1;0;2
14802;78756201;14802;17;1;3;2;2;1;0;1;2;0;2
14803;78756202;14803;63;1;1;7;6;0;2;1;1;0;3
14804;78756203;14804;11;1;1;7;6;0;1;1;1;0;2
14805;78756502;14805;81;3;1;7;6;0;1;2;1;0;3
14806;78756502;5752;51;2;3;2;2;0;1;1;1;0;2
14807;78756503;2083;11;1;1;7;6;0;1;1;1;0;2
14808;78756503;14808;11;1;1;7;6;0;1;1;1;0;2
14809;78756503;14809;51;1;3;2;6;0;1;1;1;0;2
14810;78756503;14810;51;1;1;7;6;1;0;1;2;0;2
14811;78756503;14811;16;1;3;2;8;0;1;1;1;0;2
14812;78756503;14812;17;1;3;2;2;0;1;1;1;0;2
14813;78756503;14813;52;1;1;7;0;0;1;0;1;0;1
14814;78756503;14814;11;1;3;2;6;1;3;0;2;0;4
14815;78756503;14815;11;1;3;2;6;1;2;0;2;0;3
14816;78756503;14816;11;3;1;7;6;0;1;3;1;0;4
14817;78756503;14817;11;3;1;7;6;1;1;1;2;0;3
14818;78756503;14818;11;3;3;1;6;0;1;1;1;0;2
14819;78756503;14819;51;5;2;1;6;0;1;3;1;0;4
14820;78757101;14820;35;1;1;7;4;0;1;1;1;0;2
14821;78757103;14821;41;1;6;2;6;0;1;1;1;0;2
14822;78757103;14822;17;1;1;7;2;0;1;1;1;0;2
14823;78757107;14823;41;1;1;7;6;0;1;2;1;0;3
14824;78757301;14824;51;1;1;7;6;0;1;1;1;0;2
14825;78757302;14825;13;1;1;7;4;0;1;1;1;0;2
14826;78757302;14826;13;1;1;7;6;0;2;1;1;0;3
14827;78757302;14827;13;1;1;7;6;0;4;1;1;0;5
14828;78757302;14828;13;1;1;7;5;0;1;1;1;0;2
14829;78757302;14829;13;1;1;7;6;0;2;1;1;0;3
14830;78757501;14830;64;1;1;7;6;0;1;1;1;0;2
14831;78757501;14831;31;1;1;7;6;0;1;1;1;0;2
14832;78757502;14832;21;1;1;7;3;0;1;1;1;0;2
14833;78757502;14833;16;1;1;7;4;0;1;1;1;0;2
14834;78757502;14834;16;5;1;7;4;0;1;1;1;0;2
14835;78757502;14835;16;2;1;7;6;0;2;0;1;0;2
14836;78757502;14836;16;1;1;7;5;0;1;1;1;0;2
14837;78757502;14837;16;3;1;7;5;1;0;1;2;0;2
14838;78757504;14838;51;1;1;7;6;0;1;2;1;0;3
14839;78757504;14839;16;5;1;7;4;0;1;1;1;0;2
14840;78757504;14840;81;3;3;1;6;0;1;2;1;0;3
14841;78757504;14841;11;3;1;7;6;1;0;1;2;0;2
14842;78757504;14842;11;2;1;7;6;0;1;3;1;0;4
14843;78757504;14843;11;2;3;1;6;0;2;1;1;0;3
14844;78757504;14844;16;1;1;1;6;0;2;0;1;0;2
14845;78757504;14845;11;1;1;7;6;1;2;0;2;0;3
14846;78757504;14846;11;1;1;7;6;0;1;1;1;0;2
14847;78757504;14847;11;1;1;7;6;0;2;1;1;0;3
14848;78757504;14848;51;3;1;7;6;0;1;1;1;0;2
14849;78757507;14849;72;1;1;7;6;0;1;1;1;0;2
14850;78761202;14850;52;1;1;7;6;0;1;1;1;0;2
14851;78761302;14851;19;1;1;7;6;0;3;0;1;0;3
14852;78761302;14852;19;1;1;7;8;0;4;1;1;0;5
14853;78761302;14853;19;1;1;7;8;0;1;1;1;0;2
14854;78761302;14854;19;1;1;7;6;0;2;0;1;0;2
14855;78761302;5004;19;1;1;7;6;0;3;2;1;0;5
14856;78761302;14856;19;1;1;7;4;0;1;1;1;0;2
14857;78761302;14857;19;1;1;7;6;0;2;2;1;0;4
14858;78761303;14858;18;1;1;7;4;0;2;0;1;0;2
14859;78761303;14859;64;1;1;7;4;1;0;1;2;0;2
14860;78761303;14860;81;3;1;7;0;0;1;0;1;0;1
14861;78761303;14861;16;1;1;7;6;0;2;0;1;0;2
14862;78761303;14862;11;1;1;7;6;0;1;3;1;0;4
14863;78761303;14863;16;2;1;7;5;0;1;0;1;0;1
14864;78761303;14864;11;3;4;4;5;0;1;1;1;0;2
14865;78761304;14865;13;1;1;7;4;0;1;1;1;0;2
14866;78761305;14866;16;1;1;7;6;0;2;1;1;0;3
14867;78761305;14867;16;1;1;7;5;0;1;1;3;0;2
14868;78761520;14868;64;1;1;7;5;0;1;1;1;0;2
14869;78761520;14869;16;1;1;7;5;1;0;1;2;0;2
14870;78761520;14870;51;3;1;7;6;0;2;0;1;0;2
14871;78761521;14871;71;1;3;2;6;0;1;1;1;0;2
14872;78761521;14872;17;1;1;7;2;1;0;1;2;0;2
14873;78761521;14873;64;1;1;7;6;0;1;1;1;0;2
14874;78761521;14874;71;3;1;7;6;0;1;1;1;0;2
14875;78761521;14875;51;3;3;2;6;0;1;3;1;0;4
14876;78762401;14876;72;1;1;7;6;0;1;1;1;0;2
14877;78762403;14877;72;3;2;2;3;0;1;0;1;0;1
14878;78762405;14878;17;1;1;7;2;0;1;1;1;0;2
14879;78762405;14879;11;1;1;2;6;0;1;1;1;0;2
14880;78762405;14880;17;1;1;7;2;0;1;1;1;0;2
14881;78762405;14881;17;2;1;7;2;0;1;1;1;0;2
14882;78762405;14882;16;1;1;7;3;0;1;1;1;0;2
14883;78762405;14883;11;1;1;7;6;0;1;1;1;0;2
14884;78762501;14884;63;1;1;7;5;0;1;1;1;0;2
14885;78762503;14885;17;3;3;1;2;1;0;1;2;0;2
14886;78762504;14886;26;1;3;2;1;0;1;1;1;0;2
14887;78762504;14887;23;2;1;7;4;0;1;1;1;0;2
14888;78762504;14888;16;1;1;7;6;0;4;0;1;0;4
14889;78762504;14889;17;3;1;7;2;0;2;0;1;0;2
14890;78762504;14890;17;1;1;7;2;0;1;1;1;0;2
14891;78762504;14891;17;1;1;7;2;1;0;1;2;0;2
14892;78762504;14892;17;1;1;7;2;0;1;1;1;0;2
14893;78762504;14893;51;1;1;7;6;0;1;1;1;0;2
14894;78762504;14894;17;3;2;1;2;1;0;1;2;0;2
14895;78762504;14895;17;1;1;7;2;1;0;1;2;0;2
14896;78762504;14896;17;1;1;7;2;0;1;1;1;0;2
14897;78762510;14897;17;1;1;7;2;0;1;1;1;0;2
14898;78762510;14898;13;1;1;7;6;1;3;0;2;0;4
14899;78763104;14899;17;1;1;7;2;0;1;1;1;0;2
14900;78763201;14900;72;1;1;7;6;0;1;1;1;0;2
14901;78763203;14901;31;1;1;1;7;0;1;1;1;0;2
14902;78763203;14902;72;1;1;7;6;0;1;1;1;0;2
14903;78763203;14903;13;1;1;2;4;0;1;1;1;0;2
14904;78763403;14904;71;3;1;7;4;0;1;1;1;0;2
14905;78763403;14905;13;1;3;1;5;1;0;1;2;0;2
14906;78763403;14906;13;1;1;7;5;0;1;2;1;0;3
14907;78763403;14907;16;1;1;7;6;0;1;1;1;0;2
14908;78763403;14908;16;1;1;7;4;0;1;1;1;0;2
14909;78763403;14909;16;3;1;7;4;0;1;1;1;0;2
14910;78763403;14910;17;1;1;7;2;0;1;1;1;0;2
14911;78763403;14911;17;1;1;7;2;0;1;1;1;0;2
14912;78763403;14912;13;1;1;7;4;0;1;1;1;0;2
14913;78763403;14913;17;1;1;7;2;0;1;1;1;0;2
14914;78763404;14914;16;1;1;7;5;1;0;3;2;0;4
14915;78763404;14915;17;1;2;2;2;0;1;1;1;0;2
14916;78763404;14916;81;1;1;7;4;0;0;1;3;0;1
14917;78763404;14917;71;1;2;1;6;0;1;1;1;0;2
14918;78763404;14918;16;1;3;1;6;0;1;1;1;0;2
14919;78763404;14919;20;1;1;7;2;1;0;0;2;0;1
14920;78763510;14920;21;1;1;7;6;0;2;0;1;0;2
14921;78763510;14921;17;1;1;7;2;0;1;1;1;0;2
14922;78763510;14922;13;3;1;7;4;0;1;1;1;0;2
14923;78763511;14923;25;3;1;7;0;0;1;0;1;0;1
14924;78763513;14924;14;1;1;7;6;0;2;2;1;0;4
14925;78763515;14925;13;1;1;7;6;0;1;1;1;0;2
14926;78763515;14926;52;1;1;7;0;0;1;0;1;0;1
14927;78764104;14927;63;1;1;7;4;0;1;1;1;0;2
14928;78764106;14928;14;1;1;2;6;0;1;1;1;0;2
14929;78764107;14929;14;1;1;7;6;0;1;1;1;0;2
14930;78764107;14930;14;3;3;2;6;0;1;1;1;0;2
14931;78764107;14931;19;1;1;7;4;1;0;1;2;0;2
14932;78764107;14932;14;1;1;7;6;1;0;1;2;0;2
14933;78764107;14933;14;1;1;7;6;0;1;1;1;0;2
14934;78764107;14934;81;3;1;7;6;0;2;0;1;0;2
14935;78764107;14935;13;1;1;7;4;0;1;1;1;0;2
14936;78764109;14936;63;1;3;1;4;0;1;1;1;0;2
14937;78764110;14937;14;1;1;7;6;1;0;1;2;0;2
14938;78764110;14938;16;1;1;7;6;0;1;1;1;0;2
14939;78764112;14939;64;1;1;7;6;0;1;1;1;0;2
14940;78764201;14940;14;1;1;7;6;0;2;0;1;0;2
14941;78764303;14941;42;1;1;7;6;0;1;1;1;0;2
14942;78764303;14942;41;1;1;7;6;0;1;1;1;0;2
14943;78764303;14943;71;1;1;7;6;1;0;1;2;0;2
14944;78764305;14944;11;1;1;7;6;0;1;1;1;0;2
14945;78764305;14945;41;1;1;7;6;0;1;1;1;0;2
14946;78764305;14946;11;1;1;7;6;0;1;1;1;0;2
14947;78764305;14947;11;1;1;7;6;0;1;1;1;0;2
14948;78764307;14948;17;1;1;7;2;0;1;1;1;0;2
14949;78764307;14949;16;1;1;7;4;0;1;1;1;0;2
14950;78764307;14950;52;3;1;7;0;0;2;1;3;0;3
14951;78764307;14951;52;3;1;7;0;0;2;0;1;0;2
14952;78764410;14952;52;1;1;7;6;0;1;0;1;0;1
14953;78764410;14953;52;3;1;1;6;0;3;0;1;0;3
14954;78765201;14954;15;1;1;7;6;0;2;1;1;0;3
14955;78765201;14955;15;1;1;7;6;1;0;1;2;0;2
14956;78765201;14956;14;1;1;7;3;0;1;1;1;0;2
14957;78765201;14957;11;1;1;7;6;0;1;2;1;0;3
14958;78765201;14958;15;1;3;2;6;0;2;1;1;0;3
14959;78765201;14959;11;1;1;7;6;0;1;1;1;0;2
14960;78765201;14960;11;1;1;7;6;0;3;1;1;0;4
14961;78765201;14961;11;1;1;7;6;0;1;1;1;0;2
14962;78765201;14962;11;1;1;7;6;0;2;1;1;0;3
14963;78765201;14963;51;3;1;7;6;0;1;2;1;0;3
14964;78765201;14964;11;1;1;7;8;0;1;1;1;0;2
14965;78765201;14965;81;1;1;7;6;0;3;0;1;0;3
14966;78765201;14966;11;1;1;7;6;1;0;1;2;0;2
14967;78765202;14967;11;3;1;7;3;0;1;1;1;0;2
14968;78765202;14968;16;3;1;7;4;0;1;1;1;0;2
14969;78765203;14969;16;1;1;7;4;0;1;1;1;0;2
14970;78765203;14970;23;1;3;2;6;0;1;1;1;0;2
14971;78765203;14971;31;1;1;7;6;0;1;1;1;0;2
14972;78765206;14972;23;1;1;7;4;0;1;1;1;0;2
14973;78765206;14973;71;1;1;2;6;0;1;1;1;0;2
14974;78765301;14974;23;1;1;7;5;0;1;1;1;0;2
14975;78765301;14975;17;1;1;7;2;0;0;1;3;0;1
14976;78765301;14976;41;1;1;7;2;0;1;1;1;0;2
14977;78765301;14977;81;3;1;7;0;1;0;0;2;0;1
14978;78765301;14978;52;3;3;2;6;0;2;3;1;0;5
14979;78765302;14979;72;1;1;2;6;0;1;1;1;0;2
14980;78765308;14980;15;1;1;7;6;0;2;0;1;0;2
14981;78765308;14981;35;1;1;7;4;0;1;1;1;0;2
14982;78765308;14982;11;1;1;7;6;0;2;1;1;0;3
14983;78765308;14983;11;3;1;1;6;0;1;1;1;0;2
14984;78765308;14984;11;1;3;1;6;0;1;1;1;0;2
14985;78765312;14985;22;1;1;7;4;0;2;0;1;0;2
14986;78765312;14986;13;1;1;7;5;0;1;1;1;0;2
14987;78765312;14987;13;2;3;1;5;0;2;1;1;0;3
14988;78765410;14988;86;1;1;7;6;0;1;1;1;0;2
14989;78765410;14989;35;3;1;1;6;0;1;1;1;0;2
14990;78766102;14990;52;1;1;7;0;0;2;0;1;0;2
14991;78766102;14991;51;2;1;1;6;0;1;1;1;0;2
14992;78766102;14992;81;3;1;7;6;0;1;1;1;0;2
14993;78766201;14993;52;3;1;7;0;0;5;0;1;0;5
14994;78766201;14994;31;2;3;2;6;0;1;1;1;0;2
14995;78766510;14995;71;1;1;7;6;0;1;1;1;0;2
14996;78766510;14996;81;3;3;2;3;0;1;1;1;0;2
14997;78766510;14997;81;3;1;7;3;0;2;1;1;0;3
14998;78766510;14998;16;1;1;7;6;0;1;1;1;0;2
14999;78766510;14999;34;3;1;7;6;0;1;1;1;0;2
15000;78766510;15000;11;3;1;2;6;0;1;1;1;0;2
15001;78766510;15001;14;1;3;1;6;0;1;1;1;0;2
15002;78766510;15002;11;1;1;7;6;1;0;1;2;0;2
15003;78766510;15003;51;5;1;7;3;1;0;1;2;0;2
15004;78766510;15004;64;1;1;7;6;1;0;1;2;0;2
15005;78766510;15005;16;1;1;7;6;0;1;1;1;0;2
15006;78766510;15006;11;1;1;7;6;0;2;1;1;0;3
15007;78766510;15007;11;1;1;7;6;0;1;1;1;0;2
15008;78766510;15008;51;1;1;7;3;0;1;1;1;0;2
15009;78766510;15009;16;1;1;7;6;0;1;2;1;0;3
15010;78766510;15010;17;1;3;2;2;0;1;1;1;0;2
15011;78766510;15011;86;1;1;7;2;0;1;1;1;0;2
15012;78767101;15012;51;1;3;2;4;0;1;1;1;0;2
15013;78767101;15013;16;3;1;7;4;0;1;1;1;0;2
15014;78767101;15014;13;3;1;7;6;0;1;1;1;0;2
15015;78767102;15015;71;3;1;7;6;0;0;1;3;0;1
15016;78767102;15016;52;2;1;7;0;0;1;0;1;0;1
15017;78767107;15017;52;5;1;7;0;0;2;0;1;0;2
15018;78767302;15018;13;1;1;7;5;0;1;1;1;0;2
15019;78767302;15019;86;1;1;7;6;0;2;1;1;0;3
15020;78767402;15020;52;1;1;7;2;0;2;1;1;0;3
15021;78767402;15021;16;3;3;2;4;0;1;1;1;0;2
15022;78767402;15022;51;1;1;7;6;0;1;1;1;0;2
15023;78767402;15023;18;1;3;1;4;1;0;1;2;0;2
15024;78767402;15024;51;1;1;7;6;0;2;1;1;0;3
15025;78771102;15025;11;1;1;7;6;0;3;0;1;0;3
15026;78771106;15026;71;2;3;2;6;0;1;1;1;0;2
15027;78771106;15027;81;1;1;7;6;0;0;2;0;0;2
15028;78771106;15028;16;1;1;7;4;0;1;1;1;0;2
15029;78771106;15029;16;3;1;7;5;1;3;1;2;0;5
15030;78771106;15030;17;1;1;7;2;1;0;1;2;0;2
15031;78771106;10854;52;3;1;7;0;0;1;0;1;0;1
15032;78771106;15032;17;3;1;7;2;1;0;1;2;0;2
15033;78771108;15033;11;1;1;7;4;1;0;1;2;0;2
15034;78771108;15034;12;1;1;7;6;0;2;1;1;0;3
15035;78771108;15035;11;3;1;7;6;0;9;0;1;0;9
15036;78771108;15036;52;3;1;7;6;0;1;1;1;0;2
15037;78771108;15037;16;1;3;2;6;0;1;1;1;0;2
15038;78771108;15038;32;1;1;7;7;0;1;1;1;0;2
15039;78771108;15039;51;1;1;7;6;0;1;1;1;0;2
15040;78771108;15040;41;3;3;2;6;0;1;1;1;0;2
15041;78771108;15041;11;3;1;7;6;0;1;1;1;0;2
15042;78771108;15042;11;3;1;7;5;0;2;1;1;0;3
15043;78771108;15043;17;1;1;7;2;0;1;1;1;0;2
15044;78771108;15044;81;2;1;7;0;0;0;0;3;0;0
15045;78771108;15045;81;2;1;7;2;0;1;1;1;0;2
15046;78771108;15046;11;2;1;7;1;0;1;1;1;0;2
15047;78771108;15047;17;1;1;7;2;1;0;1;2;0;2
15048;78771108;15048;23;1;1;7;6;0;1;1;1;0;2
15049;78771108;15049;71;1;1;7;6;0;1;1;1;0;2
15050;78771108;15050;11;1;7;7;6;0;2;1;1;0;3
15051;78771108;15051;11;1;1;7;6;0;2;1;1;0;3
15052;78771108;15052;11;1;1;7;6;0;1;1;1;0;2
15053;78771108;15053;71;1;1;7;6;0;1;1;1;0;2
15054;78771108;15054;11;1;3;2;6;1;0;2;2;0;3
15055;78771108;15055;11;2;1;7;6;0;3;0;1;0;3
15056;78771108;15056;17;1;1;7;2;1;0;1;2;0;2
15057;78771202;15057;24;1;1;7;2;0;1;2;1;0;3
15058;78771204;15058;64;1;1;7;6;0;1;1;1;0;2
15059;78771204;15059;81;3;2;1;2;1;0;1;2;0;2
15060;78771204;15060;16;1;1;7;6;0;2;0;1;0;2
15061;78771206;15061;13;1;1;7;4;0;1;1;1;0;2
15062;78771206;15062;13;3;3;2;6;0;2;0;1;0;2
15063;78771206;15063;13;1;1;7;6;0;2;0;1;0;2
15064;78771206;15064;13;1;1;7;6;0;4;2;1;0;6
15065;78771206;15065;13;4;1;7;7;0;1;1;1;0;2
15066;78771206;15066;13;1;1;7;6;0;3;0;1;0;3
15067;78771206;15067;13;1;1;7;6;0;2;1;1;0;3
15068;78771206;15068;13;1;1;7;6;0;2;0;1;0;2
15069;78771208;15069;81;1;1;7;6;0;1;1;1;0;2
15070;78771303;15070;14;1;1;7;6;0;1;1;1;0;2
15071;78771307;15071;14;1;1;1;6;1;0;1;2;0;2
15072;78771406;15072;21;3;1;7;4;0;1;1;1;0;2
15073;78771406;15073;13;1;1;7;5;0;1;1;1;0;2
15074;78771406;15074;16;3;1;7;5;3;0;0;2;0;3
15075;78771406;15075;31;1;1;7;6;0;1;1;1;0;2
15076;78771406;15076;13;1;1;7;3;0;1;1;1;0;2
15077;78771406;15077;17;1;1;7;1;0;1;1;1;0;2
15078;78771406;15078;13;1;3;1;4;1;0;1;2;0;2
15079;78771406;15079;13;1;1;7;6;0;1;1;1;0;2
15080;78771406;15080;31;1;3;2;6;0;1;1;1;0;2
15081;78772102;15081;21;1;1;7;4;0;1;1;1;0;2
15082;78772102;15082;13;3;3;1;6;0;4;0;1;0;4
15083;78772102;15083;13;3;1;7;4;0;1;1;1;0;2
15084;78772102;15084;13;1;1;7;6;1;0;1;2;0;2
15085;78772102;15085;13;1;1;7;6;0;2;0;1;0;2
15086;78772102;15086;13;1;1;7;6;0;3;0;1;0;3
15087;78772102;15087;13;3;1;1;6;0;2;1;1;0;3
15088;78772102;15088;13;1;1;7;6;0;1;1;1;0;2
15089;78772102;15089;13;3;1;7;6;1;3;1;2;0;5
15090;78772102;15090;17;1;1;7;1;0;1;1;1;0;2
15091;78772102;15091;13;1;1;7;6;0;1;2;1;0;3
15092;78772102;15092;13;1;3;1;6;0;2;0;1;0;2
15093;78772102;15093;13;3;1;7;6;0;1;1;1;0;2
15094;78772104;15094;13;1;1;7;6;0;1;1;1;0;2
15095;78772106;15095;13;1;1;7;6;0;1;1;1;0;2
15096;78772106;15096;13;3;1;7;4;0;1;1;1;0;2
15097;78772109;15097;72;1;1;7;6;0;1;1;1;0;2
15098;78772210;15098;72;1;1;7;6;0;1;1;1;0;2
15099;78772304;15099;13;2;1;7;6;0;3;0;1;0;3
15100;78772304;15100;16;1;1;7;6;0;1;1;1;0;2
15101;78772304;15101;16;1;1;7;4;0;1;1;1;0;2
15102;78772304;15102;13;1;1;7;6;0;2;2;1;0;4
15103;78772304;15103;11;1;1;7;6;2;1;0;2;0;3
15104;78772304;15104;52;1;1;1;0;0;1;0;1;0;1
15105;78772304;15105;11;1;1;7;6;0;3;0;1;0;3
15106;78772304;15106;11;1;1;7;6;0;1;1;1;0;2
15107;78772304;15107;16;2;1;1;4;0;1;1;1;0;2
15108;78772304;15108;16;1;1;7;5;0;1;1;1;0;2
15109;78772304;15109;11;1;1;7;6;0;1;1;1;0;2
15110;78772502;15110;51;1;1;7;6;0;1;1;1;0;2
15111;78773201;15111;52;1;1;7;0;0;1;0;1;0;1
15112;78773304;15112;11;1;1;1;6;0;1;1;1;0;2
15113;78773304;15113;11;1;1;7;6;1;0;1;2;0;2
15114;78773304;15114;16;1;1;7;6;2;0;1;2;0;3
15115;78773304;15115;16;1;1;7;6;1;0;1;2;0;2
15116;78773304;15116;11;1;1;2;6;0;1;1;1;0;2
15117;78773304;15117;16;1;1;7;6;0;1;1;1;0;2
15118;78773304;15118;16;1;3;1;6;0;2;0;1;0;2
15119;78773304;15119;11;1;1;7;6;1;0;1;2;0;2
15120;78773304;15088;16;1;1;7;6;1;0;3;2;0;4
15121;78773307;15121;51;3;3;1;3;0;1;1;1;0;2
15122;78773307;15122;81;3;3;2;6;0;1;1;1;0;2
15123;78773307;15123;41;3;3;1;6;0;3;1;1;0;4
15124;78773506;15124;11;1;1;7;6;0;1;1;1;0;2
15125;78773506;15125;71;1;1;7;6;0;1;1;1;0;2
15126;78773506;15126;16;1;1;7;6;0;2;0;1;0;2
15127;78773506;15127;16;1;1;7;6;1;0;2;2;0;3
15128;78773506;15128;16;1;1;7;6;0;1;1;1;0;2
15129;78773506;15129;16;1;1;7;6;0;1;1;1;0;2
15130;78773506;15130;81;3;1;7;6;0;1;3;1;0;4
15131;78773506;15131;17;1;1;7;2;0;1;1;1;0;2
15132;78773506;15132;11;3;1;7;6;0;1;1;1;0;2
15133;78773506;15133;11;3;1;7;6;0;2;0;1;0;2
15134;78773506;15134;16;1;1;7;5;2;0;1;2;0;3
15135;78773506;15135;11;3;3;1;6;0;1;1;1;0;2
15136;78773506;15136;11;1;1;7;6;1;0;1;2;0;2
15137;78773506;15137;35;3;1;7;4;0;2;1;1;0;3
15138;78773506;15138;16;1;3;2;6;0;2;0;1;0;2
15139;78774104;15139;14;1;1;7;6;0;0;1;3;0;1
15140;78774104;15140;14;1;1;7;6;0;1;1;1;0;2
15141;78774105;15141;16;1;1;7;4;0;1;1;1;0;2
15142;78774105;15142;51;1;1;7;6;0;1;1;1;0;2
15143;78774105;15143;13;3;3;1;6;1;0;1;2;0;2
15144;78774303;15144;14;1;1;7;6;0;1;1;1;0;2
15145;78774303;15145;51;1;1;7;6;0;1;1;1;0;2
15146;78774306;15146;16;1;2;2;6;0;2;5;1;0;7
15147;78774306;15147;16;1;1;1;6;0;4;0;1;0;4
15148;78774306;15148;16;1;1;7;4;0;1;1;1;0;2
15149;78774306;15149;71;1;1;7;6;1;0;1;2;0;2
15150;78774306;15150;11;3;2;2;6;1;1;0;2;0;2
15151;78774306;15151;16;1;1;1;6;0;1;1;1;0;2
15152;78774306;15152;11;3;2;1;6;0;1;1;1;0;2
15153;78774306;15153;16;3;1;7;4;1;0;1;2;0;2
15154;78774306;15154;17;2;1;7;2;0;1;1;1;0;2
15155;78774306;15155;11;1;1;7;6;0;1;1;1;0;2
15156;78774306;15156;11;3;1;2;6;1;0;1;2;0;2
15157;78774306;15157;12;3;1;7;6;0;1;1;1;0;2
15158;78774306;15158;16;3;3;2;4;0;1;1;1;0;2
15159;78774306;15159;85;3;1;7;6;0;1;1;1;0;2
15160;78775104;15160;32;1;3;2;6;0;1;1;1;0;2
15161;78775104;15161;85;3;3;1;6;1;0;1;2;0;2
15162;78775104;15162;16;1;1;7;5;0;1;1;1;0;2
15163;78775104;15163;16;1;3;1;6;0;4;2;1;0;6
15164;78775104;15164;11;3;1;1;6;0;1;1;1;0;2
15165;78775104;15165;16;1;1;7;3;0;1;1;1;0;2
15166;78775104;15166;51;3;1;1;6;0;1;1;1;0;2
15167;78775104;15167;16;2;1;1;4;0;1;1;1;0;2
15168;78775104;15168;16;1;1;7;6;0;1;1;1;0;2
15169;78775104;15169;51;3;1;7;6;0;1;1;1;0;2
15170;78775104;15170;16;3;1;7;6;2;2;0;2;0;4
15171;78775104;15171;16;3;1;7;6;0;2;0;1;0;2
15172;78775104;15172;16;3;1;7;6;1;0;1;2;0;2
15173;78775104;15173;16;1;1;7;3;0;1;1;1;0;2
15174;78775105;15174;16;1;3;2;4;0;1;1;1;0;2
15175;78775105;15175;51;1;1;7;4;0;1;1;1;0;2
15176;78775105;15176;51;3;1;7;3;1;0;1;2;0;2
15177;78775105;15177;35;3;1;7;4;0;1;1;1;0;2
15178;78775105;15178;51;3;1;1;6;0;2;0;1;0;2
15179;78775105;15179;11;1;1;7;6;0;1;1;1;0;2
15180;78775105;15180;51;1;1;7;6;0;1;4;1;0;5
15181;78775106;15181;11;1;3;1;6;0;1;1;1;0;2
15182;78775203;15182;16;1;1;7;3;0;1;1;1;0;2
15183;78775203;15183;13;1;1;7;4;0;1;1;1;0;2
15184;78775203;15184;17;1;3;1;2;1;0;1;2;0;2
15185;78775203;15185;13;1;2;1;6;0;1;2;1;0;3
15186;78775203;15186;17;1;1;7;4;0;1;1;1;0;2
15187;78775203;15187;17;1;1;7;3;0;1;1;1;0;2
15188;78775303;15188;25;1;2;2;7;1;0;1;2;0;2
15189;78775303;15189;16;3;1;7;6;0;1;3;1;0;4
15190;78775303;15190;16;1;1;7;3;0;1;1;1;0;2
15191;78775303;15191;17;1;1;7;2;0;1;1;1;0;2
15192;78775303;15192;11;1;1;7;6;1;0;1;2;0;2
15193;78775404;15193;99;1;1;7;7;1;0;1;2;0;2
15194;78775404;15194;31;1;1;7;6;0;2;0;1;0;2
15195;78775503;15195;17;1;1;7;2;2;0;0;2;0;2
15196;78776103;15196;13;1;1;1;3;0;1;1;1;0;2
15197;78776202;15197;11;1;1;7;6;0;1;1;1;0;2
15198;78776202;15198;16;2;1;1;6;1;0;1;2;0;2
15199;78776202;15199;11;1;1;7;6;0;4;1;1;0;5
15200;78776301;15200;22;1;1;7;6;0;1;3;1;0;4
15201;78776301;15201;51;1;1;7;6;0;1;1;1;0;2
15202;78776301;15202;21;3;1;1;6;0;1;1;1;0;2
15203;78776301;15075;11;1;1;7;6;0;1;1;1;0;2
15204;78776301;15204;17;1;1;7;2;0;1;1;1;0;2
15205;78776308;15205;51;3;3;2;6;0;1;4;1;0;5
15206;78776308;15206;71;1;1;7;6;0;1;1;1;0;2
15207;78776308;15207;17;1;1;7;2;0;1;1;1;0;2
15208;78776308;15208;41;3;1;7;4;0;1;1;1;0;2
15209;78776308;15209;51;2;1;7;6;0;1;2;1;0;3
15210;78776308;15210;17;3;3;2;2;0;2;0;1;0;2
15211;78776408;15211;13;1;3;1;6;0;1;1;1;0;2
15212;78776408;15212;13;1;3;2;6;0;1;1;1;0;2
15213;78777301;15213;13;1;2;2;6;1;0;1;2;0;2
15214;78777301;15214;17;1;1;7;2;0;1;1;1;0;2