accident_id;lieu_id;date_id;cause_id;lum_id;intemp_id;etat_surface_id;impliq_id;nb_blesses_graves;nb_blesses_legers;nb_indemnes;gravite;nb_morts;nb_impliqués
16049;79752306;16049;11;3;2;2;6;0;4;2;1;0;6
16050;79752306;16050;11;3;1;7;4;1;0;1;2;0;2
16051;79752306;16051;11;1;1;7;6;0;4;0;1;0;4
16052;79752306;16052;16;3;1;7;6;0;1;1;1;0;2
16053;79752306;16053;71;1;3;2;6;0;1;1;1;0;2
16054;79752306;16054;16;3;1;7;6;0;3;1;1;0;4
16055;79752306;16055;11;5;1;7;6;0;2;1;1;0;3
16056;79752306;16056;11;5;1;7;6;0;1;1;1;0;2
16057;79752306;16057;11;5;3;1;6;1;1;1;2;0;3
16058;79752306;16058;16;5;1;7;6;0;5;1;1;0;6
16059;79752306;16059;11;5;1;7;6;0;1;1;1;0;2
16060;79752306;16060;16;1;1;7;6;0;1;2;1;0;3
16061;79752306;16061;11;3;1;7;6;0;3;3;1;0;6
16062;79752306;16062;16;1;1;7;6;0;2;1;1;0;3
16063;79752306;16063;15;1;1;7;6;0;1;2;1;0;3
16064;79752306;16064;16;1;1;7;6;0;1;1;1;0;2
16065;79752306;16065;16;3;1;1;6;0;2;0;1;0;2
16066;79752306;16066;16;2;1;7;6;0;2;1;1;0;3
16067;79752306;16067;11;1;1;7;6;0;1;1;1;0;2
16068;79752306;16068;81;3;1;7;2;0;1;1;1;0;2
16069;79752306;16069;11;1;2;1;6;0;1;1;1;0;2
16070;79752306;16070;16;1;1;7;6;0;1;1;1;0;2
16071;79752306;16071;15;3;1;7;6;0;1;2;1;0;3
16072;79752306;16072;41;3;1;7;6;0;1;1;1;0;2
16073;79752306;16073;16;1;1;7;6;0;1;1;1;0;2
16074;79752306;16074;16;3;1;7;6;0;1;1;1;0;2
16075;79752306;16075;81;3;4;1;0;0;1;0;1;0;1
16076;79752306;16076;81;3;3;1;6;0;3;0;1;0;3
16077;79752306;16077;11;2;1;7;6;0;1;1;1;0;2
16078;79752306;16078;16;1;1;7;4;0;1;1;1;0;2
16079;79752306;16079;41;1;1;7;6;0;1;1;1;0;2
16080;79752306;16080;16;1;1;7;6;0;1;1;1;0;2
16081;79752306;16081;16;1;1;7;6;1;3;1;2;0;5
16082;79752306;16082;16;2;3;2;6;0;1;4;1;0;5
16083;79752306;16083;11;3;1;7;6;0;4;0;1;0;4
16084;79752306;16084;81;3;1;7;0;0;1;0;1;0;1
16085;79752306;16085;81;2;1;7;0;0;1;0;1;0;1
16086;79752306;16086;11;1;1;7;6;1;0;1;2;0;2
16087;79752401;16087;71;2;1;1;6;0;1;1;1;0;2
16088;79752403;16088;51;1;1;7;6;0;1;1;1;0;2
16089;79752403;16089;11;1;1;7;6;0;1;1;1;0;2
16090;79752403;16090;41;1;1;7;6;0;1;1;1;0;2
16091;79752403;16091;11;1;1;7;6;0;1;1;1;0;2
16092;79752403;16092;11;1;3;1;6;0;3;1;1;0;4
16093;79752403;16093;71;2;1;7;6;0;1;1;1;0;2
16094;79752404;16094;13;1;1;7;5;0;1;1;1;0;2
16095;79752502;16095;13;1;1;7;6;0;2;1;1;0;3
16096;79752502;16096;13;5;1;7;6;0;2;0;1;0;2
16097;79752502;16097;72;1;1;7;6;0;1;1;1;0;2
16098;79753103;16098;51;1;1;7;6;0;1;1;1;0;2
16099;79753103;16099;71;1;1;7;6;0;1;1;1;0;2
16100;79753104;16100;72;1;1;7;6;1;0;1;2;0;2
16101;79753104;16101;11;2;3;2;6;1;0;1;2;0;2
16102;79753104;16102;11;3;1;7;6;0;1;1;1;0;2
16103;79753104;16103;71;1;1;7;6;1;0;1;2;0;2
16104;79753104;16104;11;1;3;1;6;1;0;1;2;0;2
16105;79753104;16105;16;1;1;7;6;1;2;1;2;0;4
16106;79753104;16106;11;4;1;7;6;1;0;1;2;0;2
16107;79753104;16107;51;5;3;7;6;0;1;2;1;0;3
16108;79753104;16108;15;1;1;7;6;0;2;2;1;0;4
16109;79753104;16109;11;1;1;7;6;1;0;1;2;0;2
16110;79753104;16110;16;3;1;7;6;0;2;0;1;0;2
16111;79753104;16111;51;1;1;7;6;0;1;2;1;0;3
16112;79753104;16112;81;1;1;7;6;0;1;1;1;0;2
16113;79753104;16113;71;1;1;7;6;0;1;1;1;0;2
16114;79753104;16114;51;1;1;7;6;0;1;1;1;0;2
16115;79753104;16115;11;1;1;7;6;0;1;1;1;0;2
16116;79753104;16116;51;1;1;7;6;0;1;2;1;0;3
16117;79753104;16117;17;3;3;2;2;0;1;1;1;0;2
16118;79753104;16118;81;3;3;1;6;0;1;1;1;0;2
16119;79753104;16119;16;1;1;7;6;0;2;1;1;0;3
16120;79753104;16120;16;1;1;7;4;0;1;1;1;0;2
16121;79753104;16121;11;3;1;7;6;1;0;1;2;0;2
16122;79753104;16122;16;3;1;7;4;1;0;2;2;0;3
16123;79753104;16123;16;1;1;7;5;0;1;1;1;0;2
16124;79753104;16124;16;1;1;7;5;0;1;1;1;0;2
16125;79753104;16125;11;1;1;7;2;0;2;0;1;0;2
16126;79753104;16126;11;3;3;2;6;0;1;1;1;0;2
16127;79753105;16127;32;1;1;7;6;0;1;1;1;0;2
16128;79753105;16128;13;1;1;7;4;0;1;1;1;0;2
16129;79753105;16129;16;1;1;7;5;0;1;1;1;0;2
16130;79753105;16130;64;1;1;7;6;0;2;0;1;0;2
16131;79753105;16131;13;1;1;7;6;0;1;1;1;0;2
16132;79753105;16132;17;1;1;2;2;0;1;1;1;0;2
16133;79753105;16133;13;1;3;1;4;0;1;1;1;0;2
16134;79753105;16134;64;5;1;7;5;0;2;1;1;0;3
16135;79753105;16135;17;1;1;7;2;1;0;1;2;0;2
16136;79753105;16136;17;1;1;7;2;0;1;2;1;0;3
16137;79753105;16137;13;3;1;7;4;1;0;1;2;0;2
16138;79753105;16138;18;1;1;2;6;0;1;1;1;0;2
16139;79753105;16139;23;1;1;7;5;0;1;1;1;0;2
16140;79753105;16140;17;3;3;2;2;1;0;2;2;0;3
16141;79753105;16141;17;1;1;7;2;0;1;1;1;0;2
16142;79753105;16142;71;1;1;7;6;0;1;1;1;0;2
16143;79753105;16143;17;3;1;7;2;0;1;1;1;0;2
16144;79753106;16144;31;1;1;7;6;0;1;1;1;0;2
16145;79753106;16145;71;1;1;7;6;0;1;1;1;0;2
16146;79753106;16146;51;1;1;7;6;0;2;1;1;0;3
16147;79753107;16147;71;3;2;2;6;0;1;1;1;0;2
16148;79753107;16148;17;3;1;7;2;0;1;1;1;0;2
16149;79753107;16149;71;1;1;7;6;0;1;1;1;0;2
16150;79753108;16150;72;1;1;7;6;0;1;1;1;0;2
16151;79753108;16151;72;1;1;7;6;1;0;2;2;0;3
16152;79753201;16152;71;1;1;1;6;0;1;1;1;0;2
16153;79753203;16153;11;1;3;2;6;0;5;1;1;0;6
16154;79753203;16154;28;3;1;7;0;0;2;0;1;0;2
16155;79753203;16155;11;3;3;2;6;0;1;1;1;0;2
16156;79753203;16156;11;1;1;7;6;0;1;2;1;0;3
16157;79753203;16157;11;1;1;7;6;0;1;1;1;0;2
16158;79753203;16158;11;1;1;7;1;1;0;1;2;0;2
16159;79753203;16159;11;3;1;7;6;0;1;1;1;0;2
16160;79753203;16160;16;1;3;1;6;0;1;1;1;0;2
16161;79753203;16161;11;1;1;1;6;0;1;1;1;0;2
16162;79753203;16162;17;4;3;1;2;0;1;1;1;0;2
16163;79753203;16163;16;5;1;7;5;1;0;1;2;0;2
16164;79753203;16164;16;5;1;7;6;0;1;2;1;0;3
16165;79753203;16165;16;5;1;7;4;0;1;1;1;0;2
16166;79753203;16166;81;3;1;7;0;1;1;0;2;0;2
16167;79753203;16167;16;5;1;7;6;0;2;1;1;0;3
16168;79753203;16168;16;1;3;1;4;0;1;1;1;0;2
16169;79753203;16169;16;1;3;1;5;0;1;1;1;0;2
16170;79753203;16170;16;1;1;7;6;0;1;1;1;0;2
16171;79753203;16171;64;1;1;7;6;0;2;1;1;0;3
16172;79753203;16172;16;1;1;7;6;0;1;2;1;0;3
16173;79753203;16173;16;1;3;2;6;0;2;1;1;0;3
16174;79753203;16174;16;1;1;2;6;0;1;2;1;0;3
16175;79753203;16175;11;1;1;7;5;0;1;1;1;0;2
16176;79753203;16176;17;1;3;2;2;0;1;1;1;0;2
16177;79753203;16177;16;1;1;7;6;0;1;1;1;0;2
16178;79753203;16178;81;3;1;7;6;0;1;1;1;0;2
16179;79753203;16179;51;1;1;7;6;0;2;1;1;0;3
16180;79753203;16180;16;1;2;2;5;0;2;1;1;0;3
16181;79753204;16181;14;1;1;7;7;0;1;1;1;0;2
16182;79753204;16182;52;3;1;7;0;0;1;0;1;0;1
16183;79753204;16183;14;1;1;7;6;2;0;1;2;0;3
16184;79753204;16184;14;1;1;7;6;0;1;2;1;0;3
16185;79753204;16185;14;1;1;7;4;0;1;1;1;0;2
16186;79753204;16186;14;1;1;7;6;0;2;1;1;0;3
16187;79753206;16187;17;1;1;7;1;0;1;1;1;0;2
16188;79753302;16188;21;1;1;2;6;0;1;1;1;0;2
16189;79753303;13354;17;1;1;7;1;0;1;1;1;0;2
16190;79753303;16190;13;2;1;7;3;0;1;1;1;0;2
16191;79753304;16191;13;1;1;7;4;0;1;1;1;0;2
16192;79753304;16192;17;1;1;7;2;0;1;1;1;0;2
16193;79753304;16193;17;1;1;7;2;0;1;1;1;0;2
16194;79753304;16194;16;1;1;7;4;0;1;1;1;0;2
16195;79753304;16195;24;1;1;7;4;0;1;2;1;0;3
16196;79753304;16196;21;1;1;7;3;0;1;1;1;0;2
16197;79753307;16197;13;3;4;3;6;1;0;1;2;0;2
16198;79753307;16198;13;1;1;7;6;0;1;1;1;0;2
16199;79753307;16199;13;1;1;7;6;0;3;0;1;0;3
16200;79753404;16200;71;1;1;7;6;1;0;1;2;0;2
16201;79753404;16201;13;1;3;2;6;0;1;1;1;0;2
16202;79753404;16202;71;1;1;7;6;0;1;1;1;0;2
16203;79753501;16203;11;1;3;1;6;0;1;2;1;0;3
16204;79753501;16204;81;3;1;7;0;0;1;0;1;0;1
16205;79753502;16205;52;3;1;2;2;0;4;0;1;0;4
16206;79753502;16206;11;3;3;2;6;0;2;1;1;0;3
16207;79753502;16207;52;1;1;7;0;0;1;0;1;0;1
16208;79753502;16208;16;3;1;7;6;0;1;1;1;0;2
16209;79753502;16209;14;3;1;7;6;0;1;1;1;0;2
16210;79753502;16210;41;3;7;2;6;0;1;0;1;0;1
16211;79753502;15142;11;1;1;7;6;0;1;1;1;0;2
16212;79753502;16212;11;1;3;1;6;0;1;1;1;0;2
16213;79753502;16213;16;5;1;1;6;0;1;1;1;0;2
16214;79753502;16214;52;5;3;1;0;0;3;2;1;0;5
16215;79753502;16215;18;1;1;7;5;0;2;0;1;0;2
16216;79753502;16216;14;1;1;7;6;0;2;1;1;0;3
16217;79753502;16217;41;1;1;1;3;0;1;1;1;0;2
16218;79753502;16218;11;1;1;7;6;0;1;1;1;0;2
16219;79753503;16219;71;1;1;7;6;0;2;1;1;0;3
16220;79753503;16220;42;1;1;7;6;1;0;1;2;0;2
16221;79753503;16221;11;3;1;2;6;0;2;0;1;0;2
16222;79753503;16222;11;1;1;1;6;0;2;1;1;0;3
16223;79753503;16223;11;3;1;7;6;0;0;1;3;0;1
16224;79753503;16224;11;1;1;7;6;0;1;1;1;0;2
16225;79753503;16225;11;1;1;7;6;0;1;1;1;0;2
16226;79753503;16226;81;3;1;7;6;0;1;1;1;0;2
16227;79753503;16227;16;1;1;7;4;0;1;1;1;0;2
16228;79753503;16228;16;1;1;7;5;0;1;1;1;0;2
16229;79753503;16229;42;1;1;7;6;0;2;0;1;0;2
16230;79753503;16230;51;1;1;7;6;1;0;1;2;0;2
16231;79753503;16231;11;1;1;7;6;0;1;1;1;0;2
16232;79753503;16232;11;1;3;2;6;0;2;0;1;0;2
16233;79753503;16233;11;1;1;7;6;0;2;1;1;0;3
16234;79753503;16234;85;5;1;7;6;0;1;1;1;0;2
16235;79753503;16235;11;5;3;1;6;0;2;2;1;0;4
16236;79753503;16236;11;1;1;7;6;0;1;1;1;0;2
16237;79753503;16237;11;1;1;7;4;0;1;2;1;0;3
16238;79753503;16238;11;5;1;7;6;0;1;1;1;0;2
16239;79753503;16239;11;3;1;7;6;0;1;1;1;0;2
16240;79753503;11741;71;1;1;7;6;0;1;1;1;0;2
16241;79753503;16241;16;1;1;7;5;0;1;2;1;0;3
16242;79753503;16242;42;2;1;7;3;0;1;1;1;0;2
16243;79753503;16243;11;1;1;2;6;0;1;2;1;0;3
16244;79753503;16244;42;1;1;7;3;0;1;1;1;0;2
16245;79753503;16245;11;3;3;2;6;0;1;1;1;0;2
16246;79753503;16246;11;1;1;7;5;0;1;1;1;0;2
16247;79753503;16247;51;3;1;2;6;0;1;1;1;0;2
16248;79753504;4406;81;1;1;7;6;0;2;0;1;0;2
16249;79753504;16249;18;1;1;7;6;0;1;1;1;0;2
16250;79753504;16250;11;3;1;7;6;0;1;1;1;0;2
16251;79753504;7255;11;1;1;7;6;0;2;2;1;0;4
16252;79753504;16252;17;5;6;7;2;0;2;1;1;0;3
16253;79753504;16253;11;4;1;7;2;1;0;1;2;0;2
16254;79753504;16254;42;1;1;7;6;0;2;0;1;0;2
16255;79753504;16255;11;3;1;7;6;0;1;2;1;0;3
16256;79753504;16256;11;1;1;7;6;0;2;0;1;0;2
16257;79753504;16257;24;1;1;7;2;0;1;1;1;0;2
16258;79753504;16258;23;2;1;7;6;0;1;1;1;0;2
16259;79754101;16259;19;1;1;7;6;0;1;2;1;0;3
16260;79754101;16260;19;3;1;7;6;0;7;0;1;0;7
16261;79754101;16261;13;1;1;1;6;0;1;1;1;0;2
16262;79754101;16262;41;1;1;7;6;0;1;1;1;0;2
16263;79754103;16263;13;1;1;7;6;0;2;1;1;0;3
16264;79754103;16264;19;1;1;7;6;0;1;1;1;0;2
16265;79754103;16265;19;1;3;2;6;0;1;1;1;0;2
16266;79754103;16266;14;1;3;2;6;0;1;2;1;0;3
16267;79754103;16267;19;1;1;7;6;0;1;1;1;0;2
16268;79754103;16268;19;1;1;7;6;0;1;1;1;0;2
16269;79754103;16269;14;3;3;2;6;0;1;1;1;0;2
16270;79754103;16270;13;3;3;2;6;0;2;1;1;0;3
16271;79754103;16271;13;1;1;7;6;2;0;2;2;0;4
16272;79754103;16272;13;1;3;1;6;0;4;0;1;0;4
16273;79754103;16273;13;4;1;7;6;0;1;2;1;0;3
16274;79754103;16274;41;3;1;7;6;0;1;1;1;0;2
16275;79754105;16275;13;2;1;7;6;0;5;0;1;0;5
16276;79754105;16276;13;3;1;7;6;0;1;2;1;0;3
16277;79754105;16277;13;1;1;7;6;2;0;1;2;0;3
16278;79754105;16278;13;1;1;7;6;0;1;1;1;0;2
16279;79754105;16279;13;1;1;7;6;0;2;2;1;0;4
16280;79754105;16280;13;5;1;7;6;0;1;2;1;0;3
16281;79754105;16281;13;3;1;7;6;0;1;2;1;0;3
16282;79754105;16282;13;3;3;1;6;0;1;2;1;0;3
16283;79754105;16283;13;1;1;7;6;0;2;1;1;0;3
16284;79754105;16284;13;1;2;2;6;0;1;1;1;0;2
16285;79754202;16285;14;1;1;7;6;0;3;0;1;0;3
16286;79754202;16286;14;1;1;7;6;0;1;1;1;0;2
16287;79754203;16287;17;1;1;7;2;0;1;1;1;0;2
16288;79754204;16288;71;3;1;7;6;0;1;1;1;0;2
16289;79754302;11299;17;3;1;7;2;0;1;1;1;0;2
16290;79754302;16290;71;1;1;7;6;0;1;1;1;0;2
16291;79754302;16291;13;1;1;7;5;0;1;2;1;0;3
16292;79754304;16292;17;2;1;2;2;0;1;1;1;0;2
16293;79754305;16293;31;1;1;7;6;0;1;1;1;0;2
16294;79754305;16294;11;3;1;7;6;0;1;2;1;0;3
16295;79754305;16295;81;3;1;7;6;1;1;2;2;0;4
16296;79754305;16296;17;1;3;1;2;0;1;1;1;0;2
16297;79754305;16297;16;3;1;7;4;0;1;1;1;0;2
16298;79754402;16298;17;1;1;7;1;0;1;1;1;0;2
16299;79754403;16299;41;1;1;7;6;0;1;1;1;0;2
16300;79754403;16300;71;1;1;7;6;0;1;1;1;0;2
16301;79754403;16301;11;3;1;7;6;0;2;2;1;0;4
16302;79754403;16302;71;2;3;2;6;1;0;1;2;0;2
16303;79754507;16303;16;1;1;7;4;0;1;1;1;0;2
16304;79754507;16304;85;3;1;7;6;0;1;1;1;0;2
16305;79754507;16305;51;1;1;7;6;0;1;1;1;0;2
16306;79754507;16306;81;3;1;7;6;0;1;1;1;0;2
16307;79754508;16307;71;3;1;7;6;0;1;1;1;0;2
16308;79754508;16308;18;1;1;7;6;0;1;2;1;0;3
16309;79754508;16309;19;1;1;7;5;0;2;0;1;0;2
16310;79755102;16310;52;1;1;2;6;0;1;1;1;0;2
16311;79755105;16311;14;1;1;7;4;0;1;1;1;0;2
16312;79755105;16312;13;1;1;7;6;0;1;1;1;0;2
16313;79755107;16313;17;2;1;7;1;0;1;1;1;0;2
16314;79755107;16314;51;1;3;2;6;0;1;2;1;0;3
16315;79755107;16315;71;1;1;7;6;0;1;1;1;0;2
16316;79755108;16316;13;3;1;7;6;0;1;1;1;0;2
16317;79755109;16317;35;1;1;7;4;0;1;1;1;0;2
16318;79755109;16318;17;5;3;1;1;0;1;1;1;0;2
16319;79755203;16319;71;1;1;7;6;0;1;1;1;0;2
16320;79755203;16320;61;1;1;7;3;0;1;1;1;0;2
16321;79755203;16321;71;1;1;7;6;0;1;1;1;0;2
16322;79755208;16322;71;1;1;7;6;0;1;1;1;0;2
16323;79755303;16323;17;3;1;7;2;0;1;1;1;0;2
16324;79755305;16324;19;3;2;2;6;0;2;2;1;0;4
16325;79755401;16325;51;3;1;7;6;0;1;1;1;0;2
16326;79755401;16326;24;1;1;7;2;0;1;1;1;0;2
16327;79755404;16327;14;1;1;7;6;0;1;1;1;0;2
16328;79755404;16328;11;1;1;7;7;0;0;3;3;1;4
16329;79755404;16329;72;1;1;7;6;0;1;1;1;0;2
16330;79755404;16330;11;1;1;7;6;0;3;0;1;0;3
16331;79755404;16331;15;3;1;7;6;0;4;0;1;0;4
16332;79755404;16332;11;3;1;7;6;0;1;2;1;0;3
16333;79755404;16333;11;1;1;7;6;0;1;1;1;0;2
16334;79755404;16334;17;1;1;2;2;0;1;1;1;0;2
16335;79755404;16335;11;3;1;7;6;0;1;1;1;0;2
16336;79755404;16336;11;1;1;7;6;0;1;1;1;0;2
16337;79755404;16337;11;4;1;7;6;0;1;2;1;0;3
16338;79755404;16338;11;1;1;7;6;0;3;0;1;0;3
16339;79755404;16339;11;1;2;1;6;0;2;0;1;0;2
16340;79755404;16340;24;1;1;7;2;0;1;1;1;0;2
16341;79755404;16341;11;3;1;7;6;0;4;0;1;0;4
16342;79755501;16342;13;1;1;7;3;0;1;1;1;0;2
16343;79755505;16343;13;1;1;7;6;0;1;0;1;0;1
16344;79755507;16344;11;3;1;7;6;0;1;1;1;0;2
16345;79755507;16345;81;3;1;7;6;0;1;1;1;0;2
16346;79755507;16346;14;3;1;7;6;0;2;2;1;0;4
16347;79755507;16347;11;3;1;7;6;0;3;0;1;0;3
16348;79756101;16348;16;1;1;7;6;0;1;1;1;0;2
16349;79756103;16349;17;1;1;7;2;0;1;1;1;0;2
16350;79756103;5778;17;1;1;7;2;0;1;1;1;0;2
16351;79756104;16351;81;3;1;7;0;0;4;0;1;0;4
16352;79756104;16352;19;1;1;7;4;0;1;1;1;0;2
16353;79756106;16353;71;2;1;7;6;0;1;1;1;0;2
16354;79756107;16354;72;1;1;7;6;0;1;1;1;0;2
16355;79756107;16355;19;3;1;7;6;0;1;1;1;0;2
16356;79756108;16356;52;5;1;7;0;0;1;0;1;0;1
16357;79756302;7131;11;1;1;7;6;0;1;1;1;0;2
16358;79756302;16358;71;1;1;7;6;0;1;1;1;0;2
16359;79756302;16359;81;1;1;7;6;0;2;2;1;0;4
16360;79756305;16360;63;1;1;7;2;0;1;1;1;0;2
16361;79756306;16361;13;1;1;7;6;0;1;2;1;0;3
16362;79756307;16362;14;3;1;7;6;0;1;1;1;0;2
16363;79756307;16363;14;3;3;2;6;0;1;1;1;0;2
16364;79756402;16364;17;1;1;7;2;0;1;1;1;0;2
16365;79756402;16365;71;1;1;7;6;0;1;1;1;0;2
16366;79756402;16366;81;2;1;7;6;0;1;1;1;0;2
16367;79756403;16367;71;1;1;7;6;0;1;1;1;0;2
16368;79756403;16368;13;1;1;7;4;0;1;1;1;0;2
16369;79756501;16369;71;1;1;7;6;1;0;1;2;0;2
16370;79756501;16370;17;1;1;7;2;0;1;1;1;0;2
16371;79756501;16371;17;1;1;7;2;0;1;1;1;0;2
16372;79756503;16372;17;3;1;7;2;0;1;1;1;0;2
16373;79756505;16373;13;1;1;7;3;0;1;1;1;0;2
16374;79756505;16374;13;3;3;2;5;1;0;1;2;0;2
16375;79756505;16375;13;1;1;7;6;0;1;1;1;0;2
16376;79756505;16376;13;3;1;7;6;0;3;0;1;0;3
16377;79756505;16377;13;3;1;7;6;0;1;1;1;0;2
16378;79756505;16378;13;1;1;7;6;0;2;1;1;0;3
16379;79756505;16379;13;1;1;7;6;0;1;1;1;0;2
16380;79756505;16380;13;3;1;7;3;0;1;1;1;0;2
16381;79756513;16381;14;3;1;7;5;1;1;0;2;0;2
16382;79757102;16382;21;1;1;7;6;1;0;1;2;0;2
16383;79757103;16383;16;1;1;7;4;0;1;1;1;0;2
16384;79757201;16384;13;1;1;7;5;1;0;1;2;0;2
16385;79757201;16385;13;1;1;7;4;0;1;1;1;0;2
16386;79757201;16386;17;1;1;7;2;0;1;1;1;0;2
16387;79757201;16387;13;1;1;7;6;2;1;0;2;0;3
16388;79757201;16388;17;1;1;7;1;0;1;1;1;0;2
16389;79757201;16389;17;1;1;7;2;0;1;1;1;0;2
16390;79757201;16390;17;1;1;7;2;0;1;2;1;0;3
16391;79757201;16391;17;1;1;7;2;0;1;1;1;0;2
16392;79757201;16392;13;1;1;7;5;0;1;1;1;0;2
16393;79757201;16393;17;1;1;7;1;0;1;1;1;0;2
16394;79757202;16394;74;1;1;7;6;0;1;1;1;0;2
16395;79757203;16395;13;1;3;2;7;0;1;1;1;0;2
16396;79757203;16396;82;3;1;7;6;0;1;2;1;0;3
16397;79757204;16397;14;3;1;7;6;0;1;1;1;0;2
16398;79757204;16398;13;1;2;7;6;0;1;2;1;0;3
16399;79757205;16399;17;3;3;2;2;0;1;1;1;0;2
16400;79757206;16400;16;1;1;7;4;0;2;1;1;0;3
16401;79757206;16401;17;4;7;7;2;1;0;1;2;0;2
16402;79757206;16402;24;5;1;1;6;0;1;2;1;0;3
16403;79757206;16403;16;2;1;7;4;0;1;0;1;0;1
16404;79757301;16404;11;1;1;7;4;1;0;1;2;0;2
16405;79757301;16405;11;3;1;7;6;0;2;0;1;0;2
16406;79757301;16406;16;1;1;7;5;0;1;1;1;0;2
16407;79757301;16407;11;5;1;7;6;1;0;1;2;0;2
16408;79757301;16408;15;1;1;7;6;0;2;2;1;0;4
16409;79757301;16409;16;3;1;7;6;0;1;2;1;0;3
16410;79757301;16410;52;1;1;7;6;0;1;2;1;0;3
16411;79757301;16411;16;3;1;7;6;0;3;2;1;0;5
16412;79757301;16412;16;2;3;2;6;0;1;1;1;0;2
16413;79757301;16413;11;3;1;2;3;0;1;1;1;0;2
16414;79757301;16414;35;1;1;7;4;0;1;1;1;0;2
16415;79757302;16415;13;1;3;2;6;0;1;1;1;0;2
16416;79757302;16416;13;1;1;7;6;0;1;1;1;0;2
16417;79757303;16417;13;1;1;7;5;0;1;1;1;0;2
16418;79757303;16418;13;1;3;2;6;0;1;1;1;0;2
16419;79757307;16419;16;1;1;7;4;0;1;1;1;0;2
16420;79757307;16420;13;1;1;7;4;0;1;1;1;0;2
16421;79757307;16421;64;1;1;7;6;0;1;1;1;0;2
16422;79757307;16422;17;1;1;7;2;0;1;1;1;0;2
16423;79757307;16423;71;1;1;7;6;0;1;1;1;0;2
16424;79757307;7008;17;3;3;2;2;0;1;1;1;0;2
16425;79757307;16425;17;1;1;7;2;1;1;1;2;0;3
16426;79757307;16426;13;1;1;7;5;0;1;1;1;0;2
16427;79757403;16427;14;1;1;7;4;0;1;1;1;0;2
16428;79757403;16428;14;1;3;2;6;0;2;0;1;0;2
16429;79757403;16429;13;1;1;7;6;0;1;1;1;0;2
16430;79757501;16430;24;1;1;7;2;1;0;1;2;0;2
16431;79757503;16431;16;1;1;7;6;0;2;0;1;0;2
16432;79757503;16432;14;1;1;7;6;0;2;1;1;0;3
16433;79757503;16433;11;1;1;7;6;0;1;1;1;0;2
16434;79757503;16434;11;1;1;7;6;0;1;3;1;0;4
16435;79757503;16435;81;3;3;1;6;0;2;0;1;0;2
16436;79757503;16436;72;3;1;7;6;0;1;1;1;0;2
16437;79757505;16437;11;1;1;7;6;0;1;1;1;0;2
16438;79757505;16438;11;3;1;7;6;0;2;1;1;0;3
16439;79757505;16439;81;3;1;7;6;0;5;0;1;0;5
16440;79757505;16440;11;3;1;7;6;0;1;1;1;0;2
16441;79757505;16441;11;3;1;7;6;0;2;0;1;0;2
16442;79757505;16442;81;3;1;7;4;0;1;1;1;0;2
16443;79757505;16443;14;3;2;1;6;0;4;0;1;0;4
16444;79757505;16444;81;3;1;7;6;0;3;1;1;0;4
16445;79757505;16445;18;1;1;7;6;0;1;1;1;0;2
16446;79757505;16446;18;3;1;7;6;0;1;1;1;0;2
16447;79757505;16447;11;1;1;7;6;0;1;1;1;0;2
16448;79757505;16448;11;3;1;7;6;0;1;1;1;0;2
16449;79757505;16449;20;3;3;1;2;0;1;1;1;0;2
16450;79757505;16450;11;3;1;7;6;0;1;1;1;0;2
16451;79757505;16451;11;1;1;7;6;1;4;0;3;1;6
16452;79757505;16452;11;2;1;7;6;1;0;1;2;0;2
16453;79757505;16453;17;1;1;7;2;0;1;1;1;0;2
16454;79757508;16454;18;1;1;7;4;0;1;1;1;0;2
16455;79757508;16455;81;3;1;7;6;0;1;1;1;0;2
16456;79757508;16456;81;3;1;7;6;0;1;1;1;0;2
16457;79757508;16457;71;3;1;7;6;1;1;1;2;0;3
16458;79757508;16458;52;3;1;7;0;0;1;0;1;0;1
16459;79757509;16459;52;1;1;7;6;0;1;1;1;0;2
16460;79757509;16460;81;3;1;7;6;1;0;2;2;0;3
16461;79761206;16461;14;1;1;7;6;0;3;1;1;0;4
16462;79761209;16462;73;1;1;7;6;0;1;1;1;0;2
16463;79761209;16463;72;1;1;7;6;0;0;1;3;0;1
16464;79761301;16464;11;1;1;2;6;0;1;1;1;0;2
16465;79761301;16465;11;1;1;7;6;0;1;1;1;0;2