accident_id;lieu_id;date_id;cause_id;lum_id;intemp_id;etat_surface_id;impliq_id;nb_blesses_graves;nb_blesses_legers;nb_indemnes;gravite;nb_morts;nb_impliqués
16466;79761301;16466;11;3;3;1;6;0;1;1;1;0;2
16467;79761301;16467;11;5;3;1;6;0;1;1;1;0;2
16468;79761301;16468;81;3;1;7;6;0;2;0;1;0;2
16469;79761303;16469;22;1;1;7;6;0;1;1;1;0;2
16470;79761303;16470;11;3;1;7;6;0;2;1;1;0;3
16471;79761303;16471;81;3;1;7;0;0;1;0;1;0;1
16472;79761310;16472;11;1;1;7;6;0;1;1;1;0;2
16473;79761310;16473;11;1;1;7;7;0;1;1;1;0;2
16474;79761310;16474;11;1;1;7;4;1;1;1;2;0;3
16475;79762101;16475;19;1;1;7;6;1;0;1;2;0;2
16476;79762101;16476;19;1;1;2;6;0;2;1;1;0;3
16477;79762101;16477;19;3;3;2;6;0;2;0;1;0;2
16478;79762101;16478;19;1;1;7;6;0;2;1;1;0;3
16479;79762101;16479;19;3;1;7;6;0;1;1;1;0;2
16480;79762101;16480;19;1;1;7;6;0;1;1;1;0;2
16481;79762101;16481;19;3;1;7;6;0;1;2;1;0;3
16482;79762101;16482;19;1;1;2;6;0;1;2;1;0;3
16483;79762101;16483;19;3;1;7;6;0;2;0;1;0;2
16484;79762101;16484;19;1;1;7;4;0;1;1;1;0;2
16485;79762101;16485;19;1;1;7;6;0;1;1;1;0;2
16486;79762101;16486;19;1;1;7;6;0;2;2;1;0;4
16487;79762101;16487;19;1;1;7;6;0;3;2;1;0;5
16488;79762101;16488;19;3;3;1;4;0;1;1;1;0;2
16489;79762101;16489;19;1;3;1;6;0;3;2;1;0;5
16490;79762101;16490;19;5;2;1;6;0;5;2;1;0;7
16491;79762101;16491;19;5;1;7;6;0;1;2;1;0;3
16492;79762101;16492;19;2;1;7;6;0;2;2;1;0;4
16493;79762101;16493;19;1;1;7;6;0;4;2;1;0;6
16494;79762101;16494;19;3;1;7;6;0;2;2;1;0;4
16495;79762101;16495;19;1;1;7;6;0;2;0;1;0;2
16496;79762101;16496;19;3;2;1;6;0;1;1;1;0;2
16497;79762101;16497;19;1;1;7;6;0;2;1;1;0;3
16498;79762101;16498;21;1;1;7;6;0;2;2;1;0;4
16499;79762102;16499;16;1;1;7;4;0;1;1;1;0;2
16500;79762102;16500;61;1;1;7;3;0;1;1;1;0;2
16501;79762103;16501;11;1;1;7;6;1;0;1;2;0;2
16502;79762103;16502;11;3;1;7;6;0;1;2;1;0;3
16503;79762103;16503;52;3;6;6;6;0;1;2;1;0;3
16504;79762103;16504;11;1;1;7;6;0;2;0;1;0;2
16505;79762103;16505;11;1;1;7;6;0;4;0;1;0;4
16506;79762103;16506;11;1;1;7;6;0;2;1;1;0;3
16507;79762202;16507;71;1;1;7;6;0;1;1;1;0;2
16508;79762202;16508;11;3;1;7;6;2;4;0;2;0;6
16509;79762202;16509;11;1;3;2;6;0;1;1;1;0;2
16510;79762202;16510;11;1;1;7;6;0;1;1;1;0;2
16511;79762202;16511;51;1;1;7;6;0;1;1;1;0;2
16512;79762302;16512;19;1;1;7;6;0;1;1;1;0;2
16513;79762302;16513;19;3;1;7;4;0;1;1;1;0;2
16514;79762303;16514;51;1;1;7;6;0;2;1;1;0;3
16515;79762309;16515;81;3;1;7;5;0;1;2;1;0;3
16516;79762401;16516;85;3;1;7;6;0;1;1;1;0;2
16517;79763201;16517;11;1;1;7;6;0;2;0;1;0;2
16518;79763201;16518;16;3;1;1;4;0;1;1;1;0;2
16519;79763202;16519;71;1;3;1;6;0;1;1;1;0;2
16520;79763204;16520;19;1;1;7;6;0;1;2;1;0;3
16521;79763204;16521;19;1;3;2;4;1;0;1;2;0;2
16522;79763204;16522;19;3;1;7;6;0;1;1;1;0;2
16523;79763204;16523;19;1;3;1;6;0;2;0;1;0;2
16524;79763204;16524;19;1;1;7;5;0;1;1;1;0;2
16525;79763204;16525;19;2;1;7;3;0;1;1;1;0;2
16526;79763204;411;19;1;1;7;6;0;1;1;1;0;2
16527;79763301;16527;34;2;1;7;6;0;1;1;1;0;2
16528;79763301;16528;17;1;1;7;1;0;1;1;1;0;2
16529;79763307;16529;19;1;1;7;5;0;1;1;1;0;2
16530;79763307;16530;19;1;2;1;6;0;1;1;1;0;2
16531;79763307;16531;17;1;1;7;1;0;1;1;1;0;2
16532;79763316;16532;71;1;1;7;6;0;1;1;1;0;2
16533;79763401;16533;71;1;1;7;6;0;1;1;1;0;2
16534;79763402;16534;41;3;1;7;6;0;2;2;1;0;4
16535;79763402;16535;52;5;1;7;0;0;2;0;1;0;2
16536;79763402;16536;81;3;1;7;0;0;1;1;1;0;2
16537;79764101;16537;11;1;2;2;6;0;1;1;1;0;2
16538;79764101;16538;12;1;1;7;6;0;3;2;1;0;5
16539;79764101;16539;11;1;1;7;6;0;1;1;1;0;2
16540;79764101;16540;81;3;3;2;6;0;1;1;1;0;2
16541;79764101;16541;11;1;3;2;6;0;1;1;1;0;2
16542;79764101;16542;11;1;1;7;7;0;1;2;1;0;3
16543;79764101;16543;11;1;1;1;6;0;1;1;1;0;2
16544;79764101;16544;81;2;1;7;6;0;5;0;1;0;5
16545;79764101;16545;11;1;1;7;6;0;4;1;1;0;5
16546;79764101;16546;11;1;1;7;6;0;1;1;1;0;2
16547;79764101;16547;81;3;1;7;6;0;1;1;1;0;2
16548;79764101;8849;42;1;3;1;6;0;2;1;1;0;3
16549;79764101;16549;11;1;1;7;6;0;2;1;1;0;3
16550;79764101;16550;11;3;3;1;6;0;1;1;1;0;2
16551;79764101;16551;81;1;1;7;6;0;2;1;1;0;3
16552;79764101;16552;11;1;1;7;2;0;1;1;1;0;2
16553;79764101;16553;11;2;1;7;6;0;1;1;1;0;2
16554;79764101;16554;17;1;1;7;4;0;1;1;1;0;2
16555;79764102;16555;72;1;1;7;6;0;1;2;1;0;3
16556;79764102;16556;19;2;1;7;4;0;1;2;1;0;3
16557;79764103;16557;11;1;1;7;6;0;1;1;1;0;2
16558;79764103;16558;11;1;1;7;6;0;1;1;1;0;2
16559;79764103;16559;42;1;1;7;4;0;1;1;1;0;2
16560;79764103;16560;11;1;1;7;6;0;1;1;1;0;2
16561;79764103;16561;11;1;2;1;6;0;1;2;1;0;3
16562;79764103;16562;11;1;1;7;6;1;0;1;2;0;2
16563;79764103;16563;42;1;1;7;6;0;1;2;1;0;3
16564;79764103;16564;11;2;1;7;6;0;1;1;1;0;2
16565;79764103;16565;42;1;1;2;6;0;1;1;1;0;2
16566;79764201;16566;11;1;1;7;6;0;2;1;1;0;3
16567;79764201;16567;35;1;1;7;3;0;1;1;1;0;2
16568;79764201;16568;11;1;2;1;6;0;1;2;1;0;3
16569;79764201;16569;51;1;1;7;6;0;2;2;1;0;4
16570;79764201;16570;63;3;2;1;6;0;1;1;1;0;2
16571;79764201;16571;71;1;1;7;6;0;1;1;1;0;2
16572;79764201;16572;42;1;1;7;3;0;1;1;1;0;2
16573;79764202;16573;11;3;3;2;6;0;3;0;1;0;3
16574;79764301;16574;41;3;1;7;6;0;2;1;1;0;3
16575;79764301;16575;41;1;1;7;6;1;0;1;2;0;2
16576;79764301;16576;18;1;1;7;5;0;1;1;1;0;2
16577;79764301;16577;51;3;3;2;6;0;1;1;1;0;2
16578;79764301;16578;41;2;1;7;4;0;1;1;1;0;2
16579;79764301;16579;11;3;1;7;6;0;2;2;1;0;4
16580;79764301;16580;35;1;1;7;3;0;0;1;3;0;1
16581;79764301;16581;18;2;3;2;6;0;1;1;1;0;2
16582;79764301;16582;31;1;1;7;6;0;1;1;1;0;2
16583;79764301;16583;81;1;1;7;2;0;1;1;1;0;2
16584;79764301;16584;11;2;6;1;6;0;1;1;1;0;2
16585;79764301;16585;41;1;1;7;6;0;4;2;1;0;6
16586;79764301;16586;11;1;1;7;6;0;3;1;1;0;4
16587;79764301;16587;11;1;1;7;6;0;1;1;1;0;2
16588;79764301;16588;17;2;1;7;3;0;1;1;1;0;2
16589;79764301;16589;11;1;1;7;6;0;1;1;1;0;2
16590;79764301;16590;11;1;1;7;6;0;1;1;1;0;2
16591;79764301;16591;71;1;1;7;6;0;1;1;1;0;2
16592;79764304;16592;11;3;1;7;6;0;1;1;1;0;2
16593;79764304;16593;11;3;1;7;6;1;0;2;2;0;3
16594;79764304;16594;11;1;1;7;6;0;1;1;1;0;2
16595;79764304;16595;11;1;1;7;6;0;2;1;1;0;3
16596;79764304;16596;11;1;3;2;6;0;1;1;1;0;2
16597;79764304;16597;11;1;2;1;6;0;1;2;1;0;3
16598;79764401;16598;51;3;1;7;4;0;1;1;1;0;2
16599;79764401;16599;52;5;3;1;0;0;4;0;1;0;4
16600;79765101;16600;11;1;1;7;6;0;1;1;1;0;2
16601;79765101;16601;11;1;1;7;6;0;2;1;1;0;3
16602;79765101;7957;71;1;1;7;6;0;1;1;1;0;2
16603;79765101;16603;11;3;1;7;6;0;1;1;1;0;2
16604;79765101;16604;18;1;1;7;4;1;0;1;2;0;2
16605;79765102;16605;11;1;1;7;6;0;2;1;1;0;3
16606;79765102;16606;42;1;1;7;5;0;1;1;1;0;2
16607;79765102;16607;16;2;1;7;6;1;0;2;2;0;3
16608;79765201;16608;13;1;1;1;5;0;1;1;1;0;2
16609;79765201;16609;51;1;3;2;6;0;1;1;1;0;2
16610;79765202;16610;21;1;1;7;6;0;1;1;1;0;2
16611;79765203;16611;72;1;1;7;6;0;1;1;1;0;2
16612;79765301;16612;52;3;3;1;0;0;1;0;1;0;1
16613;79765301;16613;17;1;1;7;2;0;1;1;1;0;2
16614;79765301;16614;17;1;1;2;2;1;0;1;2;0;2
16615;79765403;16615;11;1;6;7;6;0;1;1;1;0;2
16616;79765403;16616;11;1;1;7;6;1;0;1;2;0;2
16617;79765403;16617;17;1;1;7;2;0;1;1;1;0;2
16618;79765403;16618;11;1;1;7;3;0;1;1;1;0;2
16619;79765403;16619;31;5;1;7;4;0;1;1;1;0;2
16620;79765403;16620;81;3;1;7;6;0;3;0;1;0;3
16621;79765403;16621;11;1;1;7;5;0;1;1;1;0;2
16622;79765403;16622;11;3;1;7;6;1;0;1;2;0;2
16623;79765403;16623;81;3;3;1;6;0;4;0;1;0;4
16624;79765403;16624;11;1;1;2;6;0;0;1;3;0;1
16625;79765403;16625;11;2;3;2;6;0;1;1;1;0;2
16626;79765403;16626;41;1;1;7;6;0;1;1;1;0;2
16627;79765403;16627;17;2;3;2;4;0;1;1;1;0;2
16628;79765403;16628;17;1;1;7;4;1;0;1;2;0;2
16629;79765403;16629;17;1;1;7;3;0;1;1;1;0;2
16630;79765403;16630;17;1;1;7;4;0;1;1;1;0;2
16631;79765502;16631;52;3;1;7;2;0;1;1;1;0;2
16632;79765505;16632;51;1;1;7;6;0;1;2;1;0;3
16633;79765505;16633;81;3;1;7;6;0;2;0;1;0;2
16634;79765505;16634;81;1;1;7;4;0;1;1;1;0;2
16635;79766101;16635;13;5;3;1;6;0;3;1;1;0;4
16636;79766101;16636;13;5;3;1;6;0;2;2;1;0;4
16637;79766101;16637;13;1;3;1;6;0;1;2;1;0;3
16638;79766101;16638;13;1;1;7;6;0;1;1;1;0;2
16639;79766102;16639;11;1;1;7;2;0;1;1;1;0;2
16640;79766103;16640;52;2;1;7;2;1;0;1;2;0;2
16641;79766201;16641;18;3;1;7;6;0;1;1;1;0;2
16642;79766201;16642;11;1;1;7;4;0;0;1;3;0;1
16643;79766201;16643;11;1;1;7;6;0;1;1;1;0;2
16644;79766201;16644;18;1;1;7;6;0;1;1;1;0;2
16645;79766201;16645;11;1;1;7;6;0;1;1;1;0;2
16646;79766201;16646;41;3;1;7;6;0;2;1;1;0;3
16647;79766201;16647;16;1;1;7;4;0;1;1;1;0;2
16648;79766201;16648;16;3;1;7;6;0;2;0;1;0;2
16649;79766201;16649;16;3;1;7;6;0;1;1;1;0;2
16650;79766201;16650;16;3;1;7;4;0;1;1;1;0;2
16651;79766201;16651;17;1;3;2;2;1;0;1;2;0;2
16652;79766201;16652;16;3;1;7;5;1;0;1;2;0;2
16653;79766201;16653;17;1;1;7;2;0;1;1;1;0;2
16654;79766201;16654;11;3;1;7;6;0;1;1;1;0;2
16655;79766201;16655;16;3;1;7;6;0;2;1;1;0;3
16656;79766201;16656;18;1;1;7;4;0;1;2;1;0;3
16657;79766201;16657;11;5;1;1;6;0;4;0;1;0;4
16658;79766201;16658;16;4;1;7;6;0;1;2;1;0;3
16659;79766201;16659;18;1;1;7;6;0;1;1;1;0;2
16660;79766201;16660;16;1;3;1;6;0;2;0;1;0;2
16661;79766201;16661;51;1;7;1;6;0;1;3;1;0;4
16662;79766201;16662;11;1;1;7;6;0;2;1;1;0;3
16663;79766201;16663;16;1;3;1;6;0;1;1;1;0;2
16664;79766201;16664;16;1;1;7;6;0;2;0;1;0;2
16665;79766201;16665;17;1;1;7;2;0;1;1;1;0;2
16666;79766201;16666;24;3;1;7;2;0;2;2;1;0;4
16667;79766204;16667;23;3;1;7;6;0;1;1;1;0;2
16668;79766205;16668;11;1;1;7;6;0;2;0;1;0;2
16669;79766205;16669;16;3;1;7;5;1;2;1;2;0;4
16670;79766205;16670;27;3;1;7;0;0;1;0;1;0;1
16671;79766205;16671;11;1;1;7;6;0;2;0;1;0;2
16672;79766205;16672;11;1;1;7;6;0;1;1;1;0;2
16673;79766205;16673;11;3;1;7;6;0;1;1;1;0;2
16674;79766205;16674;11;1;1;7;5;0;1;2;1;0;3
16675;79766205;16675;16;3;1;7;5;0;1;1;1;0;2
16676;79766205;16676;16;1;1;7;4;0;1;1;1;0;2
16677;79766401;16677;11;1;1;2;6;0;1;1;1;0;2
16678;79766401;16678;42;1;3;2;6;0;1;2;1;0;3
16679;79766401;16679;42;1;1;7;7;0;0;1;3;0;1
16680;79766401;16680;35;3;1;7;4;0;1;1;1;0;2
16681;79766401;16681;51;1;1;7;6;0;2;1;1;0;3
16682;79766404;16682;51;4;1;7;6;0;2;2;1;0;4
16683;79766404;16683;15;3;1;7;5;0;2;1;1;0;3
16684;79766506;16684;51;1;1;7;6;0;1;3;1;0;4
16685;79766506;16685;51;1;1;7;6;0;1;1;1;0;2
16686;79766506;16686;11;3;1;7;5;0;1;1;1;0;2
16687;79766506;16687;52;3;2;1;0;0;1;0;1;0;1
16688;79766506;16688;41;1;1;7;5;1;0;1;2;0;2
16689;79766506;16689;23;1;1;7;6;0;2;2;1;0;4
16690;79766508;16690;51;1;1;7;6;0;1;1;1;0;2
16691;79767101;16691;11;1;1;7;6;0;1;2;1;0;3
16692;79767101;16692;11;1;1;7;4;0;1;1;1;0;2
16693;79767101;16693;63;1;3;2;4;0;2;0;1;0;2
16694;79767101;16694;11;5;1;7;5;1;0;1;2;0;2
16695;79767101;16695;11;1;1;7;6;0;1;4;1;0;5
16696;79767101;16696;11;1;1;7;6;0;2;2;1;0;4
16697;79767101;16697;11;1;3;1;6;0;2;1;1;0;3
16698;79767101;16698;11;2;2;1;6;0;1;1;1;0;2
16699;79767101;16699;51;3;1;6;6;0;1;2;1;0;3
16700;79767101;16700;11;3;1;7;6;0;1;2;1;0;3
16701;79767101;16701;81;3;1;7;6;0;2;0;1;0;2
16702;79767101;16702;11;1;1;7;6;0;1;1;1;0;2
16703;79767101;16703;72;3;1;1;6;0;1;1;1;0;2
16704;79767101;16704;11;1;1;7;6;0;1;1;1;0;2
16705;79767101;16705;11;1;1;7;6;1;0;1;2;0;2
16706;79767101;16706;11;3;1;7;6;0;4;1;1;0;5
16707;79767104;16707;41;1;3;2;6;0;2;0;1;0;2
16708;79767104;16708;17;3;1;7;2;0;1;1;1;0;2
16709;79767104;16709;11;5;1;7;2;0;2;1;1;0;3
16710;79767106;16710;14;1;1;7;6;0;2;0;1;0;2
16711;79767106;16711;14;3;1;7;6;0;1;1;1;0;2
16712;79767106;16712;14;1;1;7;6;0;1;2;1;0;3
16713;79767106;16713;14;3;1;7;6;0;2;1;1;0;3
16714;79767106;16714;14;3;3;2;6;0;1;2;1;0;3
16715;79767106;16715;14;5;1;7;6;0;1;1;1;0;2
16716;79767106;16716;14;1;1;7;6;0;2;1;1;0;3
16717;79767106;16717;14;3;1;1;6;0;1;2;1;0;3
16718;79767106;16718;14;1;3;1;6;0;3;0;1;0;3
16719;79767107;16719;64;1;3;1;4;0;1;1;1;0;2
16720;79767107;16720;64;3;1;7;6;0;2;1;1;0;3
16721;79767107;16721;64;1;1;7;5;0;1;1;1;0;2
16722;79767107;16722;64;1;1;7;4;0;1;1;1;0;2
16723;79767107;16723;81;3;1;7;6;1;0;2;2;0;3
16724;79767107;16724;64;1;1;7;5;0;1;1;1;0;2
16725;79767203;16725;11;1;1;7;6;0;1;1;1;0;2
16726;79767203;16726;11;3;3;1;6;0;3;1;1;0;4
16727;79767203;4455;11;1;1;7;6;0;1;1;1;0;2
16728;79767203;16728;15;1;1;7;6;0;1;1;1;0;2
16729;79767203;16729;11;1;1;7;5;0;1;1;1;0;2
16730;79767203;16730;11;2;1;1;5;0;1;2;1;0;3
16731;79767203;16731;11;1;1;7;6;0;1;1;1;0;2
16732;79767204;16732;17;1;1;7;2;0;2;0;1;0;2
16733;79767206;16733;81;3;1;7;6;0;1;1;1;0;2
16734;79767207;16734;71;1;1;7;6;0;1;1;1;0;2
16735;79767209;16735;15;1;1;7;6;0;1;1;1;0;2
16736;79767209;16736;14;1;3;2;6;0;1;1;1;0;2
16737;79767209;16737;71;1;1;7;6;0;1;1;1;0;2
16738;79767209;16738;15;1;1;7;6;0;1;1;1;0;2
16739;79767209;16739;16;1;1;7;6;0;2;1;1;0;3
16740;79767209;16740;11;3;1;7;6;0;2;1;1;0;3
16741;79767209;16741;16;1;1;7;6;0;1;1;1;0;2
16742;79767209;6337;17;1;1;7;2;0;2;1;1;0;3
16743;79767209;16743;11;1;1;1;6;0;1;1;1;0;2
16744;79767209;16744;81;3;1;2;0;0;1;1;1;0;2
16745;79767213;16745;11;1;1;7;6;0;1;1;1;0;2
16746;79767213;16746;11;1;1;7;6;0;1;1;1;0;2
16747;79767213;16747;16;5;1;7;5;0;1;1;1;0;2
16748;79767301;16748;42;3;1;7;6;0;2;2;1;0;4
16749;79767301;16749;11;1;1;7;6;0;1;1;1;0;2
16750;79767301;16750;11;1;1;7;2;0;1;1;1;0;2
16751;79767301;16751;11;3;1;7;6;1;0;1;2;0;2
16752;79767301;16752;11;1;1;7;6;0;1;1;1;0;2
16753;79767301;16753;18;2;1;7;2;0;1;2;1;0;3
16754;79767301;16754;18;1;1;7;6;0;2;1;1;0;3
16755;79767301;16755;42;1;1;7;2;0;1;1;1;0;2
16756;79767301;5619;11;3;1;7;6;0;1;2;1;0;3
16757;79767301;16757;51;3;1;7;3;0;1;1;1;0;2
16758;79767301;16758;51;3;1;7;6;0;1;2;1;0;3
16759;79767301;16759;11;1;1;7;6;0;1;1;1;0;2
16760;79767301;16760;42;1;1;7;6;0;2;1;1;0;3
16761;79767301;16761;11;1;1;7;5;1;0;1;2;0;2
16762;79767301;16762;18;1;1;1;6;0;1;2;1;0;3
16763;79767301;16763;18;1;1;7;5;0;1;1;1;0;2
16764;79767301;16764;14;3;1;7;6;0;2;1;1;0;3
16765;79767301;16765;11;3;1;7;6;0;1;2;1;0;3
16766;79767301;16766;17;1;1;7;2;0;1;1;1;0;2
16767;79767301;16767;11;1;1;7;6;1;0;1;2;0;2
16768;79767301;16768;18;1;3;2;6;1;0;1;2;0;2
16769;79767301;16769;11;3;1;7;6;0;3;1;1;0;4
16770;79767301;16770;42;1;1;7;6;0;2;1;1;0;3
16771;79767301;16771;11;2;3;2;6;0;1;1;1;0;2
16772;79767301;16772;42;3;1;7;6;0;1;2;1;0;3
16773;79767301;16773;11;1;1;7;6;0;1;1;1;0;2
16774;79767301;16774;17;1;1;7;2;0;1;1;1;0;2
16775;79767301;16775;11;1;1;7;6;0;1;1;1;0;2
16776;79767301;16776;42;1;1;7;6;0;1;1;1;0;2
16777;79767301;16777;11;3;3;2;6;0;1;1;1;0;2
16778;79767301;16778;18;3;1;7;5;0;1;1;1;0;2
16779;79767301;16779;11;3;3;1;6;0;1;1;1;0;2
16780;79767301;16780;12;1;1;1;6;0;1;2;1;0;3
16781;79767301;16781;42;1;1;7;5;1;0;1;2;0;2
16782;79767301;16782;81;1;3;1;6;1;0;1;2;0;2
16783;79767301;16783;11;1;1;7;6;1;0;1;2;0;2
16784;79767301;16784;42;1;1;7;2;0;1;1;1;0;2
16785;79767301;16785;42;4;1;1;6;0;2;1;1;0;3
16786;79767301;16786;12;1;3;1;6;0;3;0;1;0;3
16787;79767301;16787;11;3;1;7;8;2;2;0;3;1;5
16788;79767301;16788;42;1;6;7;5;0;1;1;1;0;2
16789;79767301;16789;51;5;3;1;6;0;2;2;1;0;4
16790;79767301;16790;42;1;1;7;4;0;1;2;1;0;3
16791;79767301;16791;18;1;7;1;6;0;2;1;1;0;3
16792;79767301;16792;11;5;1;7;6;0;1;1;1;0;2
16793;79767301;16793;11;5;1;7;6;0;1;1;1;0;2
16794;79767301;16794;11;5;3;1;6;0;1;1;1;0;2
16795;79767301;16795;14;5;1;7;6;0;1;1;1;0;2
16796;79767301;16796;42;5;1;7;6;0;4;2;1;0;6
16797;79767301;16797;42;5;3;1;6;0;2;2;1;0;4
16798;79767301;16798;11;5;2;1;6;0;1;1;1;0;2
16799;79767301;15992;11;3;1;7;6;0;1;1;1;0;2
16800;79767301;16800;17;1;1;7;2;1;0;1;2;0;2
16801;79767301;16801;17;1;1;7;2;0;1;1;1;0;2
16802;79767301;16802;52;3;3;1;2;1;0;3;2;0;4
16803;79767301;16803;11;1;1;7;6;0;1;1;1;0;2
16804;79767301;16804;42;1;3;1;6;0;2;1;1;0;3
16805;79767301;16805;11;1;1;7;6;0;1;2;1;0;3
16806;79767301;16806;18;1;1;7;8;1;1;2;2;0;4
16807;79767301;16807;11;1;1;7;6;0;1;1;1;0;2
16808;79767301;16808;42;3;1;7;6;0;2;0;1;0;2
16809;79767301;16809;73;1;1;7;2;0;1;1;1;0;2
16810;79767301;16810;43;2;3;1;6;1;1;4;2;0;6
16811;79767301;16811;11;1;3;1;6;0;4;0;1;0;4
16812;79767301;16812;42;1;1;7;6;0;1;1;1;0;2
16813;79767301;16813;42;1;1;7;6;0;1;2;1;0;3
16814;79767301;16814;18;1;1;7;6;0;1;2;1;0;3
16815;79767301;16815;42;3;1;7;5;0;1;2;1;0;3
16816;79767301;16816;42;1;1;7;6;0;1;1;1;0;2
16817;79767301;16817;42;1;1;7;6;0;5;1;1;0;6
16818;79767301;16818;42;1;1;7;6;0;1;3;1;0;4
16819;79767301;16819;11;1;1;7;6;0;1;1;1;0;2
16820;79767301;16820;81;1;1;7;6;0;1;1;1;0;2
16821;79767301;16821;11;1;3;2;2;0;1;1;1;0;2
16822;79767301;16822;11;1;1;7;6;0;1;2;1;0;3
16823;79767301;16823;17;1;1;7;2;0;1;1;1;0;2
16824;79767301;16824;81;3;1;7;2;1;0;1;2;0;2
16825;79767303;16825;43;3;1;7;5;0;1;1;1;0;2
16826;79767303;16826;42;1;1;7;6;0;1;1;1;0;2
16827;79767303;16827;11;1;1;7;3;0;1;1;1;0;2
16828;79767303;16828;11;3;1;7;6;0;2;1;1;0;3
16829;79767303;16829;18;1;1;7;4;0;1;1;1;0;2
16830;79767303;16830;85;3;1;2;6;0;1;1;1;0;2
16831;79767303;16831;18;1;3;2;6;0;1;1;1;0;2
16832;79767303;16832;18;1;3;2;6;0;1;1;1;0;2
16833;79767303;16833;11;3;1;7;6;0;3;0;1;0;3
16834;79767303;16834;42;1;1;7;6;0;2;2;1;0;4
16835;79767303;16835;18;1;1;7;6;1;0;1;2;0;2
16836;79767303;16836;42;1;1;7;6;0;4;1;1;0;5
16837;79767303;16837;42;1;1;7;6;0;2;0;1;0;2
16838;79767303;16838;42;3;1;7;6;0;3;0;1;0;3
16839;79767303;16839;11;1;1;7;2;0;1;1;1;0;2
16840;79767303;16840;42;1;1;7;6;0;4;1;1;0;5
16841;79767303;16841;42;3;1;7;6;0;3;4;1;0;7
16842;79767303;16842;42;1;1;7;6;0;2;1;1;0;3
16843;79767303;16843;42;1;1;7;6;0;2;2;1;0;4
16844;79767303;16844;42;1;1;7;6;0;2;1;1;0;3
16845;79767303;16845;42;1;1;7;5;0;2;1;1;0;3
16846;79767303;16846;81;3;1;7;6;0;1;0;1;0;1
16847;79767303;16847;42;2;1;2;6;0;1;1;1;0;2
16848;79767304;16848;18;1;1;7;6;0;2;1;1;0;3
16849;79767304;16849;18;1;1;7;5;0;2;1;1;0;3
16850;79767304;16850;73;3;1;7;6;0;1;1;1;0;2
16851;79767305;16851;13;3;1;7;6;0;1;1;1;0;2
16852;79767305;16852;17;1;1;7;2;0;1;1;1;0;2
16853;79767305;16853;13;3;1;7;6;0;1;2;1;0;3
16854;79767305;16854;13;1;1;7;6;0;1;1;1;0;2
16855;79767305;16855;13;1;1;7;3;0;1;1;1;0;2
16856;79767305;16856;81;3;1;7;6;0;3;0;1;0;3
16857;79767305;16857;13;3;1;7;6;1;0;2;2;0;3
16858;79767305;16858;14;3;3;2;6;0;1;1;1;0;2
16859;79767401;16859;13;3;1;7;6;0;1;1;1;0;2
16860;79767401;16860;13;1;3;2;4;0;1;1;1;0;2
16861;79767401;16861;71;3;1;7;6;0;1;1;1;0;2
16862;79767401;16862;17;5;1;7;2;0;1;1;1;0;2
16863;79767401;16863;17;1;3;1;2;0;2;2;1;0;4
16864;79767401;16864;13;4;1;1;3;0;1;1;1;0;2
16865;79767402;16865;41;1;1;7;6;0;1;1;1;0;2
16866;79767403;16866;72;1;1;7;6;0;1;1;1;0;2
16867;79767403;16867;17;2;1;7;2;0;1;1;1;0;2
16868;79767407;16868;14;1;1;7;6;0;1;1;1;0;2
16869;79767502;16869;72;1;1;7;6;1;0;1;2;0;2
16870;79771405;16870;18;1;3;2;6;0;2;1;1;0;3
16871;79771405;16871;11;3;3;1;6;0;1;1;1;0;2
16872;79771405;16872;52;3;1;7;0;0;1;0;1;0;1
16873;79771405;16873;18;1;1;7;6;0;1;1;1;0;2
16874;79771405;9234;11;1;1;7;6;0;1;1;1;0;2
16875;79771405;16875;11;1;1;7;6;0;1;1;1;0;2
16876;79771405;16876;71;1;2;2;6;0;1;1;1;0;2
16877;79771405;16877;11;1;1;7;6;0;1;1;1;0;2
16878;79771405;16878;52;3;1;7;0;1;0;0;2;0;1
16879;79771405;16879;52;1;1;7;0;1;0;0;2;0;1
16880;79771501;16880;14;1;3;2;6;0;1;1;1;0;2
16881;79771501;16881;14;1;1;7;6;0;1;1;1;0;2
16882;79771501;16882;14;1;1;7;6;0;1;2;1;0;3