accident_id;lieu_id;date_id;cause_id;lum_id;intemp_id;etat_surface_id;impliq_id;nb_blesses_graves;nb_blesses_legers;nb_indemnes;gravite;nb_morts;nb_impliqués
16883;79773505;16883;51;1;1;7;6;0;1;1;1;0;2
16884;79773505;16884;17;1;3;1;4;0;1;1;1;0;2
16885;79773505;16885;36;1;3;1;6;0;2;1;1;0;3
16886;79773505;4874;52;3;1;1;6;0;1;2;1;0;3
16887;79773505;16887;26;1;1;7;4;0;1;1;1;0;2
16888;79773505;16888;11;3;1;7;6;1;1;0;2;0;2
16889;79773505;16889;16;1;1;7;5;0;1;1;1;0;2
16890;79773505;16890;72;3;1;7;6;0;1;3;1;0;4
16891;79773505;16891;71;3;1;7;6;0;1;1;1;0;2
16892;79773505;16892;51;2;1;7;6;0;1;1;1;0;2
16893;79773505;16893;16;2;1;7;5;0;2;1;1;0;3
16894;79773505;16894;11;1;1;7;6;0;2;1;1;0;3
16895;79773505;16895;51;1;1;7;6;0;1;1;1;0;2
16896;79774403;16896;18;3;1;7;6;0;2;1;1;0;3
16897;79774523;16897;41;1;1;7;6;0;2;1;1;0;3
16898;79774523;16898;52;1;1;7;6;0;1;1;1;0;2
16899;79774523;16899;21;3;3;1;6;0;1;1;1;0;2
16900;79774523;16900;72;3;1;7;6;1;0;1;2;0;2
16901;79774523;16901;21;1;1;7;6;0;2;1;1;0;3
16902;79774523;16902;12;1;1;7;4;0;1;1;1;0;2
16903;79774523;16903;52;1;3;2;6;0;1;2;1;0;3
16904;79774523;16904;51;1;1;1;6;0;1;1;1;0;2
16905;79774523;16905;41;1;1;7;6;0;1;1;1;0;2
16906;79774523;16906;52;3;1;7;0;0;1;0;1;0;1
16907;79775302;16907;51;1;3;1;6;0;1;1;1;0;2
16908;79775303;16908;18;1;3;2;6;0;1;1;1;0;2
16909;79775303;16909;12;1;1;7;6;0;1;2;1;0;3
16910;79775303;16910;51;2;1;1;6;0;1;1;1;0;2
16911;79775401;16911;11;1;1;7;6;0;1;2;1;0;3
16912;79775401;16912;17;1;2;1;4;0;1;1;1;0;2
16913;79775401;16913;11;3;3;2;6;0;0;1;3;0;1
16914;79775401;16914;11;3;1;7;5;1;1;1;2;0;3
16915;79775405;16915;21;5;3;1;4;0;1;1;1;0;2
16916;79775519;16916;51;1;1;7;6;0;2;2;1;0;4
16917;79775519;16917;51;1;3;2;6;0;2;1;1;0;3
16918;79775519;16918;52;1;1;6;0;0;1;1;1;0;2
16919;79775519;16919;81;5;3;1;6;0;1;1;1;0;2
16920;79775519;16920;11;3;3;7;6;0;1;1;1;0;2
16921;79775519;16921;11;1;3;2;6;0;1;1;1;0;2
16922;79776101;16922;64;1;1;7;4;0;1;1;1;0;2
16923;79776103;16923;42;1;1;7;6;0;1;2;1;0;3
16924;79776103;16924;17;3;1;7;3;0;1;1;1;0;2
16925;79776103;16925;18;1;1;7;6;1;0;2;2;0;3
16926;79776103;16926;23;1;1;7;6;1;0;2;2;0;3
16927;79776103;16927;52;1;1;7;0;0;2;0;1;0;2
16928;79776103;16928;81;1;1;7;6;0;1;1;1;0;2
16929;79776103;16929;17;3;1;7;4;1;0;2;2;0;3
16930;79776103;16930;17;1;1;7;4;0;1;1;1;0;2
16931;79776103;16931;14;1;1;7;6;0;1;3;1;0;4
16932;79776103;16932;11;1;1;7;6;0;1;1;1;0;2
16933;79776103;16933;51;3;1;7;6;0;1;2;1;0;3
16934;79776103;16934;11;1;1;7;6;0;1;2;1;0;3
16935;79776103;16935;81;3;3;1;6;0;3;0;1;0;3
16936;79776103;16936;81;3;3;1;6;0;2;0;1;0;2
16937;79776103;16937;11;3;1;2;6;0;1;1;1;0;2
16938;79776106;16938;17;1;1;7;2;1;0;1;2;0;2
16939;79776106;16939;81;1;1;7;6;0;1;1;1;0;2
16940;79776107;16940;42;1;1;7;4;0;1;1;1;0;2
16941;79776201;16941;11;1;1;7;4;0;1;1;1;0;2
16942;79776201;16942;11;1;1;7;5;1;1;0;2;0;2
16943;79776201;16943;81;1;1;7;6;1;0;1;2;0;2
16944;79776201;16944;11;1;1;7;6;0;4;1;1;0;5
16945;79776201;16945;11;1;1;7;6;0;2;1;1;0;3
16946;79776201;16946;11;1;1;7;6;0;2;1;1;0;3
16947;79776201;16947;11;1;1;7;4;0;0;1;3;0;1
16948;79776201;16948;51;1;3;1;6;0;0;2;0;0;2
16949;79776301;16949;19;1;1;7;6;1;0;1;2;0;2
16950;79776301;16950;17;1;3;1;2;0;1;1;1;0;2
16951;79776301;16951;23;1;3;1;5;0;1;1;1;0;2
16952;79776303;16952;13;3;1;1;6;0;1;1;1;0;2
16953;79776304;16953;17;1;1;7;2;1;0;1;2;0;2
16954;79776306;16954;43;1;1;7;5;0;1;1;1;0;2
16955;79776306;16955;16;1;1;7;6;0;2;1;1;0;3
16956;79776402;16956;11;1;1;7;6;0;2;1;1;0;3
16957;79776404;16957;14;1;1;7;6;0;2;2;1;0;4
16958;79776502;16958;16;2;1;7;6;0;1;1;1;0;2
16959;79777202;16959;11;1;3;1;6;0;1;1;1;0;2
16960;79777202;16960;14;3;1;7;6;0;1;2;1;0;3
16961;79777202;16961;11;1;1;7;6;0;1;1;1;0;2
16962;79777202;16962;82;3;1;7;6;0;1;1;1;0;2
16963;79777202;16963;14;3;1;7;7;0;2;0;1;0;2
16964;79777203;16964;14;1;1;7;6;0;2;1;1;0;3
16965;79777203;16965;71;1;1;7;6;0;1;1;1;0;2
16966;79777203;16966;51;3;3;2;3;0;1;1;1;0;2
16967;79777203;16967;11;1;1;7;3;1;0;1;2;0;2
16968;79777301;16968;13;1;1;7;4;0;1;1;1;0;2
16969;79777301;16969;41;3;1;7;6;2;0;1;2;0;3
16970;79777301;16970;13;1;1;7;8;0;1;2;1;0;3
16971;79777301;16971;71;1;1;7;6;0;1;2;1;0;3
16972;79777301;16972;81;1;1;7;6;0;1;1;1;0;2
16973;79777301;16973;13;1;1;7;5;0;1;0;1;0;1
16974;79777402;16974;41;3;3;2;6;2;0;1;2;0;3
16975;79777402;16975;71;1;2;2;6;0;1;1;1;0;2
16976;79777402;16976;13;1;1;7;5;0;1;1;1;0;2
16977;79781106;16977;86;3;1;7;2;0;1;0;3;0;1
16978;79781106;16978;14;3;1;7;6;0;1;1;1;0;2
16979;79781301;16979;14;1;2;1;6;0;1;1;1;0;2
16980;79781306;16980;13;1;3;1;5;0;1;1;1;0;2
16981;79781502;16981;31;3;1;7;6;0;1;1;1;0;2
16982;79781508;16982;22;1;1;7;4;0;1;1;1;0;2
16983;79781508;16983;16;3;1;7;3;0;1;1;1;0;2
16984;79781508;16984;16;1;3;1;4;0;0;2;0;0;2
16985;79781508;16985;16;1;1;7;6;1;0;1;2;0;2
16986;79781508;16986;11;1;1;1;6;0;1;1;1;0;2
16987;79781508;16987;41;1;1;7;6;0;2;0;1;0;2
16988;79781508;16988;35;1;1;7;3;0;1;1;1;0;2
16989;79781508;16989;11;1;1;7;6;0;1;1;1;0;2
16990;79781508;16990;17;1;1;7;2;1;0;1;2;0;2
16991;79781508;16991;17;1;1;7;1;0;1;1;1;0;2
16992;79782104;16992;16;1;1;7;6;1;0;1;2;0;2
16993;79782104;16993;11;3;1;7;6;0;1;1;1;0;2
16994;79782104;16994;71;1;1;7;6;0;1;1;1;0;2
16995;79782203;16995;14;1;1;1;6;0;1;1;1;0;2
16996;79782203;16996;14;1;1;1;6;0;2;0;1;0;2
16997;79783401;16997;13;1;3;1;6;0;1;2;1;0;3
16998;79784112;16998;52;3;1;1;6;0;2;4;1;0;6
16999;79784415;16999;51;1;3;1;6;0;1;2;1;0;3
17000;79784415;17000;31;1;1;7;6;0;2;0;1;0;2
17001;79785208;17001;51;1;1;7;6;0;1;1;1;0;2
17002;79785208;17002;52;3;1;7;0;0;1;0;1;0;1
17003;79785401;17003;52;1;1;7;0;0;1;0;1;0;1
17004;79785401;17004;51;3;3;2;3;0;1;1;1;0;2
17005;79785404;17005;13;1;1;7;6;0;1;1;1;0;2
17006;79785404;17006;13;1;1;7;6;0;1;1;1;0;2
17007;79785405;17007;17;1;1;1;2;1;1;0;2;0;2
17008;79785405;17008;51;1;1;7;6;0;1;1;1;0;2
17009;79785405;17009;21;4;1;7;3;0;2;0;1;0;2
17010;79786305;17010;13;1;1;7;4;0;1;1;1;0;2
17011;79786305;17011;21;3;1;7;6;0;1;1;1;0;2
17012;79786305;17012;52;3;3;2;0;0;1;0;1;0;1
17013;79786305;17013;52;1;2;2;0;0;1;0;1;0;1
17014;79786305;10026;13;1;1;7;4;0;1;1;1;0;2
17015;79786305;17015;17;1;3;1;2;0;1;1;1;0;2
17016;79786404;17016;16;3;1;7;5;0;1;1;1;0;2
17017;79786404;17017;11;3;1;1;4;0;1;1;1;0;2
17018;79786404;17018;51;1;3;2;6;0;1;1;1;0;2
17019;79786404;17019;73;1;1;7;6;0;1;1;1;0;2
17020;79786404;17020;81;2;1;7;0;0;1;0;1;0;1
17021;79786404;17021;74;1;1;7;4;0;1;1;1;0;2
17022;79786404;17022;11;1;1;7;6;0;1;0;1;0;1
17023;79786404;17023;52;3;1;7;6;0;4;0;1;0;4
17024;79786416;17024;13;1;1;7;3;0;1;1;1;0;2
17025;79786416;17025;52;1;1;7;0;0;1;0;1;0;1
17026;79786507;17026;13;1;1;7;6;1;1;1;2;0;3
17027;79786507;17027;13;1;3;2;6;1;0;2;2;0;3
17028;79786507;17028;13;1;1;7;6;0;2;0;1;0;2
17029;79786521;17029;52;1;1;7;0;0;1;0;3;0;1
17030;79786521;17030;52;3;1;7;0;0;1;1;1;0;2
17031;79786522;17031;14;1;1;7;6;0;2;0;1;0;2
17032;79786522;17032;14;1;3;1;6;0;2;1;1;0;3
17033;79787406;17033;16;1;1;7;3;0;0;1;3;0;1
17034;79787406;17034;72;3;1;7;5;0;1;1;1;0;2
17035;79787406;17035;72;1;1;7;6;1;0;1;2;0;2
17036;79787503;17036;64;3;1;7;6;0;1;1;1;0;2
17037;79791209;17037;16;1;1;4;6;0;2;1;1;0;3
17038;79791209;17038;16;1;1;7;6;0;2;0;1;0;2
17039;79791209;17039;51;3;3;1;3;1;0;2;2;0;3
17040;79792102;17040;31;1;1;7;6;1;0;1;2;0;2
17041;79792102;17041;16;1;1;7;4;0;1;1;1;0;2
17042;79792102;17042;16;1;1;7;6;0;1;1;1;0;2
17043;79792102;17043;64;1;1;7;6;0;1;1;1;0;2
17044;79792102;17044;31;1;1;7;6;0;1;1;1;0;2
17045;79792102;17045;81;3;1;7;6;0;1;1;1;0;2
17046;79792103;17046;86;1;1;7;3;1;0;1;2;0;2
17047;79792411;3667;14;1;1;7;6;0;2;0;1;0;2
17048;79793101;17048;16;3;1;7;4;0;1;2;1;0;3
17049;79793101;17049;16;3;1;7;4;0;1;1;1;0;2
17050;79793102;17050;41;1;1;7;6;1;0;1;2;0;2
17051;79793102;17051;17;3;1;7;2;0;1;1;1;0;2
17052;79793102;17052;13;1;1;7;3;0;1;1;1;0;2
17053;79793111;17053;52;1;1;7;0;0;1;0;1;0;1
17054;79793202;17054;16;3;1;7;5;2;0;1;2;0;3
17055;79793202;17055;13;1;1;7;4;0;1;1;1;0;2
17056;79793208;17056;16;3;1;7;4;0;1;1;1;0;2
17057;79793208;17057;72;1;1;7;6;0;1;1;1;0;2
17058;79793301;17058;13;1;1;7;6;0;1;1;1;0;2
17059;79793302;17059;13;1;1;7;6;0;1;1;1;0;2
17060;79793302;17060;41;3;3;1;6;0;1;1;1;0;2
17061;79793303;17061;41;1;1;7;6;0;1;1;1;0;2
17062;79793401;17062;13;1;1;7;6;1;0;1;2;0;2
17063;79793413;17063;13;1;1;1;6;0;1;2;1;0;3
17064;79793413;17064;13;1;1;7;6;0;2;1;1;0;3
17065;79793413;17065;41;1;1;7;6;0;2;0;1;0;2
17066;79793413;17066;13;1;1;7;6;0;1;1;1;0;2
17067;79793413;17067;13;3;1;7;4;1;0;1;2;0;2
17068;79793413;17068;13;1;1;7;6;0;2;0;1;0;2
17069;79793510;17069;64;1;1;7;6;0;1;1;1;0;2
17070;79793510;17070;51;1;1;7;6;0;1;1;1;0;2
17071;79793510;17071;17;1;3;2;2;1;0;1;2;0;2
17072;79793510;17072;13;1;3;1;3;0;1;1;1;0;2
17073;79793510;17073;64;1;1;7;6;0;1;1;1;0;2
17074;79793510;17074;13;1;1;7;6;0;1;1;1;0;2
17075;79793510;17075;13;1;1;7;6;0;1;1;1;0;2
17076;79793510;17076;13;1;1;7;6;0;1;2;1;0;3
17077;79793510;17077;16;1;1;7;6;0;2;0;1;0;2
17078;79793510;11116;31;3;1;7;6;0;1;2;1;0;3
17079;79794204;17079;11;3;3;1;6;0;1;1;1;0;2
17080;79794204;17080;11;1;1;7;6;0;2;0;1;0;2
17081;79794204;17081;15;1;1;7;6;0;1;1;1;0;2
17082;79794204;17082;16;1;1;7;4;0;1;1;1;0;2
17083;79794204;17083;11;3;3;1;6;0;1;1;1;0;2
17084;79794204;17084;11;2;3;1;6;0;3;0;1;0;3
17085;79794301;17085;72;1;1;1;6;0;1;1;1;0;2
17086;79795102;17086;51;1;1;7;6;0;1;1;1;0;2
17087;79795106;17087;13;3;2;2;4;1;0;1;2;0;2
17088;79795301;17088;16;1;1;7;6;1;0;1;2;0;2
17089;79795301;17089;17;1;1;7;2;1;0;1;2;0;2
17090;79795301;17090;51;1;1;7;6;0;1;2;1;0;3
17091;79795301;17091;31;1;1;7;6;0;1;1;1;0;2
17092;79795305;17092;11;1;1;7;6;0;1;1;1;0;2
17093;79795305;17093;17;1;1;7;2;0;1;1;1;0;2
17094;79795305;17094;11;3;1;7;4;2;0;0;2;0;2
17095;79795306;17095;23;1;1;7;4;0;1;1;1;0;2
17096;79795402;17096;16;3;1;2;6;1;1;0;2;0;2
17097;79795404;17097;51;1;1;7;6;0;1;1;1;0;2
17098;79795404;17098;11;1;1;1;6;0;1;1;1;0;2
17099;79795404;17099;81;3;7;1;6;0;1;1;1;0;2
17100;79795404;17100;11;3;3;2;6;0;1;1;1;0;2
17101;79795405;17101;17;3;1;7;2;0;1;1;1;0;2
17102;79795405;17102;71;3;3;2;8;0;0;1;3;0;1
17103;79795502;17103;13;1;1;7;6;0;1;1;1;0;2
17104;79796101;17104;11;1;3;1;6;0;1;1;1;0;2
17105;79796101;17105;15;1;1;7;6;0;2;1;1;0;3
17106;79796101;17106;11;2;1;1;6;0;1;1;1;0;2
17107;79796101;17107;16;2;1;7;3;0;1;1;1;0;2
17108;79796101;17108;51;1;3;2;6;0;1;1;1;0;2
17109;79796104;17109;17;1;3;1;1;0;1;1;1;0;2
17110;79796501;17110;71;1;1;7;9;0;1;0;1;0;1
17111;79797105;17111;24;1;1;7;4;1;0;1;2;0;2
17112;79797201;17112;31;1;1;7;6;0;1;1;1;0;2
17113;79797304;17113;33;1;1;7;6;0;1;1;1;0;2
17114;79797307;17114;31;4;3;2;4;1;0;1;2;0;2
17115;79797307;17115;51;3;1;7;7;0;1;1;1;0;2
17116;79797307;17116;51;3;4;2;6;0;2;2;1;0;4
17117;79797307;17117;18;1;1;7;6;0;1;1;1;0;2
17118;79804503;17118;16;3;1;1;4;0;1;2;1;0;3
17119;79804503;17119;51;1;1;1;6;0;1;1;1;0;2
17120;79805110;17120;72;1;1;7;6;0;1;1;1;0;2
17121;79805110;17121;13;1;1;7;4;0;1;1;1;0;2
17122;79805110;17122;16;1;1;7;3;0;1;1;1;0;2
17123;79805403;17123;11;3;3;2;6;3;0;0;2;0;3
17124;79805403;17124;11;1;1;7;6;1;0;1;2;0;2
17125;79805403;17125;16;2;1;7;6;0;3;0;1;0;3
17126;79805501;17126;51;1;3;2;6;0;1;1;1;0;2
17127;79805501;17127;17;1;3;2;2;1;0;1;2;0;2
17128;79805501;17128;16;1;1;7;6;1;1;2;2;0;4
17129;79806201;17129;17;3;3;2;2;0;1;1;1;0;2
17130;79806201;17130;86;1;1;7;2;0;0;1;3;0;1
17131;79806201;17131;13;3;1;7;4;0;1;1;1;0;2
17132;79806202;17132;85;3;1;7;6;0;1;1;1;0;2
17133;79806202;17133;17;1;3;1;2;1;0;1;2;0;2
17134;79806202;17134;61;1;1;7;3;1;0;1;2;0;2
17135;79806204;17135;51;1;1;7;4;0;1;1;1;0;2
17136;79807401;17136;16;1;1;1;6;0;1;1;1;0;2
17137;79807401;17137;52;1;1;7;0;0;1;0;1;0;1
17138;79807401;17138;12;1;1;7;6;1;0;1;2;0;2
17139;79813410;17139;51;1;1;7;7;0;1;1;1;0;2
17140;79813506;17140;16;2;1;7;4;0;1;1;1;0;2
17141;79813506;17141;71;1;1;7;7;0;1;1;1;0;2
17142;79813506;17142;16;1;1;7;6;1;0;1;2;0;2
17143;79814301;17143;51;1;1;7;6;0;1;1;1;0;2
17144;79814403;17144;13;1;1;7;6;0;1;1;1;0;2
17145;79814403;17145;71;3;3;2;6;0;1;1;1;0;2
17146;79814403;17146;31;1;1;7;7;0;2;1;1;0;3
17147;79814403;17147;16;1;1;7;4;0;1;1;1;0;2
17148;79814403;17148;13;1;1;7;4;0;1;1;1;0;2
17149;79814403;17149;16;1;2;2;6;0;2;3;1;0;5
17150;79816103;17150;31;1;1;7;6;0;1;2;1;0;3
17151;79816103;17151;51;1;1;7;4;0;1;0;1;0;1
17152;79816503;17152;71;3;1;7;6;0;1;1;1;0;2
17153;79821401;17153;21;1;1;7;6;0;1;1;1;0;2
17154;79822307;17154;13;1;3;2;7;0;1;1;1;0;2
17155;79823104;17155;21;3;1;7;6;2;1;0;2;0;3
17156;79824103;17156;16;1;1;7;4;0;1;1;1;0;2
17157;79825502;17157;19;1;1;7;6;0;1;2;1;0;3
17158;79825502;17158;19;1;1;7;6;0;1;0;1;0;1
17159;79825502;17159;19;1;1;7;6;1;0;1;2;0;2
17160;79825502;17160;19;1;1;7;4;0;1;1;1;0;2
17161;79825502;17161;19;3;1;7;4;1;0;1;2;0;2
17162;79825502;17162;19;1;1;7;3;0;1;1;1;0;2
17163;79825502;17163;19;1;1;7;6;0;1;2;1;0;3
17164;79825502;17164;19;1;1;7;3;0;1;1;1;0;2
17165;79826233;17165;17;1;1;7;2;0;1;1;1;0;2
17166;79826308;17166;13;1;1;7;4;0;1;1;1;0;2
17167;79826409;17167;16;2;3;2;4;1;0;1;2;0;2
17168;79826505;17168;16;2;1;7;3;0;1;1;1;0;2
17169;79826505;17169;51;1;1;7;6;0;2;1;1;0;3
17170;79827303;17170;11;3;1;7;6;1;0;1;2;0;2
17171;79827303;17171;71;3;3;2;6;0;1;1;1;0;2
17172;79827304;17172;11;1;1;7;6;0;1;1;1;0;2
17173;79827401;17173;85;3;3;2;6;0;1;1;1;0;2
17174;79832103;17174;16;3;1;7;6;0;3;0;1;0;3
17175;79832103;17175;13;1;1;7;6;0;2;0;1;0;2
17176;79832103;17176;13;1;1;7;4;0;1;0;1;0;1
17177;79832103;17177;13;1;1;7;6;4;0;0;2;0;4
17178;79832103;17178;13;3;3;2;4;0;1;1;1;0;2
17179;79832103;17179;13;1;2;1;6;0;1;1;1;0;2
17180;79832103;17180;13;3;1;7;6;0;3;1;1;0;4
17181;79832103;17181;16;1;1;7;6;0;1;1;1;0;2
17182;79832103;17182;13;3;3;2;6;0;1;1;1;0;2
17183;79833102;17183;14;3;6;1;6;0;1;1;1;0;2
17184;79837103;17184;51;1;1;7;6;0;1;1;1;0;2
17185;79865503;17185;13;1;1;7;6;0;2;0;1;0;2
17186;79865503;17186;13;2;1;7;6;0;1;2;1;0;3
17187;79865503;17187;13;1;1;7;6;2;2;0;2;0;4
17188;79865503;17188;13;1;1;7;6;0;2;1;1;0;3
17189;79865503;17189;13;1;1;1;6;0;4;1;1;0;5
17190;79865503;17190;13;1;1;7;4;0;1;1;1;0;2
17191;79874201;17191;14;1;1;7;6;0;1;1;1;0;2
17192;79877405;17192;13;4;1;7;6;0;1;1;1;0;2
17193;79887504;17193;52;1;2;1;6;2;1;0;2;0;3
17194;79895402;17194;16;1;1;7;5;1;0;1;2;0;2
17195;79912403;17195;14;1;3;1;6;0;1;0;1;0;1
17196;79913206;17196;16;1;1;7;6;0;2;1;1;0;3
17197;79913206;17197;52;3;1;1;0;2;0;0;2;0;2
17198;79913206;17198;13;3;3;2;6;0;1;1;1;0;2
17199;79913206;17199;36;1;1;1;6;0;3;1;1;0;4
17200;79913206;17200;16;1;1;7;6;0;1;4;1;0;5
17201;79913209;17201;19;1;3;1;3;0;1;1;1;0;2
17202;79913308;17202;72;1;1;7;6;0;1;1;1;0;2
17203;79913308;17203;81;3;3;1;6;0;1;1;1;0;2
17204;79913402;17204;11;3;4;4;8;0;1;1;1;0;2
17205;79913402;17205;11;1;1;7;6;0;1;1;1;0;2
17206;79913402;17206;81;3;1;7;6;1;0;1;2;0;2
17207;79913402;17207;11;3;1;7;6;0;2;0;1;0;2
17208;79913402;17208;17;3;3;1;2;1;0;1;2;0;2
17209;79913402;17209;16;1;1;7;4;0;2;1;1;0;3
17210;79913504;17210;16;3;1;1;4;0;1;1;1;0;2
17211;79913504;17211;13;1;1;7;6;0;2;3;1;0;5
17212;79914401;17212;13;1;1;1;5;0;1;1;1;0;2
17213;79914503;17213;23;1;1;7;4;1;0;1;2;0;2
17214;79914504;17214;31;1;1;7;6;0;1;1;1;0;2
17215;79914505;17215;71;1;1;7;6;0;1;1;1;0;2
17216;79915207;17216;13;1;1;7;6;0;1;1;1;0;2
17217;79915501;17217;13;1;1;7;7;0;1;1;1;0;2
17218;79915501;17218;13;3;1;7;6;0;2;1;1;0;3
17219;79915509;17219;23;1;1;7;3;0;1;1;1;0;2
17220;79916207;17220;51;1;1;7;3;0;1;1;1;0;2
17221;79916504;17221;31;1;1;7;6;0;1;1;1;0;2
17222;79916504;17222;13;1;1;7;6;0;3;1;1;0;4
17223;79916504;17223;31;1;1;7;6;0;2;2;1;0;4
17224;79916504;17224;85;3;1;7;6;0;1;1;1;0;2
17225;79916504;17225;13;3;3;1;6;0;1;0;1;0;1
17226;79922105;17226;22;1;1;7;6;0;1;1;1;0;2
17227;80661305;17227;11;3;1;7;6;0;1;0;1;0;1
17228;80661305;17228;16;1;1;7;6;0;2;0;1;0;2
17229;80661305;17229;11;1;3;1;6;1;0;2;2;0;3
17230;80662202;17230;53;5;1;7;6;0;3;1;1;0;4
17231;80662205;17231;13;3;3;2;6;1;0;2;2;0;3
17232;80662205;17232;81;2;1;7;4;0;1;1;1;0;2
17233;80675304;17233;52;2;1;7;0;3;1;1;2;0;5
17234;80681504;17234;16;1;3;2;6;0;1;1;1;0;2
17235;80681506;17235;19;1;1;7;3;0;1;1;1;0;2
17236;80682502;17236;13;1;1;7;6;1;0;1;2;0;2
17237;80682502;17237;13;1;3;2;6;2;1;0;2;0;3
17238;80682502;17238;13;2;6;2;6;1;2;0;2;0;3
17239;80682502;17239;13;2;1;1;6;1;2;3;2;0;6
17240;80682502;17240;13;1;1;7;6;2;0;0;2;0;2
17241;80682502;17241;13;1;1;7;4;1;0;1;2;0;2
17242;80682502;17242;31;1;1;7;6;1;1;0;2;0;2
17243;80682502;17243;13;1;1;7;6;1;1;1;2;0;3
17244;80682502;17244;13;5;1;7;6;0;1;1;1;0;2
17245;80682502;17245;13;1;3;1;6;0;2;1;1;0;3
17246;80682505;17246;52;3;1;7;0;0;2;2;1;0;4
17247;80682505;17247;19;1;1;7;3;0;1;1;1;0;2
17248;80683501;17248;13;1;1;7;6;0;1;1;1;0;2
17249;80685402;17249;19;1;1;7;3;0;1;1;1;0;2
17250;80691103;1644;14;1;1;7;6;0;1;1;1;0;2
17251;80697402;17251;16;3;1;7;5;0;1;1;1;0;2
17252;80715505;17252;52;2;3;2;6;0;2;1;1;0;3
17253;80716405;17253;16;1;1;7;6;0;2;0;1;0;2
17254;80716405;17254;16;3;1;7;6;0;2;0;1;0;2
17255;80717101;17255;81;1;1;7;6;0;1;1;1;0;2
17256;80722307;17256;81;3;1;7;6;0;3;0;1;0;3
17257;80723306;17257;11;1;3;2;6;1;0;1;2;0;2
17258;80723306;17258;71;1;1;7;6;1;0;1;2;0;2
17259;80723506;17259;13;3;1;7;4;0;1;1;1;0;2
17260;80725204;17260;11;1;1;7;6;1;0;1;2;0;2
17261;80725205;17261;11;1;1;7;1;1;1;1;2;0;3
17262;80725205;17262;16;1;1;2;6;0;1;1;1;0;2
17263;80725205;17263;17;3;3;2;2;0;1;1;1;0;2
17264;80725205;7002;16;3;3;1;3;1;0;1;2;0;2
17265;80725205;17265;16;3;1;7;6;0;5;0;1;0;5
17266;80725301;17266;11;3;1;7;6;1;0;1;2;0;2
17267;80725301;17267;16;3;1;7;4;1;0;1;2;0;2
17268;80725301;17268;51;1;1;7;4;1;0;1;2;0;2
17269;80725301;17269;17;1;1;7;2;1;1;1;2;0;3
17270;80725301;17270;85;3;3;1;6;1;0;1;2;0;2
17271;80725301;17271;11;1;1;7;5;1;0;0;2;0;1
17272;80725501;17272;41;1;1;7;6;0;1;1;1;0;2
17273;80725501;17273;13;2;6;7;6;0;3;0;1;0;3
17274;80725501;17274;17;1;1;7;2;1;0;1;2;0;2
17275;80726312;17275;24;1;1;7;2;0;1;1;1;0;2
17276;80726318;17276;17;1;1;7;2;0;1;1;1;0;2
17277;80727107;17277;25;1;1;7;6;1;0;0;2;0;1
17278;80727111;17278;14;1;1;7;6;1;0;1;2;0;2
17279;80727111;17279;14;1;1;7;6;1;0;1;2;0;2
17280;80727405;17280;13;1;1;7;6;0;1;1;1;0;2
17281;80727405;17281;13;1;1;7;6;0;2;1;1;0;3
17282;80731101;17282;21;1;3;2;6;0;1;1;1;0;2
17283;80731101;17283;17;3;1;7;1;1;0;1;2;0;2
17284;80731101;17284;22;3;1;7;6;1;0;1;2;0;2
17285;80731101;17285;11;1;1;7;6;0;3;1;1;0;4
17286;80731101;17286;11;3;1;7;2;0;1;1;1;0;2
17287;80731101;17287;51;2;1;7;6;0;1;0;1;0;1
17288;80731101;17288;11;1;1;7;6;0;1;1;1;0;2
17289;80731101;17289;51;1;3;1;5;1;0;1;2;0;2
17290;80731101;17290;71;2;1;7;6;0;1;1;1;0;2
17291;80731102;17291;64;3;3;1;6;0;1;1;1;0;2
17292;80731202;17292;13;1;1;7;6;0;2;1;1;0;3
17293;80731204;17293;11;1;1;7;3;0;2;0;1;0;2
17294;80731204;17294;17;1;1;7;2;1;0;1;2;0;2
17295;80731210;17295;52;3;1;7;6;1;1;0;2;0;2
17296;80731210;17296;13;3;1;7;6;0;1;1;1;0;2
17297;80731210;17297;22;1;1;7;6;0;1;0;3;0;1
17298;80731210;17298;32;2;1;7;7;1;0;1;2;0;2
17299;80731210;17299;16;1;1;7;4;1;1;1;2;0;3