accident_id;lieu_id;date_id;cause_id;lum_id;intemp_id;etat_surface_id;impliq_id;nb_blesses_graves;nb_blesses_legers;nb_indemnes;gravite;nb_morts;nb_impliqués
17300;80731210;17300;18;1;1;7;5;0;1;1;1;0;2
17301;80731301;17301;17;1;1;7;2;0;1;1;1;0;2
17302;80731301;17302;17;1;1;1;2;0;1;1;1;0;2
17303;80731301;17303;16;3;1;7;4;0;1;1;1;0;2
17304;80731301;17304;51;1;1;7;6;0;2;2;1;0;4
17305;80731301;17305;17;1;1;7;2;0;1;1;1;0;2
17306;80731301;8087;17;3;1;7;2;0;0;1;3;0;1
17307;80731301;17307;17;1;1;7;2;0;1;1;1;0;2
17308;80731301;17308;51;3;3;1;6;0;3;0;1;0;3
17309;80731301;17309;63;3;3;2;6;0;1;2;1;0;3
17310;80732203;17310;16;1;1;2;6;0;0;2;0;0;2
17311;80732203;17311;16;3;3;1;4;0;1;1;1;0;2
17312;80732501;17312;51;1;3;2;6;0;4;2;1;0;6
17313;80732501;17313;16;1;1;7;4;1;0;1;2;0;2
17314;80732501;17314;71;1;3;2;6;0;1;1;1;0;2
17315;80732501;17315;16;1;1;7;4;0;1;1;1;0;2
17316;80732501;17316;16;1;1;7;3;1;0;1;2;0;2
17317;80732501;17317;17;1;1;7;2;0;1;1;1;0;2
17318;80732501;17318;16;3;3;1;6;0;6;1;1;0;7
17319;80732501;17319;16;1;1;7;6;0;3;1;1;0;4
17320;80732501;17320;16;1;1;7;6;0;1;1;1;0;2
17321;80732501;17321;81;3;1;7;6;0;4;0;1;0;4
17322;80732501;17322;16;3;1;7;5;0;1;2;1;0;3
17323;80732506;17323;11;3;3;2;6;1;1;0;2;0;2
17324;80732506;17324;11;2;1;7;2;0;1;1;1;0;2
17325;80732506;17325;52;1;1;7;0;0;2;1;1;0;3
17326;80732506;17326;11;1;1;7;6;0;3;1;1;0;4
17327;80732506;17327;81;3;1;7;6;0;1;1;1;0;2
17328;80732506;17328;71;5;1;7;6;1;0;1;2;0;2
17329;80733105;17329;13;1;1;7;6;0;2;0;1;0;2
17330;80733307;17330;21;1;1;7;4;0;1;1;1;0;2
17331;80733405;17331;17;2;1;7;2;1;0;1;2;0;2
17332;80733405;17332;13;1;1;7;6;0;1;1;1;0;2
17333;80733406;17333;16;3;1;7;2;1;0;1;2;0;2
17334;80733406;17334;13;2;3;2;4;1;0;1;2;0;2
17335;80733406;17335;13;1;3;1;6;0;1;1;1;0;2
17336;80733501;17336;52;5;1;7;6;0;2;1;1;0;3
17337;80733501;17337;17;1;1;7;2;0;1;1;1;0;2
17338;80734108;17338;17;1;1;7;2;0;1;1;1;0;2
17339;80734201;17339;71;1;1;7;6;1;0;1;2;0;2
17340;80734202;17340;17;1;1;7;1;1;0;0;2;0;1
17341;80734303;17341;71;1;1;7;6;0;1;1;1;0;2
17342;80734303;17342;16;3;1;7;4;0;1;1;1;0;2
17343;80734305;17343;17;2;3;2;2;0;2;1;1;0;3
17344;80734501;17344;21;1;1;7;6;0;1;2;1;0;3
17345;80734501;17345;21;1;7;2;6;0;1;1;1;0;2
17346;80735103;17346;16;1;1;7;6;1;0;1;2;0;2
17347;80735302;17347;13;1;1;7;5;0;1;1;1;0;2
17348;80735302;17348;81;1;1;7;6;0;2;1;1;0;3
17349;80735302;17349;16;3;1;7;4;0;1;1;1;0;2
17350;80735308;17350;72;2;3;1;6;1;0;2;2;0;3
17351;80735309;17351;52;2;1;4;6;1;2;0;2;0;3
17352;80735315;17352;22;2;3;2;3;0;1;1;1;0;2
17353;80735315;17353;16;5;1;7;6;0;1;1;1;0;2
17354;80736201;17354;71;3;6;1;6;0;1;1;1;0;2
17355;80736201;17355;16;3;1;7;6;0;1;1;1;0;2
17356;80736201;17356;16;3;1;7;4;1;1;1;2;0;3
17357;80736201;17357;15;1;1;2;6;0;1;1;1;0;2
17358;80736301;17358;71;1;2;1;6;0;1;1;1;0;2
17359;80736302;17359;72;1;1;7;6;0;1;1;1;0;2
17360;80736309;17360;75;1;1;7;6;1;0;1;2;0;2
17361;80736309;17361;41;3;1;7;6;0;1;1;1;0;2
17362;80736404;17362;41;1;1;7;6;1;0;1;2;0;2
17363;80736501;17363;14;1;1;7;6;0;1;1;1;0;2
17364;80737101;17364;16;1;1;7;4;1;0;1;2;0;2
17365;80737101;17365;16;3;1;7;6;1;1;0;2;0;2
17366;80737101;17366;11;1;1;7;6;1;0;1;2;0;2
17367;80737101;17367;16;1;1;7;6;0;3;0;1;0;3
17368;80737103;17368;71;5;3;2;2;1;0;1;2;0;2
17369;80737103;17369;72;3;1;7;6;0;2;1;1;0;3
17370;80737103;17370;71;1;1;7;6;0;1;1;1;0;2
17371;80737103;17371;52;3;3;2;9;0;1;0;1;0;1
17372;80737103;17372;16;1;1;1;4;1;0;1;2;0;2
17373;80737103;17373;11;1;1;7;6;0;1;1;1;0;2
17374;80737302;17374;17;1;3;2;2;0;1;1;1;0;2
17375;80737303;17375;16;1;1;7;5;1;0;1;2;0;2
17376;80737303;17376;17;1;1;7;2;1;0;1;2;0;2
17377;80737303;17377;17;2;1;7;2;1;0;1;2;0;2
17378;80737303;17378;16;3;3;2;4;1;0;1;2;0;2
17379;80737303;17379;17;1;1;7;2;0;2;0;1;0;2
17380;80737303;17380;17;1;1;7;2;1;0;1;2;0;2
17381;80737402;17381;17;1;1;2;2;0;2;1;1;0;3
17382;80737402;17382;31;1;1;7;6;0;1;1;1;0;2
17383;80737402;17383;71;3;1;7;6;1;0;1;2;0;2
17384;80737402;17384;16;1;1;7;4;0;1;1;1;0;2
17385;80737402;17385;16;3;1;7;4;0;1;1;1;0;2
17386;80737402;17386;11;1;1;7;2;0;2;0;1;0;2
17387;80737402;17387;16;1;1;7;3;0;1;0;1;0;1
17388;80737402;17388;17;1;3;1;2;0;1;1;1;0;2
17389;80737402;17389;16;3;6;1;6;1;1;2;2;0;4
17390;80737402;17390;51;1;1;7;6;0;1;1;1;0;2
17391;80737402;17391;11;1;3;2;6;0;1;1;1;0;2
17392;80737402;17392;52;1;1;7;6;0;1;1;1;0;2
17393;80737503;17393;51;3;1;2;6;0;3;0;1;0;3
17394;80737503;17394;23;1;1;7;4;0;1;1;1;0;2
17395;80737503;17395;71;1;1;7;6;0;0;1;3;0;1
17396;80737503;17396;16;2;1;7;6;0;1;1;1;0;2
17397;80737503;17397;16;1;1;7;5;1;0;1;2;0;2
17398;80737503;17398;71;1;1;7;6;0;1;1;1;0;2
17399;80737503;17399;11;2;3;2;6;0;1;1;1;0;2
17400;80741105;17400;14;3;1;2;4;0;1;1;1;0;2
17401;80741105;17401;19;1;1;7;4;0;2;1;1;0;3
17402;80741105;17402;19;3;1;7;4;0;1;1;1;0;2
17403;80741105;17403;13;5;3;1;4;0;1;1;1;0;2
17404;80741105;17404;14;1;1;7;6;0;1;1;1;0;2
17405;80741201;17405;16;3;1;7;6;0;3;1;1;0;4
17406;80741201;17406;19;1;1;7;6;0;1;2;1;0;3
17407;80741201;17407;19;1;1;7;6;0;2;1;1;0;3
17408;80741201;17408;16;1;1;7;6;0;2;1;1;0;3
17409;80741201;17409;19;1;3;1;6;0;1;3;1;0;4
17410;80741201;17410;51;2;1;1;6;0;1;2;1;0;3
17411;80741201;17411;51;1;1;7;6;0;1;0;1;0;1
17412;80741201;17412;52;1;1;7;0;0;1;0;1;0;1
17413;80741304;17413;52;1;1;7;0;0;1;0;1;0;1
17414;80741306;17414;11;2;1;2;2;0;1;1;1;0;2
17415;80741306;17415;64;1;1;7;6;0;1;1;1;0;2
17416;80741306;17416;71;3;1;7;6;0;1;1;1;0;2
17417;80741306;17417;11;2;1;7;6;0;1;1;1;0;2
17418;80741306;17418;81;1;3;1;6;1;0;1;2;0;2
17419;80741306;17419;64;1;1;7;6;0;1;1;1;0;2
17420;80741306;17420;11;1;3;1;6;1;0;1;2;0;2
17421;80741306;12720;11;1;1;7;6;0;1;1;1;0;2
17422;80741306;17422;11;1;1;7;6;0;0;1;3;0;1
17423;80741402;17423;71;1;1;7;6;0;1;1;1;0;2
17424;80741403;17424;13;1;1;7;6;1;1;1;2;0;3
17425;80741403;17425;13;2;3;2;6;0;1;1;1;0;2
17426;80741407;17426;71;1;3;2;4;0;2;0;1;0;2
17427;80741407;17427;13;1;2;2;6;0;1;1;1;0;2
17428;80741407;17428;13;1;1;7;6;0;2;1;1;0;3
17429;80741407;17429;13;1;3;2;6;0;2;1;1;0;3
17430;80741407;17430;13;1;3;2;6;0;3;0;1;0;3
17431;80741407;17431;13;3;7;7;6;0;7;0;1;0;7
17432;80741407;17432;13;5;1;7;6;0;1;1;1;0;2
17433;80741407;17433;13;2;1;7;6;0;1;1;1;0;2
17434;80741409;17434;24;1;1;7;2;1;0;1;2;0;2
17435;80741502;17435;81;1;1;7;6;0;1;1;3;0;2
17436;80741502;17436;13;1;3;2;6;0;1;3;1;0;4
17437;80741502;17437;17;3;1;7;2;0;0;1;3;0;1
17438;80741502;17438;17;3;3;2;2;0;2;2;1;0;4
17439;80741502;17439;17;3;1;7;2;0;2;1;1;0;3
17440;80741502;17440;81;3;1;7;6;0;0;1;3;0;1
17441;80741502;17441;23;1;1;7;6;0;1;1;1;0;2
17442;80741502;17442;13;1;1;7;5;0;1;1;1;0;2
17443;80741502;17443;13;1;2;1;6;0;4;1;1;0;5
17444;80741502;17444;13;3;1;7;6;0;6;0;1;0;6
17445;80741502;17445;23;5;1;7;5;0;4;0;1;0;4
17446;80741502;17446;13;1;1;7;6;0;0;2;3;0;2
17447;80741502;17447;17;1;1;7;2;0;1;1;1;0;2
17448;80741502;17448;13;1;1;7;6;0;1;1;1;0;2
17449;80741502;17449;71;1;1;7;6;0;1;1;1;0;2
17450;80741502;17450;13;1;1;7;5;0;1;1;1;0;2
17451;80741502;17451;51;1;2;2;6;0;1;1;1;0;2
17452;80742101;17452;14;1;1;7;6;0;1;1;1;0;2
17453;80742105;17453;16;1;1;7;4;0;1;1;1;0;2
17454;80742105;17454;71;1;1;7;6;0;1;1;1;0;2
17455;80742105;17455;72;1;1;7;6;1;0;1;2;0;2
17456;80742106;17456;11;3;3;1;6;0;3;2;1;0;5
17457;80742106;17457;35;1;3;2;4;0;1;1;1;0;2
17458;80742107;17458;16;1;3;2;6;0;2;3;1;0;5
17459;80742107;17459;51;1;1;7;6;0;1;1;1;0;2
17460;80742107;17460;11;1;3;2;2;0;1;1;1;0;2
17461;80742107;17461;17;1;1;7;2;1;0;1;2;0;2
17462;80742107;17462;18;1;1;7;5;0;1;1;1;0;2
17463;80742107;17463;11;1;1;7;8;0;3;0;1;0;3
17464;80742107;17464;71;1;3;2;6;0;1;1;1;0;2
17465;80742107;17465;16;5;3;1;4;1;0;1;2;0;2
17466;80742107;17466;21;5;1;7;6;0;2;0;1;0;2
17467;80742107;17467;71;1;1;7;6;0;1;1;1;0;2
17468;80742107;17468;64;1;1;7;6;0;1;1;1;0;2
17469;80742107;17469;16;3;1;7;4;0;1;1;1;0;2
17470;80742107;17470;18;1;3;2;6;0;2;1;1;0;3
17471;80742108;17471;64;1;1;7;6;0;1;1;1;0;2
17472;80742109;17472;51;1;1;7;6;0;1;1;1;0;2
17473;80742112;17473;11;1;1;7;6;0;1;1;1;0;2
17474;80742112;17474;81;2;1;7;6;1;3;0;3;1;5
17475;80742112;17475;11;1;1;7;6;0;1;1;1;0;2
17476;80742112;17476;11;3;1;7;6;0;1;2;1;0;3
17477;80742112;17477;11;1;1;2;6;0;1;2;1;0;3
17478;80742112;17478;12;1;3;2;6;0;1;1;1;0;2
17479;80742112;17479;51;1;1;7;6;1;1;0;2;0;2
17480;80742112;17480;11;1;1;7;2;1;0;1;2;0;2
17481;80742112;17481;42;3;1;7;6;0;2;1;1;0;3
17482;80742112;17482;42;1;1;7;4;1;1;0;2;0;2
17483;80742112;17483;11;1;1;7;6;0;1;1;1;0;2
17484;80742112;17484;42;1;1;7;4;1;0;1;2;0;2
17485;80742112;17485;11;3;1;7;2;0;1;1;1;0;2
17486;80742112;17486;11;4;3;1;6;0;2;3;1;0;5
17487;80742112;17487;42;3;3;1;6;0;1;1;1;0;2
17488;80742112;17488;11;3;1;1;6;0;3;1;1;0;4
17489;80742112;17489;11;1;1;7;2;1;0;1;2;0;2
17490;80742112;17490;11;1;1;7;6;0;1;1;1;0;2
17491;80742202;17491;15;1;1;7;6;0;1;1;1;0;2
17492;80742202;17492;17;3;1;7;2;0;1;1;1;0;2
17493;80742202;17493;11;3;1;7;6;0;4;0;1;0;4
17494;80742202;17494;52;3;1;7;0;0;1;1;1;0;2
17495;80742202;17495;11;1;2;2;6;0;1;1;1;0;2
17496;80742202;17496;11;3;1;7;6;0;1;1;1;0;2
17497;80742202;17497;72;1;1;7;6;0;1;1;1;0;2
17498;80742202;17498;52;3;1;7;0;0;1;0;1;0;1
17499;80742202;17499;51;1;7;1;6;0;1;1;1;0;2
17500;80742202;17500;81;3;2;1;0;0;1;3;1;0;4
17501;80742202;17501;11;1;1;7;6;0;1;1;1;0;2
17502;80742202;17502;51;3;1;7;5;0;1;1;1;0;2
17503;80742304;17503;17;1;1;7;1;0;1;1;1;0;2
17504;80742304;17504;17;3;1;7;2;0;1;1;1;0;2
17505;80742306;17505;11;3;1;7;2;0;1;1;1;0;2
17506;80742307;17506;41;1;1;7;6;0;1;1;1;0;2
17507;80742307;17507;35;1;3;1;4;0;1;1;1;0;2
17508;80742307;17508;71;1;1;7;6;0;1;1;1;0;2
17509;80742307;17509;18;1;1;7;7;0;1;2;1;0;3
17510;80742307;17510;19;1;1;7;4;0;1;1;1;0;2
17511;80742309;17511;19;1;1;7;3;0;1;1;1;0;2
17512;80742313;17512;71;1;1;7;6;0;1;1;1;0;2
17513;80742314;17513;19;1;1;7;3;0;1;1;1;0;2
17514;80742314;17514;19;3;1;7;4;0;1;1;1;0;2
17515;80742314;17515;52;3;1;7;0;1;0;0;2;0;1
17516;80742314;17516;16;2;3;1;2;0;1;2;1;0;3
17517;80742402;17517;19;1;1;7;4;0;1;1;1;0;2
17518;80742402;17518;71;3;1;7;6;1;0;1;2;0;2
17519;80742402;17519;51;1;1;7;3;0;1;1;1;0;2
17520;80742402;17520;17;3;2;1;2;0;1;1;1;0;2
17521;80742409;17521;11;1;1;7;6;0;1;1;1;0;2
17522;80742409;17522;71;1;1;7;6;0;1;1;1;0;2
17523;80742409;17523;41;1;1;7;6;0;1;1;1;0;2
17524;80742410;17524;71;1;1;7;6;0;1;1;1;0;2
17525;80742410;17525;17;3;1;7;2;1;0;1;2;0;2
17526;80742411;17526;72;1;1;7;6;0;1;1;1;0;2
17527;80742412;17484;11;1;1;7;6;0;1;2;1;0;3
17528;80742501;17528;13;1;1;7;6;0;2;0;1;0;2
17529;80742501;17529;13;3;1;7;4;0;1;1;1;0;2
17530;80742501;17530;13;1;1;7;5;0;1;1;1;0;2
17531;80742501;17531;17;1;1;7;1;0;1;1;1;0;2
17532;80742501;17532;17;1;1;7;2;0;1;1;1;0;2
17533;80742502;17533;31;1;3;1;6;0;1;2;1;0;3
17534;80742502;17534;21;3;1;7;6;0;1;1;1;0;2
17535;80743302;17535;11;3;1;7;6;0;1;1;1;0;2
17536;80743302;7349;11;1;1;7;6;0;1;1;1;0;2
17537;80743302;17537;28;3;1;2;0;0;1;0;1;0;1
17538;80743302;17538;16;1;1;7;6;0;1;2;1;0;3
17539;80743302;17539;16;1;1;1;6;0;2;2;1;0;4
17540;80743302;17540;11;1;1;7;6;0;1;1;1;0;2
17541;80743302;17541;16;3;1;1;6;0;2;1;1;0;3
17542;80743302;17542;16;1;1;7;6;0;1;1;1;0;2
17543;80743302;17543;11;1;1;7;6;0;1;1;1;0;2
17544;80743302;17544;16;1;1;7;6;0;1;2;1;0;3
17545;80743302;17545;17;1;1;7;2;0;1;1;1;0;2
17546;80743302;17546;11;3;3;1;6;0;2;0;1;0;2
17547;80743302;17547;16;1;1;7;4;0;1;1;1;0;2
17548;80743302;17548;81;3;1;7;6;0;1;0;3;0;1
17549;80743302;17549;14;1;1;7;6;0;1;1;1;0;2
17550;80743302;17550;15;1;1;7;6;0;2;2;1;0;4
17551;80743302;17551;81;2;1;7;6;0;2;0;1;0;2
17552;80743302;17552;11;1;1;7;6;0;3;1;1;0;4
17553;80743302;17553;52;3;3;2;0;0;3;0;1;0;3
17554;80743302;17554;11;3;1;7;6;0;2;1;1;0;3
17555;80743302;17555;11;3;1;7;6;0;1;0;1;0;1
17556;80743302;17556;52;1;1;7;0;0;1;0;1;0;1
17557;80743302;17557;11;1;1;7;6;0;2;0;1;0;2
17558;80743302;17558;16;1;1;7;6;0;1;1;1;0;2
17559;80743302;17559;41;1;1;7;6;1;0;2;2;0;3
17560;80743303;17560;11;4;3;1;6;0;1;2;1;0;3
17561;80743303;17561;11;5;3;1;6;0;2;1;1;0;3
17562;80743303;17562;11;5;1;7;6;0;1;1;1;0;2
17563;80743303;17563;81;3;3;1;6;2;0;1;2;0;3
17564;80743303;17564;11;2;1;1;6;0;3;0;1;0;3
17565;80743303;17565;11;1;1;7;6;1;1;1;2;0;3
17566;80743303;17566;11;1;3;2;6;0;4;2;1;0;6
17567;80743303;17567;11;1;1;7;6;0;3;0;1;0;3
17568;80743303;17568;51;1;1;7;6;0;1;4;1;0;5
17569;80743303;17569;11;1;1;7;6;0;1;2;1;0;3
17570;80743303;17570;81;3;1;7;6;0;1;0;1;0;1
17571;80743304;17571;71;1;1;7;6;0;1;1;1;0;2
17572;80743401;17572;18;1;1;7;4;0;1;1;1;0;2
17573;80743403;17573;14;1;1;7;4;0;1;1;1;0;2
17574;80743403;17574;14;1;1;7;6;0;1;1;1;0;2
17575;80743403;17575;72;1;1;7;6;0;1;1;1;0;2
17576;80743403;17576;19;1;1;7;6;0;1;1;1;0;2
17577;80743403;17577;19;5;1;7;6;0;2;1;1;0;3
17578;80743403;17578;19;3;1;7;6;0;1;1;1;0;2
17579;80743403;17579;81;1;3;1;6;0;2;0;1;0;2
17580;80743405;17580;11;1;1;7;4;0;1;1;1;0;2
17581;80743405;17581;11;2;3;2;6;0;2;1;1;0;3
17582;80743501;17582;17;3;3;2;2;0;1;2;1;0;3
17583;80743501;17583;71;5;1;7;6;0;1;1;1;0;2
17584;80743501;17584;71;4;1;7;6;0;1;1;1;0;2
17585;80743501;17585;17;1;3;1;2;0;1;1;1;0;2
17586;80743501;17586;52;1;1;7;6;0;1;0;1;0;1
17587;80743502;17587;71;1;1;7;6;0;1;1;1;0;2
17588;80743503;17588;13;1;1;7;4;0;1;1;1;0;2
17589;80743504;17589;41;1;1;7;3;0;1;1;1;0;2
17590;80743505;17590;13;5;1;7;6;0;1;2;1;0;3
17591;80743505;17591;13;3;2;2;4;0;1;1;1;0;2
17592;80743505;17592;13;1;1;7;6;0;1;1;1;0;2
17593;80743505;17593;13;1;1;7;6;0;1;1;1;0;2
17594;80743505;17594;13;1;1;7;6;0;1;1;1;0;2
17595;80744302;17595;12;1;1;7;6;0;1;1;1;0;2
17596;80744302;17596;12;1;3;1;6;0;1;1;1;0;2
17597;80744302;17597;64;3;1;7;6;0;2;1;1;0;3
17598;80744302;17598;35;1;1;7;6;0;1;1;1;0;2
17599;80744302;17599;23;1;1;7;7;0;1;0;1;0;1
17600;80744302;17600;16;1;1;7;6;0;1;1;1;0;2
17601;80744402;17601;14;1;1;7;6;0;1;1;1;0;2
17602;80744406;17602;14;3;2;2;6;0;1;1;1;0;2
17603;80744406;17603;14;1;1;7;4;1;0;1;2;0;2
17604;80744501;17604;14;1;1;2;6;0;1;1;1;0;2
17605;80744501;17605;14;1;1;7;6;0;1;1;1;0;2
17606;80744501;17606;14;1;1;7;6;0;4;0;1;0;4
17607;80744501;17607;14;3;1;7;6;0;2;0;1;0;2
17608;80744501;17608;81;3;1;7;6;0;1;2;1;0;3
17609;80744501;17609;21;1;1;7;6;0;3;2;1;0;5
17610;80744503;17610;21;1;1;7;6;0;1;1;1;0;2
17611;80744507;17611;81;3;1;7;6;0;2;0;1;0;2
17612;80744507;17612;17;1;1;7;2;1;0;1;2;0;2
17613;80744507;17613;13;1;1;7;6;0;2;1;1;0;3
17614;80745301;17614;51;1;1;7;7;0;2;1;1;0;3
17615;80745503;17615;13;3;3;2;6;0;2;1;1;0;3
17616;80745503;17616;13;1;1;7;4;0;1;1;1;0;2
17617;80745503;17617;13;3;3;1;6;0;5;0;1;0;5
17618;80745503;17618;81;3;1;7;6;0;1;0;1;0;1
17619;80745503;17619;13;2;3;2;4;0;1;1;1;0;2
17620;80745505;17620;17;1;1;7;1;0;1;1;1;0;2
17621;80745505;17621;17;1;1;7;1;0;1;1;1;0;2
17622;80745506;17622;14;1;2;2;6;0;2;0;1;0;2
17623;80745506;17623;14;1;1;7;6;0;1;1;1;0;2
17624;80745507;17624;52;1;1;7;0;1;0;0;2;0;1
17625;80745507;17625;51;1;1;7;6;0;1;1;1;0;2
17626;80746201;17626;52;1;1;7;0;0;1;0;1;0;1
17627;80746302;17627;17;1;1;7;2;0;1;1;1;0;2
17628;80746302;17628;71;2;3;1;6;0;1;1;1;0;2
17629;80746302;17629;17;1;1;7;2;0;1;1;1;0;2
17630;80746302;17630;17;4;3;1;1;0;1;1;1;0;2
17631;80746401;17631;13;4;1;7;5;0;1;1;1;0;2
17632;80746401;17632;11;3;3;1;6;0;1;2;1;0;3
17633;80746403;17633;11;5;1;7;8;0;1;1;1;0;2
17634;80746403;17634;51;3;1;7;6;0;1;1;1;0;2
17635;80746405;17635;52;3;1;7;0;0;3;0;1;0;3
17636;80746405;17636;11;1;1;7;6;0;1;1;1;0;2
17637;80746405;17637;71;1;1;7;7;0;1;1;1;0;2
17638;80746405;17638;52;3;1;7;0;0;1;0;1;0;1
17639;80746405;17639;16;3;1;7;5;0;1;1;1;0;2
17640;80746405;17640;11;1;1;7;7;0;1;1;1;0;2
17641;80746405;17641;11;1;1;7;6;0;1;2;1;0;3
17642;80746405;17642;16;1;1;7;6;0;1;1;1;0;2
17643;80746405;17643;17;1;3;2;1;0;1;1;1;0;2
17644;80746405;17644;16;1;1;7;4;0;1;1;1;0;2
17645;80746405;17645;42;1;1;7;4;1;0;1;2;0;2
17646;80746405;17646;11;1;1;7;6;0;1;1;1;0;2
17647;80746405;17647;22;1;1;7;2;1;1;1;2;0;3
17648;80746405;17648;42;3;1;7;5;0;1;1;1;0;2
17649;80746405;17649;16;3;1;7;5;0;1;2;1;0;3
17650;80746405;17650;15;3;1;7;6;0;3;3;1;0;6
17651;80746405;17651;64;1;3;2;6;0;1;1;1;0;2
17652;80746405;17652;11;1;1;7;6;1;0;1;2;0;2
17653;80746405;17653;11;3;1;7;6;0;1;1;1;0;2
17654;80746405;17654;11;3;3;1;5;0;1;1;1;0;2
17655;80746405;17655;16;1;1;7;6;1;1;1;2;0;3
17656;80746405;17656;16;1;1;7;4;0;1;1;1;0;2
17657;80746405;17657;11;1;1;7;2;0;1;1;1;0;2
17658;80746405;17658;11;5;1;7;6;0;2;1;1;0;3
17659;80746405;17659;16;1;1;7;6;0;1;1;1;0;2
17660;80746405;17660;15;1;1;7;6;0;3;0;1;0;3
17661;80746405;17661;16;1;1;7;6;0;2;0;1;0;2
17662;80746405;17662;11;1;3;1;6;0;2;1;1;0;3
17663;80746405;17663;16;1;1;7;6;0;1;2;1;0;3
17664;80746405;17664;11;1;1;7;4;0;2;0;1;0;2
17665;80746405;17665;11;5;1;7;6;0;1;1;1;0;2
17666;80746405;17666;71;3;3;1;6;0;1;1;1;0;2
17667;80746405;17667;81;3;1;3;6;0;1;1;1;0;2
17668;80746405;17668;16;1;3;1;6;0;2;1;1;0;3
17669;80746405;17669;71;1;3;1;6;0;2;1;1;0;3
17670;80746405;17670;11;1;1;7;6;0;3;2;1;0;5
17671;80746405;17671;77;1;1;7;8;0;1;1;1;0;2
17672;80746405;17672;14;3;1;7;6;0;1;1;1;0;2
17673;80746405;17673;16;2;3;1;6;0;2;1;1;0;3
17674;80746405;17674;16;1;2;1;6;0;1;2;1;0;3
17675;80746405;17675;42;1;1;7;6;0;2;1;1;0;3
17676;80746405;17676;42;1;1;2;5;0;1;1;1;0;2
17677;80746405;17677;11;1;1;7;6;0;1;1;1;0;2
17678;80746405;17678;64;1;1;7;6;0;1;1;1;0;2
17679;80746405;17679;16;1;1;7;6;0;1;2;1;0;3
17680;80746405;17680;81;1;1;7;6;0;1;1;1;0;2
17681;80746405;17681;42;1;1;7;6;0;1;1;1;0;2
17682;80746405;17682;16;2;3;2;6;0;1;1;1;0;2
17683;80746405;17683;11;1;2;2;6;1;0;1;2;0;2
17684;80746405;17684;16;2;1;7;6;0;1;1;1;0;2
17685;80746405;17685;42;1;1;2;6;0;2;0;1;0;2
17686;80746405;17686;42;3;1;7;6;0;1;2;1;0;3
17687;80746405;17687;11;1;1;7;6;0;1;1;1;0;2
17688;80746405;17688;16;1;3;2;6;0;2;2;1;0;4
17689;80746405;17689;42;1;1;7;6;0;1;2;1;0;3
17690;80746405;17690;11;1;1;7;6;0;1;1;1;0;2
17691;80746405;17691;11;1;1;7;6;0;2;2;1;0;4
17692;80746408;17692;13;3;1;7;6;1;2;2;2;0;5
17693;80746408;17693;17;1;1;7;2;0;1;1;1;0;2
17694;80746408;17694;17;1;1;7;2;0;1;1;1;0;2
17695;80746408;17695;11;3;1;7;6;0;1;2;1;0;3
17696;80746409;17696;21;1;1;7;6;0;1;2;1;0;3
17697;80746409;17697;81;3;1;7;6;0;1;1;1;0;2
17698;80746410;17698;13;1;1;7;6;0;1;2;1;0;3
17699;80746410;17699;16;1;1;7;5;1;1;1;2;0;3
17700;80746410;17700;16;2;1;7;5;0;1;1;1;0;2
17701;80746410;17701;17;1;1;1;1;0;1;1;1;0;2
17702;80746410;17702;16;1;1;7;5;0;1;1;1;0;2
17703;80746410;17703;16;1;1;7;5;0;1;1;1;0;2
17704;80746501;17704;64;1;1;7;6;0;2;1;1;0;3
17705;80746502;17705;16;1;1;7;4;0;1;1;1;0;2
17706;80746502;17706;11;1;1;7;6;0;1;1;1;0;2
17707;80746502;17707;11;1;1;7;6;1;0;1;2;0;2
17708;80746502;17708;11;1;1;7;6;0;1;1;1;0;2
17709;80746502;17709;11;1;1;7;6;0;2;2;1;0;4
17710;80746502;17710;16;1;1;7;6;0;2;0;1;0;2
17711;80746502;17711;11;1;3;2;6;0;4;0;1;0;4
17712;80746502;17712;41;2;6;1;6;1;0;1;2;0;2
17713;80746502;17713;15;1;1;7;6;0;2;1;1;0;3
17714;80746502;17714;11;1;1;7;5;0;1;1;1;0;2
17715;80746502;17715;11;1;1;7;6;0;1;3;1;0;4
17716;80746502;17716;51;1;1;7;6;0;2;3;1;0;5