accident_id;lieu_id;date_id;cause_id;lum_id;intemp_id;etat_surface_id;impliq_id;nb_blesses_graves;nb_blesses_legers;nb_indemnes;gravite;nb_morts;nb_impliqués
17717;80746502;17717;11;3;1;7;6;0;1;2;1;0;3
17718;80746502;17718;16;1;1;7;4;0;1;2;1;0;3
17719;80747101;17719;42;1;1;7;5;1;0;1;2;0;2
17720;80747101;17720;11;1;3;2;6;0;1;1;1;0;2
17721;80747101;17721;81;3;1;7;6;0;0;1;3;0;1
17722;80747101;17722;42;3;1;7;4;0;1;1;1;0;2
17723;80747101;17723;11;1;3;2;6;0;3;0;1;0;3
17724;80747101;17724;63;3;1;7;6;0;1;1;1;0;2
17725;80747101;17725;42;1;1;7;3;0;1;1;1;0;2
17726;80747101;17726;11;5;7;1;6;0;3;1;1;0;4
17727;80747101;17727;16;3;3;1;6;0;2;0;1;0;2
17728;80747101;17728;17;1;1;7;2;0;1;2;1;0;3
17729;80747103;17729;11;3;1;7;6;1;0;1;2;0;2
17730;80747103;17730;18;1;1;7;6;0;1;1;1;0;2
17731;80747103;17731;81;3;1;7;6;0;1;0;1;0;1
17732;80747103;17732;81;3;4;1;6;0;7;0;1;0;7
17733;80747103;17733;71;3;1;7;6;0;1;1;1;0;2
17734;80747103;17734;11;1;3;2;6;0;1;1;1;0;2
17735;80747201;17735;16;1;3;2;5;0;1;1;1;0;2
17736;80747201;17736;81;1;1;7;2;0;1;1;1;0;2
17737;80747202;17737;51;1;2;2;6;0;1;1;1;0;2
17738;80747202;17738;11;1;1;7;4;0;1;1;1;0;2
17739;80747303;17739;72;1;1;7;6;0;1;1;1;0;2
17740;80747403;17740;71;1;1;7;6;1;0;1;2;0;2
17741;80747403;17741;52;1;1;7;0;0;2;0;1;0;2
17742;80747403;17742;11;1;1;7;0;0;1;0;1;0;1
17743;80747403;17743;51;1;1;7;6;0;1;1;1;0;2
17744;80747403;17744;53;1;1;7;6;0;2;1;1;0;3
17745;80747403;17745;81;3;1;7;0;0;1;0;1;0;1
17746;80747403;17746;81;2;1;7;0;0;2;0;1;0;2
17747;80747405;17747;72;1;1;7;6;0;1;1;1;0;2
17748;80747406;17748;52;1;3;1;6;0;1;1;1;0;2
17749;80747412;17749;41;1;1;7;3;0;1;2;1;0;3
17750;80747501;17750;41;3;1;7;6;0;2;2;1;0;4
17751;80747501;17751;51;1;1;7;6;0;1;0;1;0;1
17752;80751103;17752;71;1;1;7;6;1;0;1;2;0;2
17753;80751104;17753;13;2;1;7;4;0;1;1;1;0;2
17754;80751105;17754;71;1;1;7;6;0;1;1;1;0;2
17755;80751106;17755;13;3;1;7;6;0;5;0;1;0;5
17756;80751106;17756;13;1;1;7;6;0;1;1;1;0;2
17757;80751106;17757;13;1;1;2;6;0;5;0;1;0;5
17758;80751106;17758;13;1;1;7;6;0;1;2;1;0;3
17759;80751106;17759;13;1;1;7;6;0;3;0;1;0;3
17760;80751106;17760;13;1;1;7;3;0;1;1;1;0;2
17761;80751106;17761;13;1;1;7;8;0;2;1;1;0;3
17762;80751106;12689;52;1;1;7;2;0;1;1;1;0;2
17763;80751106;17763;13;1;1;7;8;0;1;1;1;0;2
17764;80751106;17764;13;1;1;7;6;1;1;1;2;0;3
17765;80751106;17765;13;1;1;7;6;1;0;2;2;0;3
17766;80751106;17766;13;2;1;7;8;0;1;1;1;0;2
17767;80751106;17767;22;1;1;7;6;0;1;1;1;0;2
17768;80751106;17768;13;1;1;7;6;0;1;1;1;0;2
17769;80751106;17769;13;1;1;7;4;0;1;1;1;0;2
17770;80751106;17770;11;1;1;7;8;0;2;2;1;0;4
17771;80751106;17771;16;1;1;2;6;0;2;1;1;0;3
17772;80751106;17772;11;1;1;7;8;0;3;2;1;0;5
17773;80751201;17773;41;3;1;7;6;0;1;1;1;0;2
17774;80751201;17774;14;3;1;7;6;0;3;0;1;0;3
17775;80751201;17775;14;3;1;7;4;0;1;1;1;0;2
17776;80751201;14998;13;1;1;7;6;0;1;1;1;0;2
17777;80751201;17777;71;1;1;7;6;0;1;1;1;0;2
17778;80751202;17778;13;1;1;7;6;0;2;1;1;0;3
17779;80751202;17779;13;1;1;7;6;0;1;1;1;0;2
17780;80751202;17780;13;3;1;7;6;0;5;0;1;0;5
17781;80751202;17781;13;3;1;2;6;0;3;1;1;0;4
17782;80751202;17782;13;3;1;7;6;0;3;2;1;0;5
17783;80751202;17783;13;3;1;7;6;0;1;1;1;0;2
17784;80751202;17784;23;1;1;7;4;0;1;1;1;0;2
17785;80751203;10578;51;1;1;7;6;0;1;2;1;0;3
17786;80751204;17786;81;3;1;7;6;0;1;1;1;0;2
17787;80751204;17787;14;1;3;2;6;0;1;1;1;0;2
17788;80751301;17788;81;1;1;7;8;0;2;0;1;0;2
17789;80751301;17789;14;3;3;2;6;0;2;1;1;0;3
17790;80751301;17790;13;1;1;7;3;0;1;1;1;0;2
17791;80751301;17791;24;1;3;1;2;0;1;1;1;0;2
17792;80751301;17792;13;1;1;7;6;0;1;1;1;0;2
17793;80751301;17793;41;3;1;7;6;0;3;1;1;0;4
17794;80751302;17794;14;1;1;7;6;1;0;1;2;0;2
17795;80751302;17795;71;2;1;7;6;0;1;1;1;0;2
17796;80751302;17796;16;1;1;7;3;0;1;1;1;0;2
17797;80751302;17797;51;2;1;7;3;0;1;1;1;0;2
17798;80751303;17798;21;1;1;2;6;0;1;3;1;0;4
17799;80751303;17799;17;1;4;3;2;0;1;1;1;0;2
17800;80751303;17800;71;1;1;7;1;0;1;1;1;0;2
17801;80751401;17801;11;1;1;7;6;0;1;1;1;0;2
17802;80751401;17802;11;3;1;7;6;0;1;1;1;0;2
17803;80751401;17803;17;3;1;7;2;1;0;1;2;0;2
17804;80751401;17804;71;5;3;1;6;0;0;1;3;0;1
17805;80751405;17805;21;1;1;7;6;0;3;0;1;0;3
17806;80751501;17806;85;3;1;7;6;0;1;1;1;0;2
17807;80751501;17807;11;1;3;1;5;0;1;1;1;0;2
17808;80751502;17808;35;1;1;7;3;0;1;1;1;0;2
17809;80751502;17809;18;5;1;7;6;0;1;3;1;0;4
17810;80751502;17810;71;5;1;7;6;0;1;1;1;0;2
17811;80751502;17811;11;1;1;7;6;0;1;1;1;0;2
17812;80751502;17812;71;1;1;7;6;1;0;1;2;0;2
17813;80751502;17813;51;2;1;1;3;0;1;1;1;0;2
17814;80751502;17814;51;3;1;7;6;1;0;1;2;0;2
17815;80751502;17815;51;3;1;2;4;0;1;1;1;0;2
17816;80751502;17816;51;3;1;7;4;0;1;1;1;0;2
17817;80752101;17817;16;1;1;7;4;0;1;1;1;0;2
17818;80752101;17818;72;1;1;1;6;1;0;1;2;0;2
17819;80752101;17819;16;2;1;7;5;0;1;1;1;0;2
17820;80752101;2573;16;1;1;7;6;0;1;1;1;0;2
17821;80752101;17821;14;1;1;7;6;0;2;0;1;0;2
17822;80752101;13556;11;3;1;7;6;0;2;0;1;0;2
17823;80752101;17823;11;1;1;7;7;0;1;1;1;0;2
17824;80752101;17824;16;1;1;7;4;0;1;1;1;0;2
17825;80752101;17825;81;3;3;1;6;0;2;0;1;0;2
17826;80752101;17826;11;1;1;1;6;0;0;1;3;0;1
17827;80752101;17827;15;1;1;7;6;0;3;0;1;0;3
17828;80752101;17828;11;1;1;7;2;0;1;1;1;0;2
17829;80752101;17829;11;1;1;7;6;0;1;1;1;0;2
17830;80752101;17830;23;3;1;7;6;0;1;0;3;0;1
17831;80752101;17831;51;1;1;7;6;0;1;1;1;0;2
17832;80752101;17832;11;1;1;1;6;0;2;1;1;0;3
17833;80752101;17833;18;1;7;7;6;0;1;3;1;0;4
17834;80752101;17834;16;3;3;2;6;0;2;1;1;0;3
17835;80752101;17835;11;1;1;7;6;0;2;1;1;0;3
17836;80752101;17836;31;3;1;7;6;0;1;1;1;0;2
17837;80752102;17837;11;3;3;1;6;1;0;1;2;0;2
17838;80752102;17838;81;3;1;7;6;0;1;2;1;0;3
17839;80752102;17839;16;1;1;7;6;0;1;1;1;0;2
17840;80752102;17840;11;1;1;2;6;0;1;2;1;0;3
17841;80752102;17841;16;1;1;7;6;0;1;1;1;0;2
17842;80752102;17842;16;1;1;7;5;0;1;1;1;0;2
17843;80752102;17843;16;1;1;7;6;0;2;1;1;0;3
17844;80752102;17844;11;3;1;7;6;1;2;0;2;0;3
17845;80752102;17845;11;3;1;7;2;0;1;1;1;0;2
17846;80752102;17846;16;1;1;7;6;0;2;1;1;0;3
17847;80752102;17847;16;1;1;7;6;0;2;0;1;0;2
17848;80752102;17848;11;1;1;7;6;2;1;1;2;0;4
17849;80752102;17849;16;1;7;7;6;0;2;1;1;0;3
17850;80752102;17850;16;1;1;7;6;0;1;2;1;0;3
17851;80752102;17851;16;1;1;7;6;0;1;1;1;0;2
17852;80752102;17852;16;1;1;1;6;0;1;2;1;0;3
17853;80752102;17853;11;3;3;1;6;0;2;1;1;0;3
17854;80752102;17854;23;1;1;7;6;0;1;2;1;0;3
17855;80752102;17855;16;1;1;7;6;0;4;1;1;0;5
17856;80752102;17856;16;1;1;7;6;0;1;0;1;0;1
17857;80752102;17857;14;1;1;7;6;0;3;0;1;0;3
17858;80752102;17858;23;1;3;2;6;0;1;1;1;0;2
17859;80752102;17859;11;2;1;7;6;0;1;1;1;0;2
17860;80752102;17860;11;2;3;2;6;0;2;1;1;0;3
17861;80752105;17861;17;1;1;7;2;0;1;1;1;0;2
17862;80752105;17862;23;1;2;2;6;0;3;1;1;0;4
17863;80752107;17863;11;1;1;7;2;0;1;2;1;0;3
17864;80752107;17864;16;3;3;2;4;1;0;1;2;0;2
17865;80752107;17865;11;1;1;7;4;0;1;1;1;0;2
17866;80752107;17866;11;2;1;7;6;0;1;1;1;0;2
17867;80752107;17867;11;1;1;7;6;0;1;1;1;0;2
17868;80752107;17868;11;1;1;7;6;0;1;1;1;0;2
17869;80752203;17869;11;1;1;7;6;1;0;1;2;0;2
17870;80752203;17870;14;1;1;1;6;0;1;2;1;0;3
17871;80752203;17871;11;1;1;7;6;0;3;0;1;0;3
17872;80752203;17872;11;1;1;7;6;0;1;1;1;0;2
17873;80752203;17873;11;1;1;7;6;0;2;1;1;0;3
17874;80752203;17874;11;5;2;1;6;0;1;2;1;0;3
17875;80752203;17875;11;1;1;7;6;0;2;1;1;0;3
17876;80752301;17876;81;3;1;7;6;0;1;1;1;0;2
17877;80752301;17877;81;3;1;7;6;0;1;1;1;0;2
17878;80752401;17878;11;1;1;7;6;0;1;1;1;0;2
17879;80752407;17879;81;1;1;7;6;0;1;1;1;0;2
17880;80752417;9950;15;1;1;7;6;0;1;2;1;0;3
17881;80752417;17881;52;3;1;7;0;0;1;1;1;0;2
17882;80752417;17882;71;1;3;2;6;0;1;1;1;0;2
17883;80752417;17883;18;3;1;7;6;0;2;0;1;0;2
17884;80752417;17884;12;1;1;7;6;0;1;1;1;0;2
17885;80752417;17885;11;1;1;7;8;1;0;1;2;0;2
17886;80752417;17886;71;1;1;7;6;0;1;1;1;0;2
17887;80753101;866;13;3;3;2;6;0;1;3;1;0;4
17888;80753101;17888;13;1;3;2;6;0;1;1;1;0;2
17889;80753101;17889;72;1;1;7;6;1;0;1;2;0;2
17890;80753101;17890;51;3;1;7;6;0;1;1;1;0;2
17891;80753101;17891;13;3;1;7;8;0;1;1;1;0;2
17892;80753101;17892;13;1;1;7;6;0;1;1;1;0;2
17893;80753101;17893;13;1;1;7;6;0;1;1;1;0;2
17894;80753101;17894;13;1;1;7;6;0;1;1;1;0;2
17895;80753101;17895;13;1;3;2;6;0;1;1;1;0;2
17896;80753101;17896;17;1;1;7;1;1;0;1;2;0;2
17897;80753101;17897;13;3;1;7;6;0;2;1;1;0;3
17898;80753102;17898;13;1;1;7;6;0;1;1;1;0;2
17899;80753102;17899;64;1;3;2;6;0;1;1;1;0;2
17900;80753102;17900;26;3;1;7;2;0;1;1;1;0;2
17901;80753102;17901;71;1;1;7;6;0;1;1;1;0;2
17902;80753102;17902;16;1;1;7;4;0;1;1;1;0;2
17903;80753102;17903;81;3;2;1;6;0;1;1;1;0;2
17904;80753102;17904;17;1;1;7;3;0;1;1;1;0;2
17905;80753102;17905;71;1;1;7;6;0;1;1;1;0;2
17906;80753105;17906;52;3;3;1;0;0;1;0;1;0;1
17907;80753105;17907;11;1;3;1;6;0;1;1;1;0;2
17908;80753105;17908;35;1;1;7;4;0;1;1;1;0;2
17909;80753201;17909;13;1;3;1;6;1;0;1;2;0;2
17910;80753201;17910;13;1;1;7;6;0;1;1;1;0;2
17911;80753201;17911;13;1;1;7;6;0;1;1;1;0;2
17912;80753201;17912;41;1;1;7;6;0;1;1;1;0;2
17913;80753201;17913;13;1;1;7;6;0;1;1;1;0;2
17914;80753201;17914;13;1;1;7;6;0;1;2;1;0;3
17915;80753201;17915;17;1;1;7;2;1;0;1;2;0;2
17916;80753201;17916;13;1;1;7;6;0;1;1;1;0;2
17917;80753201;17917;81;1;1;7;6;0;2;0;1;0;2
17918;80753201;17918;13;3;1;2;6;0;3;2;1;0;5
17919;80753202;17919;72;1;1;7;6;0;1;1;1;0;2
17920;80753302;17920;11;1;1;7;6;0;1;1;1;0;2
17921;80753304;17921;51;1;1;7;6;0;1;1;1;0;2
17922;80753308;17922;71;1;3;2;8;0;1;1;1;0;2
17923;80753308;17923;81;3;1;7;6;2;5;0;2;0;7
17924;80753308;8870;17;2;1;7;1;0;1;1;1;0;2
17925;80753308;17925;51;5;3;1;4;0;1;1;1;0;2
17926;80753308;17926;52;1;3;1;0;0;1;0;1;0;1
17927;80753402;17927;15;1;1;7;6;0;1;1;1;0;2
17928;80753402;17928;14;1;1;7;6;0;2;0;1;0;2
17929;80753402;17929;14;1;1;7;6;0;1;1;1;0;2
17930;80753402;17930;13;1;1;7;6;0;1;1;1;0;2
17931;80753503;17931;71;2;1;7;6;0;1;1;1;0;2
17932;80753505;17932;11;1;3;2;6;0;1;2;1;0;3
17933;80753505;17933;11;1;1;7;6;0;1;1;1;0;2
17934;80753505;17934;11;1;1;7;6;0;1;1;1;0;2
17935;80753505;17935;11;1;1;7;6;0;1;2;1;0;3
17936;80753505;17936;81;3;1;7;6;0;1;2;1;0;3
17937;80753505;17937;11;1;1;7;6;0;2;1;1;0;3
17938;80753505;17938;11;1;1;7;6;0;2;1;1;0;3
17939;80753505;17939;11;1;1;7;6;0;1;2;1;0;3
17940;80753505;17940;11;1;1;7;6;0;1;2;1;0;3
17941;80753505;17941;52;3;1;7;0;0;2;0;1;0;2
17942;80753505;17942;11;3;1;7;6;0;1;2;1;0;3
17943;80753505;17943;11;3;1;2;6;0;1;2;1;0;3
17944;80753505;17944;11;3;1;7;6;0;2;1;1;0;3
17945;80753505;17945;11;3;1;7;6;0;2;1;1;0;3
17946;80753505;17946;11;3;1;7;6;0;1;2;1;0;3
17947;80753505;17947;11;1;1;7;6;0;1;2;1;0;3
17948;80753505;17948;12;1;1;7;6;0;1;1;1;0;2
17949;80753505;17949;11;5;3;1;6;0;1;2;1;0;3
17950;80753505;17950;11;1;1;7;5;0;1;1;1;0;2
17951;80753505;17951;81;3;2;1;6;0;3;1;1;0;4
17952;80753505;17952;81;3;1;7;5;0;1;1;1;0;2
17953;80753505;17953;11;3;1;7;6;0;2;1;1;0;3
17954;80753505;17954;11;1;1;7;6;0;1;1;1;0;2
17955;80753505;17955;11;1;1;7;5;0;1;1;1;0;2
17956;80753505;17956;11;1;1;7;6;0;1;1;1;0;2
17957;80753506;17957;11;3;1;7;6;0;2;2;1;0;4
17958;80753506;17958;51;1;1;7;6;0;1;2;1;0;3
17959;80753506;17959;11;1;1;7;6;0;3;0;1;0;3
17960;80754103;17960;52;1;1;7;0;0;1;0;1;0;1
17961;80754105;17961;13;1;1;7;4;0;1;2;1;0;3
17962;80754105;17962;13;1;1;7;6;0;1;1;1;0;2
17963;80754105;17963;13;1;1;7;6;1;1;1;2;0;3
17964;80754105;17964;13;3;1;7;6;1;0;1;2;0;2
17965;80754105;17965;71;1;1;7;6;0;1;1;1;0;2
17966;80754105;17966;41;1;1;7;6;0;1;1;1;0;2
17967;80754105;17967;71;1;1;2;6;0;1;1;1;0;2
17968;80754105;17968;51;3;3;2;6;0;2;1;1;0;3
17969;80754106;17969;13;3;1;7;5;1;1;1;2;0;3
17970;80754106;17970;71;1;1;7;6;0;1;1;1;0;2
17971;80754201;17971;63;1;1;7;4;0;2;1;1;0;3
17972;80754201;17972;52;1;1;7;6;0;1;1;1;0;2
17973;80754201;17973;51;1;1;7;6;0;1;1;1;0;2
17974;80754201;17974;72;3;1;7;5;1;0;1;3;0;2
17975;80754201;17975;23;1;1;7;5;1;1;0;2;0;2
17976;80754201;17976;51;3;1;7;6;1;0;1;2;0;2
17977;80754202;17977;52;1;3;1;0;0;1;0;1;0;1
17978;80754202;17978;72;1;1;7;6;1;0;1;2;0;2
17979;80754202;17979;23;3;2;2;5;0;1;1;1;0;2
17980;80754204;17980;71;3;1;7;6;1;0;1;2;0;2
17981;80754206;17981;51;5;1;7;6;0;1;2;1;0;3
17982;80754206;17982;71;3;1;7;6;1;0;1;2;0;2
17983;80754207;17983;71;2;2;2;6;0;1;1;1;0;2
17984;80754208;17984;11;1;1;7;6;0;1;1;1;0;2
17985;80754208;17985;22;1;1;7;6;0;1;1;1;0;2
17986;80754208;17986;15;1;1;7;6;1;0;2;2;0;3
17987;80754208;17987;51;1;1;7;6;0;1;1;1;0;2
17988;80754208;9214;11;1;1;7;6;0;1;1;1;0;2
17989;80754208;17989;14;3;2;2;6;0;1;1;1;0;2
17990;80754208;17990;51;1;1;7;6;0;1;1;1;0;2
17991;80754208;17991;81;3;1;7;6;0;1;1;1;0;2
17992;80754208;17992;11;1;1;7;6;0;1;1;1;0;2
17993;80754208;17993;15;1;3;1;5;0;1;1;1;0;2
17994;80754208;17994;51;1;1;7;6;0;2;1;1;0;3
17995;80754208;17995;15;5;1;7;6;0;1;1;1;0;2
17996;80754208;17996;11;3;3;1;6;0;4;0;1;0;4
17997;80754208;17997;51;1;1;7;6;0;3;1;1;0;4
17998;80754208;17998;15;3;1;7;6;0;3;5;1;0;8
17999;80754208;17999;71;3;1;7;6;0;1;1;1;0;2
18000;80754210;18000;52;3;1;2;0;0;1;2;1;0;3
18001;80754210;18001;71;1;1;7;3;0;1;1;1;0;2
18002;80754210;18002;11;5;3;1;6;0;1;1;1;0;2
18003;80754210;18003;51;1;1;7;6;0;1;5;1;0;6
18004;80754301;18004;16;3;1;7;4;0;1;1;1;0;2
18005;80754302;18005;71;1;3;2;6;0;1;1;1;0;2
18006;80754302;18006;67;1;1;7;6;0;1;2;1;0;3
18007;80754306;18007;11;3;1;7;6;0;1;1;1;0;2
18008;80754306;10101;51;1;1;7;6;0;1;2;1;0;3
18009;80754306;18009;11;1;1;7;6;0;1;1;1;0;2
18010;80754306;18010;11;1;3;2;6;0;1;2;1;0;3
18011;80754306;18011;14;1;1;7;6;0;2;0;1;0;2
18012;80754306;18012;11;5;3;1;6;0;3;0;1;0;3
18013;80754306;18013;11;1;1;7;6;1;0;1;2;0;2
18014;80754306;18014;11;1;1;7;6;0;2;1;1;0;3
18015;80754306;18015;11;1;1;7;6;0;6;2;1;0;8
18016;80754307;18016;12;1;1;7;5;0;1;1;1;0;2
18017;80754401;18017;14;1;1;7;4;0;0;2;3;0;2
18018;80754401;18018;14;3;1;7;6;0;1;2;1;0;3
18019;80754401;18019;13;1;3;2;6;0;1;1;1;0;2
18020;80754404;18020;17;1;3;2;2;0;1;1;1;0;2
18021;80754409;18021;41;3;1;7;0;0;1;0;1;0;1
18022;80754409;18022;11;1;1;7;6;0;1;1;1;0;2
18023;80754409;18023;11;2;3;2;6;0;1;1;1;0;2
18024;80754409;18024;35;1;3;7;6;0;2;2;1;0;4
18025;80754409;18025;11;1;1;7;6;0;2;1;1;0;3
18026;80754409;18026;14;1;1;7;6;0;1;1;1;0;2
18027;80754409;18027;52;1;3;2;0;0;2;0;1;0;2
18028;80754409;18028;52;1;3;2;0;0;2;0;1;0;2
18029;80754410;18029;52;1;1;7;6;0;1;2;1;0;3
18030;80754410;18030;71;1;1;7;6;0;1;1;1;0;2
18031;80754410;18031;11;1;1;7;5;0;1;1;1;0;2
18032;80754501;18032;11;1;1;7;6;1;1;1;2;0;3
18033;80754501;18033;11;3;3;2;5;0;1;3;1;0;4
18034;80754504;18034;13;3;1;2;6;0;1;1;1;0;2
18035;80755201;18035;51;3;1;7;5;0;2;1;1;0;3
18036;80755201;18036;17;1;1;7;2;0;1;1;1;0;2
18037;80755203;18037;31;1;1;7;7;0;1;1;1;0;2
18038;80755205;18038;19;1;1;7;8;1;0;1;2;0;2
18039;80755206;18039;64;3;1;7;6;0;1;1;1;0;2
18040;80755301;18040;52;1;1;7;0;0;2;1;1;0;3
18041;80755302;18041;11;1;1;7;6;0;1;1;1;0;2
18042;80755302;18042;17;3;1;7;2;0;1;1;1;0;2
18043;80755302;18043;11;1;1;7;6;0;1;1;1;0;2
18044;80755306;18044;11;1;1;7;6;0;1;1;1;0;2
18045;80755306;18045;81;1;1;7;4;0;0;1;3;0;1
18046;80755306;18046;71;1;1;1;6;0;1;1;1;0;2
18047;80755307;18047;36;1;1;7;6;0;1;1;1;0;2
18048;80755307;18048;18;1;1;7;6;0;2;1;1;0;3
18049;80755402;18049;11;1;1;7;6;0;1;1;1;0;2
18050;80755402;18050;11;1;1;7;8;1;1;1;2;0;3
18051;80755402;18051;11;1;1;7;4;0;1;1;1;0;2
18052;80755402;18052;11;1;1;7;6;0;1;1;1;0;2
18053;80755402;18053;11;3;1;7;6;0;3;1;1;0;4
18054;80755402;18054;11;1;1;7;6;0;2;1;1;0;3
18055;80755405;18055;71;1;1;7;6;1;0;1;2;0;2
18056;80755406;18056;52;3;1;2;6;0;1;0;1;0;1
18057;80755406;18057;18;1;1;7;6;0;1;1;1;0;2
18058;80755407;18058;16;3;1;7;6;0;1;1;1;0;2
18059;80755407;18059;11;1;1;7;6;0;1;1;1;0;2
18060;80755407;18060;11;1;1;7;6;0;2;0;1;0;2
18061;80755407;18061;11;3;1;7;6;0;1;1;1;0;2
18062;80755407;18062;16;1;1;7;6;0;2;2;1;0;4
18063;80755407;18063;11;1;1;7;6;0;1;1;1;0;2
18064;80755407;18064;81;3;1;7;6;0;4;0;1;0;4
18065;80755407;18065;11;1;3;2;6;0;1;1;1;0;2
18066;80755407;18066;16;1;1;7;6;0;1;1;1;0;2
18067;80755407;18067;35;1;1;7;5;0;2;1;1;0;3
18068;80755407;18068;11;2;1;7;6;1;0;0;3;0;1
18069;80755407;18069;11;1;3;1;5;0;2;1;1;0;3
18070;80755407;18070;11;1;1;7;5;0;1;1;1;0;2
18071;80755407;18071;18;2;1;7;6;0;2;1;1;0;3
18072;80755407;18072;16;3;1;7;3;0;1;1;1;0;2
18073;80755407;18073;11;3;1;7;6;0;1;2;1;0;3
18074;80755408;18074;81;3;1;2;6;1;0;1;2;0;2
18075;80755410;18075;51;1;1;7;5;0;1;1;1;0;2
18076;80755501;18076;52;3;3;2;2;0;2;1;1;0;3
18077;80755501;18077;17;3;3;2;2;0;1;1;1;0;2
18078;80755501;18078;17;2;3;2;2;0;1;1;1;0;2
18079;80755501;18079;17;1;1;7;2;0;1;1;1;0;2
18080;80755501;18080;17;1;1;7;2;0;1;1;1;0;2
18081;80755504;18081;18;1;1;7;6;0;1;1;1;0;2
18082;80755508;18082;71;1;1;7;6;0;1;1;1;0;2
18083;80756101;18083;71;1;1;7;6;0;0;1;3;0;1
18084;80756101;18084;13;1;1;7;5;0;1;1;1;0;2
18085;80756101;18085;13;1;1;7;4;0;1;1;1;0;2
18086;80756101;18086;13;1;1;7;6;0;3;0;1;0;3
18087;80756101;18087;16;1;1;7;3;0;1;1;1;0;2
18088;80756101;18088;72;1;1;7;6;0;1;1;1;0;2
18089;80756101;18089;13;3;1;7;6;0;2;1;1;0;3
18090;80756103;18090;51;1;1;7;6;0;1;1;1;0;2
18091;80756103;18091;35;5;1;7;4;0;1;1;1;0;2
18092;80756105;18092;11;1;1;7;6;0;1;1;1;0;2
18093;80756105;18093;11;1;1;7;6;0;2;2;1;0;4
18094;80756105;18094;11;1;1;7;6;0;2;0;1;0;2
18095;80756105;18095;11;1;1;7;6;0;2;1;1;0;3
18096;80756105;18096;11;1;1;7;6;1;0;1;2;0;2
18097;80756105;18097;11;1;1;7;6;0;5;0;1;0;5
18098;80756105;18098;11;1;1;7;6;0;1;2;1;0;3
18099;80756105;18099;11;1;1;7;6;0;2;0;1;0;2
18100;80756106;18100;41;3;3;1;6;0;1;1;1;0;2
18101;80756202;18101;41;1;3;1;3;0;1;1;1;0;2
18102;80756401;18102;67;1;1;7;5;0;1;1;1;0;2
18103;80756501;18103;42;3;1;7;6;0;1;1;1;0;2
18104;80756501;18104;42;1;1;7;6;0;2;0;1;0;2
18105;80756501;18105;11;1;1;7;6;0;1;1;1;0;2
18106;80756501;18106;18;1;1;7;6;0;1;2;1;0;3
18107;80756501;18107;18;1;1;7;6;0;2;1;1;0;3
18108;80756501;18108;42;1;1;7;6;0;1;1;1;0;2
18109;80756501;18109;18;1;1;7;6;0;2;0;1;0;2
18110;80756501;18110;42;3;3;1;6;0;1;1;1;0;2
18111;80756501;18111;18;1;1;7;6;0;1;1;1;0;2
18112;80756501;18112;42;1;3;2;5;0;1;1;1;0;2
18113;80756501;18113;42;1;1;7;6;0;1;1;1;0;2
18114;80756501;18114;71;3;1;7;6;0;2;1;1;0;3
18115;80756502;18115;11;1;1;7;6;0;2;2;1;0;4
18116;80756502;18116;11;3;3;2;6;1;2;0;2;0;3
18117;80756502;18117;17;1;1;7;1;0;1;1;1;0;2
18118;80756502;18118;51;1;1;7;6;0;1;1;1;0;2
18119;80757101;18119;81;3;1;7;6;0;2;2;1;0;4
18120;80757101;18120;14;1;3;1;6;0;1;1;1;0;2
18121;80757201;18121;17;4;1;7;2;0;1;1;1;0;2
18122;80757501;18122;11;4;3;2;5;0;2;0;1;0;2
18123;80757501;18123;71;2;1;7;6;0;1;1;1;0;2
18124;80757501;18124;17;1;1;7;2;0;1;1;1;0;2
18125;80757501;18125;17;1;3;2;1;0;1;1;1;0;2
18126;80757501;18126;51;1;2;2;6;0;3;2;1;0;5
18127;80757501;18127;18;1;6;2;5;0;1;1;1;0;2
18128;80757509;18128;71;1;1;7;6;0;2;2;1;0;4
18129;80757509;18129;31;1;3;2;6;0;1;1;1;0;2
18130;80757510;18130;17;1;1;7;1;0;1;1;1;0;2
18131;80757510;18131;18;3;1;7;6;0;4;2;1;0;6
18132;80761101;18132;17;1;1;7;1;0;2;1;1;0;3
18133;80761102;18133;71;1;1;7;6;0;1;1;1;0;2