accident_id;lieu_id;date_id;cause_id;lum_id;intemp_id;etat_surface_id;impliq_id;nb_blesses_graves;nb_blesses_legers;nb_indemnes;gravite;nb_morts;nb_impliqués
18134;80761102;18134;51;1;1;7;6;0;2;0;1;0;2
18135;80761102;18135;51;1;1;7;6;0;1;1;1;0;2
18136;80761103;18136;71;1;1;7;6;1;0;1;2;0;2
18137;80761103;18137;11;1;1;7;6;0;1;2;1;0;3
18138;80761103;18138;71;1;1;7;6;0;1;1;1;0;2
18139;80761103;18139;11;2;1;7;4;0;1;1;1;0;2
18140;80761103;18140;11;1;1;7;6;0;1;1;1;0;2
18141;80761104;18141;14;3;1;7;6;1;0;1;2;0;2
18142;80761105;18142;53;1;1;7;6;0;2;1;1;0;3
18143;80761105;18143;11;1;1;7;6;0;1;1;1;0;2
18144;80761105;18144;11;1;1;7;6;0;1;1;1;0;2
18145;80761105;18145;11;5;1;7;6;0;1;2;1;0;3
18146;80761105;18146;11;5;1;7;6;0;1;2;1;0;3
18147;80761105;18147;11;3;1;7;4;0;1;1;1;0;2
18148;80761105;18148;11;1;1;7;6;0;1;1;1;0;2
18149;80761105;18149;16;1;1;7;4;0;1;1;1;0;2
18150;80761201;18150;11;3;1;7;6;0;1;1;1;0;2
18151;80761201;18151;42;3;1;7;6;0;1;1;1;0;2
18152;80761201;18152;11;1;1;7;6;0;1;1;1;0;2
18153;80761201;18153;42;1;1;7;6;0;3;1;1;0;4
18154;80761201;849;11;1;1;7;6;0;2;2;1;0;4
18155;80761201;18155;42;1;1;2;6;0;1;1;1;0;2
18156;80761201;18156;42;1;1;7;6;0;2;1;1;0;3
18157;80761201;18157;12;1;1;7;6;0;2;1;1;0;3
18158;80761201;18158;11;1;1;7;6;0;1;1;1;0;2
18159;80761201;18159;18;3;1;7;6;0;1;1;1;0;2
18160;80761201;18160;17;1;1;7;2;1;0;1;2;0;2
18161;80761201;18161;18;1;1;2;5;0;1;1;1;0;2
18162;80761201;18162;11;1;1;7;6;0;1;1;1;0;2
18163;80761201;18163;42;1;1;7;6;0;4;0;1;0;4
18164;80761201;18164;42;1;1;7;6;0;1;2;1;0;3
18165;80761201;18165;81;3;1;7;6;0;2;0;1;0;2
18166;80761201;18166;42;3;1;1;6;1;1;1;2;0;3
18167;80761201;18167;18;1;1;7;6;0;1;1;1;0;2
18168;80761201;18168;11;1;1;7;4;0;1;2;1;0;3
18169;80761201;18169;11;1;1;7;5;0;1;1;1;0;2
18170;80761201;18170;18;1;1;7;5;0;1;1;1;0;2
18171;80761201;1534;11;3;1;7;6;0;1;1;1;0;2
18172;80761201;18172;42;1;1;7;6;0;1;1;1;0;2
18173;80761201;18173;42;1;1;7;6;0;1;1;1;0;2
18174;80761201;18174;42;3;1;7;5;0;1;1;1;0;2
18175;80761201;18175;42;1;1;7;7;0;1;1;1;0;2
18176;80761201;18176;42;1;1;7;6;0;1;1;1;0;2
18177;80761202;18177;51;3;1;7;6;1;0;1;2;0;2
18178;80761202;18178;51;1;1;7;6;0;1;1;1;0;2
18179;80761202;18179;18;1;1;7;5;0;1;1;1;0;2
18180;80761202;18180;18;3;1;2;6;0;1;3;1;0;4
18181;80761202;18181;18;5;1;7;6;0;1;1;1;0;2
18182;80761202;18182;42;1;1;7;6;0;1;2;1;0;3
18183;80761202;18183;42;5;1;7;6;0;2;2;1;0;4
18184;80761202;18184;51;1;1;7;6;0;1;2;1;0;3
18185;80761202;18185;42;1;1;7;6;0;3;0;1;0;3
18186;80761202;18186;11;3;1;7;6;0;1;2;1;0;3
18187;80761202;18187;71;3;3;2;6;1;0;1;2;0;2
18188;80761202;18188;11;1;1;7;6;0;1;1;1;0;2
18189;80761202;18189;11;1;1;7;5;0;1;1;1;0;2
18190;80761301;18190;17;1;1;7;2;0;1;1;1;0;2
18191;80761301;18191;17;1;2;2;2;0;1;1;1;0;2
18192;80761301;18192;71;1;1;7;6;0;1;1;1;0;2
18193;80761301;18193;17;1;1;7;2;0;1;1;1;0;2
18194;80761301;18194;17;1;1;7;2;0;1;1;1;0;2
18195;80761301;18195;61;1;1;7;3;0;1;2;1;0;3
18196;80761301;18196;42;1;1;7;2;0;1;1;1;0;2
18197;80761301;18197;51;1;3;1;6;0;1;2;1;0;3
18198;80761301;18198;42;1;1;7;2;0;1;1;1;0;2
18199;80761301;8291;81;1;1;7;2;0;1;1;1;0;2
18200;80761301;18200;81;5;1;7;6;1;0;1;2;0;2
18201;80761301;18201;17;1;3;1;2;0;1;1;1;0;2
18202;80761301;18202;42;1;1;7;2;0;1;1;1;0;2
18203;80761302;18203;17;1;1;7;2;0;1;1;1;0;2
18204;80761302;18204;42;1;1;7;5;0;2;0;1;0;2
18205;80761302;18205;42;1;1;7;5;0;1;1;1;0;2
18206;80761302;18206;17;4;1;7;2;0;1;1;1;0;2
18207;80761302;18207;17;1;3;1;2;0;1;1;1;0;2
18208;80761302;18208;72;1;1;7;6;0;1;1;1;0;2
18209;80761302;18209;51;1;1;7;6;0;1;1;1;0;2
18210;80761302;18210;42;1;1;7;4;0;1;1;1;0;2
18211;80761303;18211;71;1;1;7;6;0;1;1;1;0;2
18212;80761306;18212;51;3;1;7;6;0;3;0;1;0;3
18213;80761306;18213;11;1;1;7;6;0;1;1;1;0;2
18214;80761306;18214;11;1;1;7;6;1;0;1;2;0;2
18215;80761306;18215;11;2;3;2;2;0;1;1;1;0;2
18216;80761306;18216;23;1;1;7;6;0;1;2;1;0;3
18217;80761306;18217;11;3;1;7;5;1;0;1;2;0;2
18218;80761306;18218;42;3;1;7;5;1;1;1;2;0;3
18219;80761306;18219;11;1;1;7;6;0;2;1;1;0;3
18220;80761306;18220;32;1;1;7;6;0;1;1;1;0;2
18221;80761306;18221;81;3;1;7;6;1;1;0;2;0;2
18222;80761306;18222;18;1;1;7;6;0;1;1;1;0;2
18223;80761306;18223;18;1;1;7;7;0;1;1;1;0;2
18224;80761306;18224;81;3;1;7;6;0;1;1;1;0;2
18225;80761306;18225;11;1;1;7;6;0;4;0;1;0;4
18226;80761306;18226;11;3;1;7;6;0;1;1;1;0;2
18227;80761306;18227;81;1;1;7;4;0;1;1;1;0;2
18228;80761306;18228;81;3;1;7;6;0;3;1;1;0;4
18229;80761306;18229;11;1;1;2;2;1;1;1;2;0;3
18230;80761306;18230;17;1;1;7;2;1;0;1;2;0;2
18231;80761306;18231;11;3;3;2;6;0;1;1;1;0;2
18232;80761306;18232;11;3;1;7;6;0;2;2;1;0;4
18233;80761404;18233;71;2;1;1;6;0;2;1;1;0;3
18234;80761404;18234;23;1;3;1;4;0;1;1;1;0;2
18235;80761404;18235;23;1;1;7;5;1;0;1;2;0;2
18236;80761406;18236;17;1;1;7;2;0;1;1;1;0;2
18237;80761406;18237;72;1;1;2;6;0;1;1;1;0;2
18238;80761406;18238;31;1;1;7;6;0;1;1;1;0;2
18239;80761406;18239;17;1;1;7;2;0;1;1;1;0;2
18240;80761406;18240;17;2;1;7;2;0;1;1;1;0;2
18241;80761406;18241;86;1;1;7;2;0;1;1;1;0;2
18242;80761501;18242;14;1;1;7;6;0;1;1;1;0;2
18243;80761501;18243;17;3;1;7;2;0;2;0;1;0;2
18244;80761506;18244;81;3;1;7;0;0;1;0;1;0;1
18245;80762102;18245;51;3;1;7;6;0;2;1;1;0;3
18246;80762102;18246;17;1;1;7;2;0;1;1;1;0;2
18247;80762102;18247;11;1;1;1;6;1;0;1;2;0;2
18248;80762102;18248;11;1;1;7;2;0;1;2;1;0;3
18249;80762102;18249;11;1;1;7;6;1;2;1;2;0;4
18250;80762102;18250;11;1;3;1;5;0;1;1;1;0;2
18251;80762102;18251;51;1;1;7;6;0;1;1;1;0;2
18252;80762102;18252;15;3;1;7;6;0;1;1;1;0;2
18253;80762103;18253;24;1;1;7;2;0;1;1;1;0;2
18254;80762103;18254;18;1;1;7;6;0;2;0;1;0;2
18255;80762104;18255;71;3;1;7;6;0;1;1;1;0;2
18256;80762104;18256;18;3;1;7;6;0;1;1;1;0;2
18257;80762104;18257;71;1;1;7;6;0;2;1;1;0;3
18258;80762104;18258;71;1;1;7;6;0;1;1;1;0;2
18259;80762104;18259;81;3;1;7;6;0;2;2;1;0;4
18260;80762104;18260;81;3;3;1;6;0;1;1;1;0;2
18261;80762104;18261;18;1;1;7;6;0;1;1;1;0;2
18262;80762105;18262;17;1;1;7;2;1;0;1;2;0;2
18263;80762105;18263;18;1;1;7;6;0;2;2;1;0;4
18264;80762105;18264;18;1;1;7;6;0;1;2;1;0;3
18265;80762105;18265;18;1;1;1;6;0;1;3;1;0;4
18266;80762105;18266;42;3;2;2;6;0;3;2;1;0;5
18267;80762106;18267;35;5;1;7;4;0;1;1;1;0;2
18268;80762108;18268;11;1;1;7;6;0;1;2;1;0;3
18269;80762108;18269;51;3;2;2;9;0;2;0;1;0;2
18270;80762108;18270;71;1;1;7;6;0;1;1;1;0;2
18271;80762108;18271;81;3;1;7;6;0;1;5;1;0;6
18272;80762108;18272;11;1;1;7;6;1;0;1;2;0;2
18273;80762108;18273;11;3;1;7;6;1;0;2;2;0;3
18274;80762108;18274;17;4;1;7;2;0;1;1;1;0;2
18275;80762108;18275;18;5;1;7;6;0;2;0;1;0;2
18276;80762108;18276;51;1;1;7;6;0;1;2;1;0;3
18277;80762108;18277;81;3;1;7;6;0;2;0;3;0;2
18278;80762108;18278;51;1;1;7;6;0;1;2;1;0;3
18279;80762108;18279;11;3;1;7;6;0;1;1;1;0;2
18280;80762108;18280;18;1;1;7;5;0;1;1;1;0;2
18281;80762108;18281;81;3;1;7;6;1;1;2;2;0;4
18282;80762108;18282;71;1;1;7;6;1;0;1;2;0;2
18283;80762108;18283;11;1;1;7;5;0;2;0;1;0;2
18284;80762109;18284;11;1;3;2;6;0;1;1;1;0;2
18285;80762109;12693;11;1;1;7;6;0;1;1;1;0;2
18286;80762109;18286;81;3;1;7;6;0;1;1;1;0;2
18287;80762109;18287;18;1;1;7;6;0;1;1;1;0;2
18288;80762109;18288;11;1;1;7;6;0;1;1;1;0;2
18289;80762109;18289;81;3;1;7;6;0;3;0;1;0;3
18290;80762201;18290;11;1;1;7;6;0;1;1;1;0;2
18291;80762208;18291;41;1;1;7;6;0;1;1;1;0;2
18292;80762209;18292;72;1;1;7;6;0;1;1;1;0;2
18293;80762210;18293;52;5;1;7;6;0;1;1;1;0;2
18294;80762302;18294;17;1;1;7;2;0;1;1;1;0;2
18295;80762305;18295;17;1;1;7;2;0;1;1;1;0;2
18296;80762401;18296;17;1;1;7;2;0;1;1;1;0;2
18297;80762401;18297;17;2;2;1;2;0;2;1;1;0;3
18298;80762401;18298;17;1;1;7;2;0;1;1;1;0;2
18299;80762401;18299;17;3;1;1;2;0;1;1;1;0;2
18300;80762401;18300;17;1;1;7;2;0;1;1;1;0;2
18301;80762401;18301;17;1;3;2;2;0;1;1;1;0;2
18302;80762401;18302;17;1;1;7;2;0;1;1;1;0;2
18303;80762403;18303;42;3;1;7;6;0;1;1;1;0;2
18304;80762403;7660;11;1;1;7;6;0;1;1;1;0;2
18305;80762403;18305;42;1;1;7;2;0;1;1;1;0;2
18306;80762403;18306;11;3;1;1;6;0;1;1;1;0;2
18307;80762403;18307;11;1;1;7;6;0;1;1;1;0;2
18308;80762403;18308;11;2;1;7;2;0;1;1;1;0;2
18309;80762403;18309;20;3;1;7;2;0;1;1;1;0;2
18310;80762403;18310;17;2;1;7;2;0;1;1;1;0;2
18311;80762403;18311;42;1;1;7;5;0;2;0;1;0;2
18312;80762403;18312;81;3;1;7;6;0;2;0;1;0;2
18313;80762403;18313;51;1;1;7;6;0;2;1;1;0;3
18314;80762403;18314;42;3;3;2;6;0;2;2;1;0;4
18315;80762404;18315;17;1;1;7;2;0;1;1;1;0;2
18316;80762404;18316;14;3;1;7;6;0;1;1;1;0;2
18317;80762405;18317;52;3;1;2;0;0;1;0;1;0;1
18318;80762405;18318;17;3;1;7;2;0;1;1;1;0;2
18319;80762405;18319;24;3;1;7;6;0;1;1;1;0;2
18320;80762405;18320;16;1;1;7;8;0;1;1;1;0;2
18321;80762405;18321;11;1;1;7;2;1;1;0;2;0;2
18322;80762405;18322;73;1;1;7;2;0;1;1;1;0;2
18323;80762405;18323;42;1;3;7;3;0;1;1;1;0;2
18324;80762405;18324;11;1;1;7;4;0;2;0;1;0;2
18325;80762406;18325;81;3;1;7;6;0;1;1;1;0;2
18326;80762411;18326;17;1;1;7;2;0;1;1;1;0;2
18327;80762411;18327;22;1;1;7;5;0;1;1;1;0;2
18328;80762502;18328;17;1;1;7;2;0;1;2;1;0;3
18329;80762505;18329;72;3;1;7;6;0;1;1;1;0;2
18330;80763101;18330;18;1;1;7;6;0;4;2;1;0;6
18331;80763102;18331;11;1;1;7;6;0;1;1;1;0;2
18332;80763102;18332;15;1;1;7;6;0;1;1;1;0;2
18333;80763102;18333;11;1;1;7;5;0;1;1;1;0;2
18334;80763102;18334;11;1;1;7;6;0;1;2;1;0;3
18335;80763203;18335;51;1;2;1;6;0;1;1;1;0;2
18336;80763207;18336;17;3;3;2;2;0;1;1;1;0;2
18337;80763207;18337;16;1;1;7;4;0;1;1;1;0;2
18338;80763207;18338;18;1;1;7;5;0;1;2;1;0;3
18339;80763207;18339;17;3;1;7;2;0;1;1;1;0;2
18340;80763207;18340;17;1;1;7;2;0;2;1;1;0;3
18341;80763207;18341;14;3;1;7;6;0;3;0;1;0;3
18342;80763207;18342;13;3;1;7;6;0;1;1;1;0;2
18343;80763208;18343;99;1;1;7;6;0;1;1;1;0;2
18344;80763208;18344;16;5;1;7;4;0;1;1;1;0;2
18345;80763307;18345;72;1;1;1;6;0;1;1;1;0;2
18346;80763406;18346;72;1;1;7;6;0;1;1;1;0;2
18347;80763406;18347;52;3;6;2;0;0;1;0;1;0;1
18348;80763408;18348;17;1;1;7;2;0;1;1;1;0;2
18349;80763409;18349;11;1;1;7;5;0;3;1;1;0;4
18350;80763410;18350;71;3;3;2;6;1;0;1;2;0;2
18351;80763410;18351;11;1;1;7;6;1;0;1;2;0;2
18352;80763410;18352;11;1;1;7;6;1;0;1;2;0;2
18353;80763410;18353;81;3;1;7;2;0;1;1;1;0;2
18354;80763501;18354;35;1;1;7;3;0;1;1;1;0;2
18355;80763501;18355;17;1;1;7;2;0;1;1;1;0;2
18356;80763501;18356;17;3;1;7;2;0;1;1;1;0;2
18357;80763502;18357;72;1;1;7;5;0;1;1;1;0;2
18358;80763503;18358;71;4;1;7;6;1;0;1;2;0;2
18359;80764102;18359;16;1;1;7;5;0;1;1;1;0;2
18360;80764102;18360;17;1;3;2;2;0;1;1;1;0;2
18361;80764102;18361;51;1;1;7;6;0;1;1;1;0;2
18362;80764102;18362;18;1;1;1;6;0;3;1;1;0;4
18363;80764102;18363;51;1;1;2;6;0;1;1;1;0;2
18364;80764102;18364;23;3;3;1;5;0;1;1;1;0;2
18365;80764102;18365;81;3;1;7;6;1;1;1;2;0;3
18366;80764105;18366;71;5;3;1;6;1;0;1;2;0;2
18367;80764105;18367;41;3;1;7;6;0;2;2;1;0;4
18368;80764106;18368;52;3;1;7;6;0;1;2;1;0;3
18369;80764106;18369;16;3;1;7;6;0;2;1;1;0;3
18370;80764106;18370;11;1;1;7;2;0;1;1;1;0;2
18371;80764106;18371;71;1;1;7;6;0;1;1;1;0;2
18372;80764106;18372;17;3;1;2;2;0;1;1;1;0;2
18373;80764106;18373;16;1;1;7;6;0;1;2;1;0;3
18374;80764106;18374;11;1;1;7;6;0;1;1;1;0;2
18375;80764106;18375;16;3;1;7;6;0;1;1;1;0;2
18376;80764106;18376;12;1;1;7;5;0;1;1;1;0;2
18377;80764106;18377;16;5;1;7;5;0;2;2;1;0;4
18378;80764106;18378;11;1;1;7;6;0;2;1;1;0;3
18379;80764106;18379;51;1;1;7;6;0;1;1;1;0;2
18380;80764106;18380;11;1;1;7;5;0;1;1;1;0;2
18381;80764106;18381;11;2;1;7;6;0;1;1;1;0;2
18382;80764106;18382;17;1;1;7;2;0;1;1;1;0;2
18383;80764106;18383;11;1;1;2;6;0;1;1;1;0;2
18384;80764106;18384;11;1;1;7;6;0;1;3;1;0;4
18385;80764202;18385;52;3;1;7;0;3;0;0;2;0;3
18386;80764202;18386;14;1;1;7;4;0;1;1;1;0;2
18387;80764203;18387;17;1;1;7;2;1;0;1;2;0;2
18388;80764203;18388;11;1;1;7;6;0;1;2;1;0;3
18389;80764203;18389;14;1;2;1;6;0;1;1;1;0;2
18390;80764203;18390;11;1;1;7;6;0;1;1;1;0;2
18391;80764203;18391;42;1;1;7;5;0;1;1;1;0;2
18392;80764203;18392;11;1;1;7;5;0;1;1;1;0;2
18393;80764203;18393;11;2;1;7;6;0;1;1;1;0;2
18394;80764204;18394;17;1;1;7;2;0;1;1;1;0;2
18395;80764204;18395;71;1;1;7;4;1;0;1;2;0;2
18396;80764204;18396;11;1;1;7;5;0;2;0;1;0;2
18397;80764204;18397;16;5;1;7;6;0;1;2;1;0;3
18398;80764204;18398;23;3;1;7;6;0;1;1;1;0;2
18399;80764204;18399;71;1;1;7;6;0;1;1;1;0;2
18400;80764204;18400;71;2;1;7;6;0;1;1;1;0;2
18401;80764204;18401;81;2;1;7;6;0;1;0;1;0;1
18402;80764204;18402;16;3;1;7;5;0;1;1;1;0;2
18403;80764204;18403;99;3;1;7;6;0;1;1;1;0;2
18404;80764302;18404;17;1;1;7;2;0;1;1;1;0;2
18405;80764302;18405;42;1;1;7;4;0;1;1;1;0;2
18406;80764302;18406;43;1;1;7;4;0;1;1;1;0;2
18407;80764302;18407;11;5;3;1;4;0;1;1;1;0;2
18408;80764302;18408;52;1;1;7;6;0;1;1;1;0;2
18409;80764302;18409;81;3;1;7;2;0;1;1;1;0;2
18410;80764302;18410;11;5;2;1;6;0;1;1;1;0;2
18411;80764302;18411;16;1;1;7;3;0;1;1;1;0;2
18412;80764302;18412;17;1;1;7;2;0;1;1;1;0;2
18413;80764302;18413;11;2;1;7;6;0;1;1;1;0;2
18414;80764302;18414;11;1;1;7;6;1;0;1;2;0;2
18415;80764302;18415;42;2;1;2;6;0;2;1;1;0;3
18416;80764302;18416;42;1;1;7;4;0;1;1;1;0;2
18417;80764302;18417;14;3;1;7;6;0;1;3;1;0;4
18418;80764307;18418;82;1;1;7;0;0;0;0;3;0;0
18419;80764309;18419;11;1;1;7;3;0;1;1;1;0;2
18420;80764309;18420;64;3;1;7;6;0;1;2;1;0;3
18421;80764309;18421;17;1;3;1;2;1;1;2;2;0;4
18422;80764403;18422;71;3;3;2;6;0;1;1;1;0;2
18423;80764406;18423;17;1;1;7;2;0;1;1;1;0;2
18424;80764406;18424;11;1;1;7;6;1;0;1;2;0;2
18425;80764406;18425;11;3;6;1;2;1;0;1;2;0;2
18426;80764406;18426;32;1;1;7;6;0;1;1;1;0;2
18427;80764406;18427;11;1;1;7;6;0;1;1;1;0;2
18428;80764406;18428;17;1;3;2;2;1;0;1;2;0;2
18429;80764406;18429;11;5;1;7;6;0;1;1;1;0;2
18430;80764406;18430;11;2;3;1;3;0;1;1;1;0;2
18431;80764406;18431;11;1;1;1;6;0;1;1;1;0;2
18432;80764406;18432;16;3;3;1;6;0;1;3;1;0;4
18433;80764406;18433;16;1;1;7;5;0;1;1;1;0;2
18434;80764406;18434;16;1;1;7;5;0;1;1;1;0;2
18435;80764406;18435;23;3;1;7;5;0;2;1;1;0;3
18436;80764406;18436;51;3;1;7;6;0;2;3;1;0;5
18437;80764406;18437;71;3;3;2;6;0;1;1;1;0;2
18438;80764406;18438;17;1;1;7;2;0;1;1;1;0;2
18439;80764502;18439;71;1;1;7;6;0;1;1;1;0;2
18440;80764503;18440;11;1;1;7;6;0;1;1;1;0;2
18441;80764503;18441;11;1;1;7;2;0;1;1;1;0;2
18442;80764504;18442;11;1;1;7;2;0;1;1;1;0;2
18443;80764512;18443;71;1;2;2;6;1;0;1;2;0;2
18444;80764512;18444;18;1;1;7;5;0;1;1;1;0;2
18445;80764512;18445;31;5;1;7;6;0;1;1;1;0;2
18446;80764513;18446;11;1;1;7;6;0;1;1;1;0;2
18447;80764513;18447;11;1;1;7;6;0;1;1;1;0;2
18448;80764513;18448;11;3;1;7;6;0;1;2;1;0;3
18449;80764513;18449;11;1;1;7;6;0;1;1;1;0;2
18450;80764513;18450;17;1;1;7;2;0;1;1;1;0;2
18451;80764513;18451;11;1;2;1;6;0;1;1;1;0;2
18452;80764513;14297;11;1;1;7;4;0;1;1;1;0;2
18453;80765201;18453;11;1;1;7;6;0;1;2;1;0;3
18454;80765201;18454;51;3;1;7;6;0;1;1;1;0;2
18455;80765201;18455;71;1;1;7;6;1;0;1;2;0;2
18456;80765201;17372;11;5;3;1;6;0;1;2;1;0;3
18457;80765201;18457;42;1;1;7;6;0;1;1;1;0;2
18458;80765201;18458;18;1;1;7;5;0;2;1;1;0;3
18459;80765203;18459;11;1;1;7;2;0;1;1;1;0;2
18460;80765203;18460;11;3;1;7;6;0;1;2;1;0;3
18461;80765203;18461;81;3;1;7;6;0;1;3;1;0;4
18462;80765203;18462;14;3;3;1;6;0;2;0;1;0;2
18463;80765210;18463;14;1;1;7;5;0;2;1;1;0;3
18464;80765302;18464;17;1;1;7;2;0;1;1;1;0;2
18465;80765302;18465;17;1;3;1;2;0;1;1;1;0;2
18466;80765302;18466;17;1;1;7;2;0;2;1;1;0;3
18467;80765302;18467;41;1;1;7;6;0;1;1;1;0;2
18468;80765303;18468;17;1;1;7;2;0;1;1;1;0;2
18469;80765304;18469;11;3;1;7;6;0;1;2;1;0;3
18470;80765304;18470;81;3;1;7;6;0;1;1;1;0;2
18471;80765304;18471;11;1;1;7;6;0;1;1;1;0;2
18472;80765305;18472;20;1;1;7;2;0;1;1;1;0;2
18473;80765305;18473;71;3;3;2;6;0;1;1;1;0;2
18474;80765305;18474;11;1;1;7;4;0;1;1;1;0;2
18475;80765305;18475;17;1;1;7;2;0;1;1;1;0;2
18476;80765305;18476;11;1;1;7;6;0;1;1;1;0;2
18477;80765305;18477;71;1;1;7;6;0;1;2;1;0;3
18478;80765305;18478;11;3;1;7;6;0;1;1;1;0;2
18479;80765402;18479;72;1;1;7;4;0;1;1;1;0;2
18480;80765402;18480;71;1;1;7;7;0;0;1;3;0;1
18481;80765402;18481;41;3;1;2;5;0;1;2;1;0;3
18482;80765402;18482;22;1;1;7;4;0;1;1;1;0;2
18483;80765402;18483;17;1;1;7;2;0;1;1;1;0;2
18484;80765402;18484;71;1;1;7;6;0;1;1;1;0;2
18485;80765402;18485;11;1;1;7;6;0;2;0;1;0;2
18486;80765402;18486;21;3;1;7;6;0;1;1;1;0;2
18487;80765402;18487;16;1;1;7;6;0;1;1;1;0;2
18488;80765402;18488;71;1;1;7;6;0;1;1;1;0;2
18489;80765402;18489;64;1;1;7;8;0;1;2;1;0;3
18490;80765402;18490;51;1;1;7;6;0;1;1;1;0;2
18491;80765402;18491;11;1;1;7;6;0;1;1;1;0;2
18492;80765402;18492;15;1;1;7;6;1;0;1;2;0;2
18493;80765402;18493;18;5;1;7;5;0;1;1;1;0;2
18494;80765402;18494;11;1;1;7;6;0;1;2;1;0;3
18495;80765402;18495;71;2;1;7;6;0;1;1;1;0;2
18496;80765404;18496;81;3;6;1;6;0;1;1;1;0;2
18497;80765404;18497;71;3;1;7;6;0;1;1;1;0;2
18498;80765404;18498;64;1;3;1;6;0;1;1;1;0;2
18499;80765404;18499;77;2;1;7;8;0;1;1;1;0;2
18500;80765404;18500;77;3;1;7;8;0;1;0;1;0;1
18501;80765404;18501;61;1;1;7;3;0;1;2;1;0;3
18502;80765405;18502;72;1;1;7;8;0;1;1;1;0;2
18503;80765405;18503;11;1;1;7;6;0;2;1;1;0;3
18504;80765405;18504;11;1;1;7;2;0;1;1;1;0;2
18505;80765405;18505;11;1;1;7;6;0;1;1;1;0;2
18506;80765405;18506;11;3;1;7;6;0;1;1;1;0;2
18507;80765405;18507;42;3;1;7;5;0;1;2;1;0;3
18508;80765405;18508;16;1;1;7;3;0;1;1;1;0;2
18509;80765405;18509;11;1;1;7;6;0;1;1;1;0;2
18510;80765405;18510;42;2;6;2;6;0;1;2;1;0;3
18511;80765405;18511;71;1;7;7;6;0;0;1;3;0;1
18512;80765406;18512;13;3;1;7;6;0;1;2;1;0;3
18513;80765406;18513;81;3;1;1;6;0;0;1;0;0;1
18514;80765411;18514;62;1;1;7;2;1;0;1;2;0;2
18515;80765423;18515;51;1;1;7;3;0;1;1;1;0;2
18516;80765423;18516;11;1;1;7;2;0;1;1;1;0;2
18517;80765502;18517;71;1;1;7;6;0;1;1;1;0;2
18518;80765507;18518;11;1;1;7;6;0;1;2;1;0;3
18519;80765507;18519;11;1;1;7;6;1;0;1;2;0;2
18520;80765507;18520;15;3;1;7;6;0;1;1;1;0;2
18521;80765507;18521;16;1;1;7;6;0;1;2;1;0;3
18522;80765507;18522;17;1;3;2;2;0;1;1;1;0;2
18523;80765507;18523;16;1;1;7;4;0;1;1;1;0;2
18524;80765507;18524;16;1;3;2;6;0;2;0;1;0;2
18525;80765510;18525;11;1;1;7;6;0;1;2;1;0;3
18526;80765510;18526;51;3;1;7;6;0;1;2;1;0;3
18527;80765510;18527;71;3;1;7;6;0;1;1;1;0;2
18528;80765510;18528;11;1;3;1;6;0;1;1;1;0;2
18529;80765510;18529;17;1;1;7;2;0;1;1;1;0;2
18530;80765510;18530;11;1;1;7;6;0;1;1;1;0;2
18531;80765510;18531;16;1;1;7;4;0;1;1;1;0;2
18532;80766101;18532;17;1;2;1;2;0;1;1;1;0;2
18533;80766203;18533;17;1;1;7;2;0;1;1;1;0;2
18534;80766507;18534;31;1;1;7;6;0;1;1;1;0;2
18535;80766507;18535;16;1;1;7;5;0;3;0;1;0;3
18536;80766507;18536;16;1;1;7;5;0;1;2;1;0;3
18537;80766507;18537;51;1;3;2;6;0;1;2;1;0;3
18538;80767105;18538;72;1;3;2;6;0;1;1;1;0;2
18539;80767105;18539;17;3;1;7;2;1;1;1;2;0;3
18540;80767105;18540;17;1;1;7;2;0;1;1;1;0;2
18541;80767105;18541;17;1;1;7;1;0;1;1;1;0;2
18542;80767105;18542;64;1;1;7;6;0;2;1;1;0;3
18543;80767203;18543;11;3;1;7;6;0;1;1;1;0;2
18544;80767203;18544;17;1;1;7;2;0;2;1;1;0;3
18545;80767203;18545;22;1;1;7;6;0;1;1;1;0;2
18546;80767208;18546;81;3;1;7;6;0;2;1;1;0;3
18547;80767208;18547;14;1;1;7;6;0;1;2;1;0;3
18548;80767208;18548;11;1;1;7;6;0;1;1;1;0;2
18549;80767208;18549;11;1;1;7;6;0;1;1;1;0;2
18550;80767208;18550;11;1;1;7;5;1;0;1;2;0;2