accident_id;lieu_id;date_id;cause_id;lum_id;intemp_id;etat_surface_id;impliq_id;nb_blesses_graves;nb_blesses_legers;nb_indemnes;gravite;nb_morts;nb_impliqués
18551;80767208;18551;17;1;1;7;2;0;1;1;1;0;2
18552;80767208;18552;17;1;1;7;2;0;1;1;1;0;2
18553;80767208;18553;11;1;1;7;6;0;1;1;1;0;2
18554;80767415;18554;23;1;1;7;4;0;1;1;1;0;2
18555;80767519;18555;71;3;1;7;6;0;1;1;3;0;2
18556;80771103;18556;11;1;1;7;4;1;0;1;2;0;2
18557;80771103;18557;11;1;1;7;6;1;0;1;2;0;2
18558;80771107;18558;14;5;1;1;6;0;2;1;1;0;3
18559;80771109;18559;20;1;1;2;2;0;1;1;1;0;2
18560;80771301;18560;13;3;1;7;6;1;1;0;2;0;2
18561;80771301;18561;13;1;1;2;6;0;1;1;1;0;2
18562;80771302;18562;11;1;1;7;6;0;1;1;1;0;2
18563;80771302;18563;17;1;1;7;2;0;1;1;1;0;2
18564;80771302;18564;11;3;2;2;6;0;1;2;1;0;3
18565;80771302;18565;11;1;1;7;6;0;1;1;1;0;2
18566;80771302;18566;81;3;1;7;6;0;1;1;1;0;2
18567;80771304;18567;24;1;2;2;2;1;0;1;2;0;2
18568;80771402;18568;14;1;1;7;6;0;2;2;1;0;4
18569;80771402;18569;14;1;3;2;6;0;1;1;1;0;2
18570;80771402;18570;14;1;2;2;6;0;1;1;1;0;2
18571;80771402;18571;14;1;1;7;6;0;1;1;1;0;2
18572;80771402;18572;14;1;1;7;6;0;1;1;1;0;2
18573;80771402;18573;14;1;1;7;6;0;2;1;1;0;3
18574;80771402;18574;14;3;1;7;4;0;1;1;1;0;2
18575;80771404;18575;14;5;1;7;6;0;2;1;1;0;3
18576;80771501;18576;32;1;1;7;7;1;0;1;2;0;2
18577;80772207;18577;13;1;3;2;6;1;1;2;2;0;4
18578;80772301;18578;13;1;1;7;6;0;1;1;1;0;2
18579;80772305;18579;71;1;1;1;6;0;1;1;1;0;2
18580;80772307;18580;71;3;1;7;6;1;0;1;2;0;2
18581;80772308;18581;13;1;1;7;6;0;1;1;1;0;2
18582;80772308;18582;17;3;1;7;2;0;1;1;1;0;2
18583;80772313;18583;81;5;1;7;6;0;1;1;1;0;2
18584;80772316;18584;71;1;1;7;6;0;1;1;1;0;2
18585;80772403;18585;14;2;1;2;6;0;1;1;1;0;2
18586;80772403;18586;14;1;1;7;6;0;1;1;1;0;2
18587;80772405;18587;15;3;1;7;6;1;0;2;2;0;3
18588;80772405;18588;15;3;3;2;7;0;2;1;1;0;3
18589;80772405;18589;14;3;1;7;6;0;2;1;1;0;3
18590;80772405;18590;14;1;3;2;6;0;1;1;1;0;2
18591;80772405;18591;11;3;1;7;6;0;4;0;1;0;4
18592;80772405;18592;11;1;1;7;6;0;5;0;1;0;5
18593;80772405;18593;11;5;1;7;6;0;1;1;1;0;2
18594;80772405;18594;11;1;1;7;5;0;1;1;1;0;2
18595;80772405;18595;11;1;1;7;3;0;1;1;1;0;2
18596;80772406;18596;72;1;1;7;6;1;0;1;2;0;2
18597;80772513;18597;72;1;1;1;6;0;1;1;1;0;2
18598;80772513;9280;41;1;3;2;6;0;1;1;1;0;2
18599;80772513;18599;51;5;1;7;6;0;1;1;1;0;2
18600;80773103;18600;71;1;1;7;6;0;1;1;1;0;2
18601;80773103;18601;24;3;3;1;2;0;1;1;1;0;2
18602;80773103;18602;11;3;1;7;6;0;1;1;1;0;2
18603;80773112;18603;71;1;3;1;6;0;1;1;1;0;2
18604;80773112;18604;81;3;1;7;8;0;2;0;1;0;2
18605;80773201;18605;14;1;3;2;6;0;1;1;1;0;2
18606;80773201;18606;51;1;1;7;6;0;1;1;1;0;2
18607;80773201;18607;14;1;1;7;6;0;1;2;1;0;3
18608;80773201;18608;14;1;1;2;6;0;2;1;1;0;3
18609;80773201;18609;14;1;1;7;6;0;1;1;1;0;2
18610;80773201;18610;14;1;1;7;6;0;1;1;1;0;2
18611;80773201;18611;14;2;1;7;4;0;1;1;1;0;2
18612;80773203;18612;71;3;1;7;5;1;0;1;2;0;2
18613;80773221;18613;51;1;1;7;6;0;1;1;1;0;2
18614;80773305;18614;13;1;1;7;6;0;1;2;1;0;3
18615;80773305;18615;13;1;1;7;6;0;1;2;1;0;3
18616;80773406;18616;14;2;1;7;6;0;1;1;1;0;2
18617;80774103;18617;72;3;1;7;6;0;1;1;1;0;2
18618;80774105;18618;17;1;1;7;2;0;1;1;1;0;2
18619;80774107;18619;21;3;1;7;6;0;2;1;1;0;3
18620;80774111;18620;16;1;1;7;6;0;2;1;1;0;3
18621;80774111;18621;16;1;1;7;6;0;2;0;1;0;2
18622;80774111;18622;17;1;1;7;2;0;1;1;1;0;2
18623;80774111;18623;11;1;1;7;6;0;1;1;1;0;2
18624;80774111;18624;11;1;1;7;6;0;2;1;1;0;3
18625;80774111;18625;11;5;3;1;6;0;1;1;1;0;2
18626;80774111;18626;31;5;1;7;6;1;1;1;2;0;3
18627;80774111;18627;11;1;1;7;6;0;1;1;1;0;2
18628;80774111;18628;11;2;1;7;6;0;1;1;1;0;2
18629;80774111;18629;11;1;3;2;6;0;2;0;1;0;2
18630;80774111;18630;11;2;3;1;6;0;1;1;1;0;2
18631;80774111;18631;11;1;3;2;6;0;1;2;1;0;3
18632;80774206;18632;51;3;1;7;6;0;1;2;1;0;3
18633;80774301;18633;17;1;3;7;2;1;0;1;2;0;2
18634;80774402;18634;19;1;1;7;6;0;1;1;1;0;2
18635;80774402;18635;19;4;1;7;6;0;2;1;1;0;3
18636;80774402;18636;19;1;4;3;6;0;1;1;1;0;2
18637;80774402;18637;19;1;1;7;6;0;1;2;1;0;3
18638;80774402;18638;81;3;1;7;0;0;1;0;1;0;1
18639;80774402;18639;19;1;1;7;6;0;1;1;1;0;2
18640;80774402;18640;41;1;1;7;6;0;1;1;1;0;2
18641;80774504;18641;51;1;1;7;6;0;3;1;1;0;4
18642;80774504;8668;51;1;1;1;6;0;1;4;1;0;5
18643;80774504;18643;81;3;1;7;0;0;0;0;3;0;0
18644;80774504;18644;52;3;1;2;0;0;1;0;3;0;1
18645;80774505;18645;11;1;1;7;6;0;1;1;1;0;2
18646;80774505;18646;11;1;1;7;6;0;1;1;1;0;2
18647;80774505;18647;11;1;1;7;6;0;1;4;1;0;5
18648;80774505;18648;11;1;1;7;6;0;2;0;1;0;2
18649;80774505;18649;11;1;1;7;6;1;0;1;2;0;2
18650;80774505;18650;11;1;1;7;6;0;2;0;1;0;2
18651;80774505;9514;11;2;3;2;6;0;1;3;1;0;4
18652;80774505;18652;11;1;1;7;6;0;3;0;1;0;3
18653;80774505;18653;81;3;1;7;6;1;1;2;2;0;4
18654;80774505;18654;11;3;3;1;6;0;4;0;1;0;4
18655;80774505;18655;11;3;3;1;4;1;0;1;2;0;2
18656;80774505;18656;11;1;1;7;6;0;1;1;1;0;2
18657;80774505;18657;16;1;1;7;6;0;1;1;1;0;2
18658;80774505;18658;11;3;1;7;4;1;0;1;2;0;2
18659;80774505;18659;11;1;1;7;6;0;1;1;1;0;2
18660;80774505;18660;11;1;3;1;6;0;1;1;1;0;2
18661;80774505;18661;11;3;1;1;6;0;3;1;1;0;4
18662;80774505;18662;11;1;3;1;6;0;1;1;1;0;2
18663;80774505;18663;11;1;1;7;6;0;1;1;1;0;2
18664;80774505;18664;15;1;1;7;6;0;1;2;1;0;3
18665;80774505;18665;11;1;1;7;6;0;1;1;1;0;2
18666;80774505;18666;11;1;1;7;6;0;2;1;1;0;3
18667;80774505;18667;11;3;3;1;6;0;1;1;1;0;2
18668;80774505;18668;11;3;1;7;6;0;2;1;1;0;3
18669;80774505;18669;11;2;1;7;6;0;3;0;1;0;3
18670;80774505;18670;11;3;1;7;6;0;1;1;1;0;2
18671;80774505;18671;11;1;1;7;6;0;1;1;1;0;2
18672;80774505;18672;11;1;1;7;6;0;2;0;1;0;2
18673;80774505;18673;11;1;1;7;6;0;1;1;1;0;2
18674;80774505;18674;11;1;1;7;6;0;2;0;1;0;2
18675;80774505;18675;11;1;3;2;6;0;3;2;1;0;5
18676;80774505;18676;11;3;1;7;6;0;1;1;1;0;2
18677;80774505;18677;51;1;1;7;6;0;1;2;1;0;3
18678;80774505;18678;11;3;1;7;6;0;2;1;1;0;3
18679;80774505;18679;11;1;1;7;6;0;1;1;1;0;2
18680;80774505;16414;11;1;1;7;6;0;1;2;1;0;3
18681;80774505;18681;11;1;1;7;6;0;1;1;1;0;2
18682;80775101;18682;16;1;1;7;6;0;2;0;1;0;2
18683;80775101;18683;85;3;1;7;6;0;1;1;1;0;2
18684;80775101;18684;16;1;1;7;4;0;1;1;1;0;2
18685;80775101;18685;16;1;1;7;6;0;1;1;1;0;2
18686;80775101;18686;16;3;1;7;6;0;1;1;1;0;2
18687;80775101;18687;16;1;1;7;3;0;1;1;1;0;2
18688;80775101;18688;35;1;1;7;3;0;1;1;1;0;2
18689;80775101;18689;16;1;1;7;4;0;1;1;1;0;2
18690;80775101;18690;16;3;1;7;6;0;1;2;1;0;3
18691;80775101;18691;51;1;1;7;6;0;2;1;1;0;3
18692;80775101;14620;17;3;3;1;2;0;1;1;1;0;2
18693;80775101;18693;17;1;1;7;2;0;1;1;1;0;2
18694;80775101;18694;14;3;3;1;6;0;1;1;1;0;2
18695;80775101;18695;16;1;1;7;3;0;1;1;1;0;2
18696;80775101;18696;11;1;1;7;6;0;1;3;1;0;4
18697;80775101;18697;16;1;1;7;6;0;1;1;1;0;2
18698;80775101;18698;11;1;1;7;2;0;1;1;1;0;2
18699;80775101;18699;81;1;1;7;6;0;1;1;1;0;2
18700;80775101;18700;18;1;1;7;5;0;2;1;1;0;3
18701;80775101;18701;18;1;1;7;8;0;5;2;1;0;7
18702;80775101;18702;11;1;1;7;6;0;1;1;1;0;2
18703;80775101;18703;81;3;1;7;2;0;2;1;1;0;3
18704;80775101;18704;11;1;1;7;2;0;1;1;1;0;2
18705;80775101;18705;16;1;1;7;5;0;1;1;1;0;2
18706;80775101;18706;17;1;3;2;6;0;1;1;1;0;2
18707;80775101;18707;64;3;1;7;6;0;1;1;1;0;2
18708;80775101;18708;81;3;1;7;6;0;3;0;1;0;3
18709;80775101;18709;51;1;3;2;6;0;1;1;1;0;2
18710;80775101;18710;11;3;1;7;6;0;2;1;1;0;3
18711;80775103;18711;11;1;1;7;6;0;2;1;1;0;3
18712;80775103;18712;11;1;1;7;6;0;3;1;1;0;4
18713;80775103;18713;11;3;3;2;5;0;1;1;1;0;2
18714;80775103;18714;16;1;1;7;3;1;0;1;2;0;2
18715;80775103;18715;11;1;1;7;2;0;1;1;1;0;2
18716;80775103;18716;51;3;1;7;6;0;1;1;1;0;2
18717;80775204;16966;51;3;1;2;6;0;2;1;1;0;3
18718;80775401;18718;52;5;1;7;0;0;2;0;1;0;2
18719;80775522;18719;52;1;1;7;0;0;1;0;1;0;1
18720;80775522;18720;52;1;1;1;0;0;2;0;1;0;2
18721;80775522;18721;13;1;1;7;6;0;1;1;1;0;2
18722;80776206;18722;18;1;1;7;4;0;1;1;1;0;2
18723;80776206;18723;72;2;1;7;6;0;1;1;1;0;2
18724;80776206;18724;11;3;1;7;6;0;5;0;1;0;5
18725;80776206;18725;14;1;1;7;6;0;1;1;1;0;2
18726;80776303;18726;14;1;1;7;6;0;1;1;1;0;2
18727;80776303;18727;14;1;1;7;6;0;1;1;1;0;2
18728;80776303;18728;14;1;1;7;6;0;1;1;1;0;2
18729;80776303;18729;14;3;1;7;6;0;1;2;1;0;3
18730;80776303;18730;13;1;1;7;6;0;1;1;1;0;2
18731;80776303;18731;13;1;1;1;6;0;1;1;1;0;2
18732;80776303;18732;13;1;1;7;6;0;1;2;1;0;3
18733;80776304;18733;51;3;6;2;6;0;2;2;1;0;4
18734;80776305;18734;11;1;1;7;6;0;2;0;1;0;2
18735;80776305;18735;11;1;3;1;6;0;1;1;1;0;2
18736;80776305;18736;17;1;1;7;2;0;1;1;1;0;2
18737;80776305;18737;11;1;1;7;6;0;2;2;1;0;4
18738;80776305;10004;11;1;1;7;6;0;4;0;1;0;4
18739;80776305;18739;81;3;1;7;6;0;3;0;1;0;3
18740;80776305;18740;11;1;1;7;6;0;2;0;1;0;2
18741;80776305;18741;11;3;1;7;6;0;1;1;1;0;2
18742;80776320;18742;11;1;1;7;6;0;1;2;1;0;3
18743;80776320;18743;11;3;1;7;6;0;2;1;1;0;3
18744;80776320;18744;17;1;3;1;3;0;1;1;1;0;2
18745;80776407;18745;71;2;1;7;6;0;1;1;1;0;2
18746;80776409;18746;52;3;3;1;0;0;1;0;1;0;1
18747;80777103;18747;52;3;1;7;6;0;1;2;1;0;3
18748;80777308;18748;72;1;1;7;6;0;1;1;1;0;2
18749;80777413;18749;14;1;4;4;6;0;1;2;1;0;3
18750;80777415;18750;14;1;1;7;6;0;1;1;1;0;2
18751;80777417;18751;81;3;3;1;6;1;1;1;2;0;3
18752;80777507;18752;52;1;1;7;6;0;1;2;1;0;3
18753;80777512;18753;19;1;1;7;6;0;1;1;1;0;2
18754;80781405;18754;13;1;1;7;4;0;1;1;1;0;2
18755;80781405;18755;51;1;1;7;4;0;2;0;1;0;2
18756;80781410;18756;16;1;1;1;4;1;0;1;2;0;2
18757;80781410;18757;11;2;1;7;6;0;1;1;1;0;2
18758;80781410;18758;16;3;3;1;4;1;0;1;2;0;2
18759;80781410;18759;15;1;1;7;6;0;2;2;1;0;4
18760;80781410;18760;11;1;1;7;6;0;1;1;1;0;2
18761;80781410;18761;18;1;1;7;6;0;1;1;1;0;2
18762;80781506;18762;21;2;1;7;1;0;1;1;1;0;2
18763;80782109;18763;16;5;2;2;4;0;1;1;1;0;2
18764;80782109;18764;51;1;1;7;6;0;1;2;1;0;3
18765;80782109;18765;13;1;1;1;6;0;1;1;1;0;2
18766;80782109;18766;13;3;2;2;6;0;1;1;1;0;2
18767;80782109;18767;16;1;1;7;6;0;1;1;1;0;2
18768;80782109;18768;19;1;1;7;6;2;0;1;2;0;3
18769;80782109;18769;19;1;1;7;6;0;2;0;1;0;2
18770;80782208;18770;13;3;3;2;4;0;1;1;1;0;2
18771;80782208;18771;52;3;2;2;0;0;1;0;1;0;1
18772;80782208;18772;52;3;1;7;0;0;1;0;1;0;1
18773;80782208;18773;13;3;1;1;4;1;0;1;2;0;2
18774;80782302;18774;52;3;1;4;0;0;1;0;1;0;1
18775;80782303;18775;17;3;1;7;2;0;1;1;1;0;2
18776;80782303;18776;81;3;3;1;6;0;2;1;1;0;3
18777;80782303;18777;19;3;1;7;5;1;0;1;2;0;2
18778;80782401;18778;11;1;1;7;6;0;0;1;3;0;1
18779;80782401;18779;11;1;1;7;7;0;1;1;1;0;2
18780;80782401;18780;11;1;1;7;6;1;0;1;2;0;2
18781;80782401;18781;11;1;1;7;6;0;1;2;1;0;3
18782;80782404;18782;13;1;3;2;5;0;1;1;1;0;2
18783;80782404;18783;71;1;1;7;6;0;1;1;1;0;2
18784;80782406;18784;17;3;1;1;1;0;1;1;1;0;2
18785;80782507;18785;14;1;1;7;6;0;1;1;1;0;2
18786;80782507;18786;14;1;1;1;6;1;0;1;2;0;2
18787;80783309;18787;14;1;6;7;7;0;1;1;1;0;2
18788;80783406;18788;71;1;1;7;6;0;1;1;1;0;2
18789;80783406;18789;16;1;1;7;4;0;2;0;1;0;2
18790;80783406;18790;14;1;1;7;6;0;0;1;3;0;1
18791;80783406;18791;17;1;1;7;2;0;1;1;1;0;2
18792;80783406;18792;81;1;1;7;6;0;1;0;1;0;1
18793;80783406;18793;11;1;1;7;6;0;1;1;1;0;2
18794;80783406;18794;11;1;1;7;6;0;1;1;1;0;2
18795;80783410;18795;71;1;1;7;6;0;1;1;1;0;2
18796;80783411;18796;16;2;1;7;6;0;1;1;1;0;2
18797;80783411;18797;52;3;1;1;0;0;0;1;0;0;1
18798;80783411;18798;71;1;1;7;6;0;1;1;1;0;2
18799;80783411;18799;31;1;1;7;4;0;1;1;1;0;2
18800;80783505;18800;16;1;1;7;4;0;1;1;1;0;2
18801;80783508;18801;16;1;3;2;6;0;1;1;1;0;2
18802;80783508;18802;71;1;1;7;7;1;0;1;2;0;2
18803;80783508;18803;13;1;1;7;4;0;1;1;1;0;2
18804;80783508;18804;17;1;1;7;1;0;3;1;1;0;4
18805;80783508;18805;17;1;1;7;2;0;1;1;1;0;2
18806;80783508;18806;13;3;1;7;5;0;1;1;1;0;2
18807;80783508;18807;17;3;3;2;2;0;1;1;1;0;2
18808;80783508;18808;21;3;1;7;4;0;1;1;1;0;2
18809;80783509;18809;17;1;1;7;2;0;2;0;1;0;2
18810;80783510;18810;13;1;1;7;4;0;1;1;1;0;2
18811;80783512;18811;13;1;1;7;6;1;1;0;2;0;2
18812;80783512;18812;14;1;1;7;6;0;1;2;1;0;3
18813;80784303;18813;21;1;1;7;6;0;1;2;1;0;3
18814;80784305;18814;17;3;1;7;1;1;0;1;2;0;2
18815;80784401;18815;21;2;3;1;6;0;1;1;1;0;2
18816;80784403;18816;71;1;1;7;6;1;0;1;2;0;2
18817;80784403;18817;14;1;1;7;6;0;1;1;1;0;2
18818;80784403;18818;71;2;1;7;6;0;1;1;1;0;2
18819;80784406;18819;81;3;1;7;2;0;1;1;1;0;2
18820;80784407;18820;17;1;3;1;2;0;1;1;1;0;2
18821;80784407;18821;14;3;1;7;6;0;1;1;1;0;2
18822;80784407;18822;17;1;1;7;2;0;0;2;0;0;2
18823;80784407;18823;18;1;1;7;6;0;1;1;1;0;2
18824;80784407;18824;14;3;1;7;6;0;3;3;1;0;6
18825;80784407;18825;13;3;1;7;6;0;1;1;1;0;2
18826;80784407;18826;16;1;1;7;4;0;1;1;1;0;2
18827;80784407;18827;71;2;3;2;6;0;1;1;1;0;2
18828;80784409;18828;14;1;2;2;6;0;1;1;1;0;2
18829;80785102;18829;11;1;1;7;6;0;1;1;1;0;2
18830;80785102;18830;11;1;1;7;6;0;2;0;1;0;2
18831;80785102;18831;11;1;1;7;6;0;2;0;1;0;2
18832;80785102;18832;11;1;1;7;6;0;1;1;1;0;2
18833;80785102;18833;11;1;1;1;6;0;1;5;1;0;6
18834;80785102;18834;18;1;3;1;6;0;2;2;1;0;4
18835;80785102;18835;11;1;1;7;4;1;0;1;2;0;2
18836;80785102;18836;18;1;1;7;6;0;1;2;1;0;3
18837;80785102;18837;71;3;1;7;6;0;1;1;1;0;2
18838;80785102;18838;18;1;3;2;6;0;1;1;1;0;2
18839;80785102;18839;11;1;1;7;6;0;1;1;1;0;2
18840;80785102;18840;52;3;1;7;0;1;0;0;2;0;1
18841;80785102;18841;52;3;1;7;0;0;1;0;1;0;1
18842;80785102;18842;14;1;3;1;6;1;0;1;2;0;2
18843;80785102;18843;11;1;1;7;6;0;1;1;1;0;2
18844;80785102;18844;11;5;1;7;5;1;1;2;2;0;4
18845;80785102;18845;51;3;1;2;6;0;1;1;1;0;2
18846;80785102;18846;51;1;1;7;6;0;1;2;1;0;3
18847;80785105;18847;41;1;1;7;6;1;1;1;2;0;3
18848;80785106;18848;71;1;1;7;6;0;1;1;1;0;2
18849;80785202;18849;14;3;1;7;6;0;3;0;1;0;3
18850;80785211;18850;52;3;1;7;0;0;2;0;1;0;2
18851;80785220;18851;65;1;1;7;3;0;1;1;1;0;2
18852;80785301;15276;71;1;3;1;6;0;1;1;1;0;2
18853;80785301;18853;52;1;1;7;0;0;1;0;1;0;1
18854;80785302;18854;13;3;1;1;6;2;0;0;2;0;2
18855;80785302;18855;13;1;1;7;6;0;1;1;1;0;2
18856;80785302;18856;13;3;3;1;6;0;1;1;1;0;2
18857;80785302;18857;13;1;1;7;6;0;2;1;1;0;3
18858;80785305;18858;13;3;1;7;6;0;1;2;1;0;3
18859;80785305;18859;16;1;6;1;6;0;4;0;1;0;4
18860;80785310;18860;71;1;1;7;6;0;1;1;1;0;2
18861;80785310;18861;17;3;1;7;1;0;1;1;1;0;2
18862;80785315;18862;81;1;1;7;2;0;1;1;1;0;2
18863;80785316;18863;24;1;1;7;4;0;1;1;1;0;2
18864;80785323;18864;51;1;1;7;6;0;1;4;1;0;5
18865;80785405;18865;17;2;3;2;1;0;2;1;1;0;3
18866;80785405;18866;71;1;1;1;6;0;1;1;1;0;2
18867;80785405;18867;18;1;1;7;6;0;1;1;1;0;2
18868;80785405;18868;71;1;1;1;6;0;1;1;1;0;2
18869;80785405;18869;13;1;3;2;6;0;2;1;1;0;3
18870;80785405;18870;17;1;1;7;1;0;1;1;1;0;2
18871;80785405;18871;31;1;1;7;6;0;1;1;1;0;2
18872;80785405;18872;12;1;1;7;6;0;3;1;1;0;4
18873;80785503;18873;71;3;3;2;6;0;1;1;1;0;2
18874;80785503;18874;14;1;1;7;4;0;1;1;1;0;2
18875;80785503;18875;17;1;1;7;2;1;0;1;2;0;2
18876;80786102;18876;13;1;1;7;6;0;1;1;1;0;2
18877;80786202;18877;52;3;1;4;0;1;0;0;2;0;1
18878;80786202;18878;17;2;1;7;2;0;1;1;1;0;2
18879;80786202;18879;51;1;1;7;6;0;2;1;1;0;3
18880;80786202;18880;51;1;1;7;6;0;1;4;1;0;5
18881;80786204;18881;21;1;1;7;6;0;1;1;1;0;2
18882;80786204;18882;16;1;1;7;6;1;0;2;2;0;3
18883;80786204;18883;17;1;1;7;2;1;0;1;2;0;2
18884;80786205;18884;11;1;3;1;6;0;1;1;1;0;2
18885;80786205;18885;11;1;1;7;6;0;1;1;1;0;2
18886;80786205;18886;51;3;1;7;6;0;1;2;1;0;3
18887;80786208;18887;14;1;1;7;6;0;1;1;1;0;2
18888;80786212;18888;17;1;1;7;2;0;1;1;1;0;2
18889;80786212;18889;16;3;3;1;4;0;1;1;1;0;2
18890;80786302;18890;42;2;1;7;5;0;1;1;1;0;2
18891;80786302;18891;16;1;2;2;3;0;1;1;1;0;2
18892;80786302;17432;16;3;1;7;5;0;1;1;1;0;2
18893;80786303;18893;71;1;1;7;7;1;0;1;2;0;2
18894;80786303;18894;16;3;3;2;6;0;2;3;1;0;5
18895;80786303;18895;31;1;1;7;6;0;1;1;1;0;2
18896;80786303;18896;16;3;1;1;5;0;1;1;1;0;2
18897;80786303;18897;11;1;1;7;6;0;1;1;1;0;2
18898;80786303;18898;11;3;1;7;6;0;1;1;1;0;2
18899;80786303;18899;16;1;1;7;6;0;3;0;1;0;3
18900;80786303;18900;11;1;1;7;2;0;1;1;1;0;2
18901;80786306;18901;51;1;1;7;4;0;1;1;1;0;2
18902;80786306;18902;11;1;1;7;7;0;1;1;1;0;2
18903;80786407;18903;11;3;1;7;6;0;0;2;3;0;2
18904;80786407;18904;11;1;1;7;6;1;0;1;2;0;2
18905;80786407;18905;51;3;1;7;6;0;1;1;1;0;2
18906;80786407;18906;16;3;1;7;6;0;1;1;1;0;2
18907;80786407;18907;16;1;1;7;4;0;2;1;1;0;3
18908;80786407;18908;15;3;1;7;6;0;1;0;1;0;1
18909;80786407;18909;71;1;1;7;6;1;0;1;2;0;2
18910;80786407;18910;11;1;1;7;6;1;0;2;2;0;3
18911;80786407;18911;16;3;3;2;4;0;1;1;1;0;2
18912;80786407;18912;17;1;1;1;2;0;1;1;1;0;2
18913;80786407;18913;81;3;1;7;6;0;1;0;1;0;1
18914;80786407;18914;16;2;1;7;6;0;1;2;1;0;3
18915;80786502;18915;72;3;3;2;6;1;0;1;2;0;2
18916;80786506;18916;17;1;1;7;4;1;0;1;2;0;2
18917;80786506;18917;31;1;1;7;6;0;1;1;1;0;2
18918;80786509;18918;51;1;1;7;6;1;0;1;2;0;2
18919;80786509;18919;64;2;1;7;6;0;1;1;1;0;2
18920;80786509;18920;64;1;1;7;6;0;1;1;1;0;2
18921;80786509;18921;16;1;1;7;3;0;1;1;1;0;2
18922;80787202;18922;13;1;1;7;6;0;1;1;1;0;2
18923;80787202;18923;13;1;1;1;6;0;1;1;1;0;2
18924;80787207;18924;21;1;1;7;6;0;1;1;1;0;2
18925;80787209;18925;61;1;1;7;3;0;1;1;1;0;2
18926;80787209;18926;14;1;1;1;6;1;0;1;2;0;2
18927;80787304;18927;72;1;1;7;5;0;1;1;1;0;2
18928;80792102;18928;72;4;3;2;6;0;2;1;1;0;3
18929;80792205;18929;71;1;1;7;6;0;1;1;1;0;2
18930;80793104;18930;21;1;1;7;6;0;1;1;1;0;2
18931;80793108;18931;32;1;1;7;6;0;1;1;1;0;2
18932;80793505;18932;11;3;1;7;4;1;0;2;2;0;3
18933;80793505;18933;11;1;1;7;6;0;1;1;1;0;2
18934;80793505;17521;72;1;1;7;6;0;1;1;1;0;2
18935;80793505;18935;81;3;1;7;6;0;1;1;1;0;2
18936;80793505;18936;71;1;1;7;5;0;1;1;1;0;2
18937;80793505;18937;16;1;1;7;5;1;0;1;2;0;2
18938;80793505;18938;11;3;1;7;6;2;2;0;2;0;4
18939;80793505;18939;17;2;3;1;2;0;1;1;1;0;2
18940;80793505;18940;14;1;1;7;5;1;0;1;2;0;2
18941;80793505;18941;81;3;1;7;6;0;1;2;1;0;3
18942;80793505;18942;11;3;1;7;4;0;1;2;1;0;3
18943;80793505;18943;81;3;1;7;6;0;1;1;1;0;2
18944;80793505;18944;11;1;1;7;6;0;1;1;1;0;2
18945;80793506;18945;72;1;1;7;6;0;1;1;1;0;2
18946;80794102;18946;21;1;1;7;6;0;1;1;1;0;2
18947;80794109;18947;21;1;1;7;6;0;1;2;1;0;3
18948;80794109;18948;14;3;3;2;6;0;1;1;1;0;2
18949;80794109;18949;14;3;1;7;6;0;1;1;1;0;2
18950;80794109;18950;14;1;1;7;6;0;1;1;1;0;2
18951;80794110;18951;21;1;1;7;6;0;1;1;1;0;2
18952;80794510;18952;72;1;1;7;6;0;1;1;1;0;2
18953;80794512;18953;51;1;1;7;3;0;1;1;1;0;2
18954;80795302;18954;13;3;1;1;6;0;1;1;1;0;2
18955;80795403;18955;52;3;3;2;7;0;2;1;1;0;3
18956;80795504;18956;14;1;1;7;6;0;1;3;1;0;4
18957;80796106;18957;13;2;1;1;5;0;2;1;1;0;3
18958;80796106;18958;71;1;1;7;6;0;1;1;1;0;2
18959;80796106;18959;16;3;1;7;6;1;0;1;2;0;2
18960;80796106;18960;16;1;1;7;4;0;1;0;1;0;1
18961;80796106;18961;51;3;3;2;3;1;0;2;2;0;3
18962;80796106;18962;17;1;1;7;1;0;1;1;1;0;2
18963;80796106;18963;17;1;1;1;2;1;0;1;2;0;2
18964;80796106;18964;17;1;1;7;1;0;1;1;1;0;2
18965;80796106;18965;17;3;1;7;2;0;1;1;1;0;2
18966;80796107;18966;11;3;1;7;6;0;1;1;1;0;2
18967;80796108;18967;16;1;1;7;6;1;0;1;2;0;2