accident_id;lieu_id;date_id;cause_id;lum_id;intemp_id;etat_surface_id;impliq_id;nb_blesses_graves;nb_blesses_legers;nb_indemnes;gravite;nb_morts;nb_impliqués
18968;80796108;18968;16;3;1;1;6;0;4;0;1;0;4
18969;80796108;18969;17;2;1;7;2;1;0;1;2;0;2
18970;80796108;18970;13;1;1;7;4;0;1;1;1;0;2
18971;80796212;18971;16;1;1;7;4;0;1;1;1;0;2
18972;80796212;18972;52;3;3;1;6;2;1;1;2;0;4
18973;80796212;18973;13;3;1;7;4;0;2;1;1;0;3
18974;80796303;18974;16;1;1;7;4;1;0;1;2;0;2
18975;80796303;18975;14;3;1;7;6;0;1;1;1;0;2
18976;80796303;18976;51;3;1;7;6;0;1;2;1;0;3
18977;80796303;18977;51;1;1;7;6;0;1;3;1;0;4
18978;80796303;18978;14;1;1;7;6;0;1;1;1;0;2
18979;80796303;18979;42;1;1;7;6;0;1;4;1;0;5
18980;80796303;18980;21;1;1;7;6;0;1;1;1;0;2
18981;80796405;18981;14;1;1;7;6;0;1;1;1;0;2
18982;80796405;18982;14;3;1;7;6;0;1;0;1;0;1
18983;80796502;18983;14;1;1;7;6;0;1;1;1;0;2
18984;80796502;18984;16;1;3;1;6;0;1;1;1;0;2
18985;80796502;18985;85;5;1;7;6;0;1;1;1;0;2
18986;80796503;18986;14;3;3;1;6;0;3;0;1;0;3
18987;80796506;18987;71;1;1;7;6;0;1;1;1;0;2
18988;80797104;18988;14;1;1;7;6;0;2;1;1;0;3
18989;80797104;18989;14;1;1;7;6;0;1;1;1;0;2
18990;80797104;18990;14;1;1;7;4;0;1;1;1;0;2
18991;80797107;18991;51;1;1;7;3;0;1;1;1;0;2
18992;80797401;18992;22;3;1;7;6;0;2;0;1;0;2
18993;80797401;18993;81;3;1;7;0;0;1;0;1;0;1
18994;80797402;18994;17;4;3;2;2;0;3;2;1;0;5
18995;80797402;18995;16;1;1;2;6;0;1;1;1;0;2
18996;80797402;18996;51;1;2;2;6;0;4;5;1;0;9
18997;80797402;18997;17;1;1;7;2;2;0;1;2;0;3
18998;80797402;18998;14;1;1;7;4;0;1;1;1;0;2
18999;80797402;18999;14;1;1;7;6;0;1;1;1;0;2
19000;80797402;19000;51;1;1;7;6;2;0;1;2;0;3
19001;80797402;19001;17;2;3;2;1;0;1;1;1;0;2
19002;80797403;19002;81;3;1;1;0;1;0;0;2;0;1
19003;80797403;19003;17;1;1;7;2;1;0;1;2;0;2
19004;80797403;19004;17;1;1;7;2;0;1;1;1;0;2
19005;80797403;9379;17;1;1;7;1;0;1;1;1;0;2
19006;80797403;19006;17;1;1;7;2;0;1;1;1;0;2
19007;80797505;19007;17;1;1;7;2;0;1;1;1;0;2
19008;80797505;19008;71;3;3;2;6;1;0;1;2;0;2
19009;80797505;19009;71;1;1;7;6;1;0;1;2;0;2
19010;80797505;19010;71;3;1;7;6;0;1;1;1;0;2
19011;80797505;19011;17;1;1;7;2;0;1;1;1;0;2
19012;80797505;19012;51;1;2;2;8;0;1;0;1;0;1
19013;80797505;19013;51;3;1;7;6;0;1;1;1;0;2
19014;80797505;19014;51;3;1;7;6;0;1;2;1;0;3
19015;80797505;19015;16;3;1;7;4;1;0;2;2;0;3
19016;80797505;19016;51;1;1;7;6;0;1;2;1;0;3
19017;80797505;19017;51;3;1;2;7;0;0;1;3;0;1
19018;80797507;19018;11;1;1;1;6;0;2;1;1;0;3
19019;80797508;19019;11;1;1;7;6;0;1;1;1;0;2
19020;80797508;19020;11;1;1;7;6;0;1;1;1;0;2
19021;80797508;19021;18;3;1;7;6;0;1;1;1;0;2
19022;80797508;19022;35;3;1;7;3;0;1;1;1;0;2
19023;80797508;19023;11;1;3;1;6;0;1;1;1;0;2
19024;80797508;19024;51;3;1;1;6;0;1;0;1;0;1
19025;80797508;19025;16;1;1;7;4;0;1;1;1;0;2
19026;80797508;19026;16;1;1;7;4;0;1;1;1;0;2
19027;80797508;19027;71;1;3;1;6;0;1;1;1;0;2
19028;80797508;19028;16;1;1;7;6;0;1;1;1;0;2
19029;80797508;19029;17;1;1;7;2;1;0;1;2;0;2
19030;80797508;19030;11;1;3;2;6;0;1;0;3;0;1
19031;80797508;19031;81;1;1;7;6;0;1;2;1;0;3
19032;80802503;19032;14;2;1;7;6;0;1;1;1;0;2
19033;80803101;19033;72;1;1;7;6;0;1;1;1;0;2
19034;80803302;19034;19;1;1;7;4;1;1;1;2;0;3
19035;80803303;19035;64;1;1;7;6;0;1;1;1;0;2
19036;80803405;19036;72;1;1;7;6;0;1;1;1;0;2
19037;80804105;19037;16;2;1;7;4;0;1;1;1;0;2
19038;80804112;19038;16;3;3;2;6;0;1;2;1;0;3
19039;80804112;19039;71;1;3;2;6;0;1;1;1;0;2
19040;80804112;19040;51;1;1;7;0;2;0;0;2;0;2
19041;80804112;19041;11;1;1;7;6;0;1;1;1;0;2
19042;80804112;19042;11;1;1;7;6;0;1;1;1;0;2
19043;80804112;19043;11;2;3;1;6;0;1;1;1;0;2
19044;80804112;16821;11;1;1;7;6;0;1;0;1;0;1
19045;80804112;19045;11;1;1;7;6;0;1;1;1;0;2
19046;80804112;19046;11;3;3;2;6;0;1;1;1;0;2
19047;80804201;19047;17;1;7;2;1;1;0;1;2;0;2
19048;80804203;19048;72;1;7;7;4;1;1;0;2;0;2
19049;80804404;19049;16;3;4;2;5;0;2;1;1;0;3
19050;80804503;19050;11;1;1;7;6;0;1;4;1;0;5
19051;80804503;19051;51;1;1;2;3;1;0;2;2;0;3
19052;80804503;19052;11;1;1;7;6;0;1;1;1;0;2
19053;80804503;19053;21;3;1;1;4;1;0;1;2;0;2
19054;80804503;19054;21;3;1;7;8;0;1;1;1;0;2
19055;80804503;19055;51;1;1;7;6;0;1;1;1;0;2
19056;80804503;19056;18;1;1;7;6;0;1;1;1;0;2
19057;80804503;19057;11;1;1;7;6;1;0;1;2;0;2
19058;80804503;19058;11;1;6;1;6;0;1;1;1;0;2
19059;80804503;19059;11;1;3;2;7;0;1;1;1;0;2
19060;80805103;19060;14;1;1;7;4;0;1;1;1;0;2
19061;80805105;19061;14;1;1;7;4;1;0;1;2;0;2
19062;80805203;19062;75;1;1;7;4;1;0;0;2;0;1
19063;80805210;19063;71;2;3;2;6;0;1;1;1;0;2
19064;80805210;19064;19;4;1;7;4;0;1;1;1;0;2
19065;80805303;19065;19;1;2;2;6;0;3;0;1;0;3
19066;80805303;19066;31;1;1;7;6;0;1;1;1;0;2
19067;80805401;19067;14;2;1;7;4;1;0;1;2;0;2
19068;80805401;19068;16;1;1;7;6;1;0;1;2;0;2
19069;80805401;19069;19;1;1;7;6;1;0;1;2;0;2
19070;80805401;19070;19;3;1;7;6;0;1;1;1;0;2
19071;80805401;19071;16;3;1;7;4;0;1;1;1;0;2
19072;80805401;19072;19;1;1;7;6;0;4;3;1;0;7
19073;80805401;19073;11;1;1;7;3;0;1;1;1;0;2
19074;80806110;19074;51;1;1;7;6;0;1;1;1;0;2
19075;80806110;19075;17;1;3;2;2;1;0;1;2;0;2
19076;80806110;19076;17;1;1;7;2;0;1;1;1;0;2
19077;80806111;19077;51;1;1;7;6;1;0;1;2;0;2
19078;80806112;19078;14;3;1;7;6;1;0;1;2;0;2
19079;80806112;19079;41;1;1;7;6;0;1;1;1;0;2
19080;80806224;19080;14;1;1;7;6;0;1;1;1;0;2
19081;80807107;19081;16;3;1;2;6;0;1;1;1;0;2
19082;80807107;19082;11;3;1;7;6;0;1;1;1;0;2
19083;80807107;19083;51;1;1;1;4;0;1;1;1;0;2
19084;80807107;9748;11;2;1;7;6;1;0;1;2;0;2
19085;80807107;19085;11;3;3;1;6;1;0;1;2;0;2
19086;80807107;19086;35;1;1;7;3;1;0;1;2;0;2
19087;80807107;19087;11;1;1;7;6;0;1;1;1;0;2
19088;80807107;19088;81;3;1;1;6;0;1;1;1;0;2
19089;80807107;19089;16;3;1;7;5;0;1;1;1;0;2
19090;80807107;19090;11;1;1;7;1;0;1;1;1;0;2
19091;80807107;19091;16;3;1;7;6;0;3;0;1;0;3
19092;80807108;19092;16;1;1;7;6;0;1;0;1;0;1
19093;80807108;19093;11;3;1;7;6;1;1;2;2;0;4
19094;80807108;19094;16;3;1;7;5;0;1;2;1;0;3
19095;80807108;19095;41;1;1;7;6;0;2;1;1;0;3
19096;80807208;19096;52;1;1;7;6;0;1;2;1;0;3
19097;80807208;19097;81;2;3;1;6;1;0;1;2;0;2
19098;80807304;19098;16;2;1;7;4;0;1;1;1;0;2
19099;80807304;19099;15;1;1;7;9;0;2;0;1;0;2
19100;80807304;19100;12;3;1;7;7;0;1;1;1;0;2
19101;80807304;19101;16;3;1;5;4;0;1;1;1;0;2
19102;80807304;19102;64;1;3;2;6;1;0;1;2;0;2
19103;80812105;19103;52;1;3;2;6;0;1;1;1;0;2
19104;80812408;19104;16;1;1;7;4;0;1;0;1;0;1
19105;80812408;19105;16;3;3;2;5;0;1;1;1;0;2
19106;80812408;19106;11;1;1;7;6;0;1;1;1;0;2
19107;80812501;19107;51;1;1;7;7;0;1;1;1;0;2
19108;80813101;19108;72;3;1;7;6;1;0;1;2;0;2
19109;80813101;19109;81;1;1;7;5;2;0;1;2;0;3
19110;80813107;19110;14;3;1;1;4;0;1;1;1;0;2
19111;80813108;19111;16;1;1;7;5;1;1;1;2;0;3
19112;80813108;19112;16;1;1;7;4;1;0;1;2;0;2
19113;80813108;19113;11;1;1;7;6;0;1;1;1;0;2
19114;80813111;19114;11;3;2;2;6;0;1;1;1;0;2
19115;80813111;19115;17;1;3;1;2;0;1;1;1;0;2
19116;80813111;19116;51;1;1;7;4;0;1;0;1;0;1
19117;80813112;19117;16;1;1;7;6;0;1;1;1;0;2
19118;80813202;19118;16;1;1;7;6;0;2;4;1;0;6
19119;80813202;19119;17;1;1;7;1;0;1;1;1;0;2
19120;80813202;19120;51;1;1;7;6;0;1;2;1;0;3
19121;80813202;19121;11;1;1;7;7;1;0;1;2;0;2
19122;80813202;19122;11;3;3;1;6;0;3;1;1;0;4
19123;80813202;19123;11;1;3;1;6;0;1;1;1;0;2
19124;80813203;19124;16;1;1;7;6;0;1;1;1;0;2
19125;80814204;19125;14;3;1;4;6;0;1;1;1;0;2
19126;80834302;19126;18;1;1;7;6;0;1;0;1;0;1
19127;80834302;19127;41;1;1;7;6;0;2;1;1;0;3
19128;80837506;19128;19;1;1;7;7;0;0;1;3;0;1
19129;80837506;19129;18;1;1;7;8;0;0;1;3;0;1
19130;80837506;17580;13;1;1;1;6;0;1;2;1;0;3
19131;80837506;19131;13;1;1;7;6;0;5;2;1;0;7
19132;80837506;19132;13;1;1;7;6;0;1;3;1;0;4
19133;80837506;19133;13;5;1;7;6;1;0;1;2;0;2
19134;80837506;19134;51;1;1;7;6;0;1;0;1;0;1
19135;80873405;19135;21;1;1;7;6;0;2;1;1;0;3
19136;80875503;19136;13;3;1;7;4;0;1;1;1;0;2
19137;80875503;19137;52;1;3;2;0;0;1;0;1;0;1
19138;80875503;19138;17;3;1;7;2;0;1;1;1;0;2
19139;80875503;19139;13;1;1;2;4;1;0;1;2;0;2
19140;80876304;19140;13;1;1;7;6;2;1;0;2;0;3
19141;80876304;19141;13;3;1;7;6;0;3;1;1;0;4
19142;80876304;19142;13;1;1;7;6;1;0;1;2;0;2
19143;80876304;5033;13;1;1;7;5;0;1;1;1;0;2
19144;80876403;19144;72;3;1;7;6;1;0;1;2;0;2
19145;80876403;19145;72;1;4;3;6;0;0;1;3;0;1
19146;80877306;19146;51;3;3;1;0;0;1;0;1;0;1
19147;80877407;19147;19;3;1;7;7;1;0;1;2;0;2
19148;80877516;19148;71;3;1;7;6;1;0;1;2;0;2
19149;80881302;19149;52;1;6;1;6;0;1;1;1;0;2
19150;80881302;19150;52;1;3;2;6;0;1;1;1;0;2
19151;80883301;19151;21;1;1;7;6;0;3;1;1;0;4
19152;80885103;19152;52;3;6;1;0;1;0;0;2;0;1
19153;80885105;19153;13;1;3;2;6;0;1;1;1;0;2
19154;80885105;19154;13;2;3;2;6;0;2;1;1;0;3
19155;80886104;19155;51;1;1;7;6;1;0;1;2;0;2
19156;80886104;19156;14;1;1;7;6;0;1;1;1;0;2
19157;80886107;19157;13;1;3;1;6;0;1;1;1;0;2
19158;80887104;19158;14;1;2;1;7;1;0;1;2;0;2
19159;80887208;19159;13;1;1;7;6;0;2;2;1;0;4
19160;80887208;19160;13;1;1;7;6;0;1;2;1;0;3
19161;80897103;19161;13;1;1;7;6;1;0;1;2;0;2
19162;80897501;19162;51;1;1;7;3;0;1;1;1;0;2
19163;80897501;19163;16;1;1;7;6;0;1;4;1;0;5
19164;80897501;19164;16;1;1;7;6;0;2;2;1;0;4
19165;80897501;19165;16;1;7;1;6;0;1;1;1;0;2
19166;80901303;19166;52;5;1;7;0;1;0;0;2;0;1
19167;80907104;19167;51;1;1;1;6;0;1;1;1;0;2
19168;80911503;19168;13;2;1;7;5;1;0;1;2;0;2
19169;80911503;19169;19;1;3;1;6;0;1;1;1;0;2
19170;80911503;19170;16;1;1;7;4;0;1;1;1;0;2
19171;80913501;19171;51;1;1;7;6;0;1;1;1;0;2
19172;80914303;19172;13;1;1;7;6;0;1;1;1;0;2
19173;80915302;19173;21;1;1;7;6;0;4;1;1;0;5
19174;80915306;19174;13;1;1;7;3;0;1;1;1;0;2
19175;80915404;19175;13;3;3;2;6;0;2;0;1;0;2
19176;80915404;19176;17;1;1;7;2;0;1;1;1;0;2
19177;80915404;19177;13;1;1;7;6;0;2;0;1;0;2
19178;80915504;19178;31;1;3;2;4;0;1;1;1;0;2
19179;80915504;19179;13;1;1;7;5;0;1;1;1;0;2
19180;80917206;19180;17;1;1;7;1;0;1;1;1;0;2
19181;80917207;19181;16;1;1;7;6;0;1;1;1;0;2
19182;80917305;19182;16;1;1;7;5;1;0;1;2;0;2
19183;80917402;19183;21;3;6;7;6;0;6;1;1;0;7
19184;80917405;19184;52;1;1;2;0;1;0;0;2;0;1
19185;80917405;19185;13;1;1;7;3;0;1;1;1;0;2
19186;80917406;19186;52;3;2;2;0;2;2;0;2;0;4
19187;80917406;19187;17;2;1;7;2;0;1;1;1;0;2
19188;81691507;19188;19;1;1;7;7;1;0;1;2;0;2
19189;81691507;19189;11;3;1;7;6;0;1;1;1;0;2
19190;81703107;19190;21;3;1;7;6;0;4;0;1;0;4
19191;81703107;19191;19;3;1;7;6;1;0;1;2;0;2
19192;81703107;19192;19;1;1;7;6;0;2;1;1;0;3
19193;81703107;19193;19;3;6;1;6;0;1;0;1;0;1
19194;81704303;19194;19;1;1;7;4;1;0;1;2;0;2
19195;81704303;19195;19;3;1;7;4;0;1;1;1;0;2
19196;81704303;2634;19;1;1;7;3;0;1;1;1;0;2
19197;81704306;9318;17;1;1;7;2;0;1;1;1;0;2
19198;81705401;19198;42;1;1;7;5;0;1;1;1;0;2
19199;81705401;19199;52;1;1;7;0;0;1;0;1;0;1
19200;81705401;19200;81;1;2;1;0;1;0;0;2;0;1
19201;81705402;19201;11;1;1;7;6;0;2;0;1;0;2
19202;81705405;19202;11;1;3;2;6;1;1;1;2;0;3
19203;81705407;19203;51;1;1;7;6;0;1;2;1;0;3
19204;81705407;19204;11;1;1;7;6;0;1;1;1;0;2
19205;81705407;19205;11;1;1;7;6;0;1;1;1;0;2
19206;81707301;19206;16;1;1;7;6;0;1;1;1;0;2
19207;81707301;19207;16;1;1;7;6;0;1;1;1;0;2
19208;81707301;19208;11;1;1;7;6;1;0;1;2;0;2
19209;81707301;19209;16;1;2;2;6;0;1;1;1;0;2
19210;81707301;19210;16;3;1;7;6;0;3;1;1;0;4
19211;81707301;19211;16;1;1;7;6;0;2;0;1;0;2
19212;81707301;19212;51;3;1;7;6;0;1;1;1;0;2
19213;81711107;19213;14;3;3;1;6;0;1;0;1;0;1
19214;81711112;19214;16;1;1;1;3;0;1;1;1;0;2
19215;81711201;19215;64;1;6;1;3;1;0;1;2;0;2
19216;81711506;19216;71;1;2;2;6;1;0;1;2;0;2
19217;81711506;19217;31;1;1;7;4;0;4;0;1;0;4
19218;81711506;19218;51;1;3;1;6;0;1;2;1;0;3
19219;81713406;19219;31;3;1;7;6;0;1;1;1;0;2
19220;81713406;19220;16;1;1;7;4;0;1;1;1;0;2
19221;81713406;19221;31;1;1;7;6;0;1;1;1;0;2
19222;81713406;18128;81;2;1;7;6;0;2;0;1;0;2
19223;81713408;19223;31;1;1;7;6;1;0;1;2;0;2
19224;81714205;19224;11;3;1;7;6;2;2;0;2;0;4
19225;81714205;19225;51;1;1;7;6;0;1;2;1;0;3
19226;81714205;19226;71;3;2;2;6;1;0;1;2;0;2
19227;81714205;19227;12;3;3;1;6;0;3;3;1;0;6
19228;81714208;19228;72;1;1;7;6;1;0;1;2;0;2
19229;81714208;19229;75;1;1;7;7;0;0;1;3;0;1
19230;81714208;19230;81;1;1;7;5;1;0;1;2;0;2
19231;81721204;19231;81;2;3;1;6;1;0;1;2;0;2
19232;81721204;19232;81;1;1;7;6;0;1;0;1;0;1
19233;81721304;19233;21;1;1;7;6;0;1;1;1;0;2
19234;81721404;19234;16;1;1;7;6;0;4;0;1;0;4
19235;81721404;19235;16;3;1;7;4;1;0;1;2;0;2
19236;81721404;19236;16;1;1;7;6;0;1;2;1;0;3
19237;81721404;19237;11;1;1;7;6;0;1;1;1;0;2
19238;81721404;19238;11;1;1;7;1;1;0;1;2;0;2
19239;81721404;19239;11;3;1;7;6;0;2;0;1;0;2
19240;81721405;19240;17;4;3;2;2;1;0;1;2;0;2
19241;81721405;19241;16;1;1;7;6;0;2;1;1;0;3
19242;81721405;19242;16;1;1;2;5;0;1;1;1;0;2
19243;81721504;19243;14;1;1;7;6;1;0;1;2;0;2
19244;81721504;19244;51;1;1;7;6;1;0;1;2;0;2
19245;81722206;19245;81;1;1;7;7;2;0;1;2;0;3
19246;81722206;19246;11;2;1;7;6;0;1;1;1;0;2
19247;81722310;19247;72;1;1;7;6;0;0;1;3;0;1
19248;81722310;19248;13;2;1;7;6;0;1;1;1;0;2
19249;81722310;19249;13;1;3;1;6;0;2;2;1;0;4
19250;81722310;19250;31;1;1;7;6;0;1;1;1;0;2
19251;81722404;19251;11;1;1;7;6;1;0;1;2;0;2
19252;81722504;19252;14;1;1;7;4;0;1;1;1;0;2
19253;81722504;19253;14;1;1;7;4;0;2;0;1;0;2
19254;81722513;19254;41;1;1;7;6;0;1;1;1;0;2
19255;81722513;19255;51;1;1;7;6;0;1;1;1;0;2
19256;81723101;19256;16;1;1;7;4;1;0;1;2;0;2
19257;81723101;19257;16;1;1;7;3;1;0;1;2;0;2
19258;81723101;17279;17;1;1;7;2;0;1;2;1;0;3
19259;81723101;19259;51;1;1;1;6;0;2;2;1;0;4
19260;81723101;19260;11;1;1;7;6;0;1;1;1;0;2
19261;81723101;19261;16;1;1;7;4;0;1;1;1;0;2
19262;81723403;19262;27;1;1;7;9;0;1;0;1;0;1
19263;81724401;19263;52;1;1;7;0;2;0;0;2;0;2
19264;81724401;19264;81;1;1;7;6;0;3;0;1;0;3
19265;81724401;19265;71;3;1;7;6;1;0;1;2;0;2
19266;81724401;19266;16;1;1;7;3;1;0;1;2;0;2
19267;81724405;19267;17;1;2;2;1;1;0;1;2;0;2
19268;81724406;19268;13;1;1;7;6;0;2;2;1;0;4
19269;81725502;19269;11;1;1;7;6;1;1;0;2;0;2
19270;81725502;19270;11;1;1;7;6;1;0;1;2;0;2
19271;81725502;19271;11;1;1;7;6;1;0;1;2;0;2
19272;81725502;19272;71;3;1;7;6;1;0;1;2;0;2
19273;81726302;19273;14;1;1;7;3;0;1;1;1;0;2
19274;81726305;19274;64;1;1;7;6;0;1;1;1;0;2
19275;81726402;19275;14;2;1;7;4;0;1;1;1;0;2
19276;81726404;19276;35;3;7;2;3;0;1;0;1;0;1
19277;81726407;19277;51;1;1;7;4;0;1;1;1;0;2
19278;81726501;19278;18;1;1;1;6;1;0;1;2;0;2
19279;81727209;19279;13;5;1;7;4;0;1;1;1;0;2
19280;81727301;19280;16;1;1;7;6;0;1;1;1;0;2
19281;81727301;19281;11;3;1;1;6;0;1;2;1;0;3
19282;81731203;19282;41;1;3;2;6;1;0;1;2;0;2
19283;81731204;19283;64;1;1;7;6;1;0;1;2;0;2
19284;81731206;19284;13;1;1;7;5;0;1;1;1;0;2
19285;81732104;19285;53;1;3;2;4;1;0;1;2;0;2
19286;81732303;727;21;1;1;7;6;1;0;1;2;0;2
19287;81733201;19287;51;1;1;7;7;1;0;1;2;0;2
19288;81733401;19288;16;1;1;7;5;1;0;1;2;0;2
19289;81734205;19289;72;1;1;7;6;1;0;1;2;0;2
19290;81735101;19290;13;3;3;1;4;1;0;1;2;0;2
19291;81735202;19291;13;1;1;7;6;1;1;0;2;0;2
19292;81735202;19292;13;1;1;7;4;0;1;1;1;0;2
19293;81735202;19293;13;3;1;7;8;0;1;1;1;0;2
19294;81735301;19294;13;1;1;7;6;0;1;1;1;0;2
19295;81735301;19295;13;1;1;7;6;0;3;0;1;0;3
19296;81735305;19296;13;2;1;7;6;0;1;2;1;0;3
19297;81735305;19297;16;1;1;7;6;1;0;2;2;0;3
19298;81735305;19298;13;1;1;7;6;0;1;2;1;0;3
19299;81736105;19299;13;1;1;7;6;0;1;1;1;0;2
19300;81736105;19300;16;3;1;7;4;1;0;1;2;0;2
19301;81736105;19301;13;2;3;1;5;1;2;1;2;0;4
19302;81737103;19302;71;1;1;7;6;1;0;1;2;0;2
19303;81737103;19303;41;3;1;7;6;0;1;1;1;0;2
19304;81737103;19304;71;1;1;7;6;1;0;1;2;0;2
19305;81737105;19305;52;1;1;7;2;0;1;1;1;0;2
19306;81741102;19306;71;1;1;7;6;0;1;1;1;0;2
19307;81741406;19307;32;1;1;7;6;0;1;1;1;0;2
19308;81741407;19308;11;1;1;7;6;0;1;1;1;0;2
19309;81741501;19309;52;1;1;7;0;0;0;0;3;0;0
19310;81741501;19310;35;2;1;7;4;0;1;1;1;0;2
19311;81741501;19311;52;1;1;7;0;0;1;0;1;0;1
19312;81741501;19312;52;1;1;7;0;0;2;1;1;0;3
19313;81741501;19313;51;2;1;7;3;0;1;0;1;0;1
19314;81741506;19314;17;1;1;7;2;1;0;1;2;0;2
19315;81741512;19315;71;1;1;7;6;1;0;1;2;0;2
19316;81741515;19316;17;4;3;1;2;0;1;1;1;0;2
19317;81741515;19317;17;1;1;7;2;0;1;1;1;0;2
19318;81741516;19318;71;3;3;1;6;3;1;1;2;0;5
19319;81741516;19319;17;3;1;7;2;0;1;1;1;0;2
19320;81741516;19320;71;2;1;7;6;0;1;1;1;0;2
19321;81743503;19321;21;1;1;7;6;0;1;2;1;0;3
19322;81744401;19322;72;1;1;7;6;1;0;1;2;0;2
19323;81744401;19323;16;1;1;1;4;0;1;1;1;0;2
19324;81744515;19324;71;1;3;2;6;0;2;1;1;0;3
19325;81744515;19325;81;3;3;1;6;0;1;3;1;0;4
19326;81744515;19326;21;1;1;7;6;0;2;1;1;0;3
19327;81744515;19327;99;1;1;7;2;1;0;1;2;0;2
19328;81744515;19328;52;1;4;4;2;0;1;1;1;0;2
19329;81744515;19329;11;1;3;1;2;0;2;1;1;0;3
19330;81744515;19330;32;1;1;7;7;0;1;1;1;0;2
19331;81747504;19331;51;1;3;2;6;0;1;1;1;0;2
19332;81747504;19332;51;1;1;7;6;0;1;1;1;0;2
19333;81747505;19333;51;3;1;7;6;0;2;0;1;0;2
19334;81747505;19334;65;1;1;7;6;0;1;1;1;0;2
19335;81747506;19335;11;1;1;7;6;1;0;1;2;0;2
19336;81747506;19336;11;1;3;2;6;0;2;0;1;0;2
19337;81751101;19337;13;1;3;1;4;0;1;1;1;0;2
19338;81751105;19338;71;1;1;7;6;1;0;1;2;0;2
19339;81751105;19339;17;1;3;2;2;0;1;1;1;0;2
19340;81751108;19340;17;1;1;7;1;0;1;1;1;0;2
19341;81751201;19341;71;2;1;7;6;0;1;1;1;0;2
19342;81751201;19342;72;1;1;7;6;1;0;1;2;0;2
19343;81751201;19343;51;3;1;7;6;0;1;2;1;0;3
19344;81751202;19344;19;1;1;7;5;0;1;1;1;0;2
19345;81751202;19345;52;3;1;7;6;0;1;1;1;0;2
19346;81751207;19346;21;3;1;7;6;0;1;1;1;0;2
19347;81751218;19347;11;1;1;7;6;0;1;1;1;0;2
19348;81751218;19348;52;1;1;1;0;0;1;1;1;0;2
19349;81751218;19349;52;2;1;7;0;0;1;0;1;0;1
19350;81752108;10248;52;1;1;7;0;0;1;0;1;0;1
19351;81752108;19351;41;3;1;7;6;1;0;1;2;0;2
19352;81752108;19352;72;1;1;7;6;0;1;1;1;0;2
19353;81752204;19353;19;3;1;2;6;0;1;1;1;0;2
19354;81753201;19354;52;1;3;1;0;0;0;0;3;0;0
19355;81753201;19355;16;1;1;7;6;0;0;2;0;0;2
19356;81753201;19356;52;1;1;7;0;1;0;0;2;0;1
19357;81753201;19357;51;1;1;7;6;0;2;1;1;0;3
19358;81753201;19358;51;1;1;7;6;0;2;1;1;0;3
19359;81753201;19359;16;1;1;7;6;0;1;1;1;0;2
19360;81753201;19360;16;1;1;7;6;0;4;0;1;0;4
19361;81753201;19361;16;1;1;7;6;0;1;0;1;0;1
19362;81753201;19362;52;1;1;7;7;0;1;1;1;0;2
19363;81753201;19363;16;3;1;7;6;0;6;0;1;0;6
19364;81753201;19364;21;1;1;7;5;0;2;1;1;0;3
19365;81753201;19365;81;1;1;7;7;0;0;1;3;0;1
19366;81753201;19366;16;5;1;7;6;0;2;0;1;0;2
19367;81753201;19367;16;5;3;1;6;0;2;2;1;0;4
19368;81753201;19368;16;1;1;7;6;0;5;1;1;0;6
19369;81753201;1472;16;5;3;1;6;0;1;1;1;0;2
19370;81753201;19370;11;1;1;7;7;0;0;1;3;0;1
19371;81753201;19371;16;2;1;2;6;0;2;2;1;0;4
19372;81753201;19372;71;1;1;7;6;0;1;1;1;0;2
19373;81754401;19373;13;1;1;2;6;0;1;1;1;0;2
19374;81754507;19374;17;1;1;7;2;0;1;1;1;0;2
19375;81755102;16317;11;1;1;7;6;1;0;1;2;0;2
19376;81755102;19376;52;1;1;7;0;0;3;0;1;0;3
19377;81755102;19377;51;1;3;2;6;0;1;1;1;0;2
19378;81755102;19378;81;3;1;7;6;0;1;1;1;0;2
19379;81755102;19379;11;3;1;7;6;1;1;1;2;0;3
19380;81755102;19380;41;1;1;7;6;0;1;1;1;0;2
19381;81755102;19381;81;1;1;7;6;0;3;0;1;0;3
19382;81755102;3025;81;2;1;7;6;0;1;1;1;0;2
19383;81755204;19383;13;1;3;2;5;0;1;1;1;0;2
19384;81755204;19384;72;3;1;7;6;1;0;1;2;0;2