accident_id;lieu_id;date_id;cause_id;lum_id;intemp_id;etat_surface_id;impliq_id;nb_blesses_graves;nb_blesses_legers;nb_indemnes;gravite;nb_morts;nb_impliqués
19385;81755204;19385;13;5;1;7;6;0;1;1;1;0;2
19386;81755204;19386;13;3;1;7;6;0;1;2;1;0;3
19387;81755301;19387;13;3;2;1;6;0;1;1;1;0;2
19388;81755304;19388;41;1;1;2;6;0;0;2;0;0;2
19389;81755304;19389;81;3;1;7;0;0;2;0;1;0;2
19390;81755304;19390;14;1;1;7;6;0;1;1;1;0;2
19391;81755304;19391;14;3;4;3;6;0;1;1;1;0;2
19392;81755304;19392;51;1;1;7;6;0;1;1;1;0;2
19393;81755304;14413;16;3;3;1;4;0;1;1;1;0;2
19394;81755304;19394;13;1;3;2;6;0;1;1;1;0;2
19395;81755305;19395;19;3;1;1;6;0;1;1;1;0;2
19396;81755305;19396;24;1;1;7;2;0;1;1;1;0;2
19397;81755307;19397;81;3;1;7;6;0;1;3;1;0;4
19398;81755308;19398;13;1;1;7;4;0;2;1;1;0;3
19399;81755401;19399;14;1;1;7;6;0;1;1;1;0;2
19400;81755405;19400;71;1;1;7;6;0;1;1;1;0;2
19401;81755406;19401;31;1;1;7;6;0;1;1;1;0;2
19402;81755406;19402;71;1;1;7;6;1;0;1;2;0;2
19403;81755501;19403;41;5;3;1;6;0;1;2;1;0;3
19404;81755502;19404;14;1;1;7;6;0;2;1;1;0;3
19405;81756101;19405;11;1;1;7;6;0;1;1;1;0;2
19406;81756102;19406;51;3;2;2;6;0;1;2;1;0;3
19407;81756102;19407;52;1;1;7;0;0;2;0;1;0;2
19408;81756102;19408;35;5;1;1;4;0;1;1;1;0;2
19409;81756102;19409;35;2;1;7;8;0;1;2;1;0;3
19410;81756203;19410;24;1;1;7;2;0;1;1;1;0;2
19411;81756204;19411;13;1;1;7;6;0;1;1;1;0;2
19412;81756205;19412;18;5;1;7;6;0;1;2;1;0;3
19413;81756206;8817;41;3;3;1;6;0;1;1;1;0;2
19414;81756503;19414;41;1;1;7;6;0;1;1;1;0;2
19415;81756503;19415;41;1;1;7;6;0;1;1;1;0;2
19416;81757111;19416;13;1;2;1;6;0;4;0;1;0;4
19417;81757111;19417;13;1;1;7;4;0;1;1;1;0;2
19418;81757113;19418;19;1;3;2;6;0;1;2;1;0;3
19419;81757113;19419;19;1;1;7;6;0;2;0;1;0;2
19420;81757113;19420;19;1;1;7;6;0;1;1;1;0;2
19421;81757201;19421;17;1;3;2;2;0;1;1;1;0;2
19422;81757201;19422;51;1;1;7;5;0;2;1;1;0;3
19423;81757201;19423;52;1;1;7;0;0;1;0;1;0;1
19424;81757207;19424;19;5;3;1;4;0;1;1;1;0;2
19425;81757401;19425;51;1;3;2;0;0;1;1;1;0;2
19426;81757401;19426;14;1;1;7;6;0;4;2;1;0;6
19427;81757401;19427;21;1;1;1;6;0;1;2;1;0;3
19428;81757501;19428;24;1;1;7;2;1;0;1;2;0;2
19429;81757504;19429;72;1;1;7;3;1;0;1;2;0;2
19430;81761307;19430;14;1;3;2;6;0;2;0;1;0;2
19431;81761307;19431;14;1;1;7;6;0;1;2;1;0;3
19432;81761307;19432;14;1;1;7;6;0;1;1;1;0;2
19433;81761307;19433;64;1;1;7;6;0;1;1;1;0;2
19434;81761307;19434;51;3;1;7;6;0;2;1;1;0;3
19435;81761307;19435;19;1;1;7;6;0;1;2;1;0;3
19436;81761307;19436;16;1;1;7;6;0;3;1;1;0;4
19437;81761307;19437;16;1;1;7;6;0;1;1;1;0;2
19438;81761307;19438;16;5;1;7;6;0;1;1;1;0;2
19439;81761307;19439;51;1;3;1;6;0;1;1;1;0;2
19440;81761307;19440;16;1;1;2;6;0;1;2;1;0;3
19441;81761307;19441;18;1;1;7;6;0;3;2;1;0;5
19442;81761307;19442;16;1;2;2;6;0;2;1;1;0;3
19443;81761307;19443;16;5;1;7;6;0;2;3;1;0;5
19444;81761307;19444;16;1;1;7;6;0;1;1;1;0;2
19445;81761307;19445;16;3;1;7;6;0;1;1;1;0;2
19446;81761307;19446;16;3;1;7;6;0;3;1;1;0;4
19447;81761307;19447;16;3;3;2;6;0;1;3;1;0;4
19448;81762201;19448;82;3;1;7;0;0;1;0;1;0;1
19449;81762201;19449;52;3;1;7;2;0;1;1;1;0;2
19450;81762201;19450;19;1;3;2;8;0;2;1;1;0;3
19451;81762201;19451;51;1;1;1;6;0;1;1;1;0;2
19452;81762201;19452;81;1;1;7;5;0;2;1;1;0;3
19453;81762201;19453;81;1;1;7;0;0;1;2;1;0;3
19454;81762201;19454;19;2;3;1;6;0;2;0;1;0;2
19455;81762201;19455;53;3;1;7;6;0;2;1;1;0;3
19456;81762201;19456;81;1;1;7;6;0;1;0;1;0;1
19457;81762201;19457;19;1;1;7;6;0;2;2;1;0;4
19458;81762201;19458;19;3;1;2;6;0;3;0;1;0;3
19459;81762201;19459;19;1;3;2;6;0;1;1;1;0;2
19460;81762201;19460;19;1;1;7;6;0;1;1;1;0;2
19461;81762203;19461;52;5;1;1;0;1;1;0;2;0;2
19462;81762203;19462;52;1;2;1;6;1;2;3;2;0;6
19463;81762212;19463;52;5;1;1;0;0;1;0;1;0;1
19464;81762307;19464;23;3;1;7;5;0;1;1;1;0;2
19465;81762403;19465;71;1;1;7;6;0;1;1;1;0;2
19466;81762501;19466;72;1;1;7;6;0;1;1;1;0;2
19467;81762502;19467;13;1;1;7;4;0;2;1;1;0;3
19468;81762502;19468;13;1;1;7;6;0;2;1;1;0;3
19469;81762502;19469;14;1;1;7;6;0;1;2;1;0;3
19470;81762502;19470;14;1;1;7;6;0;1;1;1;0;2
19471;81763102;19471;52;1;1;7;0;0;1;0;1;0;1
19472;81763102;19472;14;1;1;7;6;0;1;1;1;0;2
19473;81763205;19473;14;3;2;2;6;0;1;3;1;0;4
19474;81763205;19474;14;1;1;7;4;0;1;1;1;0;2
19475;81763205;19475;14;5;1;7;6;0;2;1;1;0;3
19476;81763205;19476;14;5;1;7;6;0;1;2;1;0;3
19477;81763205;19477;14;5;1;7;6;0;2;1;1;0;3
19478;81763205;19478;14;1;1;7;6;0;3;1;1;0;4
19479;81763205;19479;14;1;1;7;6;0;1;2;1;0;3
19480;81763205;19480;14;1;1;7;6;0;3;2;1;0;5
19481;81763205;19481;14;1;1;7;6;0;4;1;1;0;5
19482;81763205;19482;14;3;3;2;6;0;2;2;1;0;4
19483;81763213;19483;19;3;1;2;7;0;1;1;1;0;2
19484;81763213;19484;19;1;1;7;6;0;2;0;1;0;2
19485;81763213;10581;19;1;1;7;6;0;1;2;1;0;3
19486;81763213;19486;19;1;1;7;6;0;1;1;1;0;2
19487;81763213;19487;19;1;1;7;6;0;1;1;1;0;2
19488;81763213;19488;19;3;1;2;6;0;1;2;1;0;3
19489;81763213;19489;19;1;1;2;4;1;0;1;2;0;2
19490;81763213;19490;19;3;1;7;6;0;3;0;1;0;3
19491;81763213;19491;19;1;1;7;8;0;5;0;1;0;5
19492;81763213;19492;19;1;1;7;6;0;1;1;1;0;2
19493;81763213;19493;19;1;1;7;6;0;1;2;1;0;3
19494;81763213;19494;19;1;1;7;5;0;1;1;1;0;2
19495;81763213;19495;19;1;1;7;6;0;1;1;1;0;2
19496;81763213;19496;13;1;1;7;6;0;2;0;1;0;2
19497;81763213;19497;13;1;1;7;6;0;1;1;1;0;2
19498;81763213;19498;13;4;3;1;6;0;1;1;1;0;2
19499;81763213;19499;13;1;2;1;6;0;1;1;1;0;2
19500;81763213;19500;13;1;1;7;6;0;1;1;1;0;2
19501;81763213;19501;13;3;3;1;6;0;2;0;3;0;2
19502;81763213;19502;13;1;3;2;6;0;1;1;1;0;2
19503;81763213;19503;13;1;1;7;6;0;1;1;1;0;2
19504;81763213;19504;13;1;1;7;6;0;2;2;1;0;4
19505;81763213;19505;13;1;3;2;6;0;2;2;1;0;4
19506;81763214;19506;41;1;1;7;6;1;0;1;2;0;2
19507;81763302;19507;19;1;1;7;4;0;1;1;1;0;2
19508;81763302;19508;19;1;2;1;6;0;1;1;1;0;2
19509;81763302;19509;11;1;1;7;2;1;0;1;2;0;2
19510;81763302;19510;81;3;1;7;6;0;2;0;1;0;2
19511;81763307;19511;41;3;1;7;6;0;3;1;1;0;4
19512;81763307;19512;13;2;1;7;5;1;0;1;2;0;2
19513;81763307;19513;13;1;1;7;5;0;1;1;1;0;2
19514;81763307;19514;12;1;2;2;6;0;2;1;1;0;3
19515;81763308;19515;71;1;1;7;6;0;1;1;1;0;2
19516;81763308;19516;13;1;1;7;4;0;1;1;1;0;2
19517;81763309;19517;72;1;1;7;6;1;0;1;2;0;2
19518;81763310;19518;71;1;1;7;6;0;1;1;1;0;2
19519;81763311;19519;15;1;3;2;7;0;1;2;1;0;3
19520;81763311;19520;15;1;1;7;7;0;2;1;1;0;3
19521;81763311;19521;13;1;1;7;6;0;1;1;1;0;2
19522;81763311;19522;13;3;1;7;6;0;4;2;1;0;6
19523;81763311;19523;13;3;1;7;6;0;3;0;1;0;3
19524;81763402;19524;21;1;1;7;6;0;1;1;1;0;2
19525;81763403;19525;14;1;1;7;6;0;2;1;1;0;3
19526;81763404;19526;63;1;1;7;4;0;1;1;1;0;2
19527;81763404;19527;64;3;1;7;6;0;1;1;1;0;2
19528;81763405;19528;13;1;1;7;6;0;1;1;1;0;2
19529;81763405;19529;19;1;1;7;4;0;1;1;1;0;2
19530;81763405;19530;71;2;3;2;6;0;1;1;1;0;2
19531;81763406;19531;17;3;1;7;2;0;1;1;1;0;2
19532;81763406;19532;17;2;1;7;2;0;1;1;1;0;2
19533;81763406;19533;19;1;3;2;6;0;1;1;1;0;2
19534;81764101;19534;72;1;1;7;6;0;1;1;1;0;2
19535;81764202;19535;11;1;1;7;2;0;1;1;1;0;2
19536;81764202;19536;81;1;1;2;6;1;0;1;2;0;2
19537;81764203;19537;11;1;1;7;6;1;2;1;2;0;4
19538;81764203;19538;24;3;1;7;6;0;1;2;1;0;3
19539;81764203;19539;11;1;1;7;6;0;1;1;1;0;2
19540;81764203;16892;17;1;1;1;2;0;1;1;1;0;2
19541;81764204;19541;81;3;1;7;6;0;1;1;1;0;2
19542;81764204;19542;19;1;3;2;6;0;3;1;1;0;4
19543;81764204;19543;19;1;1;7;6;0;1;1;1;0;2
19544;81764204;19544;19;1;3;1;6;0;1;1;1;0;2
19545;81764204;19545;19;1;1;7;6;0;2;1;1;0;3
19546;81764204;19546;19;5;1;7;6;0;1;1;1;0;2
19547;81764204;19547;19;5;1;7;7;0;2;2;1;0;4
19548;81764204;19548;19;1;1;7;6;0;2;1;1;0;3
19549;81764204;19549;19;1;1;7;6;1;1;1;2;0;3
19550;81764204;19550;19;1;1;7;6;0;1;1;1;0;2
19551;81764204;19551;11;3;1;7;6;0;1;2;1;0;3
19552;81764204;19552;13;1;1;7;6;0;2;3;1;0;5
19553;81764301;19553;41;1;1;7;6;0;1;1;1;0;2
19554;81764301;19554;51;1;3;1;6;0;1;2;1;0;3
19555;81764303;19555;41;1;1;7;3;0;1;1;1;0;2
19556;81764309;19556;13;1;1;7;4;0;1;1;1;0;2
19557;81764401;19557;81;3;1;7;6;0;1;2;1;0;3
19558;81764401;19558;17;1;1;7;2;0;1;1;1;0;2
19559;81764401;19559;11;1;1;7;6;0;1;1;1;0;2
19560;81764401;19560;11;3;3;1;6;0;1;1;1;0;2
19561;81764401;19561;16;3;1;7;6;0;1;2;1;0;3
19562;81764401;19562;11;1;1;7;5;0;1;1;1;0;2
19563;81764411;19563;14;1;1;7;3;0;1;1;1;0;2
19564;81764411;19564;14;1;1;7;6;0;1;1;1;0;2
19565;81764411;19565;86;1;1;7;2;0;1;1;1;0;2
19566;81764412;19566;16;2;1;7;5;0;1;1;1;0;2
19567;81764502;5545;16;3;3;2;5;0;4;1;1;0;5
19568;81764503;19568;64;1;1;7;6;0;1;1;1;0;2
19569;81764507;19569;19;1;1;7;4;0;1;1;1;0;2
19570;81765101;19570;71;1;1;1;6;0;1;1;1;0;2
19571;81765101;19571;71;1;1;7;6;0;1;1;1;0;2
19572;81765104;19572;71;1;1;7;6;0;1;1;1;0;2
19573;81765107;19573;72;3;1;7;6;0;1;1;1;0;2
19574;81765107;19574;72;1;1;7;6;0;1;1;1;0;2
19575;81765107;19575;14;1;3;2;6;0;1;2;1;0;3
19576;81765111;6362;13;1;1;7;6;0;4;0;1;0;4
19577;81765201;19577;71;1;1;7;8;1;0;1;2;0;2
19578;81765203;19578;11;1;1;7;6;0;1;1;1;0;2
19579;81765204;19579;11;3;1;7;6;0;1;0;1;0;1
19580;81765204;19580;42;1;1;7;6;0;1;2;1;0;3
19581;81765204;19581;71;1;1;7;6;1;0;1;2;0;2
19582;81765204;19582;11;1;1;7;6;0;1;1;1;0;2
19583;81765204;19583;51;1;1;7;6;0;1;2;1;0;3
19584;81765206;19584;81;3;1;7;0;0;1;1;1;0;2
19585;81765206;19585;17;1;1;7;2;0;1;1;1;0;2
19586;81765206;19586;17;1;1;7;2;0;1;1;1;0;2
19587;81765303;19587;85;3;1;7;6;0;1;1;1;0;2
19588;81765304;19588;17;3;2;2;2;0;2;1;1;0;3
19589;81765304;19589;18;5;1;7;6;0;1;1;1;0;2
19590;81765304;19590;17;1;1;7;2;0;1;1;1;0;2
19591;81765405;19591;11;1;1;7;6;0;1;1;1;0;2
19592;81765407;19592;13;3;3;1;6;0;1;1;1;0;2
19593;81765407;19593;14;3;3;2;3;0;1;1;1;0;2
19594;81765421;19594;51;3;1;7;6;0;2;1;1;0;3
19595;81765421;19595;52;1;1;7;0;0;3;0;1;0;3
19596;81765421;19596;52;3;1;7;0;0;1;0;1;0;1
19597;81766105;19597;52;3;1;7;0;0;1;1;1;0;2
19598;81766201;19598;13;1;3;2;4;0;1;1;1;0;2
19599;81766201;19599;14;1;1;7;4;0;1;1;1;0;2
19600;81766201;19600;71;1;1;7;6;1;0;1;2;0;2
19601;81766201;19601;13;2;1;7;4;0;1;1;1;0;2
19602;81766201;19602;64;1;1;7;5;0;2;0;1;0;2
19603;81766202;19603;21;3;1;7;6;0;1;1;1;0;2
19604;81766202;19604;17;3;1;7;2;0;2;1;1;0;3
19605;81766202;19605;71;1;1;7;6;0;1;1;1;0;2
19606;81766202;19606;17;5;1;7;2;1;0;1;2;0;2
19607;81766202;19607;51;1;1;7;6;0;1;1;1;0;2
19608;81766203;19608;81;3;1;7;5;0;1;1;1;0;2
19609;81766203;19609;31;1;1;7;6;0;1;1;1;0;2
19610;81766203;19610;72;1;3;2;6;0;1;1;1;0;2
19611;81766203;19611;16;3;1;7;4;0;1;1;1;0;2
19612;81766203;19612;21;1;1;7;4;0;1;1;1;0;2
19613;81766203;19613;23;5;3;1;6;0;2;0;1;0;2
19614;81766204;19614;17;1;3;2;2;1;0;1;2;0;2
19615;81766204;19615;17;1;1;7;1;0;1;1;1;0;2
19616;81766204;19616;19;1;1;7;6;1;0;1;2;0;2
19617;81766204;19617;22;1;1;7;6;0;1;1;1;0;2
19618;81766204;19618;17;1;1;7;1;2;0;1;2;0;3
19619;81766204;19619;19;1;1;7;4;1;0;1;2;0;2
19620;81766204;19620;17;1;1;1;1;0;1;1;1;0;2
19621;81766205;19621;71;1;1;7;6;0;1;1;1;0;2
19622;81766302;19622;71;1;1;7;6;0;1;1;1;0;2
19623;81766302;19623;13;3;1;7;6;0;1;1;1;0;2
19624;81766302;19624;52;1;1;7;0;0;1;0;1;0;1
19625;81766302;19625;24;2;1;7;6;0;1;2;1;0;3
19626;81766302;19626;19;1;1;7;6;0;1;2;1;0;3
19627;81766302;19627;19;1;3;2;6;0;2;1;1;0;3
19628;81766302;19628;19;1;1;7;6;0;2;1;1;0;3
19629;81766302;19629;71;3;1;7;6;1;0;1;2;0;2
19630;81766302;19630;17;1;1;7;2;0;1;1;1;0;2
19631;81766302;19631;19;1;1;7;6;0;1;1;1;0;2
19632;81766302;19632;16;1;1;7;6;0;2;1;1;0;3
19633;81766303;19633;17;1;1;7;2;0;1;1;1;0;2
19634;81766303;19624;17;1;1;7;1;0;0;1;3;0;1
19635;81766303;19635;11;1;1;7;6;0;1;1;1;0;2
19636;81766303;19636;17;1;1;7;2;0;0;1;3;0;1
19637;81766303;19637;16;1;1;7;6;0;1;1;1;0;2
19638;81766303;19638;11;1;1;7;6;0;3;0;1;0;3
19639;81766303;19639;52;1;1;7;0;0;1;1;1;0;2
19640;81766406;19640;41;3;1;7;6;3;2;0;2;0;5
19641;81766406;19641;13;1;1;7;4;0;2;0;1;0;2
19642;81766406;19642;19;1;1;2;6;0;3;1;1;0;4
19643;81766406;19643;16;1;1;7;6;1;0;1;2;0;2
19644;81766406;19644;17;1;3;2;1;0;1;1;1;0;2
19645;81766406;19645;71;1;3;2;6;0;1;1;1;0;2
19646;81766406;19646;41;3;1;7;6;0;1;1;1;0;2
19647;81766407;19647;71;1;1;7;7;1;0;1;2;0;2
19648;81766408;19648;52;3;3;2;0;2;0;0;2;0;2
19649;81767101;19649;17;1;1;7;1;0;1;1;1;0;2
19650;81767101;8862;71;3;3;1;6;0;1;2;1;0;3
19651;81767102;19651;71;1;1;1;6;0;1;1;1;0;2
19652;81767102;19652;17;3;1;7;2;0;1;1;1;0;2
19653;81767102;19653;17;1;1;7;2;0;1;1;1;0;2
19654;81767102;19654;85;5;1;7;4;0;1;1;1;0;2
19655;81767102;1078;17;3;1;7;1;0;1;1;1;0;2
19656;81767103;19656;71;1;1;7;6;0;1;1;1;0;2
19657;81767103;19657;71;1;1;7;6;0;1;1;1;0;2
19658;81767105;19658;16;1;1;7;6;0;2;2;1;0;4
19659;81767105;19659;16;1;1;7;4;0;2;2;1;0;4
19660;81767105;19660;11;1;1;2;6;0;2;1;1;0;3
19661;81767105;19661;16;5;3;1;6;0;2;2;1;0;4
19662;81767105;19662;16;5;3;1;5;0;1;1;1;0;2
19663;81767105;8951;52;1;1;7;6;0;1;3;1;0;4
19664;81767105;19664;11;3;1;7;6;0;1;1;1;0;2
19665;81767105;19665;16;1;1;7;6;0;2;1;1;0;3
19666;81767106;19666;19;1;1;7;6;0;1;2;1;0;3
19667;81767301;19667;22;1;1;7;6;0;1;1;1;0;2
19668;81767301;19668;81;3;1;7;6;0;1;0;1;0;1
19669;81767301;19669;17;1;3;1;2;0;1;0;3;0;1
19670;81767302;19670;21;3;1;7;8;0;4;2;1;0;6
19671;81767304;19671;16;1;1;7;6;0;3;1;1;0;4
19672;81767304;19672;41;5;1;7;6;0;1;1;1;0;2
19673;81767305;19673;17;2;1;7;2;1;0;1;2;0;2
19674;81767305;19674;17;3;1;7;2;0;1;1;1;0;2
19675;81767305;16588;71;2;1;7;6;0;1;1;1;0;2
19676;81767308;19676;71;2;1;7;6;0;1;1;1;0;2
19677;81767308;19174;64;1;1;7;6;1;0;1;2;0;2
19678;81767308;19678;72;1;1;7;6;0;1;1;1;0;2
19679;81767308;19679;71;1;1;7;6;0;1;1;1;0;2
19680;81767402;19680;14;1;1;7;6;0;1;1;1;0;2
19681;81767402;19681;14;1;1;7;6;0;2;0;1;0;2
19682;81767403;19682;21;1;1;7;6;0;2;0;1;0;2
19683;81771301;19683;16;1;1;7;6;0;1;1;1;0;2
19684;81771302;19684;52;3;1;7;0;1;0;0;3;0;1
19685;81771509;19685;41;1;1;1;6;0;1;1;1;0;2
19686;81771509;19686;72;1;1;7;9;1;0;1;2;0;2
19687;81772104;19687;11;3;1;7;6;0;1;2;1;0;3
19688;81772104;19688;11;1;1;7;6;0;1;1;1;0;2
19689;81772105;19689;63;5;1;7;4;0;2;1;1;0;3
19690;81772105;19690;35;1;1;7;3;1;0;1;2;0;2
19691;81772304;19691;17;1;3;2;1;0;1;1;1;0;2
19692;81772304;19692;51;1;1;7;6;1;0;1;2;0;2
19693;81772402;19693;16;3;1;7;6;1;0;0;2;0;1
19694;81772402;19694;17;1;1;2;2;0;1;1;1;0;2
19695;81772501;19695;18;4;1;7;6;0;2;1;1;0;3
19696;81772501;19696;11;3;1;7;6;0;1;1;1;0;2
19697;81772501;19697;11;1;1;7;6;0;2;2;1;0;4
19698;81773102;19698;19;1;1;7;6;0;2;1;1;0;3
19699;81773102;19699;19;1;3;2;6;0;3;1;1;0;4
19700;81773102;19700;19;1;1;7;6;0;1;1;1;0;2
19701;81773102;19701;19;1;1;7;6;0;1;1;1;0;2
19702;81773102;15199;19;1;1;7;6;1;0;1;2;0;2
19703;81773103;19703;13;1;1;7;6;0;1;1;1;0;2
19704;81773103;19704;13;1;1;1;6;0;2;1;1;0;3
19705;81773103;19705;13;3;1;2;4;1;1;0;2;0;2
19706;81773103;19706;13;3;1;7;6;0;4;0;1;0;4
19707;81773103;19707;13;1;1;7;8;1;1;1;2;0;3
19708;81773103;19708;13;1;1;7;3;0;2;0;1;0;2
19709;81773103;19709;13;1;1;7;6;0;2;1;1;0;3
19710;81773104;19710;41;1;1;7;3;0;1;1;1;0;2
19711;81773201;19711;16;1;1;7;6;0;1;1;1;0;2
19712;81773202;19712;11;1;1;7;6;0;1;1;1;0;2
19713;81773203;19713;11;3;1;7;6;0;1;1;1;0;2
19714;81773203;19714;21;1;1;7;6;0;1;2;1;0;3
19715;81773203;19715;17;1;1;7;2;0;1;1;1;0;2
19716;81773203;19716;11;2;1;7;6;0;2;1;1;0;3
19717;81773204;19717;16;3;1;7;6;0;1;2;1;0;3
19718;81773204;19718;17;1;1;2;2;1;1;0;2;0;2
19719;81774104;19719;17;1;1;7;2;0;2;1;1;0;3
19720;81774202;19720;51;1;1;7;6;0;1;1;1;0;2
19721;81774202;19721;11;3;1;7;6;0;1;0;1;0;1
19722;81774202;19722;11;1;3;2;6;0;1;1;1;0;2
19723;81774202;19723;41;1;1;7;2;0;1;1;1;0;2
19724;81774202;19724;11;1;1;7;6;0;1;1;1;0;2
19725;81774202;19725;16;1;3;2;6;0;3;0;1;0;3
19726;81774202;19726;11;3;1;2;6;0;2;1;1;0;3
19727;81774202;19727;11;5;1;7;4;0;1;1;1;0;2
19728;81774202;17873;17;1;1;7;1;0;1;1;1;0;2
19729;81774202;19729;11;3;1;7;6;0;1;1;1;0;2
19730;81774202;19730;11;3;1;7;2;0;2;1;1;0;3
19731;81774203;19731;19;1;2;2;4;0;1;1;1;0;2
19732;81774203;19732;21;3;3;2;5;0;1;1;1;0;2
19733;81774203;19733;19;1;1;7;4;0;1;1;1;0;2
19734;81774203;19734;19;1;1;7;5;0;1;1;1;0;2
19735;81774203;19735;19;5;1;7;4;0;1;2;1;0;3
19736;81774203;19736;61;1;1;7;3;0;0;2;3;0;2
19737;81774401;19737;36;3;1;7;3;0;1;1;1;0;2
19738;81774402;19738;41;1;1;7;6;0;1;1;1;0;2
19739;81774402;19739;11;3;3;2;6;0;1;3;1;0;4
19740;81774505;19740;14;3;1;7;6;0;1;1;1;0;2
19741;81774505;19741;17;1;1;7;2;0;1;1;1;0;2
19742;81774505;19742;20;1;1;7;6;0;1;1;1;0;2
19743;81775301;19743;52;1;1;4;4;0;1;1;1;0;2
19744;81775303;19744;16;1;1;7;4;0;1;1;1;0;2
19745;81776102;19745;52;1;1;7;6;0;1;1;1;0;2
19746;81776110;19746;52;1;1;1;6;1;0;1;2;0;2
19747;81776203;19747;51;3;1;2;6;0;1;1;1;0;2
19748;81776203;19748;17;1;3;2;2;0;1;1;1;0;2
19749;81776204;19749;51;1;1;7;6;0;3;1;1;0;4
19750;81776204;19750;51;3;1;7;6;0;1;1;1;0;2
19751;81776204;19751;51;1;1;7;6;0;3;1;1;0;4
19752;81776402;19752;14;1;6;7;6;0;1;2;1;0;3
19753;81776501;19753;13;1;7;2;4;0;1;1;1;0;2
19754;81776502;19754;13;1;1;7;6;0;1;1;1;0;2
19755;81776505;19755;21;1;1;7;6;0;1;1;1;0;2
19756;81777108;19756;16;1;1;7;4;0;1;1;1;0;2
19757;81777204;19757;71;1;1;7;6;1;1;1;2;0;3
19758;81777204;19758;15;1;1;2;6;0;1;1;1;0;2
19759;81777205;19759;53;1;1;7;6;0;2;2;1;0;4
19760;81777205;19760;11;2;1;7;6;0;1;1;1;0;2
19761;81777504;19761;21;1;1;7;6;0;1;1;1;0;2
19762;81777517;19762;81;3;7;7;0;0;0;0;3;0;0
19763;81781101;19763;17;1;1;7;1;0;1;1;1;0;2
19764;81781105;19764;12;3;1;1;7;0;1;8;1;0;9
19765;81781105;19765;11;1;1;7;9;0;1;0;1;0;1
19766;81781105;19766;11;3;1;1;6;1;0;4;2;0;5
19767;81781108;19767;11;1;1;7;6;0;1;1;1;0;2
19768;81781110;19768;11;1;1;7;6;0;1;1;1;0;2
19769;81781110;19769;41;2;3;1;5;0;2;2;1;0;4
19770;81781110;19770;11;3;1;7;4;0;1;1;1;0;2
19771;81781112;19771;11;3;1;7;9;0;0;1;3;0;1
19772;81781113;19772;14;1;7;7;6;0;2;4;1;0;6
19773;81781207;19773;14;3;1;7;6;0;4;0;1;0;4
19774;81781207;19774;14;1;1;7;6;0;1;3;1;0;4
19775;81781302;19775;17;1;3;2;2;1;0;1;2;0;2
19776;81781302;19776;41;3;1;1;6;0;1;1;1;0;2
19777;81781302;19777;51;3;1;7;6;0;1;2;1;0;3
19778;81781303;19778;14;1;3;1;6;0;2;1;1;0;3
19779;81781303;19779;17;1;1;7;2;0;1;1;1;0;2
19780;81781402;19780;21;3;1;7;4;0;1;1;1;0;2
19781;81781504;19781;21;2;1;7;6;1;0;1;2;0;2
19782;81782206;19782;15;1;1;1;6;0;1;1;1;0;2
19783;81782206;19783;35;1;1;1;4;1;0;1;2;0;2
19784;81782206;19784;19;1;3;1;6;0;1;2;1;0;3
19785;81782211;19785;43;1;1;7;6;0;1;3;1;0;4
19786;81782213;19786;11;2;1;7;6;0;1;2;1;0;3
19787;81782213;19787;16;1;1;7;3;0;1;1;1;0;2
19788;81782213;19788;11;1;3;2;9;0;0;2;3;0;2
19789;81782213;19789;11;1;1;7;6;0;1;1;1;0;2
19790;81782213;19790;19;1;1;7;6;0;1;1;1;0;2
19791;81782213;19791;32;1;1;7;7;1;0;1;2;0;2
19792;81782213;19792;51;1;1;1;6;0;1;1;1;0;2
19793;81782213;19793;71;1;1;7;4;0;1;1;1;0;2
19794;81782302;19794;52;1;3;2;6;0;3;0;1;0;3
19795;81782302;19795;14;3;1;7;6;0;1;1;1;0;2
19796;81783101;19796;13;1;1;7;6;0;1;1;1;0;2
19797;81783201;19797;51;1;1;7;6;0;1;1;1;0;2
19798;81783201;19798;14;1;1;2;6;1;0;1;2;0;2
19799;81783212;19799;17;3;1;7;2;0;1;1;1;0;2
19800;81784101;19800;52;1;3;2;0;0;1;0;1;0;1
19801;81784101;19801;16;1;1;7;6;0;1;1;1;0;2