accident_id;lieu_id;date_id;cause_id;lum_id;intemp_id;etat_surface_id;impliq_id;nb_blesses_graves;nb_blesses_legers;nb_indemnes;gravite;nb_morts;nb_impliqués
19802;81784103;19802;17;3;1;7;2;1;0;1;2;0;2
19803;81784104;19803;16;5;1;7;6;0;1;3;1;0;4
19804;81784504;19804;11;1;3;1;6;0;1;1;1;0;2
19805;81784504;19805;11;1;1;7;6;0;1;1;1;0;2
19806;81784504;19806;52;1;1;7;0;0;1;0;1;0;1
19807;81784504;19807;11;1;1;7;6;0;1;1;1;0;2
19808;81784513;19808;11;1;1;7;6;0;1;1;1;0;2
19809;81784513;19809;11;2;2;2;6;1;0;1;2;0;2
19810;81784513;19810;11;1;6;2;6;0;1;0;1;0;1
19811;81784513;19811;17;3;1;7;2;0;1;1;1;0;2
19812;81784513;19812;11;1;1;7;6;0;1;1;1;0;2
19813;81784513;19813;11;1;1;7;6;1;0;1;2;0;2
19814;81784513;19814;11;1;1;7;6;0;1;1;1;0;2
19815;81784514;19815;11;1;3;2;6;0;1;1;1;0;2
19816;81785103;19816;21;1;1;7;3;0;1;1;1;0;2
19817;81785202;19817;71;1;1;7;6;0;1;1;1;0;2
19818;81785304;19818;99;3;1;7;6;0;1;2;1;0;3
19819;81785307;19819;14;1;1;7;6;0;1;0;1;0;1
19820;81785502;19820;14;5;1;7;6;0;2;2;1;0;4
19821;81785502;19821;14;1;1;7;6;0;1;1;1;0;2
19822;81785502;19822;14;3;1;7;6;0;2;1;1;0;3
19823;81785502;19823;14;1;1;7;6;0;1;2;1;0;3
19824;81785502;19824;14;1;1;7;6;0;1;1;1;0;2
19825;81785508;19825;16;1;1;7;3;0;1;1;1;0;2
19826;81785514;19826;51;1;1;7;6;1;0;0;2;0;1
19827;81785514;19827;11;1;1;7;6;0;1;1;1;0;2
19828;81785514;19828;15;3;4;3;6;0;1;0;1;0;1
19829;81785514;19829;73;1;1;7;6;0;1;1;1;0;2
19830;81785514;13468;43;1;1;1;4;0;1;1;1;0;2
19831;81785515;19831;51;1;1;7;6;0;1;1;1;0;2
19832;81786103;19832;71;1;3;1;6;0;1;1;1;0;2
19833;81786202;19833;14;1;1;7;6;1;0;1;2;0;2
19834;81786202;19834;14;1;1;7;6;0;2;2;1;0;4
19835;81786202;19835;14;1;1;7;6;0;1;2;1;0;3
19836;81786202;19836;14;1;1;7;6;0;1;1;1;0;2
19837;81786302;19837;21;2;1;7;6;0;1;1;1;0;2
19838;81786305;19838;14;1;1;7;5;0;3;1;1;0;4
19839;81786401;19839;14;1;1;7;3;0;1;1;1;0;2
19840;81787203;19840;13;1;1;7;6;0;1;2;1;0;3
19841;81787203;19841;13;3;1;7;4;0;1;1;1;0;2
19842;81787203;19842;13;1;1;7;6;0;1;1;1;0;2
19843;81787203;19843;13;1;1;7;6;0;1;1;1;0;2
19844;81787203;19844;13;1;1;7;4;0;1;1;1;0;2
19845;81787203;19845;13;3;1;1;7;0;1;1;1;0;2
19846;81787203;19846;13;1;1;1;6;0;3;0;1;0;3
19847;81787203;19847;21;1;1;7;4;0;1;1;1;0;2
19848;81787203;19848;81;3;1;7;6;0;1;2;1;0;3
19849;81787203;19849;13;3;3;1;6;0;2;1;1;0;3
19850;81787203;19850;13;1;1;2;6;0;1;1;1;0;2
19851;81787203;19851;13;1;3;2;6;0;1;1;1;0;2
19852;81787208;19852;31;1;1;7;6;0;1;1;1;0;2
19853;81787307;19853;14;1;1;7;4;0;1;1;1;0;2
19854;81787415;19854;14;1;1;7;6;0;1;3;1;0;4
19855;81787415;19855;16;1;1;7;6;0;1;2;1;0;3
19856;81787415;19856;14;1;1;7;6;0;1;0;1;0;1
19857;81787415;19857;14;1;1;7;6;0;1;1;1;0;2
19858;81787415;19858;51;3;3;2;0;0;1;0;1;0;1
19859;81787415;19859;14;3;1;7;6;0;1;0;1;0;1
19860;81787503;19860;52;1;1;1;6;0;1;1;1;0;2
19861;81787503;19861;16;1;1;7;4;0;1;1;1;0;2
19862;81791409;19862;72;1;1;7;6;1;0;1;2;0;2
19863;81791503;19863;18;1;1;7;6;1;0;1;2;0;2
19864;81791503;19864;81;3;3;2;6;0;2;0;1;0;2
19865;81791503;19865;13;1;1;7;6;0;1;1;1;0;2
19866;81791503;19866;71;1;1;7;6;0;2;1;1;0;3
19867;81791503;19867;16;1;1;7;6;0;1;2;1;0;3
19868;81791503;19868;16;1;1;7;8;0;2;0;1;0;2
19869;81791503;19869;13;1;1;7;4;0;1;1;1;0;2
19870;81791503;19870;13;3;3;1;6;0;1;0;1;0;1
19871;81791503;19871;13;1;3;1;5;0;1;1;1;0;2
19872;81791503;19872;11;1;1;7;6;0;1;2;1;0;3
19873;81791506;19873;41;1;1;7;2;0;1;0;1;0;1
19874;81791507;19874;51;1;1;7;3;0;1;1;1;0;2
19875;81793407;19875;11;1;1;7;6;1;0;1;2;0;2
19876;81793407;19876;52;1;1;2;0;0;1;0;1;0;1
19877;81793407;19877;52;3;1;7;0;3;0;0;2;0;3
19878;81793407;19878;11;3;1;7;6;0;1;1;1;0;2
19879;81793407;19879;52;3;1;1;0;0;1;0;1;0;1
19880;81793407;19880;17;3;4;3;2;0;1;1;1;0;2
19881;81793407;19881;16;5;1;7;6;0;2;2;1;0;4
19882;81793407;19882;11;1;1;7;6;1;2;0;2;0;3
19883;81793407;19883;16;1;1;7;5;0;1;1;1;0;2
19884;81793407;19884;11;1;1;7;6;0;2;1;1;0;3
19885;81793407;19885;18;1;1;7;3;0;1;2;1;0;3
19886;81793407;19886;16;1;1;7;6;0;1;1;1;0;2
19887;81793407;19887;11;3;1;7;6;1;0;1;2;0;2
19888;81793407;19888;11;3;3;1;6;0;2;1;1;0;3
19889;81793407;19889;16;3;1;7;4;0;1;1;1;0;2
19890;81793502;19890;31;1;3;1;3;0;1;1;1;0;2
19891;81793504;19891;14;1;1;7;6;0;1;1;1;0;2
19892;81794305;19892;13;1;1;7;4;0;1;1;1;0;2
19893;81794504;19893;71;1;3;2;6;1;0;1;2;0;2
19894;81794504;19894;13;1;1;7;4;1;0;1;2;0;2
19895;81794504;19895;13;1;1;7;4;1;0;1;2;0;2
19896;81794504;19896;13;1;1;7;6;0;1;1;1;0;2
19897;81794504;19897;13;3;3;1;6;0;2;1;1;0;3
19898;81794504;19898;13;1;1;1;4;0;1;1;1;0;2
19899;81794504;19899;14;1;1;7;3;0;1;1;1;0;2
19900;81794504;19900;71;1;1;7;6;0;1;1;1;0;2
19901;81794504;19901;14;2;3;2;6;0;1;0;1;0;1
19902;81794504;19902;86;1;1;7;4;1;0;1;2;0;2
19903;81794504;19903;13;1;1;7;4;0;1;1;1;0;2
19904;81794504;19904;13;1;1;7;4;0;1;1;1;0;2
19905;81794504;19905;51;1;1;7;6;0;2;2;1;0;4
19906;81794504;19906;13;1;1;7;4;0;1;1;1;0;2
19907;81794504;19907;16;3;3;1;4;0;1;1;1;0;2
19908;81794504;19908;13;1;1;7;6;0;2;0;1;0;2
19909;81794504;19909;76;3;1;2;6;0;1;1;1;0;2
19910;81794504;19910;13;3;1;2;4;0;1;1;1;0;2
19911;81794504;19911;17;1;1;7;2;1;0;1;2;0;2
19912;81795205;19912;72;1;1;7;6;1;0;1;2;0;2
19913;81795305;19913;14;1;1;7;3;0;1;1;1;0;2
19914;81795402;19914;14;1;1;7;6;0;1;1;1;0;2
19915;81795404;19915;14;1;1;7;5;0;1;1;1;0;2
19916;81795404;19916;16;1;1;7;6;0;1;0;1;0;1
19917;81795404;19917;14;1;1;7;6;0;1;1;1;0;2
19918;81795404;19918;16;1;3;1;6;0;1;1;1;0;2
19919;81795404;19919;16;1;1;7;3;1;0;1;2;0;2
19920;81795404;19920;11;1;1;7;6;0;1;3;1;0;4
19921;81795404;19921;16;1;1;7;6;0;1;2;1;0;3
19922;81795404;19922;11;1;1;7;6;0;1;1;1;0;2
19923;81795404;19923;11;3;1;7;6;0;1;2;1;0;3
19924;81796103;19924;14;1;1;7;6;0;1;0;1;0;1
19925;81796201;19925;72;3;1;7;6;1;0;1;2;0;2
19926;81796204;19926;11;3;1;1;6;0;1;3;1;0;4
19927;81796204;19927;11;1;1;7;6;0;1;1;1;0;2
19928;81796204;19928;11;1;1;7;6;1;0;1;2;0;2
19929;81796204;19929;11;1;1;7;6;0;1;1;1;0;2
19930;81796204;19930;11;1;1;7;6;0;0;1;3;0;1
19931;81796204;19931;11;1;1;1;6;1;0;2;2;0;3
19932;81796204;19932;11;2;3;2;6;1;0;1;2;0;2
19933;81796210;19933;15;3;1;1;6;0;1;1;1;0;2
19934;81796210;19934;11;1;1;7;5;0;1;1;1;0;2
19935;81796212;19935;11;3;1;7;6;0;1;1;1;0;2
19936;81796214;19936;11;1;1;7;6;0;1;1;1;0;2
19937;81796214;19937;11;3;1;7;6;0;1;0;1;0;1
19938;81796214;19938;11;1;6;1;6;1;0;1;2;0;2
19939;81797303;19939;52;3;1;2;0;0;1;0;1;0;1
19940;81797303;19940;11;1;1;7;9;0;1;0;1;0;1
19941;81797303;19941;11;2;1;1;6;1;0;1;2;0;2
19942;81797303;19942;11;1;1;7;6;0;1;1;1;0;2
19943;81797303;19943;72;1;3;2;6;1;0;1;2;0;2
19944;81797303;19944;15;1;1;7;4;0;1;1;1;0;2
19945;81797303;19945;12;1;1;7;6;1;0;1;2;0;2
19946;81797303;19946;11;1;1;7;6;0;1;1;1;0;2
19947;81797303;19947;11;1;2;1;7;0;1;1;1;0;2
19948;81797303;19948;12;3;1;7;6;0;4;0;1;0;4
19949;81797303;19949;11;1;3;2;6;1;0;1;2;0;2
19950;81797303;19950;51;3;3;1;6;0;1;0;1;0;1
19951;81797303;19951;17;1;3;1;2;0;1;1;1;0;2
19952;81797303;19952;11;1;1;7;6;0;1;1;1;0;2
19953;81797303;19953;11;1;1;7;6;0;1;1;1;0;2
19954;81797303;19954;71;1;1;7;6;0;1;1;1;0;2
19955;81797303;19955;11;3;1;7;6;0;4;4;1;0;8
19956;81797303;19956;16;1;1;7;6;0;1;1;1;0;2
19957;81797305;19957;11;3;1;7;6;1;0;1;2;0;2
19958;81797306;19958;16;1;3;1;4;0;1;1;1;0;2
19959;81797309;19959;11;3;1;7;6;0;1;1;1;0;2
19960;81797309;19960;51;1;3;2;6;0;1;3;1;0;4
19961;81801104;19961;16;4;1;7;5;0;1;1;1;0;2
19962;81802101;19962;14;1;1;7;6;0;2;0;1;0;2
19963;81802101;19963;14;1;2;2;6;0;2;1;1;0;3
19964;81802105;19964;64;1;1;7;6;0;1;1;1;0;2
19965;81802105;19965;21;3;1;7;6;1;1;0;2;0;2
19966;81802108;19966;16;3;1;7;6;0;1;1;1;0;2
19967;81802108;19967;14;1;1;7;6;0;1;1;1;0;2
19968;81802108;19968;14;4;1;7;6;1;0;1;2;0;2
19969;81802108;19969;14;1;1;7;6;0;1;1;1;0;2
19970;81803104;19970;17;1;1;7;1;0;1;1;1;0;2
19971;81803105;19971;51;1;1;1;1;0;1;1;1;0;2
19972;81803305;19972;14;1;1;7;3;0;1;1;1;0;2
19973;81803504;19973;14;3;1;7;4;0;1;1;1;0;2
19974;81803504;19974;14;1;1;7;6;0;1;0;1;0;1
19975;81803504;19975;51;3;1;7;6;0;1;3;1;0;4
19976;81804106;19976;16;1;3;2;6;2;1;6;2;0;9
19977;81804106;19977;16;1;1;7;4;0;1;1;1;0;2
19978;81804511;19978;64;1;1;7;6;0;1;1;1;0;2
19979;81805309;19979;17;2;1;7;2;0;1;1;1;0;2
19980;81805311;19980;17;1;1;7;2;1;0;1;2;0;2
19981;81805311;19981;21;3;1;7;6;0;2;0;1;0;2
19982;81806405;19982;13;1;1;7;6;0;1;2;1;0;3
19983;81806405;19983;17;3;3;1;2;0;1;1;1;0;2
19984;81806405;19984;71;1;1;7;6;0;1;1;1;0;2
19985;81806405;19985;16;1;1;7;6;0;1;0;1;0;1
19986;81806405;19986;17;1;1;7;2;0;1;1;1;0;2
19987;81806405;19987;13;1;1;7;4;1;0;1;2;0;2
19988;81806405;19988;13;1;1;7;4;0;1;1;1;0;2
19989;81806409;19989;67;1;1;7;4;0;1;1;1;0;2
19990;81806509;19990;16;3;1;7;6;1;1;0;2;0;2
19991;81806509;19991;16;1;1;7;6;0;2;2;1;0;4
19992;81806509;19992;16;1;1;7;6;3;1;0;2;0;4
19993;81806509;19993;16;1;1;1;6;1;0;1;2;0;2
19994;81806509;19994;16;3;1;7;6;0;2;2;1;0;4
19995;81806509;19995;35;1;1;7;3;0;1;1;1;0;2
19996;81806509;19996;16;1;1;7;6;1;0;1;2;0;2
19997;81806509;19997;16;3;1;7;6;0;3;2;1;0;5
19998;81806509;19998;11;1;1;7;6;1;0;1;2;0;2
19999;81807405;19999;13;3;1;7;4;1;0;2;2;0;3
20000;81807405;20000;13;1;1;7;4;0;1;2;1;0;3
20001;81807405;20001;13;2;1;7;4;1;0;1;2;0;2
20002;81807405;20002;17;1;1;7;1;1;0;1;2;0;2
20003;81807405;20003;16;3;2;2;4;0;1;1;1;0;2
20004;81807501;20004;52;1;1;1;6;0;1;1;1;0;2
20005;81807507;20005;14;1;3;2;6;1;0;1;2;0;2
20006;81812101;20006;16;1;1;7;4;0;1;1;1;0;2
20007;81812101;20007;51;1;1;7;6;1;0;1;2;0;2
20008;81812102;20008;51;1;1;7;6;0;1;1;1;0;2
20009;81812102;20009;32;1;3;2;7;0;1;1;1;0;2
20010;81812301;20010;51;1;1;7;6;0;1;2;1;0;3
20011;81812301;20011;17;1;1;7;2;0;1;1;1;0;2
20012;81812302;20012;52;3;1;1;0;0;2;0;1;0;2
20013;81812302;20013;52;1;3;1;0;1;0;0;3;0;1
20014;81813205;20014;14;1;1;7;6;1;0;1;2;0;2
20015;81813301;20015;14;1;1;7;7;1;0;1;2;0;2
20016;81813403;20016;16;1;1;7;6;1;3;0;2;0;4
20017;81813403;6990;16;2;1;7;4;0;1;1;1;0;2
20018;81813403;20018;51;1;1;7;6;0;1;5;1;0;6
20019;81813403;20019;16;1;1;7;5;1;0;1;2;0;2
20020;81813510;20020;52;5;1;7;0;0;1;0;1;0;1
20021;81813510;20021;52;1;1;7;0;1;0;0;2;0;1
20022;81814304;10116;16;3;1;7;4;0;1;1;1;0;2
20023;81815108;20023;14;1;1;7;2;0;0;3;0;0;3
20024;81815108;20024;11;1;1;7;6;0;1;0;1;0;1
20025;81815108;20025;11;1;1;7;6;0;1;1;1;0;2
20026;81815112;20026;11;4;1;2;6;1;0;1;2;0;2
20027;81815112;20027;11;1;1;7;4;1;0;1;2;0;2
20028;81815112;20028;11;1;3;2;7;1;0;1;2;0;2
20029;81815112;20029;16;1;1;2;6;0;1;1;1;0;2
20030;81815112;20030;11;1;1;7;6;0;1;1;1;0;2
20031;81815113;20031;11;1;1;7;7;1;0;1;2;0;2
20032;81815201;20032;85;2;1;7;6;0;1;1;1;0;2
20033;81815201;20033;14;1;1;7;3;0;1;1;1;0;2
20034;81816301;20034;13;1;1;7;6;0;1;0;1;0;1
20035;81816402;20035;21;1;1;1;6;0;2;0;1;0;2
20036;81817303;20036;52;3;1;7;0;0;3;0;1;0;3
20037;81823210;20037;51;3;1;7;3;1;0;1;2;0;2
20038;81823210;20038;16;1;1;7;4;0;1;1;1;0;2
20039;81823210;20039;18;1;1;7;6;1;0;1;2;0;2
20040;81824401;20040;51;1;1;7;3;1;0;1;2;0;2
20041;81824401;20041;16;1;1;7;4;0;1;1;1;0;2
20042;81826203;20042;13;3;3;2;6;1;0;1;2;0;2
20043;81826203;20043;13;1;1;7;6;0;4;0;1;0;4
20044;81826203;20044;19;2;1;7;6;0;2;1;1;0;3
20045;81826203;20045;19;1;1;7;3;1;1;0;2;0;2
20046;81826203;20046;52;3;1;1;0;1;0;0;2;0;1
20047;81831403;20047;21;1;3;1;6;0;3;0;1;0;3
20048;81833505;20048;13;1;1;7;6;0;3;1;1;0;4
20049;81833505;20049;13;2;1;7;4;0;1;1;1;0;2
20050;81833505;20050;13;1;3;1;3;1;0;1;2;0;2
20051;81834113;20051;13;1;1;7;6;0;1;2;1;0;3
20052;81834113;20052;13;1;2;2;6;0;1;1;1;0;2
20053;81834114;20053;52;1;3;1;6;0;1;0;1;0;1
20054;81834504;20054;86;1;1;7;3;1;0;1;2;0;2
20055;81835506;20055;36;1;1;7;6;0;1;1;1;0;2
20056;81836405;20056;16;1;1;7;6;0;1;1;1;0;2
20057;81836405;20057;16;3;1;7;6;0;2;1;1;0;3
20058;81836405;20058;16;1;1;7;6;0;3;0;1;0;3
20059;81836405;20059;17;1;1;7;1;0;3;1;1;0;4
20060;81836405;20060;16;3;1;7;4;0;1;1;1;0;2
20061;81836405;20061;11;1;1;7;6;0;1;1;1;0;2
20062;81836405;20062;81;3;3;1;6;0;1;1;1;0;2
20063;81836405;20063;71;1;1;7;6;0;1;1;1;0;2
20064;81836405;20064;16;1;1;7;6;1;0;1;2;0;2
20065;81836405;20065;16;3;1;7;4;1;0;1;2;0;2
20066;81836405;20066;16;3;1;1;4;0;1;1;1;0;2
20067;81836405;20067;72;1;1;7;9;0;1;1;1;0;2
20068;81837503;20068;17;1;1;7;1;1;0;1;2;0;2
20069;81842105;20069;13;1;3;2;6;0;1;1;1;0;2
20070;81842105;20070;13;3;1;7;3;0;1;1;1;0;2
20071;81842105;20071;13;3;1;7;6;0;1;1;1;0;2
20072;81842105;20072;13;1;1;7;5;1;0;1;2;0;2
20073;81842105;20073;13;3;1;7;6;0;1;1;1;0;2
20074;81842105;20074;13;1;1;7;4;1;0;1;2;0;2
20075;81842105;20075;13;1;1;7;3;1;0;1;2;0;2
20076;81843207;20076;14;1;1;7;6;1;0;1;2;0;2
20077;81845206;20077;31;1;1;7;3;0;1;1;1;0;2
20078;81845303;20078;16;3;1;7;6;0;2;0;1;0;2
20079;81845303;20079;11;1;3;2;6;0;2;0;1;0;2
20080;81845303;20080;16;3;4;2;6;0;3;0;1;0;3
20081;81845303;20081;51;1;1;7;3;0;1;1;1;0;2
20082;81845303;20082;51;1;1;7;6;0;1;3;1;0;4
20083;81845303;20083;16;3;1;7;6;0;1;1;1;0;2
20084;81845303;20084;11;1;1;7;6;0;1;1;1;0;2
20085;81845303;20085;11;3;1;7;0;0;1;0;1;0;1
20086;81845303;20086;11;1;1;7;6;0;3;0;1;0;3
20087;81845304;20087;72;1;1;7;6;0;1;1;1;0;2
20088;81871201;20088;18;2;1;7;6;1;0;1;2;0;2
20089;81871404;20089;81;3;1;1;6;0;1;1;1;0;2
20090;81871506;20090;35;1;1;7;4;0;1;1;1;0;2
20091;81872403;20091;16;1;1;7;4;0;1;1;1;0;2
20092;81872413;20092;23;1;1;7;6;0;1;1;1;0;2
20093;81872413;20093;13;1;1;7;5;1;0;1;2;0;2
20094;81872413;20094;71;3;3;1;6;0;1;1;1;0;2
20095;81872414;20095;14;1;1;7;3;1;0;1;2;0;2
20096;81872503;20096;71;1;1;7;6;0;1;1;1;0;2
20097;81874202;20097;52;3;1;7;0;0;1;0;1;0;1
20098;81874202;20098;51;1;1;7;5;0;3;0;1;0;3
20099;81874306;20099;16;1;3;2;6;0;2;0;1;0;2
20100;81874306;20100;16;1;1;7;6;0;1;1;1;0;2
20101;81874306;20101;13;1;1;7;3;0;1;1;1;0;2
20102;81874306;20102;16;1;1;7;4;0;1;1;1;0;2
20103;81876102;20103;52;5;1;7;0;0;2;0;1;0;2
20104;81881110;20104;14;1;1;7;3;0;1;1;1;0;2
20105;81881110;20105;17;1;1;7;2;0;1;1;1;0;2
20106;81881201;20106;86;1;3;1;2;0;3;0;1;0;3
20107;81881205;20107;13;1;1;7;6;0;2;2;1;0;4
20108;81881205;20108;13;3;1;7;6;0;1;1;1;0;2
20109;81881205;20109;16;1;3;2;6;0;1;1;1;0;2
20110;81881205;20110;16;1;1;7;3;0;1;1;1;0;2
20111;81881502;20111;13;1;1;7;6;0;3;1;1;0;4
20112;81882206;20112;13;1;1;7;4;0;1;1;1;0;2
20113;81882206;20113;16;1;1;7;6;0;1;2;1;0;3
20114;81882206;20114;13;1;2;2;6;0;1;1;1;0;2
20115;81882206;20115;11;3;3;1;6;0;2;0;1;0;2
20116;81882206;20116;16;1;1;7;4;1;0;1;2;0;2
20117;81882316;20117;13;3;1;7;6;0;1;0;1;0;1
20118;81882316;20118;13;3;3;2;6;0;1;1;1;0;2
20119;81882316;20119;13;1;1;7;3;0;1;1;1;0;2
20120;81882407;20120;73;1;1;7;6;0;1;1;1;0;2
20121;81883104;9579;13;1;1;7;5;0;1;1;1;0;2
20122;81883305;20122;13;1;1;7;6;0;1;1;1;0;2
20123;81884506;20123;67;1;1;7;6;0;2;0;1;0;2
20124;81885403;20124;18;1;1;7;6;1;0;1;2;0;2
20125;81893501;20125;13;1;1;7;6;1;0;1;2;0;2
20126;81893501;20126;52;3;1;7;0;3;0;0;2;0;3
20127;81893501;20127;16;1;1;7;6;0;1;2;1;0;3
20128;81893501;20128;13;1;1;7;6;0;4;0;1;0;4
20129;81893501;20129;13;1;2;2;6;2;1;0;2;0;3
20130;81893501;20130;13;1;2;1;6;0;8;1;1;0;9
20131;81893501;20131;16;1;1;7;6;0;2;0;1;0;2
20132;81893501;20132;13;1;1;7;6;1;0;1;2;0;2
20133;81893501;20133;13;1;1;7;6;2;0;1;2;0;3
20134;81893501;20134;13;1;1;7;5;3;0;0;2;0;3
20135;81893501;20135;13;1;1;7;6;0;1;1;1;0;2
20136;81893501;20136;13;1;1;7;6;0;2;0;1;0;2
20137;81893501;20137;13;1;1;7;6;1;2;0;2;0;3
20138;81893501;20138;13;3;3;1;6;0;5;0;1;0;5
20139;81893501;20139;81;1;3;1;6;2;2;0;2;0;4
20140;81893501;20140;13;1;3;1;6;0;2;0;1;0;2
20141;81893501;20141;13;3;1;1;5;0;2;0;1;0;2
20142;81893501;20142;16;1;1;7;6;0;1;1;1;0;2
20143;81893501;20143;13;3;1;1;6;0;3;1;1;0;4
20144;81893501;20144;31;2;1;7;6;0;1;1;1;0;2
20145;81906305;20145;51;1;1;7;4;0;1;1;1;0;2
20146;81907301;5705;13;1;3;2;6;1;1;0;2;0;2
20147;81907301;20147;51;3;1;7;2;1;0;1;3;0;2
20148;81907301;20148;13;1;3;1;6;0;1;1;1;0;2
20149;81907301;20149;13;1;1;7;6;0;2;0;1;0;2
20150;81907301;20150;13;1;1;7;6;1;0;4;2;0;5
20151;81907301;20151;13;2;1;7;6;0;1;1;1;0;2
20152;81907301;20152;13;3;1;7;6;0;3;0;1;0;3
20153;81907301;20153;13;1;1;7;6;1;1;0;2;0;2
20154;81907301;20154;13;1;1;7;3;0;1;1;1;0;2
20155;81907301;20155;13;1;7;7;3;0;1;1;1;0;2
20156;81907301;20156;13;1;1;7;3;0;1;1;1;0;2
20157;81907301;20157;16;1;2;1;6;0;1;1;1;0;2
20158;81907301;20158;13;1;1;7;6;0;1;1;1;0;2
20159;81907301;20159;13;1;3;1;7;0;3;1;1;0;4
20160;81907301;20160;13;1;1;7;6;1;0;2;2;0;3
20161;81907301;20161;52;1;1;7;0;0;2;0;1;0;2
20162;81907301;20162;13;1;3;1;6;0;1;0;1;0;1
20163;81907301;20163;13;1;1;7;6;0;3;0;1;0;3
20164;81907301;20164;13;1;1;7;6;0;4;0;1;0;4
20165;81907301;20165;13;1;1;7;6;0;1;0;1;0;1
20166;81911403;20166;36;1;1;7;6;0;1;1;1;0;2
20167;81911403;20167;41;1;1;7;6;0;1;1;1;0;2
20168;81911403;20168;13;1;1;7;5;0;1;1;1;0;2
20169;81912308;20169;32;1;1;7;6;0;1;1;1;0;2
20170;81912308;20170;13;1;1;7;5;1;0;1;2;0;2
20171;81912404;20171;85;3;3;2;6;1;0;1;2;0;2
20172;81927202;20172;51;1;1;7;6;0;2;1;1;0;3
20173;82697503;20173;13;1;2;2;3;0;1;1;1;0;2
20174;82703502;20174;51;1;1;7;6;0;1;3;1;0;4
20175;82705303;20175;14;1;1;7;6;1;1;1;2;0;3
20176;82705304;20176;13;1;1;7;6;0;1;1;1;0;2
20177;82706101;20177;16;1;1;7;6;0;1;2;1;0;3
20178;82706101;20178;13;1;1;7;6;0;1;1;1;0;2
20179;82706201;20179;81;3;3;1;6;0;2;0;1;0;2
20180;82706304;20180;16;1;3;2;6;1;0;1;2;0;2
20181;82706304;20181;72;1;1;7;6;1;0;1;2;0;2
20182;82706304;20182;14;1;1;7;6;0;1;1;1;0;2
20183;82706304;20183;16;1;1;7;5;0;1;1;1;0;2
20184;82706304;20184;16;1;1;7;6;0;3;0;1;0;3
20185;82706401;20185;85;3;1;7;6;1;0;1;2;0;2
20186;82706508;20186;35;1;1;7;4;0;1;0;1;0;1
20187;82707102;20187;13;1;1;7;7;0;1;1;1;0;2
20188;82707301;20188;13;1;1;7;7;0;3;0;1;0;3
20189;82707301;20189;13;2;4;4;7;1;0;1;2;0;2
20190;82707301;20190;16;1;1;7;6;1;0;1;2;0;2
20191;82707401;20191;14;1;1;7;7;0;1;1;1;0;2
20192;82712201;20192;16;3;3;2;4;1;0;1;2;0;2
20193;82712201;20193;13;3;1;1;6;0;1;3;1;0;4
20194;82712203;20194;13;1;1;7;6;0;1;0;1;0;1
20195;82712203;20195;16;1;1;7;6;0;1;2;1;0;3
20196;82712407;20196;52;3;1;7;0;1;0;0;2;0;1
20197;82713203;20197;17;1;3;1;1;1;0;1;2;0;2
20198;82713207;20198;52;1;1;7;0;0;1;0;1;0;1
20199;82713207;20199;16;1;1;7;5;0;2;0;1;0;2
20200;82713207;20200;13;1;3;1;3;1;1;0;2;0;2
20201;82713207;20201;51;1;1;7;3;1;0;1;2;0;2
20202;82713301;20202;13;3;1;7;6;0;3;0;1;0;3
20203;82713301;20203;13;3;3;1;6;1;1;1;2;0;3
20204;82713404;20204;14;1;1;7;6;0;1;1;1;0;2
20205;82713502;20205;14;1;1;7;5;0;1;0;1;0;1
20206;82714101;20206;11;3;1;7;6;1;1;0;2;0;2
20207;82714101;20207;11;1;1;7;6;0;7;0;1;0;7
20208;82714101;20208;16;3;1;7;4;0;1;1;1;0;2
20209;82714101;20209;11;2;1;7;7;1;0;1;2;0;2
20210;82714101;20210;11;1;1;7;6;0;1;1;1;0;2
20211;82714101;20211;15;1;1;7;6;1;0;0;3;0;1
20212;82714301;7872;14;1;1;7;3;0;1;1;1;0;2
20213;82714508;20213;14;2;1;7;6;0;1;1;1;0;2
20214;82715202;20214;11;1;1;7;6;0;1;2;1;0;3
20215;82715403;20215;81;1;1;7;6;0;2;1;1;0;3
20216;82715503;20216;16;1;1;7;5;1;0;0;2;0;1
20217;82716202;20217;11;1;1;7;6;0;1;4;1;0;5
20218;82716202;20218;11;3;1;7;6;0;3;0;1;0;3