accident_id;lieu_id;date_id;cause_id;lum_id;intemp_id;etat_surface_id;impliq_id;nb_blesses_graves;nb_blesses_legers;nb_indemnes;gravite;nb_morts;nb_impliqués
20219;82716202;20219;11;1;1;7;6;1;0;1;2;0;2
20220;82716202;20220;16;1;1;7;6;0;2;1;1;0;3
20221;82717309;20221;11;1;1;7;6;1;1;2;2;0;4
20222;82717309;20222;16;1;1;7;4;0;1;1;1;0;2
20223;82717309;20223;11;1;1;7;4;0;1;1;1;0;2
20224;82721204;20224;31;1;1;7;3;1;0;1;2;0;2
20225;82721204;20225;16;4;3;1;4;0;1;1;1;0;2
20226;82721204;20226;16;1;1;7;6;0;1;1;1;0;2
20227;82721206;20227;36;1;1;7;4;1;0;1;2;0;2
20228;82721206;20228;16;3;1;7;4;1;0;1;2;0;2
20229;82721206;20229;52;1;1;7;4;1;0;2;2;0;3
20230;82721206;20230;13;1;1;7;6;0;2;1;1;0;3
20231;82721402;20231;11;1;1;7;8;1;0;1;2;0;2
20232;82722501;9584;12;1;1;7;6;0;1;2;1;0;3
20233;82722503;20233;52;3;1;7;6;3;0;1;2;0;4
20234;82733110;20234;51;2;1;7;6;3;0;0;2;0;3
20235;82733110;20235;85;2;1;7;6;1;0;1;2;0;2
20236;82733201;20236;13;1;1;7;3;0;1;1;1;0;2
20237;82735406;20237;19;1;1;7;3;0;1;1;1;0;2
20238;82741401;20238;14;1;1;7;6;0;1;1;1;0;2
20239;82741401;20239;19;1;6;1;6;0;1;2;1;0;3
20240;82741401;20240;51;1;3;1;6;0;1;2;1;0;3
20241;82741401;20241;71;1;1;7;6;0;1;1;1;0;2
20242;82741505;20242;42;3;1;2;6;0;3;2;1;0;5
20243;82742506;20243;52;3;2;2;0;0;1;0;1;0;1
20244;82742506;20244;52;3;1;7;0;1;0;0;2;0;1
20245;82743411;20245;18;1;3;2;6;0;1;1;1;0;2
20246;82743411;20246;81;1;1;7;2;0;1;1;1;0;2
20247;82743411;20247;52;1;1;7;2;1;0;1;2;0;2
20248;82743418;20248;52;2;1;7;0;0;1;0;1;0;1
20249;82743422;20249;81;3;6;2;6;0;2;2;1;0;4
20250;82743422;20250;17;3;1;7;2;0;1;1;1;0;2
20251;82743422;20251;17;1;1;7;2;0;1;1;1;0;2
20252;82743423;20252;13;3;1;2;6;0;1;1;1;0;2
20253;82743423;20253;13;1;1;1;4;0;1;1;1;0;2
20254;82743423;20254;13;1;1;7;4;0;1;1;1;0;2
20255;82743423;18158;13;1;1;7;6;0;1;1;1;0;2
20256;82743423;20256;18;3;1;7;6;0;1;2;1;0;3
20257;82743423;20257;13;2;1;7;6;0;1;1;1;0;2
20258;82743423;20258;13;1;1;7;6;0;1;1;1;0;2
20259;82743423;20259;52;1;1;7;0;0;1;0;1;0;1
20260;82743423;20260;52;1;3;2;0;0;1;0;1;0;1
20261;82743505;20261;14;1;1;7;6;0;1;1;1;0;2
20262;82743508;20262;71;1;1;7;6;0;2;1;1;0;3
20263;82744514;20263;51;1;1;7;6;1;0;1;2;0;2
20264;82745401;20264;18;1;1;7;6;0;2;1;1;0;3
20265;82745401;20265;51;1;3;2;6;0;1;2;1;0;3
20266;82746102;20266;14;2;1;7;6;0;1;0;1;0;1
20267;82747202;20267;31;1;1;7;4;1;0;1;2;0;2
20268;82747202;20268;11;2;1;1;8;0;1;0;1;0;1
20269;82747202;20269;11;1;1;7;6;0;3;2;1;0;5
20270;82747401;20270;11;1;1;7;6;0;1;1;1;0;2
20271;82747401;20271;19;1;1;2;6;0;2;0;1;0;2
20272;82747401;20272;11;3;1;7;6;0;1;1;1;0;2
20273;82751201;20273;64;1;1;7;6;1;0;1;2;0;2
20274;82751202;20274;51;1;1;7;6;0;1;1;1;0;2
20275;82751203;20275;11;1;1;7;6;1;0;1;2;0;2
20276;82751203;20276;15;1;1;7;6;0;1;3;1;0;4
20277;82751203;20277;52;1;3;1;6;0;1;1;1;0;2
20278;82751203;20278;17;1;1;7;1;0;1;1;1;0;2
20279;82751203;20279;11;1;1;7;6;0;1;1;1;0;2
20280;82751203;20280;11;1;1;7;6;0;1;2;1;0;3
20281;82751207;20281;41;1;1;7;6;0;1;1;1;0;2
20282;82751209;20282;17;1;1;7;2;0;1;1;1;0;2
20283;82751209;20283;14;1;1;7;6;0;1;1;1;0;2
20284;82751209;20284;14;1;1;2;8;0;1;1;1;0;2
20285;82751209;20285;14;1;1;7;6;0;2;1;1;0;3
20286;82751209;20286;14;1;1;7;6;0;3;1;1;0;4
20287;82751209;20287;14;1;1;7;6;0;3;0;1;0;3
20288;82751209;20288;19;5;1;7;6;0;3;0;1;0;3
20289;82751209;20289;19;5;3;1;3;0;1;1;1;0;2
20290;82751305;20290;19;1;1;7;3;0;1;1;1;0;2
20291;82751408;20291;19;1;1;7;5;1;0;1;2;0;2
20292;82751501;20292;41;1;1;7;6;0;1;1;1;0;2
20293;82751503;20293;16;1;1;7;4;1;1;2;2;0;4
20294;82751503;20294;51;1;1;7;6;0;1;1;1;0;2
20295;82751504;20295;17;1;1;7;1;0;1;1;1;0;2
20296;82751504;20296;17;1;1;7;2;0;1;1;1;0;2
20297;82751507;20297;72;3;1;7;6;0;1;1;1;0;2
20298;82751507;20298;16;1;1;7;6;0;1;1;1;0;2
20299;82751511;20299;21;3;1;2;6;0;2;1;1;0;3
20300;82752301;876;13;3;1;7;3;0;1;1;1;0;2
20301;82752301;20301;18;2;1;7;6;0;1;1;1;0;2
20302;82752301;20302;71;3;1;7;6;1;0;1;2;0;2
20303;82752302;20303;41;3;1;7;5;1;0;1;2;0;2
20304;82752502;20304;11;1;1;7;6;0;1;1;1;0;2
20305;82752502;20305;17;1;2;2;2;0;1;1;1;0;2
20306;82752502;20306;17;1;1;7;2;0;1;1;1;0;2
20307;82752502;20307;18;1;1;7;6;0;1;1;1;0;2
20308;82752502;20308;22;5;1;7;6;0;1;1;1;0;2
20309;82752502;20309;16;1;1;7;6;0;1;1;1;0;2
20310;82752502;20310;17;3;1;7;2;0;1;1;1;0;2
20311;82752502;20311;16;2;1;7;6;0;1;2;1;0;3
20312;82752502;20312;64;1;3;2;6;0;1;1;1;0;2
20313;82752502;20313;16;3;3;2;6;0;2;0;1;0;2
20314;82752502;20314;51;1;1;7;4;0;1;3;1;0;4
20315;82752502;20315;11;1;1;2;6;0;1;1;1;0;2
20316;82753307;20316;52;1;1;7;2;0;2;2;1;0;4
20317;82753307;20317;52;1;1;7;0;0;2;0;1;0;2
20318;82753407;20318;33;1;1;7;3;0;1;1;1;0;2
20319;82753407;20319;21;1;1;7;4;0;1;1;1;0;2
20320;82753411;20320;13;1;1;7;6;0;1;1;1;0;2
20321;82753501;20321;19;3;1;7;6;0;1;1;1;0;2
20322;82753503;20322;17;2;2;2;2;0;1;1;1;0;2
20323;82753503;20323;19;1;1;2;6;0;1;2;1;0;3
20324;82754305;20324;31;1;1;7;6;0;2;1;1;0;3
20325;82754305;20325;11;1;1;7;6;0;1;1;1;0;2
20326;82754305;20326;31;3;1;7;6;0;1;1;1;0;2
20327;82754402;20327;17;1;1;7;1;0;1;1;1;0;2
20328;82754408;20328;71;1;3;1;6;0;1;1;1;0;2
20329;82754408;20329;86;1;1;7;2;0;2;1;1;0;3
20330;82754411;20330;72;1;3;2;6;1;0;1;2;0;2
20331;82755312;20331;81;3;1;7;6;0;3;0;1;0;3
20332;82755312;20332;17;1;1;7;2;0;1;1;1;0;2
20333;82755312;20333;11;1;1;7;6;0;1;1;1;0;2
20334;82755312;20334;11;1;1;7;6;0;1;1;1;0;2
20335;82755312;20335;11;1;1;7;6;0;1;1;1;0;2
20336;82755402;20336;16;1;1;7;4;0;1;1;1;0;2
20337;82755402;20337;71;3;1;7;4;0;1;1;1;0;2
20338;82755402;14594;16;1;1;7;5;1;1;0;2;0;2
20339;82755402;20339;11;1;3;2;6;0;1;1;1;0;2
20340;82755402;20340;16;1;1;7;6;0;2;1;1;0;3
20341;82755402;20341;11;1;1;7;2;0;1;1;1;0;2
20342;82755402;20342;81;3;1;7;2;0;1;1;1;0;2
20343;82755402;20343;16;3;1;7;6;0;3;0;1;0;3
20344;82755404;20344;72;1;1;7;6;0;1;1;1;0;2
20345;82755404;6716;11;1;1;7;2;0;2;1;1;0;3
20346;82755503;20346;51;1;1;7;6;0;1;1;1;0;2
20347;82755504;20347;19;1;1;7;6;0;1;2;1;0;3
20348;82755504;20348;19;1;1;7;6;0;1;1;1;0;2
20349;82755504;20349;19;3;1;7;6;0;2;0;1;0;2
20350;82755504;20350;19;3;1;7;6;0;1;1;1;0;2
20351;82755504;20351;19;1;1;7;6;0;1;3;1;0;4
20352;82755504;20352;19;1;1;7;5;0;1;1;1;0;2
20353;82755504;20353;19;1;1;7;6;0;3;1;1;0;4
20354;82755504;20354;19;3;1;7;4;1;1;1;2;0;3
20355;82755504;20355;19;3;1;7;8;0;4;0;1;0;4
20356;82755504;20356;13;1;2;2;6;0;1;2;1;0;3
20357;82756302;20357;19;1;1;7;4;0;2;1;1;0;3
20358;82756302;20358;71;1;3;1;6;0;1;1;1;0;2
20359;82756302;20359;42;1;1;7;5;0;1;2;1;0;3
20360;82756304;20360;17;1;1;7;2;1;0;1;2;0;2
20361;82756306;20361;19;1;1;2;5;0;1;1;1;0;2
20362;82756306;20362;17;1;1;7;2;0;1;0;1;0;1
20363;82756307;20363;52;1;1;7;0;0;1;0;1;0;1
20364;82756308;20364;17;1;1;7;2;0;1;1;1;0;2
20365;82756309;20365;51;1;1;7;6;0;1;1;1;0;2
20366;82756309;20366;19;1;3;1;6;0;5;0;1;0;5
20367;82756320;20367;17;3;1;7;2;0;1;1;1;0;2
20368;82756320;20368;16;1;1;7;4;0;1;1;1;0;2
20369;82756320;20369;51;1;1;2;5;0;1;1;1;0;2
20370;82756320;20370;21;1;3;2;6;0;1;1;1;0;2
20371;82756412;20371;13;1;1;7;6;0;4;0;1;0;4
20372;82756412;20372;13;2;2;2;6;0;1;1;1;0;2
20373;82756412;20373;13;2;1;7;6;0;1;1;1;0;2
20374;82756412;20374;13;1;3;1;6;0;1;1;1;0;2
20375;82756412;20375;13;1;1;7;6;0;2;0;1;0;2
20376;82756412;20376;13;1;3;2;6;0;2;1;1;0;3
20377;82756504;20377;41;1;1;7;4;0;1;1;1;0;2
20378;82756505;20378;16;1;1;7;6;0;1;1;1;0;2
20379;82756506;20379;71;1;1;7;6;0;1;1;1;0;2
20380;82756506;20380;72;1;1;7;4;0;2;0;1;0;2
20381;82756507;20381;86;1;1;7;1;0;2;1;1;0;3
20382;82757302;20382;11;1;1;7;6;0;1;1;1;0;2
20383;82757302;20383;17;1;1;7;2;0;1;1;1;0;2
20384;82757303;20384;52;1;1;7;0;0;4;0;1;0;4
20385;82757306;20385;17;1;1;7;2;0;1;1;1;0;2
20386;82757306;20386;52;3;1;7;6;1;0;0;3;0;1
20387;82757306;20387;52;1;1;7;6;0;2;2;1;0;4
20388;82757402;20388;17;1;1;7;2;1;0;1;2;0;2
20389;82757402;20389;19;1;1;7;6;0;1;1;1;0;2
20390;82757506;20390;41;1;1;7;6;0;1;1;1;0;2
20391;82761101;20391;71;3;1;2;6;1;0;1;2;0;2
20392;82761101;20392;19;1;1;7;3;0;1;1;1;0;2
20393;82761101;20393;17;2;1;7;2;0;1;1;1;0;2
20394;82761101;20394;64;1;1;7;6;0;1;1;1;0;2
20395;82761101;20395;16;1;1;7;5;0;1;2;1;0;3
20396;82761101;20396;17;2;1;7;2;0;1;1;1;0;2
20397;82761201;20397;13;1;1;7;4;0;1;1;1;0;2
20398;82761202;20398;31;3;1;7;3;0;1;1;1;0;2
20399;82761202;20399;72;3;1;7;5;0;2;0;1;0;2
20400;82761203;20400;19;1;1;7;4;0;1;1;1;0;2
20401;82761203;20401;19;3;1;7;6;0;1;1;1;0;2
20402;82761203;20402;19;1;2;1;6;0;2;1;1;0;3
20403;82761203;20403;19;1;1;7;6;0;1;1;1;0;2
20404;82761203;8130;41;1;1;7;6;0;1;1;1;0;2
20405;82761301;20405;11;1;3;2;6;1;0;1;2;0;2
20406;82761301;20406;81;3;3;2;5;0;1;1;1;0;2
20407;82761303;20407;11;5;1;7;6;0;2;2;1;0;4
20408;82761303;20408;11;3;1;7;6;1;0;1;2;0;2
20409;82761303;20409;18;3;1;7;6;0;1;2;1;0;3
20410;82761303;20410;11;3;1;7;6;0;2;1;1;0;3
20411;82761303;20411;11;2;1;7;2;0;1;0;1;0;1
20412;82761305;20412;21;3;1;2;6;0;1;2;1;0;3
20413;82761404;20413;16;2;1;2;4;0;1;1;1;0;2
20414;82761404;20414;19;1;1;7;6;0;1;1;1;0;2
20415;82762101;20415;71;1;1;7;6;0;1;1;1;0;2
20416;82762102;20416;14;1;1;7;6;0;2;0;1;0;2
20417;82762102;20417;14;1;1;7;5;0;2;1;1;0;3
20418;82762209;20418;19;1;1;7;6;0;1;1;1;0;2
20419;82762210;20419;14;1;1;2;6;0;1;2;1;0;3
20420;82762210;20420;19;5;1;7;6;1;0;2;2;0;3
20421;82762210;20421;41;3;3;2;6;1;0;1;2;0;2
20422;82762301;20422;81;3;1;7;5;0;1;1;1;0;2
20423;82762301;20423;51;1;1;2;6;0;1;2;1;0;3
20424;82762303;20424;71;1;1;7;6;0;0;1;3;0;1
20425;82762303;20425;18;1;1;7;6;1;0;1;2;0;2
20426;82762303;20426;17;1;1;7;2;0;1;1;1;0;2
20427;82762303;20427;41;1;1;7;2;0;1;0;1;0;1
20428;82762303;20428;71;1;1;2;6;0;1;1;1;0;2
20429;82762309;20429;19;5;1;7;6;0;1;1;1;0;2
20430;82762322;20430;13;1;1;7;4;0;1;1;1;0;2
20431;82762403;20431;16;3;3;1;4;1;0;1;2;0;2
20432;82762403;20432;31;2;1;7;6;0;2;0;1;0;2
20433;82762405;20433;28;2;1;7;0;0;1;0;1;0;1
20434;82762405;20434;11;1;1;7;6;0;3;1;1;0;4
20435;82762509;11982;31;1;1;7;6;0;1;1;1;0;2
20436;82763101;20436;71;1;1;7;6;0;1;1;1;0;2
20437;82763102;20437;51;2;1;7;6;0;1;2;1;0;3
20438;82763312;20438;17;2;3;2;2;0;1;1;1;0;2
20439;82763313;20439;71;1;1;7;6;1;0;1;2;0;2
20440;82763313;20440;19;1;1;7;5;0;1;1;1;0;2
20441;82763313;20441;22;3;1;7;6;0;1;3;1;0;4
20442;82763313;20442;19;1;3;2;6;1;0;1;2;0;2
20443;82763313;20443;17;1;1;7;2;0;1;1;1;0;2
20444;82763313;20444;17;2;1;7;2;1;0;1;2;0;2
20445;82763313;20445;71;2;1;7;7;0;1;1;1;0;2
20446;82763313;20446;31;3;1;7;6;0;2;1;1;0;3
20447;82763314;20447;17;1;1;7;2;1;0;1;2;0;2
20448;82763511;20448;52;1;3;1;0;0;1;1;1;0;2
20449;82764105;20449;73;1;1;7;2;0;1;1;1;0;2
20450;82764201;20450;11;1;1;2;6;0;1;1;1;0;2
20451;82764201;20451;81;3;1;7;6;0;1;1;1;0;2
20452;82764304;20452;17;1;1;1;2;0;1;1;1;0;2
20453;82764304;20453;73;5;1;7;6;1;0;1;2;0;2
20454;82764304;20454;51;1;1;7;6;0;2;1;1;0;3
20455;82764304;20455;17;1;1;7;2;1;0;1;2;0;2
20456;82764305;20456;19;1;1;7;6;0;1;1;1;0;2
20457;82764305;20457;19;1;1;7;4;0;1;1;1;0;2
20458;82764305;20458;19;1;3;2;6;0;1;2;1;0;3
20459;82764305;20459;71;3;1;7;6;0;1;1;1;0;2
20460;82764305;20460;19;1;1;7;6;0;2;1;1;0;3
20461;82764305;20461;16;3;1;7;6;0;6;0;1;0;6
20462;82764305;20462;19;3;1;7;4;0;1;1;1;0;2
20463;82764306;20463;21;5;1;7;6;0;2;1;1;0;3
20464;82764405;20464;11;3;1;7;6;1;1;0;2;0;2
20465;82764412;20465;81;3;1;7;0;0;1;0;1;0;1
20466;82764412;20466;72;1;1;7;6;0;1;0;1;0;1
20467;82764412;20467;19;3;3;2;3;0;1;1;1;0;2
20468;82764503;7357;52;1;1;1;2;0;1;1;1;0;2
20469;82765208;20469;21;3;1;7;4;1;0;1;2;0;2
20470;82765304;20470;17;1;1;7;1;0;0;1;3;0;1
20471;82765404;20471;99;3;1;1;3;0;1;0;1;0;1
20472;82765404;20472;51;1;3;1;6;0;1;2;1;0;3
20473;82766102;20473;21;1;1;7;6;1;0;1;2;0;2
20474;82766105;20474;31;1;1;7;6;0;1;1;1;0;2
20475;82766208;20475;19;1;3;2;5;0;1;1;1;0;2
20476;82766209;20476;52;1;1;7;2;0;1;2;1;0;3
20477;82766301;20477;16;1;1;7;6;0;1;1;1;0;2
20478;82766301;20478;85;3;1;7;6;0;1;1;1;0;2
20479;82766301;20479;17;1;1;7;1;0;1;1;1;0;2
20480;82766301;20480;21;3;3;1;6;0;3;1;1;0;4
20481;82766301;20481;19;3;1;1;6;0;1;1;1;0;2
20482;82766301;20482;71;1;1;7;6;0;1;1;1;0;2
20483;82766301;20483;16;1;3;2;6;0;1;2;1;0;3
20484;82766301;20484;19;1;4;3;6;0;2;1;1;0;3
20485;82766301;20485;17;1;1;7;2;0;0;1;3;0;1
20486;82766301;20486;19;3;1;7;5;0;1;1;1;0;2
20487;82766303;20487;85;3;1;1;6;0;1;1;1;0;2
20488;82766306;20488;21;1;1;7;6;0;1;2;1;0;3
20489;82766502;20489;16;3;1;7;4;1;0;1;2;0;2
20490;82767202;20490;11;1;2;2;6;0;1;1;1;0;2
20491;82767301;20491;63;1;3;2;3;0;1;1;1;0;2
20492;82767303;20492;11;1;1;7;6;0;1;1;1;0;2
20493;82767402;20493;14;1;1;7;6;0;1;1;1;0;2
20494;82767402;20494;14;1;3;1;6;1;0;1;2;0;2
20495;82767402;20495;21;1;1;7;6;0;1;1;1;0;2
20496;82767409;20496;31;1;1;7;5;0;1;1;1;0;2
20497;82771203;20497;41;1;1;7;6;0;3;0;1;0;3
20498;82771204;20498;11;1;1;7;6;0;1;2;1;0;3
20499;82771204;20499;16;1;1;7;8;0;1;1;1;0;2
20500;82771204;20500;16;1;1;7;6;0;2;2;1;0;4
20501;82771204;20501;16;1;1;7;6;0;1;3;1;0;4
20502;82771204;20502;51;1;1;7;6;0;1;1;1;0;2
20503;82771204;20503;11;1;1;7;6;0;1;1;1;0;2
20504;82771204;20504;11;1;3;2;6;0;2;0;1;0;2
20505;82771303;20505;16;1;1;7;6;2;0;1;2;0;3
20506;82771303;20506;16;1;3;1;4;0;1;0;1;0;1
20507;82771303;20507;17;1;1;2;2;1;0;1;2;0;2
20508;82771303;20508;16;1;3;1;4;0;2;1;1;0;3
20509;82771303;20509;16;2;1;7;4;0;2;1;1;0;3
20510;82772102;20510;19;1;1;7;4;1;0;1;2;0;2
20511;82772204;20511;14;1;1;7;4;1;0;0;2;0;1
20512;82772204;20512;11;1;1;7;6;0;1;1;1;0;2
20513;82772302;20513;13;1;1;7;6;0;1;1;1;0;2
20514;82772404;20514;71;1;1;1;6;1;0;1;2;0;2
20515;82772408;20515;17;1;1;7;2;0;0;1;3;0;1
20516;82773206;20516;23;1;1;1;6;1;2;0;2;0;3
20517;82773206;12223;11;2;1;7;6;1;1;1;2;0;3
20518;82773206;20518;11;3;1;7;6;1;2;4;2;0;7
20519;82773206;20519;81;2;1;7;6;0;2;5;1;0;7
20520;82773206;20520;11;1;1;7;3;0;1;1;1;0;2
20521;82773206;20521;11;3;1;7;6;0;0;1;3;0;1
20522;82773206;20522;41;5;3;1;6;1;0;1;2;0;2
20523;82773206;20523;15;1;1;7;6;0;1;1;1;0;2
20524;82773206;20524;12;1;1;2;6;0;1;2;1;0;3
20525;82773206;20525;11;1;3;2;6;1;0;1;2;0;2
20526;82773402;20526;17;1;1;7;2;1;0;1;2;0;2
20527;82773404;20527;14;3;3;2;6;0;1;1;1;0;2
20528;82773404;20528;14;1;1;7;6;0;1;1;1;0;2
20529;82773404;20529;17;2;3;1;2;0;3;1;1;0;4
20530;82774103;20530;14;1;1;7;3;0;1;1;1;0;2
20531;82774202;20531;16;1;1;7;4;1;0;1;2;0;2
20532;82774202;20532;71;1;3;2;6;1;0;1;2;0;2
20533;82774302;20533;41;1;1;7;6;0;1;1;1;0;2
20534;82774401;20534;17;1;3;2;2;0;1;1;1;0;2
20535;82774407;20535;52;3;2;2;6;0;1;0;1;0;1
20536;82775505;20536;11;5;3;2;6;0;1;1;1;0;2
20537;82776202;20537;51;1;1;4;6;1;0;2;2;0;3
20538;82776202;20538;14;1;1;7;6;0;1;1;1;0;2
20539;82776202;20539;52;3;1;7;0;0;1;2;1;0;3
20540;82776202;20540;51;3;3;1;6;0;1;2;1;0;3
20541;82776202;20541;11;1;1;7;2;0;1;0;1;0;1
20542;82776211;20542;11;1;1;7;2;1;0;1;2;0;2
20543;82776211;20543;12;1;1;7;6;0;2;0;1;0;2
20544;82776211;20544;11;1;1;7;6;0;1;3;1;0;4
20545;82776211;20545;16;2;1;7;6;0;1;1;1;0;2
20546;82776211;20546;11;1;1;7;6;0;1;1;1;0;2
20547;82776211;20547;51;2;2;1;6;1;1;1;2;0;3
20548;82776401;20548;22;1;1;7;4;1;0;1;2;0;2
20549;82776401;20549;81;1;1;7;6;1;0;1;2;0;2
20550;82776401;20550;16;1;1;7;6;0;2;1;1;0;3
20551;82776401;20551;17;3;3;1;2;0;2;1;1;0;3
20552;82776401;20552;11;2;1;7;6;0;2;1;1;0;3
20553;82776401;20553;11;1;1;7;5;0;1;1;1;0;2
20554;82776401;20554;11;1;1;7;6;0;1;1;1;0;2
20555;82776402;20555;16;3;3;2;4;0;1;1;1;0;2
20556;82776402;20556;14;1;1;7;5;0;1;0;1;0;1
20557;82776406;20557;71;1;1;7;6;0;1;1;1;0;2
20558;82776407;20558;14;1;3;2;6;0;2;1;1;0;3
20559;82776510;20559;19;1;1;7;6;0;2;0;1;0;2
20560;82776516;20560;35;1;1;7;3;0;1;1;1;0;2
20561;82777101;20561;17;3;1;4;2;1;0;1;2;0;2
20562;82777101;20562;17;1;1;7;2;0;1;1;1;0;2
20563;82777101;20563;16;1;1;7;6;0;2;0;1;0;2
20564;82777202;20564;72;1;1;7;6;1;0;1;2;0;2
20565;82777202;20565;14;1;1;7;4;1;0;1;2;0;2
20566;82777202;20566;17;2;3;2;2;0;1;1;1;0;2
20567;82777202;20567;14;1;1;7;6;2;0;1;2;0;3
20568;82777202;20568;17;1;1;7;2;1;0;1;2;0;2
20569;82781503;20569;14;1;1;7;6;0;1;1;1;0;2
20570;82784104;20570;14;1;1;7;6;0;2;0;1;0;2
20571;82784410;20571;35;1;1;7;4;0;1;1;1;0;2
20572;82784410;20572;11;1;3;2;6;0;1;1;1;0;2
20573;82785209;20573;19;1;3;1;6;0;1;1;1;0;2
20574;82785309;20574;13;1;1;7;6;0;1;1;1;0;2
20575;82785309;20575;16;1;1;7;4;0;1;1;1;0;2
20576;82785309;20576;16;1;1;7;6;0;1;1;1;0;2
20577;82785309;20577;19;2;1;7;6;2;4;0;2;0;6
20578;82785309;20578;51;3;7;7;7;1;0;1;2;0;2
20579;82785309;20579;51;1;1;7;6;1;0;2;2;0;3
20580;82785401;20580;35;1;1;7;3;0;1;1;1;0;2
20581;82787302;2467;16;1;1;7;6;0;1;1;1;0;2
20582;82787302;20582;13;1;1;7;6;0;1;1;1;0;2
20583;82787302;20583;11;1;2;1;7;0;1;1;1;0;2
20584;82791104;20584;14;1;1;1;6;0;1;1;1;0;2
20585;82791207;20585;20;4;1;7;6;0;1;1;1;0;2
20586;82791304;20586;14;1;1;7;6;0;1;1;1;0;2
20587;82791403;20587;32;1;1;7;6;0;1;1;1;0;2
20588;82791409;20588;32;1;1;7;7;0;0;1;3;0;1
20589;82792104;20589;17;1;1;7;4;0;1;2;1;0;3
20590;82792107;20590;14;3;3;2;6;0;1;1;1;0;2
20591;82792110;20591;16;1;1;7;6;0;1;1;1;0;2
20592;82792110;20592;16;1;1;7;6;0;2;0;1;0;2
20593;82792304;20593;52;3;1;7;0;0;1;0;1;0;1
20594;82792304;20594;21;1;1;7;3;0;1;1;1;0;2
20595;82792504;20595;12;1;1;2;9;0;1;0;1;0;1
20596;82792504;20596;11;3;1;7;6;0;1;2;1;0;3
20597;82792504;20597;11;1;1;7;6;1;0;1;2;0;2
20598;82792504;20598;11;1;1;7;6;0;1;1;1;0;2
20599;82792504;20599;11;1;1;7;6;0;1;1;1;0;2
20600;82792504;20600;42;1;1;7;6;0;1;1;1;0;2
20601;82792504;20601;15;3;1;7;6;1;0;4;2;0;5
20602;82792504;20602;71;1;3;2;6;1;0;1;2;0;2
20603;82792504;20603;11;1;1;7;6;0;1;1;1;0;2
20604;82792504;20604;11;3;1;1;6;0;1;1;1;0;2
20605;82792504;20605;51;1;1;7;6;0;1;2;1;0;3
20606;82792504;20606;81;3;1;7;0;0;1;0;1;0;1
20607;82792504;20607;11;1;3;2;6;0;1;1;1;0;2
20608;82792504;12208;17;1;1;7;2;0;1;1;1;0;2
20609;82792504;20609;42;1;1;7;6;0;1;0;1;0;1
20610;82792504;20610;11;1;3;1;6;0;1;0;1;0;1
20611;82792504;20611;12;3;1;7;4;0;2;0;1;0;2
20612;82792509;20612;42;1;1;7;6;0;1;1;1;0;2
20613;82792509;20613;42;1;1;7;6;0;1;1;1;0;2
20614;82792510;20614;11;3;1;7;6;1;3;0;2;0;4
20615;82792510;20615;11;1;1;7;6;0;1;1;1;0;2
20616;82792510;20616;42;3;3;1;6;0;1;1;1;0;2
20617;82792510;20617;81;1;1;7;9;1;0;0;2;0;1
20618;82792510;20618;51;1;1;7;6;0;1;1;1;0;2
20619;82793103;20619;41;1;1;7;6;0;1;1;1;0;2
20620;82793203;20620;51;1;3;1;6;0;1;5;1;0;6
20621;82793203;20621;14;1;1;7;6;0;2;0;1;0;2
20622;82793203;20622;14;1;3;2;6;0;1;1;1;0;2
20623;82793203;20623;14;1;1;7;6;0;1;3;1;0;4
20624;82793203;20624;14;2;3;2;4;0;1;1;1;0;2
20625;82793203;20625;14;1;1;1;7;0;1;2;1;0;3
20626;82793203;20626;14;3;1;7;6;0;1;2;1;0;3
20627;82793203;20627;14;1;1;7;6;0;1;1;1;0;2
20628;82793203;20628;71;5;1;7;6;1;0;0;2;0;1
20629;82793203;20629;17;1;3;1;2;1;0;1;2;0;2
20630;82793405;20630;72;3;1;7;6;0;1;1;1;0;2
20631;82793505;20631;42;1;1;7;6;0;1;1;1;0;2
20632;82793505;20632;52;3;3;2;6;1;0;1;2;0;2
20633;82794208;20633;21;1;3;2;6;0;1;0;1;0;1
20634;82795503;20634;11;1;1;7;6;0;1;1;1;0;2
20635;82795503;20635;51;3;1;4;6;0;2;0;1;0;2