accident_id;lieu_id;date_id;cause_id;lum_id;intemp_id;etat_surface_id;impliq_id;nb_blesses_graves;nb_blesses_legers;nb_indemnes;gravite;nb_morts;nb_impliqués
20636;82795503;20636;11;1;1;7;6;0;1;1;1;0;2
20637;82795503;20637;51;1;1;7;6;0;3;1;1;0;4
20638;82795503;20638;17;1;1;7;4;0;1;1;1;0;2
20639;82795503;20639;71;3;3;1;6;0;1;1;1;0;2
20640;82795503;20640;51;1;3;2;6;0;1;2;1;0;3
20641;82795503;20641;42;1;1;7;6;0;1;1;1;0;2
20642;82795503;20642;71;1;1;7;6;0;1;1;1;0;2
20643;82795503;20643;11;3;1;7;6;1;0;1;2;0;2
20644;82795503;20644;51;1;1;1;6;0;1;1;1;0;2
20645;82795503;20645;51;1;3;2;6;0;1;1;1;0;2
20646;82795503;20646;11;1;1;7;6;0;1;1;1;0;2
20647;82795503;20647;11;1;3;2;6;0;1;1;1;0;2
20648;82795503;20648;11;3;1;7;6;1;0;1;2;0;2
20649;82795503;20649;11;3;1;1;2;1;0;0;2;0;1
20650;82795503;20650;11;1;1;7;6;0;1;2;1;0;3
20651;82795503;20651;11;1;3;1;6;1;1;0;2;0;2
20652;82795503;20652;11;3;1;1;6;0;1;1;1;0;2
20653;82795503;20653;43;1;1;7;4;0;1;1;1;0;2
20654;82795503;20654;11;1;3;1;6;0;2;0;1;0;2
20655;82797504;20655;51;3;3;2;6;0;1;2;1;0;3
20656;82797504;20656;41;1;7;2;3;1;0;1;2;0;2
20657;82797504;20657;52;1;1;7;6;1;1;0;2;0;2
20658;82797504;20658;11;3;3;2;2;1;2;0;2;0;3
20659;82797504;20659;72;3;1;7;9;0;1;0;3;0;1
20660;82797504;20660;18;1;1;7;6;0;1;1;1;0;2
20661;82797504;20661;72;3;4;2;9;1;0;0;2;0;1
20662;82797504;20662;51;3;3;1;6;0;3;3;1;0;6
20663;82797504;20663;51;3;1;7;6;0;4;2;1;0;6
20664;82797504;20664;51;1;2;2;6;0;1;1;1;0;2
20665;82797504;20665;51;1;1;2;6;1;1;1;2;0;3
20666;82797504;20666;11;1;1;7;6;0;1;1;1;0;2
20667;82797504;20667;11;1;1;7;6;1;0;1;2;0;2
20668;82797504;20668;51;3;3;1;6;0;1;0;1;0;1
20669;82797504;20669;41;1;1;7;6;0;1;1;1;0;2
20670;82797504;20670;42;1;2;1;6;0;2;0;3;0;2
20671;82797504;20671;51;3;3;1;6;0;2;1;1;0;3
20672;82797504;20672;11;1;3;1;6;0;1;1;1;0;2
20673;82797504;20673;16;2;1;1;6;1;0;1;2;0;2
20674;82797504;20674;51;1;1;7;6;0;1;6;1;0;7
20675;82797504;20675;51;3;3;1;6;0;1;1;1;0;2
20676;82797504;20676;51;3;3;1;6;0;4;4;1;0;8
20677;82797504;20677;51;1;3;1;6;0;2;2;1;0;4
20678;82797504;20678;51;2;3;1;6;0;1;7;1;0;8
20679;82797504;20679;51;3;1;7;6;0;3;1;1;0;4
20680;82797504;20680;51;1;3;1;6;0;2;1;1;0;3
20681;82797504;20681;51;1;1;7;6;0;1;2;1;0;3
20682;82797504;20682;11;3;3;1;6;0;1;1;1;0;2
20683;82797504;20683;81;3;1;7;6;0;0;1;3;0;1
20684;82797506;20684;15;1;1;7;6;0;1;1;1;0;2
20685;82797507;20685;14;1;1;7;6;0;2;0;1;0;2
20686;82797507;20686;18;1;1;7;5;0;1;1;1;0;2
20687;82801207;20687;14;1;1;7;6;0;1;1;1;0;2
20688;82801207;20688;13;1;1;2;4;1;0;1;2;0;2
20689;82801207;20689;13;1;1;7;4;0;1;1;1;0;2
20690;82801405;20690;22;1;1;7;6;0;1;1;1;0;2
20691;82801407;20691;17;1;1;7;2;0;1;1;1;0;2
20692;82801407;20692;86;1;1;7;3;0;1;1;1;0;2
20693;82801502;20693;14;1;1;7;6;0;1;0;1;0;1
20694;82802201;20694;13;3;1;7;6;0;1;1;1;0;2
20695;82802201;20695;13;1;3;2;6;0;1;1;1;0;2
20696;82802201;20696;13;1;1;7;4;0;1;1;1;0;2
20697;82802201;20697;13;1;1;7;6;0;1;3;1;0;4
20698;82802201;20698;13;1;1;7;6;0;5;0;1;0;5
20699;82802201;20699;13;1;1;7;6;0;1;0;1;0;1
20700;82802201;20700;13;1;1;7;6;1;0;2;2;0;3
20701;82802201;20701;52;3;3;1;7;1;0;1;2;0;2
20702;82802201;20702;13;1;3;1;6;0;4;0;1;0;4
20703;82802201;20703;13;5;3;1;6;0;2;1;1;0;3
20704;82802201;20704;13;1;1;7;6;0;2;0;1;0;2
20705;82802201;20705;13;1;1;7;6;0;2;0;1;0;2
20706;82802201;20706;13;1;1;7;8;0;1;2;1;0;3
20707;82802201;20707;51;2;1;7;6;1;1;1;2;0;3
20708;82802201;20708;13;3;1;2;3;0;1;1;1;0;2
20709;82803101;20709;41;1;1;7;6;1;0;1;2;0;2
20710;82803101;20710;17;1;1;7;2;0;1;1;3;0;2
20711;82804104;20711;13;1;1;1;6;0;2;0;1;0;2
20712;82804104;20712;13;1;3;2;6;0;2;1;1;0;3
20713;82804402;20713;43;1;1;1;6;0;4;0;1;0;4
20714;82804402;20714;43;1;1;7;6;0;1;1;1;0;2
20715;82804402;20715;41;1;1;7;4;0;2;0;1;0;2
20716;82804402;20716;14;3;1;7;9;2;0;0;2;0;2
20717;82804402;20717;51;3;3;1;6;0;1;3;1;0;4
20718;82804402;20718;11;3;1;7;6;1;0;1;2;0;2
20719;82804402;20719;21;1;1;7;6;0;1;2;1;0;3
20720;82804402;20720;11;1;1;1;6;0;3;0;1;0;3
20721;82804402;20721;15;1;1;7;6;0;1;1;1;0;2
20722;82804402;20722;52;1;1;7;7;0;1;1;1;0;2
20723;82804402;20723;11;1;3;1;6;1;0;1;2;0;2
20724;82804402;20724;15;2;1;7;6;0;2;0;1;0;2
20725;82804402;19943;42;1;1;1;6;0;1;0;1;0;1
20726;82804402;20726;43;1;1;7;6;1;1;1;2;0;3
20727;82804402;20727;11;1;1;7;6;0;2;0;1;0;2
20728;82804402;20728;12;1;1;7;9;1;0;0;2;0;1
20729;82804402;20729;15;1;3;2;6;0;1;1;1;0;2
20730;82804402;20730;51;3;1;7;6;0;1;1;1;0;2
20731;82804402;20731;86;1;4;1;2;0;1;1;1;0;2
20732;82804402;20732;23;3;1;7;6;0;1;1;1;0;2
20733;82804402;20733;43;1;1;7;4;0;1;1;1;0;2
20734;82804402;20734;15;1;1;7;7;0;1;1;1;0;2
20735;82804402;20735;11;4;1;7;6;0;1;0;1;0;1
20736;82804402;20736;17;3;3;2;2;0;1;1;1;0;2
20737;82804402;20737;52;3;3;2;0;0;2;0;3;0;2
20738;82804402;20738;43;1;1;7;6;0;1;0;1;0;1
20739;82804402;20739;51;1;1;7;6;0;3;0;1;0;3
20740;82804402;20740;43;3;1;1;4;0;1;1;1;0;2
20741;82804402;20741;11;1;1;7;6;0;1;1;1;0;2
20742;82804402;20742;11;3;1;7;6;0;2;0;1;0;2
20743;82804402;20743;11;1;1;7;6;0;1;1;1;0;2
20744;82804402;20744;43;1;1;7;6;2;0;0;2;0;2
20745;82804402;20745;43;1;1;7;6;0;1;1;1;0;2
20746;82804402;20746;12;3;1;7;9;1;0;0;2;0;1
20747;82804402;20747;43;3;1;7;4;0;1;1;1;0;2
20748;82804402;20748;11;3;1;7;6;0;0;1;3;0;1
20749;82804402;20749;16;1;1;1;6;0;3;0;1;0;3
20750;82804402;20750;11;1;1;7;6;0;1;1;1;0;2
20751;82804402;20751;11;3;3;1;6;1;0;1;2;0;2
20752;82804402;20752;11;1;1;7;6;0;2;0;1;0;2
20753;82804402;20753;42;1;1;7;6;0;1;1;1;0;2
20754;82804402;20754;11;1;1;7;6;1;0;1;2;0;2
20755;82804402;20755;16;2;1;7;6;1;0;1;2;0;2
20756;82804402;20756;11;1;1;2;6;0;1;1;1;0;2
20757;82804402;20757;11;2;6;7;6;0;1;0;1;0;1
20758;82804410;20758;43;1;1;7;4;1;0;1;2;0;2
20759;82804410;20759;11;1;1;7;6;0;2;0;1;0;2
20760;82805402;20760;14;1;3;2;6;0;2;0;1;0;2
20761;82805402;20761;14;1;3;1;6;0;1;1;1;0;2
20762;82805402;20762;14;1;2;2;4;0;1;1;1;0;2
20763;82805402;20763;14;1;1;7;4;0;1;1;1;0;2
20764;82805413;20764;14;1;1;7;6;0;1;1;1;0;2
20765;82807503;20765;13;1;2;1;6;0;2;1;1;0;3
20766;82812403;20766;17;1;1;7;3;0;1;1;1;0;2
20767;82812403;20767;17;1;1;7;3;0;1;1;1;0;2
20768;82812403;20768;17;1;1;7;3;0;1;1;1;0;2
20769;82812506;20769;14;1;3;2;6;0;1;1;1;0;2
20770;82813501;20770;13;3;1;7;3;0;1;1;1;0;2
20771;82813502;20771;16;2;1;7;6;0;1;1;1;0;2
20772;82815213;20772;41;1;3;2;6;0;1;1;1;0;2
20773;82815213;20773;11;3;1;7;6;0;1;1;1;0;2
20774;82815213;20774;11;3;3;1;6;0;1;2;1;0;3
20775;82816303;20775;16;1;2;2;4;0;1;1;1;0;2
20776;82816303;20776;72;1;2;2;9;1;0;0;2;0;1
20777;82816303;20777;11;3;1;7;6;1;0;1;2;0;2
20778;82816303;20778;11;1;1;7;6;0;1;1;1;0;2
20779;82816303;20779;41;1;1;7;6;1;3;0;2;0;4
20780;82816303;20780;11;1;1;7;6;0;1;1;1;0;2
20781;82816303;20781;71;1;1;7;6;0;1;1;1;0;2
20782;82816303;20782;51;3;1;1;6;1;4;0;2;0;5
20783;82816303;20783;51;1;1;7;6;0;1;2;1;0;3
20784;82816303;20784;11;1;1;7;6;0;1;1;1;0;2
20785;82816303;20785;52;1;1;7;0;0;1;0;1;0;1
20786;82816303;20786;42;1;1;7;6;0;3;0;1;0;3
20787;82816303;20787;19;1;7;7;6;0;1;1;1;0;2
20788;82816303;20788;19;1;1;7;6;0;2;0;1;0;2
20789;82816303;20789;19;3;1;7;6;2;0;0;2;0;2
20790;82816303;20790;41;4;2;1;9;1;0;0;2;0;1
20791;82816303;20791;11;4;1;7;6;0;2;3;1;0;5
20792;82816303;20792;11;1;1;7;5;0;1;0;3;0;1
20793;82816303;20793;11;1;3;1;6;0;1;1;1;0;2
20794;82816303;20794;51;1;1;7;6;0;2;1;1;0;3
20795;82816303;20795;11;1;1;7;5;0;2;0;1;0;2
20796;82816303;20796;42;3;3;2;6;0;1;1;1;0;2
20797;82816308;20797;41;1;1;7;6;0;1;1;1;0;2
20798;82816308;20798;11;3;2;1;6;1;0;1;2;0;2
20799;82816308;20799;51;1;1;7;6;1;0;1;2;0;2
20800;82816308;20800;11;1;1;7;6;0;1;1;1;0;2
20801;82816308;20801;11;1;1;7;6;0;1;1;1;0;2
20802;82816310;20802;11;1;1;7;6;0;1;4;1;0;5
20803;82816310;20803;11;3;1;2;6;0;6;0;1;0;6
20804;82822207;20804;13;4;1;2;6;0;2;4;1;0;6
20805;82822207;20805;51;5;3;2;6;0;1;1;1;0;2
20806;82822207;20806;52;3;6;1;0;0;1;0;1;0;1
20807;82822207;20807;13;1;1;7;6;0;1;1;1;0;2
20808;82822207;20808;31;1;1;7;4;1;0;1;2;0;2
20809;82822207;20809;13;1;1;7;4;0;1;1;1;0;2
20810;82822207;20810;13;1;1;7;6;0;3;0;1;0;3
20811;82822207;20811;13;1;1;7;5;0;1;1;1;0;2
20812;82826304;20812;17;1;1;7;2;0;1;1;1;0;2
20813;82826307;20813;13;3;1;1;6;0;1;1;1;0;2
20814;82826307;20814;36;1;3;1;6;0;2;1;1;0;3
20815;82827205;20815;13;3;2;2;6;0;1;0;1;0;1
20816;82827304;20816;16;1;1;7;6;0;2;1;1;0;3
20817;82827304;20817;13;1;1;7;6;0;1;1;1;0;2
20818;82827304;20818;16;1;1;7;6;0;1;1;1;0;2
20819;82827304;20819;19;1;1;7;3;0;1;2;1;0;3
20820;82827304;20820;52;1;1;7;0;0;1;2;1;0;3
20821;82841104;4910;17;1;1;7;2;0;1;1;1;0;2
20822;82841104;20822;11;1;1;7;6;0;1;1;1;0;2
20823;82841104;20823;13;1;1;7;4;0;1;1;1;0;2
20824;82841212;20824;13;1;3;1;4;0;1;1;1;0;2
20825;82843406;20825;52;1;1;6;0;3;0;0;2;0;3
20826;82843406;20826;23;1;1;7;4;0;1;1;1;0;2
20827;82843406;10155;16;1;1;7;6;0;3;0;1;0;3
20828;82843406;20828;16;3;1;7;4;0;1;1;1;0;2
20829;82843406;20829;51;1;1;7;6;0;3;1;1;0;4
20830;82843507;20830;71;1;1;7;6;0;1;1;1;0;2
20831;82844502;20831;11;1;1;2;6;1;2;0;2;0;3
20832;82844502;20832;16;1;1;7;6;1;0;2;2;0;3
20833;82844502;20833;16;3;1;7;6;0;4;0;1;0;4
20834;82844502;20834;16;1;1;7;4;1;0;1;2;0;2
20835;82844504;20835;31;1;1;7;7;0;0;1;3;0;1
20836;82844504;20836;19;1;1;7;5;1;0;1;2;0;2
20837;82854205;20837;51;1;1;7;6;0;1;1;1;0;2
20838;82854508;20838;13;3;1;7;4;0;1;1;1;0;2
20839;82854512;20839;16;1;1;7;6;0;1;2;1;0;3
20840;82854512;20840;11;1;1;7;4;1;0;1;2;0;2
20841;82854512;20841;16;1;1;7;6;0;1;1;1;0;2
20842;82854512;20842;16;3;3;2;6;0;1;2;1;0;3
20843;82854512;20843;81;3;1;7;0;0;1;0;1;0;1
20844;82854512;20844;81;3;1;7;6;0;2;0;1;0;2
20845;82854512;20845;11;1;1;7;6;2;1;0;2;0;3
20846;82854512;20846;11;3;1;7;6;0;1;1;1;0;2
20847;82854512;20847;52;3;1;7;0;1;3;0;2;0;4
20848;82854512;20848;11;1;1;7;6;2;3;0;2;0;5
20849;82861302;20849;31;1;1;7;6;1;0;1;2;0;2
20850;82862203;20850;13;3;2;2;6;0;2;0;1;0;2
20851;82862203;20851;71;3;3;1;6;2;0;1;2;0;3
20852;82865202;20852;13;3;1;1;3;0;1;1;1;0;2
20853;82865202;20853;13;1;3;2;6;0;3;1;1;0;4
20854;82865202;20854;52;5;1;7;0;1;0;0;2;0;1
20855;82865211;12433;32;1;1;7;6;0;1;1;1;0;2
20856;82876303;20856;52;1;1;7;0;0;1;0;1;0;1
20857;82876410;20857;16;1;1;7;6;1;2;0;2;0;3
20858;82877502;20858;63;3;1;1;6;0;5;1;1;0;6
20859;82877502;20859;17;1;1;7;1;0;1;1;1;0;2
20860;82877502;20860;71;1;1;7;6;0;1;1;1;0;2
20861;82877503;20861;19;1;3;1;6;0;1;1;1;0;2
20862;82887102;20862;52;3;1;1;0;1;0;1;2;0;2
20863;82887102;20863;31;2;3;1;6;0;1;1;1;0;2
20864;82887105;20864;52;3;1;7;0;0;2;0;1;0;2
20865;82887105;20865;11;3;1;7;6;0;1;2;1;0;3
20866;82887105;5556;35;1;1;7;3;1;0;1;2;0;2
20867;82887105;20867;16;1;1;6;6;0;3;1;1;0;4
20868;82887105;20868;11;1;1;7;6;0;2;4;1;0;6
20869;82887105;20869;17;1;3;2;2;0;1;1;1;0;2
20870;82887105;20870;81;3;1;1;6;0;1;1;1;0;2
20871;82887105;20871;51;2;1;7;6;0;1;1;1;0;2
20872;82887105;20872;11;1;1;7;6;0;1;1;1;0;2
20873;82887105;20873;11;3;1;7;6;0;1;1;1;0;2
20874;82887105;20874;11;1;1;1;6;0;3;1;1;0;4
20875;82887105;20875;81;3;1;7;5;1;1;0;2;0;2
20876;82887105;20876;11;1;1;1;6;0;2;3;1;0;5
20877;82887105;20877;11;2;1;7;6;0;2;0;1;0;2
20878;82887105;20878;11;3;1;7;7;0;3;0;1;0;3
20879;82887105;20879;41;3;3;1;6;0;1;4;1;0;5
20880;82887105;20880;11;3;1;1;9;0;1;6;1;0;7
20881;82896405;20881;14;1;3;7;4;0;1;1;1;0;2
20882;82897501;20882;35;1;1;7;4;1;0;1;2;0;2
20883;82903302;20883;13;1;1;1;3;0;2;2;1;0;4
20884;82906113;20884;41;1;1;7;6;0;1;2;1;0;3
20885;82907110;20885;14;1;1;6;6;0;1;1;1;0;2
20886;82907110;20886;19;1;1;1;6;0;1;1;1;0;2
20887;82907110;20887;19;1;1;7;6;0;1;1;1;0;2
20888;82912202;20888;31;1;1;7;4;0;2;0;1;0;2
20889;82923403;20889;82;1;1;7;0;0;1;0;1;0;1
20890;82923403;20890;16;1;1;7;6;0;1;0;1;0;1
20891;82923403;20891;16;3;1;7;6;0;1;1;1;0;2
20892;82923403;20892;51;1;1;1;7;0;1;1;1;0;2
20893;82925401;13763;13;1;1;1;6;0;1;1;1;0;2
20894;82925411;20894;14;1;1;7;4;1;0;1;2;0;2
20895;82925411;20895;14;1;1;7;3;0;1;1;1;0;2
20896;82926302;20896;11;1;1;7;6;0;1;2;1;0;3
20897;82926302;20897;35;2;1;7;5;1;0;1;2;0;2
20898;82926307;20898;13;3;7;2;3;0;1;1;1;0;2
20899;82926307;20899;52;1;1;7;6;0;2;0;1;0;2
20900;82926307;20900;16;1;1;7;6;0;1;2;1;0;3
20901;82926307;20901;16;1;1;7;6;0;0;2;0;0;2
20902;82926307;20902;16;1;1;7;6;0;3;0;1;0;3
20903;82926307;20903;41;1;1;7;6;0;1;1;1;0;2
20904;82926307;20904;11;1;1;7;4;0;1;1;1;0;2
20905;82926307;20905;11;1;1;7;7;0;1;1;1;0;2
20906;82926307;20906;11;3;1;1;6;0;8;0;1;0;8
20907;82927403;20907;16;3;1;7;6;1;1;2;2;0;4
20908;82927403;20908;11;1;1;2;6;0;1;1;1;0;2
20909;82927403;20909;15;1;1;7;6;0;2;1;1;0;3
20910;82927403;20910;11;3;3;2;6;1;0;1;2;0;2
20911;82927403;20911;16;1;1;7;6;0;1;1;1;0;2
20912;82927403;20912;11;1;1;7;6;0;3;0;1;0;3
20913;82927403;2359;11;1;1;7;6;0;1;1;1;0;2
20914;82935102;20914;17;1;1;7;1;0;1;1;1;0;2
20915;82935102;20915;71;1;1;7;6;0;1;1;1;0;2
20916;82935102;20916;71;3;2;2;6;0;1;1;1;0;2
20917;82936204;20917;25;3;1;7;6;1;0;1;2;0;2
20918;82936204;20918;52;3;1;7;0;0;1;0;1;0;1
20919;82936204;20919;52;3;1;1;0;0;0;0;3;0;0
20920;83674303;20920;52;1;1;7;6;0;0;1;3;0;1
20921;83686102;20921;21;1;1;7;6;0;1;1;1;0;2
20922;83687205;20922;13;1;1;7;5;1;0;1;2;0;2
20923;83704102;20923;31;1;1;7;7;0;1;1;1;0;2
20924;83706403;20924;14;1;1;7;6;0;1;1;1;0;2
20925;83706403;20925;14;1;1;7;6;0;2;0;1;0;2
20926;83711302;20926;13;3;1;7;5;0;1;1;1;0;2
20927;83711406;20927;13;1;1;7;4;0;1;1;1;0;2
20928;83725205;20928;16;1;1;7;4;0;0;1;3;0;1
20929;83725205;20929;18;1;1;7;5;0;2;0;1;0;2
20930;83733502;13681;16;1;1;7;6;0;1;1;1;0;2
20931;83733502;20931;51;1;1;7;6;0;2;1;1;0;3
20932;83734306;20932;81;3;1;7;6;0;2;0;1;0;2
20933;83735208;20933;16;1;1;7;6;0;1;1;1;0;2
20934;83736107;20934;13;3;1;7;5;1;0;1;2;0;2
20935;83736107;20935;16;1;7;1;6;0;1;1;1;0;2
20936;83736107;20936;51;1;1;7;6;0;2;2;1;0;4
20937;83736107;20937;13;3;1;7;6;0;1;2;1;0;3
20938;83736107;20938;13;1;1;7;3;0;1;1;1;0;2
20939;83736107;20939;13;1;1;7;4;0;1;2;1;0;3
20940;83741210;20940;64;1;1;7;6;0;1;1;1;0;2
20941;83741301;20941;71;5;1;7;6;0;1;1;1;0;2
20942;83741304;20942;16;1;1;7;6;1;0;1;2;0;2
20943;83741304;20943;16;1;1;7;6;1;0;1;2;0;2
20944;83741304;20944;52;4;1;7;0;1;0;0;2;0;1
20945;83741304;20945;22;1;1;7;6;1;0;1;2;0;2
20946;83741304;20946;15;5;1;1;6;0;3;0;1;0;3
20947;83741304;20947;16;4;1;1;6;0;2;0;1;0;2
20948;83741304;20948;16;5;2;2;5;1;0;1;2;0;2
20949;83741304;20949;11;2;1;7;6;0;3;0;1;0;3
20950;83741304;20950;16;2;2;2;6;0;2;0;1;0;2
20951;83741304;20951;42;1;3;2;6;0;1;1;1;0;2
20952;83741304;20952;11;1;1;7;6;0;1;1;1;0;2
20953;83741304;20953;42;2;1;2;6;0;3;0;1;0;3
20954;83741304;20954;12;1;1;7;6;1;2;0;2;0;3
20955;83741304;20955;12;1;1;7;6;0;4;4;1;0;8
20956;83741304;20956;51;1;1;7;6;0;3;0;1;0;3
20957;83741304;20957;81;2;1;7;6;0;1;1;1;0;2
20958;83741304;4216;11;3;3;1;6;0;2;1;1;0;3
20959;83741304;20959;51;1;1;7;6;0;1;3;1;0;4
20960;83741304;20960;16;1;3;2;6;0;1;1;1;0;2
20961;83742101;20961;14;1;3;2;3;0;1;1;1;0;2
20962;83742202;20962;11;1;1;7;6;1;0;2;2;0;3
20963;83742202;20963;16;2;3;2;6;0;1;1;1;0;2
20964;83742202;20964;51;1;1;7;6;0;1;1;1;0;2
20965;83743109;20965;13;2;1;7;6;0;1;2;1;0;3
20966;83743109;20966;13;1;6;2;6;0;1;1;1;0;2
20967;83743109;20967;52;3;1;7;0;0;1;1;1;0;2
20968;83743109;20968;41;1;1;7;6;1;0;2;2;0;3
20969;83743109;20969;71;1;1;7;6;0;1;1;1;0;2
20970;83744304;20970;16;1;1;7;5;1;0;1;2;0;2
20971;83744502;20971;19;1;2;2;4;1;0;1;2;0;2
20972;83745102;20972;51;1;3;2;6;1;0;1;2;0;2
20973;83745102;20973;13;2;1;7;6;2;0;0;2;0;2
20974;83745102;20974;18;1;1;7;6;0;1;1;1;0;2
20975;83745102;20975;15;1;1;7;6;0;2;1;1;0;3
20976;83745306;20976;17;5;3;2;2;0;1;1;1;0;2
20977;83745408;20977;13;1;1;7;6;0;2;0;1;0;2
20978;83746304;20978;71;1;1;1;6;1;1;1;2;0;3
20979;83746411;20979;19;1;1;7;5;1;0;2;2;0;3
20980;83747210;20980;16;3;1;7;6;0;2;0;1;0;2
20981;83747210;20981;16;1;3;1;6;0;2;1;3;2;5
20982;83747210;20982;16;1;1;7;6;0;4;0;1;0;4
20983;83747213;20983;51;1;1;1;6;1;0;1;2;0;2
20984;83747213;20984;23;1;1;7;7;1;0;1;2;0;2
20985;83747213;20985;42;1;1;7;7;0;1;1;1;0;2
20986;83747213;20986;81;3;1;7;6;1;1;0;2;0;2
20987;83747213;20987;16;1;1;1;6;0;3;0;1;0;3
20988;83747213;20988;52;1;2;1;5;0;2;1;1;0;3
20989;83747213;20989;11;3;3;2;6;0;1;1;1;0;2
20990;83747304;20990;19;1;3;1;4;0;1;1;1;0;2
20991;83747310;20991;51;1;1;2;5;2;0;1;2;0;3
20992;83747310;20992;11;1;1;7;6;0;2;1;1;0;3
20993;83747310;20993;32;1;1;7;7;0;1;1;1;0;2
20994;83747311;20994;11;1;1;7;6;0;1;3;1;0;4
20995;83747311;20995;11;1;1;7;6;0;1;2;1;0;3
20996;83747311;20996;11;3;3;1;6;0;2;1;1;0;3
20997;83747311;20997;11;3;1;2;6;0;1;2;1;0;3
20998;83747311;20998;11;3;1;7;6;0;2;1;1;0;3
20999;83747311;20999;11;1;1;7;3;0;1;1;1;0;2
21000;83747312;6868;17;2;1;7;1;0;0;1;3;0;1
21001;83747312;21001;19;1;1;3;6;0;2;3;1;0;5
21002;83747312;21002;11;1;1;7;6;0;3;1;1;0;4
21003;83747312;21003;11;1;1;1;6;1;1;0;2;0;2
21004;83747312;21004;11;1;1;7;6;1;0;1;2;0;2
21005;83747312;21005;14;1;1;2;6;0;1;1;1;0;2
21006;83747312;21006;19;1;1;7;6;0;2;2;1;0;4
21007;83747312;21007;19;2;1;7;6;0;3;0;1;0;3
21008;83747312;21008;81;1;3;2;6;1;1;1;2;0;3
21009;83747312;21009;11;1;1;7;6;0;1;1;1;0;2
21010;83747312;21010;11;3;1;7;6;0;1;2;1;0;3
21011;83747312;21011;11;1;1;7;8;0;6;9;1;0;15
21012;83747312;21012;18;1;1;7;6;0;4;0;1;0;4
21013;83747312;21013;18;2;1;7;6;0;1;2;1;0;3
21014;83747312;21014;11;1;1;7;6;0;2;1;1;0;3
21015;83747312;21015;41;3;1;7;6;1;0;1;2;0;2
21016;83747312;21016;11;1;3;2;6;0;1;1;1;0;2
21017;83747313;21017;11;2;1;7;6;0;0;3;3;1;4
21018;83747313;21018;11;1;1;7;6;0;1;2;1;0;3
21019;83747313;21019;11;1;1;7;6;0;1;1;1;0;2
21020;83747507;21020;17;1;1;7;2;1;0;1;2;0;2
21021;83747520;21021;11;3;1;7;6;0;1;1;1;0;2
21022;83747520;21022;18;1;1;7;5;1;0;1;2;0;2
21023;83747520;21023;16;1;1;7;5;0;1;1;1;0;2
21024;83747520;21024;16;1;1;7;5;0;2;1;1;0;3
21025;83747520;21025;11;3;1;2;6;0;1;1;1;0;2
21026;83747521;21026;81;1;1;7;6;0;1;1;1;0;2
21027;83747521;21027;18;1;1;7;6;0;1;1;1;0;2
21028;83747521;21028;11;1;1;1;6;0;5;3;1;0;8
21029;83747521;21029;11;1;3;1;6;1;1;1;2;0;3
21030;83747521;2467;11;1;1;7;6;2;2;2;2;0;6
21031;83747521;21031;17;1;1;7;2;0;1;1;1;0;2
21032;83747521;21032;17;3;1;7;2;0;1;1;1;0;2
21033;83747521;21033;12;1;1;7;6;0;2;3;1;0;5
21034;83747521;21034;81;3;3;1;6;0;0;1;3;0;1
21035;83751204;21035;19;1;3;2;6;0;1;1;1;0;2
21036;83751204;21036;19;5;2;1;6;0;1;1;1;0;2
21037;83751403;21037;52;1;1;7;1;1;1;1;2;0;3
21038;83751403;21038;17;1;1;7;2;1;0;1;2;0;2
21039;83751404;21039;35;3;3;1;3;0;1;1;1;0;2
21040;83752205;21040;17;1;1;7;4;0;1;1;1;0;2
21041;83752210;21041;72;1;1;7;6;0;1;1;1;0;2
21042;83752210;21042;52;1;1;7;7;1;0;1;2;0;2
21043;83752406;21043;16;1;2;1;6;0;1;1;1;0;2
21044;83752406;21044;52;1;1;7;0;1;0;0;2;0;1
21045;83752406;21045;16;5;1;7;3;0;1;1;1;0;2
21046;83752406;21046;16;1;1;7;6;0;1;2;1;0;3
21047;83752406;21047;16;1;1;7;6;0;2;0;1;0;2
21048;83752406;21048;16;1;1;7;4;0;1;1;1;0;2
21049;83753205;21049;51;4;1;7;6;0;1;1;1;0;2
21050;83753205;21050;35;1;1;7;3;1;0;1;2;0;2
21051;83753324;21051;14;1;1;7;6;0;1;1;1;0;2
21052;83753324;21052;19;3;1;2;6;1;1;1;2;0;3