accident_id;lieu_id;date_id;cause_id;lum_id;intemp_id;etat_surface_id;impliq_id;nb_blesses_graves;nb_blesses_legers;nb_indemnes;gravite;nb_morts;nb_impliqués
22304;84776102;22304;51;1;1;7;6;0;1;1;1;0;2
22305;84776114;22305;64;3;3;1;4;0;1;1;1;0;2
22306;84776205;22306;16;3;1;7;5;0;1;1;1;0;2
22307;84776301;22307;16;2;1;7;5;0;1;1;1;0;2
22308;84776512;22308;13;3;3;1;6;0;1;1;1;0;2
22309;84777103;22309;16;3;1;7;5;1;0;1;2;0;2
22310;84777103;22310;16;1;1;2;6;1;0;1;2;0;2
22311;84777103;22311;17;1;1;7;4;1;0;1;2;0;2
22312;84777103;22312;16;1;1;1;3;0;1;1;1;0;2
22313;84777103;22313;51;2;1;7;6;0;1;1;1;0;2
22314;84777104;22314;11;1;1;7;6;1;0;1;2;0;2
22315;84777104;22315;11;1;1;7;6;0;1;1;1;0;2
22316;84777201;22316;19;1;3;1;6;0;1;1;1;0;2
22317;84777203;22317;36;3;1;7;6;0;1;1;1;0;2
22318;84777212;22318;11;1;1;7;6;0;1;1;1;0;2
22319;84777212;22319;51;1;1;7;4;0;1;0;1;0;1
22320;84777212;22320;15;1;1;7;4;0;1;2;1;0;3
22321;84777212;22321;17;1;1;7;4;0;1;1;1;0;2
22322;84777212;22322;64;1;1;7;6;0;1;1;1;0;2
22323;84777419;22323;13;1;1;7;6;0;3;1;1;0;4
22324;84777419;22324;16;1;1;7;4;1;0;1;2;0;2
22325;84777419;22325;13;1;3;2;6;0;4;0;1;0;4
22326;84782101;22326;52;3;7;1;6;0;1;1;1;0;2
22327;84785501;22327;81;1;1;7;6;0;1;1;1;0;2
22328;84791103;22328;14;3;1;7;6;0;1;1;1;0;2
22329;84791103;22329;14;2;1;7;6;0;1;1;1;0;2
22330;84791103;22330;14;1;1;7;6;0;1;0;1;0;1
22331;84791403;22331;11;1;1;7;6;1;0;1;2;0;2
22332;84791403;22332;23;1;1;7;3;0;1;1;1;0;2
22333;84791403;22333;72;3;3;1;9;0;1;0;1;0;1
22334;84791403;22334;73;1;1;7;9;0;1;0;1;0;1
22335;84791403;22335;11;1;1;7;6;0;3;1;1;0;4
22336;84791404;22336;11;1;1;2;6;1;0;1;2;0;2
22337;84791404;22337;11;1;3;1;6;0;1;2;1;0;3
22338;84791404;22338;15;3;1;7;4;0;1;1;1;0;2
22339;84791404;22339;16;1;1;7;6;0;2;0;1;0;2
22340;84791404;22340;13;1;1;7;7;0;1;2;1;0;3
22341;84791404;22341;11;1;1;1;6;0;1;2;1;0;3
22342;84791404;22342;11;3;1;1;6;0;3;1;1;0;4
22343;84791404;22343;11;1;1;7;6;0;1;1;1;0;2
22344;84791404;22344;11;3;1;1;6;1;0;0;2;0;1
22345;84791404;22345;11;3;1;1;3;0;1;0;1;0;1
22346;84791404;22346;51;3;1;7;6;0;2;0;1;0;2
22347;84791405;22347;11;1;1;7;6;1;0;1;2;0;2
22348;84791405;22348;61;1;1;7;4;0;1;1;1;0;2
22349;84792105;22349;13;2;1;7;4;1;0;1;2;0;2
22350;84792105;22350;17;1;1;7;2;0;1;1;1;0;2
22351;84792105;22351;13;1;1;7;6;0;1;1;1;0;2
22352;84792105;22352;13;3;1;7;6;0;1;2;1;0;3
22353;84792105;22353;41;1;1;7;6;0;1;1;1;0;2
22354;84792105;22354;19;1;1;7;6;0;1;1;1;0;2
22355;84792106;22355;13;1;1;7;6;0;1;1;1;0;2
22356;84792106;22356;13;1;1;7;5;0;1;1;1;0;2
22357;84792106;11746;13;2;3;1;6;0;3;0;1;0;3
22358;84792106;22358;13;1;1;7;6;0;4;0;1;0;4
22359;84792106;22359;13;3;1;7;5;2;0;1;2;0;3
22360;84792108;22360;13;3;1;1;5;0;1;1;1;0;2
22361;84792205;22361;17;1;1;7;2;1;0;1;2;0;2
22362;84792205;22362;13;1;1;7;6;1;0;1;2;0;2
22363;84792205;22363;13;1;1;7;6;0;3;0;1;0;3
22364;84792414;22364;73;1;1;7;6;1;0;2;2;0;3
22365;84792501;22365;14;1;1;7;5;0;1;1;1;0;2
22366;84792501;22366;31;1;1;7;6;0;2;2;1;0;4
22367;84792501;22367;17;1;1;7;2;1;0;1;2;0;2
22368;84792502;22368;17;1;1;7;2;0;2;0;1;0;2
22369;84792502;22369;24;1;1;7;2;1;0;1;2;0;2
22370;84792504;22370;11;1;1;7;2;1;0;1;2;0;2
22371;84792504;22371;52;3;1;7;0;1;1;0;2;0;2
22372;84792504;22372;11;1;1;7;6;0;2;0;1;0;2
22373;84792504;22373;11;1;1;7;6;0;1;1;1;0;2
22374;84793312;22374;53;1;1;7;6;0;1;1;1;0;2
22375;84793312;22375;13;1;3;2;6;0;1;1;1;0;2
22376;84793312;22376;31;1;1;7;6;0;0;1;3;0;1
22377;84793312;22377;52;1;1;7;2;1;0;1;2;0;2
22378;84793502;18475;72;1;1;7;6;1;0;1;2;0;2
22379;84794501;22379;16;1;1;7;6;0;1;1;1;0;2
22380;84794503;22380;16;1;1;7;6;1;0;1;2;0;2
22381;84794503;22381;51;1;3;2;6;1;0;1;2;0;2
22382;84794503;19796;52;2;1;7;6;0;2;2;1;0;4
22383;84794503;22383;42;3;1;7;6;0;2;2;1;0;4
22384;84794503;22384;11;1;1;7;6;1;0;2;2;0;3
22385;84794503;22385;71;1;2;2;6;1;0;1;2;0;2
22386;84794503;22386;51;1;1;7;6;0;2;6;1;0;8
22387;84794503;22387;17;1;1;7;2;1;0;1;2;0;2
22388;84794503;22388;18;1;1;7;4;1;0;1;2;0;2
22389;84794503;22389;42;1;2;1;6;1;0;1;3;0;2
22390;84794503;22390;11;3;1;7;4;0;1;1;1;0;2
22391;84794503;21110;11;1;1;7;6;0;1;1;1;0;2
22392;84794503;22392;11;1;1;1;6;0;2;2;1;0;4
22393;84794503;22393;52;3;3;2;6;1;3;0;2;0;4
22394;84794503;22394;16;1;1;2;4;0;1;1;1;0;2
22395;84794503;22395;11;5;1;7;6;0;1;2;1;0;3
22396;84794503;22396;51;1;3;2;6;0;1;0;1;0;1
22397;84794503;22397;12;3;3;2;6;1;0;1;2;0;2
22398;84794517;22398;51;1;1;7;6;0;1;1;1;0;2
22399;84794517;22399;11;3;1;2;6;0;1;3;1;0;4
22400;84802501;22400;14;1;3;1;6;0;1;1;1;0;2
22401;84803202;22401;13;1;1;7;5;0;2;1;1;0;3
22402;84803404;22402;14;1;1;7;6;0;3;0;1;0;3
22403;84803404;22403;51;3;2;2;6;0;1;1;1;0;2
22404;84803404;22404;19;1;1;7;5;0;2;1;1;0;3
22405;84803407;22405;16;1;6;7;3;0;1;1;1;0;2
22406;84803407;22406;16;1;1;7;6;0;1;2;1;0;3
22407;84803503;11132;72;1;1;7;6;0;1;1;1;0;2
22408;84803505;22408;14;3;3;2;6;0;1;1;1;0;2
22409;84803505;22409;14;1;1;7;6;0;1;1;1;0;2
22410;84803505;22410;17;1;6;1;2;0;2;1;1;0;3
22411;84803508;22411;14;1;1;7;6;0;3;0;1;0;3
22412;84803508;22412;14;1;1;7;6;0;1;1;1;0;2
22413;84803511;22413;14;1;1;7;6;0;1;2;1;0;3
22414;84803518;22414;19;1;1;7;5;0;1;1;1;0;2
22415;84803518;22415;31;2;1;7;6;0;2;1;1;0;3
22416;84804504;22416;16;1;1;7;4;1;0;1;3;0;2
22417;84804504;22417;11;1;1;7;6;0;1;1;1;0;2
22418;84804504;22418;17;1;1;7;2;0;1;1;1;0;2
22419;84804504;22419;11;1;1;7;6;0;1;1;1;0;2
22420;84804504;22420;11;1;1;7;6;0;1;1;1;0;2
22421;84804504;22421;51;3;3;1;6;0;1;1;1;0;2
22422;84804505;22422;17;3;1;7;2;0;1;2;1;0;3
22423;84804507;22423;75;3;1;7;6;0;1;2;1;0;3
22424;84804507;22424;16;1;1;7;6;0;1;1;1;0;2
22425;84804507;22425;17;1;1;7;2;0;1;1;1;0;2
22426;84804507;22426;16;1;1;7;6;0;2;1;1;0;3
22427;84804507;22427;17;1;1;7;2;1;0;1;2;0;2
22428;84804507;22428;16;1;1;7;6;0;1;1;1;0;2
22429;84804507;22429;23;1;1;7;4;0;1;1;1;0;2
22430;84804507;22430;17;3;2;1;2;0;1;1;1;0;2
22431;84804507;22431;11;2;2;1;4;0;1;0;1;0;1
22432;84804507;22432;24;1;1;7;2;0;1;1;1;0;2
22433;84804507;22433;51;1;1;7;6;0;1;1;1;0;2
22434;84804507;22434;51;1;1;7;6;0;1;1;1;0;2
22435;84804507;22435;17;1;1;7;2;0;1;1;1;0;2
22436;84804507;22436;11;2;4;3;6;0;1;1;1;0;2
22437;84804507;22437;11;1;1;7;6;0;1;1;1;0;2
22438;84804507;22438;51;1;1;7;6;0;1;1;1;0;2
22439;84804507;22439;17;1;1;1;2;0;1;1;1;0;2
22440;84804507;22440;16;1;1;7;6;0;1;1;1;0;2
22441;84804509;22441;23;1;3;1;6;0;1;1;1;0;2
22442;84804513;22442;17;1;1;7;2;0;1;1;1;0;2
22443;84804513;22443;16;3;1;7;5;0;1;1;1;0;2
22444;84804513;22444;14;1;1;7;6;0;1;1;1;0;2
22445;84804513;22445;19;1;1;7;6;0;1;1;1;0;2
22446;84804513;22446;32;1;1;7;3;0;1;1;1;0;2
22447;84804513;22447;17;1;1;7;1;0;1;1;1;0;2
22448;84804513;22448;19;1;1;7;4;0;1;1;1;0;2
22449;84805102;22449;51;1;1;7;6;0;1;3;1;0;4
22450;84805102;22450;11;1;1;1;6;0;2;1;1;0;3
22451;84805102;22451;11;3;1;7;6;0;2;1;1;0;3
22452;84805102;22452;11;1;1;7;6;0;2;0;1;0;2
22453;84805102;22453;51;3;2;1;6;0;1;2;1;0;3
22454;84805102;22454;51;1;1;1;6;0;1;2;1;0;3
22455;84805104;20711;11;1;1;7;6;0;1;1;1;0;2
22456;84805104;22456;43;1;3;2;6;1;0;2;2;0;3
22457;84805104;22457;51;1;3;2;6;0;1;2;1;0;3
22458;84805104;22458;14;1;3;2;6;0;2;2;1;0;4
22459;84805104;22459;51;3;2;2;6;0;2;1;1;0;3
22460;84805104;22460;14;1;1;7;6;0;1;1;1;0;2
22461;84805104;22461;51;1;6;1;6;0;1;2;1;0;3
22462;84805104;22462;11;1;1;7;6;0;1;1;1;0;2
22463;84805104;22463;43;1;1;7;6;0;2;2;1;0;4
22464;84805310;22464;16;1;1;7;6;0;1;1;1;0;2
22465;84805310;22465;16;3;1;7;6;0;1;0;1;0;1
22466;84805310;22466;11;1;1;7;6;0;1;1;1;0;2
22467;84805310;22467;16;1;1;7;3;0;1;1;1;0;2
22468;84805310;22468;16;1;3;1;6;0;1;1;1;0;2
22469;84805507;22469;72;1;1;7;7;0;1;1;1;0;2
22470;84806207;22470;72;1;1;7;6;0;1;1;1;0;2
22471;84806207;22471;11;1;1;7;6;0;2;4;1;0;6
22472;84806207;22472;51;3;3;2;6;0;1;1;1;0;2
22473;84806207;22473;11;1;1;7;6;0;1;1;1;0;2
22474;84806207;22474;51;3;1;7;6;0;4;2;1;0;6
22475;84806207;22475;11;3;1;7;6;0;1;2;1;0;3
22476;84806207;22476;74;2;1;7;6;0;2;1;1;0;3
22477;84806207;22477;51;3;1;1;6;0;1;2;1;0;3
22478;84806207;22478;42;1;1;7;6;1;0;1;2;0;2
22479;84806207;20075;51;1;1;7;6;0;1;2;1;0;3
22480;84806207;22480;11;1;1;7;6;0;2;0;1;0;2
22481;84806207;22481;11;1;1;7;6;1;0;1;2;0;2
22482;84806207;22482;51;1;1;7;6;0;1;3;1;0;4
22483;84806207;22483;19;1;1;7;6;0;3;1;1;0;4
22484;84806207;22484;51;1;1;1;0;0;1;0;1;0;1
22485;84806207;22485;11;3;1;7;6;0;2;1;1;0;3
22486;84806207;22486;18;1;1;7;5;0;1;1;1;0;2
22487;84806207;22487;51;1;2;1;5;0;1;1;1;0;2
22488;84806207;22488;51;3;3;1;0;1;0;0;2;0;1
22489;84806207;22489;11;3;1;7;6;0;1;1;1;0;2
22490;84806207;22490;11;1;1;7;6;0;5;0;1;0;5
22491;84806207;22491;52;3;1;1;0;0;2;1;1;0;3
22492;84806207;22492;42;1;1;7;6;0;4;0;3;0;4
22493;84806207;22493;11;1;1;7;6;0;2;2;1;0;4
22494;84806207;22494;11;1;3;1;6;0;1;1;1;0;2
22495;84806207;22495;11;1;3;1;6;0;2;1;1;0;3
22496;84806207;22496;64;3;3;1;6;0;1;1;1;0;2
22497;84806207;22497;51;1;1;7;6;0;1;2;1;0;3
22498;84806213;22498;18;1;3;1;6;0;1;1;1;0;2
22499;84806314;22499;19;1;1;7;3;0;1;1;1;0;2
22500;84807309;22500;11;1;1;7;9;0;1;0;1;0;1
22501;84807309;22501;51;1;1;7;6;0;1;1;1;0;2
22502;84807309;22502;52;3;6;4;7;0;2;1;1;0;3
22503;84807309;22503;18;1;1;7;6;0;1;1;1;0;2
22504;84807309;22504;51;3;1;7;6;0;1;1;1;0;2
22505;84807309;22505;51;1;3;2;6;0;2;2;1;0;4
22506;84807309;22506;11;1;1;7;6;0;1;1;1;0;2
22507;84807309;22507;81;1;3;2;6;0;1;1;1;0;2
22508;84807309;22508;12;1;1;7;9;0;1;1;1;0;2
22509;84807309;20020;52;1;6;1;6;0;1;1;1;0;2
22510;84807309;22510;11;1;1;7;6;1;0;1;2;0;2
22511;84807309;22511;12;3;3;1;6;0;1;3;1;0;4
22512;84807309;22512;11;1;1;1;6;0;1;1;1;0;2
22513;84807309;22513;41;1;1;7;9;0;1;0;1;0;1
22514;84807309;22514;11;1;1;7;6;0;1;2;1;0;3
22515;84807313;22515;51;1;1;7;6;0;1;1;1;0;2
22516;84807325;22516;43;3;1;7;6;0;9;0;1;0;9
22517;84807405;6939;81;1;1;1;6;0;2;2;1;0;4
22518;84807405;22518;13;1;3;1;6;0;1;1;1;0;2
22519;84807405;22519;51;1;1;1;0;1;0;0;2;0;1
22520;84807405;22520;21;1;3;1;6;0;3;1;1;0;4
22521;84807408;22521;23;3;3;2;3;0;1;1;1;0;2
22522;84807408;22522;12;3;3;2;6;0;1;2;1;0;3
22523;84807408;22523;11;1;1;7;6;0;1;1;1;0;2
22524;84807408;22524;11;1;3;2;6;0;1;1;1;0;2
22525;84807408;22525;11;1;1;7;5;0;1;1;1;0;2
22526;84807408;22526;11;3;3;1;6;0;1;1;1;0;2
22527;84807408;22527;64;3;3;1;6;0;2;0;1;0;2
22528;84807408;22528;81;3;1;1;6;0;1;3;1;0;4
22529;84811104;22529;16;1;1;7;3;0;1;1;1;0;2
22530;84811104;22530;51;1;1;7;6;0;2;0;1;0;2
22531;84811104;22531;14;3;3;2;6;0;1;2;1;0;3
22532;84811104;22532;16;1;1;7;4;0;1;1;1;0;2
22533;84811104;22533;16;3;1;7;6;0;1;1;1;0;2
22534;84811104;22534;16;1;1;7;6;0;3;0;1;0;3
22535;84811104;22535;18;1;1;7;6;0;1;1;1;0;2
22536;84811104;22536;16;2;1;7;6;0;2;0;1;0;2
22537;84811104;22537;11;1;1;7;6;0;1;1;1;0;2
22538;84811104;22538;11;1;1;7;6;0;1;1;1;0;2
22539;84811408;22539;14;3;3;1;6;0;1;1;1;0;2
22540;84811412;22540;14;1;1;7;6;0;2;0;1;0;2
22541;84811509;22541;31;1;1;7;6;2;0;1;2;0;3
22542;84812102;22542;14;1;1;7;6;0;1;1;1;0;2
22543;84812102;22543;14;1;3;2;6;0;3;0;1;0;3
22544;84812102;22544;63;3;1;7;6;0;1;1;1;0;2
22545;84812106;1796;16;3;1;7;6;1;0;1;2;0;2
22546;84812106;22546;17;2;1;7;2;0;1;1;1;0;2
22547;84812106;22547;35;1;1;7;4;0;1;1;1;0;2
22548;84812113;22548;52;3;3;1;0;0;3;0;1;0;3
22549;84812113;22549;31;1;1;7;3;0;2;1;1;0;3
22550;84812202;22550;72;1;1;7;6;1;0;1;2;0;2
22551;84812202;22551;16;1;1;7;6;1;0;1;2;0;2
22552;84812202;22552;17;1;7;7;2;0;1;1;1;0;2
22553;84812202;22553;35;1;1;7;3;0;1;1;1;0;2
22554;84812202;22554;16;1;1;1;6;0;2;1;1;0;3
22555;84812204;22555;14;3;3;2;6;0;1;1;1;0;2
22556;84812204;22556;14;3;3;2;6;1;0;1;2;0;2
22557;84812204;22557;52;1;1;7;6;0;1;2;1;0;3
22558;84812204;22558;19;1;1;7;6;0;1;1;1;0;2
22559;84812204;7488;19;1;1;7;4;0;1;2;1;0;3
22560;84812501;22560;31;1;1;7;6;0;1;2;1;0;3
22561;84813104;22561;14;1;1;7;6;0;1;1;1;0;2
22562;84813104;22562;14;3;1;7;6;0;2;1;1;0;3
22563;84813104;22563;16;1;1;7;4;0;1;1;1;0;2
22564;84813106;22564;14;1;1;7;6;0;1;1;1;0;2
22565;84813107;22565;14;3;1;7;6;0;1;1;1;0;2
22566;84813109;22566;14;1;1;7;6;0;1;1;1;0;2
22567;84813304;22567;52;3;1;7;0;2;0;0;2;0;2
22568;84813309;22568;13;1;1;7;6;0;1;1;1;0;2
22569;84813320;22569;24;1;1;7;2;0;1;1;1;0;2
22570;84813401;22570;23;3;1;7;5;0;2;1;1;0;3
22571;84814122;22571;41;1;1;7;6;0;1;1;1;0;2
22572;84814201;22572;31;1;3;2;6;0;1;1;1;0;2
22573;84814201;22573;14;1;1;7;6;0;2;4;1;0;6
22574;84814201;22574;16;3;1;7;4;0;1;1;1;0;2
22575;84814207;22575;81;1;1;7;6;0;2;1;1;0;3
22576;84815110;22576;16;1;3;2;4;0;1;1;1;0;2
22577;84815110;22577;19;1;1;7;4;0;1;1;1;0;2
22578;84815110;22578;16;1;1;7;3;0;1;1;1;0;2
22579;84815110;763;81;3;1;7;1;2;1;1;2;0;4
22580;84815110;22580;16;1;1;7;5;0;2;1;1;0;3
22581;84815110;22581;31;1;1;7;6;0;1;1;1;0;2
22582;84815112;22582;17;1;1;7;1;0;1;1;1;0;2
22583;84815112;22583;19;1;1;7;3;0;1;1;1;0;2
22584;84815115;22584;51;3;3;2;3;0;1;1;1;0;2
22585;84815115;22585;14;3;6;2;7;1;0;1;2;0;2
22586;84815115;22586;81;3;1;7;6;0;2;2;1;0;4
22587;84815115;22587;71;3;1;7;6;0;1;1;1;0;2
22588;84815115;22588;18;1;1;7;4;0;1;1;1;0;2
22589;84815115;22589;19;1;1;7;5;0;0;1;3;0;1
22590;84815310;22590;67;1;1;7;4;0;1;1;1;0;2
22591;84815414;13468;81;1;3;1;6;0;1;1;1;0;2
22592;84815503;22592;14;1;1;1;6;0;1;1;1;0;2
22593;84816103;22593;51;1;1;7;6;0;2;0;1;0;2
22594;84816202;22594;14;1;2;2;6;0;3;0;1;0;3
22595;84816202;22595;16;3;1;7;5;0;1;1;1;0;2
22596;84816202;22596;17;1;3;1;2;0;1;1;1;0;2
22597;84816202;22597;51;1;1;7;6;0;1;2;1;0;3
22598;84816211;22598;16;1;1;7;4;0;2;0;1;0;2
22599;84816211;22599;14;1;3;2;4;1;0;1;2;0;2
22600;84816211;22600;23;3;3;2;4;0;2;2;1;0;4
22601;84816211;22601;17;3;1;7;2;1;0;1;2;0;2
22602;84816211;22602;51;3;1;7;3;0;1;1;1;0;2
22603;84816211;22603;16;1;1;7;4;0;1;0;1;0;1
22604;84816309;22604;17;1;1;7;1;0;1;2;1;0;3
22605;84816309;22605;14;3;1;7;6;0;1;1;1;0;2
22606;84816309;22606;17;1;1;7;2;0;1;1;1;0;2
22607;84816309;22607;14;1;1;1;6;0;1;0;1;0;1
22608;84816309;22608;14;1;1;7;6;0;3;1;1;0;4
22609;84816309;22609;14;1;1;7;6;0;3;0;1;0;3
22610;84816309;22610;14;1;1;7;6;0;1;1;1;0;2
22611;84816309;22611;14;1;2;1;6;0;1;1;1;0;2
22612;84816403;22612;14;1;1;7;6;0;1;1;1;0;2
22613;84816403;22613;14;1;1;7;6;0;2;2;1;0;4
22614;84816403;22614;14;1;1;7;4;0;1;1;1;0;2
22615;84816403;22615;13;3;1;7;4;0;1;1;1;0;2
22616;84816403;22616;17;1;1;7;2;0;1;1;1;0;2
22617;84816408;22617;16;1;1;7;3;0;1;1;1;0;2
22618;84816408;22618;51;1;3;5;0;0;1;0;1;0;1
22619;84816501;22619;20;1;1;7;6;0;1;1;1;0;2
22620;84816502;22620;24;3;1;7;2;0;1;1;1;0;2
22621;84816509;22621;71;1;3;2;4;0;1;1;1;0;2
22622;84816509;22622;17;1;1;7;2;1;0;1;2;0;2
22623;84816509;22623;72;1;1;7;6;0;1;1;1;0;2
22624;84817204;22624;16;1;1;7;4;0;1;1;1;0;2
22625;84817204;22625;19;1;3;1;4;0;1;1;1;0;2
22626;84817204;22626;13;1;1;7;3;0;1;1;1;0;2
22627;84817309;22627;15;3;7;2;6;0;1;1;1;0;2
22628;84817309;22628;17;1;1;1;2;0;1;1;1;0;2
22629;84817309;22629;51;1;1;7;6;0;1;1;1;0;2
22630;84817309;12096;18;1;1;7;6;0;1;1;1;0;2
22631;84817309;22631;51;1;1;7;6;0;1;2;1;0;3
22632;84817315;22632;17;1;1;7;2;0;1;1;1;0;2
22633;84817315;22633;17;1;1;7;2;0;1;1;1;0;2
22634;84817315;22634;17;1;1;7;2;0;1;1;1;0;2
22635;84817321;22635;16;2;1;7;6;0;1;1;1;0;2
22636;84817321;10491;16;3;1;1;5;0;1;1;1;0;2
22637;84817507;22637;14;1;3;1;6;0;3;0;1;0;3
22638;84817512;22638;17;1;1;7;1;0;1;1;1;0;2
22639;84821202;22639;18;1;1;7;6;0;1;1;1;0;2
22640;84821202;22640;63;1;1;7;4;0;1;1;1;0;2
22641;84822101;22641;64;3;3;2;6;0;1;1;1;0;2
22642;84822101;22642;16;3;3;2;6;0;1;1;1;0;2
22643;84822101;22643;13;1;1;7;6;0;1;0;1;0;1
22644;84822101;22644;16;1;1;7;4;0;1;1;1;0;2
22645;84822101;22645;16;1;1;2;6;0;1;1;1;0;2
22646;84822101;22646;13;1;1;7;3;0;1;1;1;0;2
22647;84822101;22647;13;3;1;7;6;0;2;1;1;0;3
22648;84822103;22648;19;1;3;2;6;0;1;2;1;0;3
22649;84822103;22649;19;2;3;2;6;1;3;0;2;0;4
22650;84822203;22650;13;1;1;7;6;0;1;1;1;0;2
22651;84822204;22651;14;1;1;7;6;0;1;1;1;0;2
22652;84822204;22652;72;1;1;7;6;0;1;1;1;0;2
22653;84822204;22653;14;1;1;7;6;0;1;1;1;0;2
22654;84822204;22654;14;1;1;7;6;0;1;1;1;0;2
22655;84822204;22655;14;1;1;7;6;0;1;1;1;0;2
22656;84822210;6067;51;1;1;7;6;0;1;1;1;0;2
22657;84822211;22657;17;3;2;2;2;0;0;1;3;0;1
22658;84823203;22658;11;1;2;2;6;0;1;1;1;0;2
22659;84823203;22659;19;1;1;7;6;0;1;1;1;0;2
22660;84823203;22660;23;1;1;7;7;0;1;1;1;0;2
22661;84823207;22661;11;3;1;7;6;0;1;1;1;0;2
22662;84823207;22662;17;1;1;7;2;0;1;1;1;0;2
22663;84823207;9763;16;1;1;7;6;0;1;1;1;0;2
22664;84823207;22664;52;3;1;7;0;0;1;0;1;0;1
22665;84823207;22665;81;1;3;1;6;0;2;3;1;0;5
22666;84823304;22666;71;1;1;7;6;0;1;1;1;0;2
22667;84823308;22667;19;3;3;2;3;0;1;1;1;0;2
22668;84823308;22668;19;1;1;7;6;0;3;0;1;0;3
22669;84823308;22669;64;1;1;7;6;0;1;1;1;0;2
22670;84823308;22670;19;1;1;7;8;0;1;1;1;0;2
22671;84823308;22671;19;1;1;7;6;0;1;1;1;0;2
22672;84823308;22672;13;1;3;1;4;0;1;1;1;0;2
22673;84823308;22673;13;1;1;7;6;0;1;1;1;0;2
22674;84823308;22674;13;3;3;1;6;0;3;1;1;0;4
22675;84823308;22675;13;3;1;7;6;0;1;2;1;0;3
22676;84823308;22676;13;1;1;7;6;0;1;1;1;0;2
22677;84823308;22677;13;1;1;7;8;0;2;1;1;0;3
22678;84823308;22678;13;1;3;1;6;0;1;1;1;0;2
22679;84823308;22679;13;2;3;1;6;0;1;1;1;0;2
22680;84823308;14754;13;1;1;7;6;0;2;1;1;0;3
22681;84823409;22681;71;1;1;7;6;0;1;1;1;0;2
22682;84824106;22682;71;1;3;1;6;0;1;1;1;0;2
22683;84824112;242;11;1;1;7;6;0;1;2;1;0;3
22684;84824112;22684;71;1;1;7;6;0;1;1;1;0;2
22685;84824203;22685;71;1;1;7;6;0;1;1;1;0;2
22686;84824203;22686;13;3;1;7;6;0;1;1;1;0;2
22687;84824203;22687;13;3;2;1;6;0;1;1;1;0;2
22688;84824303;22688;14;1;1;7;6;0;1;1;1;0;2
22689;84824303;22689;14;3;1;1;6;0;1;1;1;0;2
22690;84824303;22690;14;1;1;7;7;0;1;1;1;0;2
22691;84824305;22691;17;1;1;7;2;0;1;1;1;0;2
22692;84824308;22692;14;1;1;7;6;0;1;1;1;0;2
22693;84824308;22693;14;1;1;7;6;0;1;1;1;0;2
22694;84824309;22694;16;1;1;7;5;0;1;1;1;0;2
22695;84824309;22695;81;1;1;7;6;0;1;1;1;0;2
22696;84824309;22696;51;1;3;1;6;0;1;1;1;0;2
22697;84824403;22697;72;1;1;7;6;1;0;1;2;0;2
22698;84824503;22698;21;1;1;7;6;0;2;2;1;0;4
22699;84825107;22699;19;1;1;7;4;0;1;1;1;0;2
22700;84825107;22700;51;1;1;7;6;0;2;2;1;0;4
22701;84825208;22701;71;1;1;7;6;0;1;1;1;0;2
22702;84825209;22702;52;1;1;2;0;1;0;0;2;0;1
22703;84825215;22703;14;3;1;7;6;1;0;1;2;0;2
22704;84825215;22704;72;1;1;7;6;0;1;1;1;0;2
22705;84825301;22705;52;2;1;7;2;0;1;1;1;0;2
22706;84825304;22706;16;2;1;7;6;0;1;2;1;0;3
22707;84825307;22707;72;1;1;7;6;1;0;1;2;0;2
22708;84825308;22708;62;1;1;7;2;0;1;1;1;0;2
22709;84825402;22709;17;2;1;7;1;0;1;1;1;0;2
22710;84825402;22710;17;3;3;1;1;0;1;1;1;0;2
22711;84825402;22711;23;1;1;7;6;0;1;1;1;0;2
22712;84825503;22712;14;1;1;7;6;1;0;0;2;0;1
22713;84825504;22713;13;1;3;2;6;0;1;2;1;0;3
22714;84825504;22714;13;1;1;7;6;0;1;1;1;0;2
22715;84825504;22715;13;1;1;7;6;0;1;2;1;0;3
22716;84825504;22716;13;1;1;7;3;0;1;1;1;0;2
22717;84825504;22717;13;3;1;7;6;0;1;1;1;0;2
22718;84825504;22718;13;1;3;1;6;0;1;1;1;0;2
22719;84825504;22719;13;1;3;1;6;0;2;0;1;0;2
22720;84825504;22720;13;1;1;7;6;0;1;1;1;0;2