accident_id;lieu_id;date_id;cause_id;lum_id;intemp_id;etat_surface_id;impliq_id;nb_blesses_graves;nb_blesses_legers;nb_indemnes;gravite;nb_morts;nb_impliqués
22721;84825507;22721;13;3;1;7;5;0;2;1;1;0;3
22722;84825507;22722;13;1;1;7;6;0;1;1;1;0;2
22723;84825507;22723;13;1;1;7;6;0;2;1;1;0;3
22724;84825507;22724;81;2;1;1;6;0;3;1;1;0;4
22725;84826109;22725;71;1;1;7;6;0;1;1;1;0;2
22726;84826109;22726;73;1;1;7;2;0;1;1;1;0;2
22727;84826109;22727;17;1;1;7;1;0;1;1;1;0;2
22728;84826112;22728;71;1;1;7;6;0;1;1;1;0;2
22729;84826205;22729;14;3;1;7;6;0;1;1;1;0;2
22730;84826302;22730;14;1;1;7;3;0;1;1;1;0;2
22731;84826501;22731;17;1;1;7;1;0;1;1;1;0;2
22732;84826501;22732;14;1;1;7;6;0;1;1;1;0;2
22733;84826504;22733;14;1;3;1;6;0;1;1;1;0;2
22734;84826504;22734;71;3;1;7;6;0;1;1;1;0;2
22735;84827106;22735;16;1;1;7;4;0;1;1;1;0;2
22736;84827118;19999;53;2;1;7;6;1;0;0;2;0;1
22737;84827202;22737;71;1;1;7;6;1;0;1;2;0;2
22738;84827202;22738;71;1;1;7;6;0;1;1;1;0;2
22739;84827203;22739;21;1;1;7;6;0;1;1;1;0;2
22740;84827203;22740;21;1;1;7;6;0;1;1;1;0;2
22741;84827206;22741;72;1;1;7;6;0;2;1;1;0;3
22742;84827208;22742;14;2;1;7;6;0;1;1;1;0;2
22743;84827217;22743;14;1;3;1;6;0;1;1;1;0;2
22744;84827220;22744;18;1;1;7;6;0;1;1;1;0;2
22745;84827301;22745;14;1;1;7;6;0;1;1;1;0;2
22746;84827305;22746;72;1;1;7;6;0;1;1;1;0;2
22747;84827305;22747;21;1;1;7;6;0;1;1;1;0;2
22748;84827405;22748;14;1;1;7;3;0;1;1;1;0;2
22749;84831203;22749;13;1;1;7;6;0;1;1;1;0;2
22750;84831403;22750;14;1;1;7;6;0;1;1;1;0;2
22751;84831403;22751;14;3;1;7;4;0;1;1;1;0;2
22752;84831405;22752;16;1;1;7;4;1;0;1;2;0;2
22753;84831405;22753;11;1;1;7;6;0;1;1;1;0;2
22754;84831405;22754;81;1;1;7;4;0;1;1;1;0;2
22755;84831405;22755;17;3;1;7;2;1;0;1;2;0;2
22756;84831405;22756;51;3;1;7;6;0;1;1;1;0;2
22757;84831405;22757;42;3;1;7;6;0;1;1;1;0;2
22758;84831405;22758;52;3;1;7;0;0;2;0;1;0;2
22759;84831405;22759;42;1;1;7;4;0;1;1;1;0;2
22760;84831405;22760;42;1;1;7;6;2;0;0;2;0;2
22761;84831405;22761;16;1;1;7;4;0;1;1;1;0;2
22762;84831405;22762;81;3;1;7;6;0;2;0;1;0;2
22763;84831405;22763;11;3;1;7;6;0;3;0;1;0;3
22764;84831405;22764;11;1;1;2;6;0;1;1;1;0;2
22765;84831405;22765;11;2;1;7;6;0;1;1;1;0;2
22766;84831405;22766;11;1;1;7;6;0;1;1;1;0;2
22767;84831405;22767;16;1;1;7;3;0;1;1;1;0;2
22768;84831405;22768;11;3;1;7;2;1;0;1;2;0;2
22769;84831405;22769;11;1;2;2;6;0;0;1;3;0;1
22770;84831405;22770;11;3;1;7;6;0;1;2;1;0;3
22771;84831405;22771;11;1;1;7;6;1;0;1;2;0;2
22772;84831405;22772;51;1;1;7;6;1;0;1;2;0;2
22773;84831407;22773;51;1;2;1;6;0;2;0;1;0;2
22774;84831408;22774;16;1;1;7;4;0;1;1;1;0;2
22775;84831408;22775;71;1;1;7;6;0;1;1;1;0;2
22776;84831412;22776;42;1;1;7;6;0;1;1;1;0;2
22777;84831412;22777;19;1;3;2;6;0;1;1;1;0;2
22778;84832103;22778;21;1;1;7;6;0;2;0;1;0;2
22779;84832103;22779;21;1;1;7;6;0;2;0;1;0;2
22780;84832202;22780;16;1;1;7;6;0;1;1;1;0;2
22781;84832302;22781;31;1;1;7;4;0;1;1;1;0;2
22782;84832302;22782;17;1;1;7;2;0;1;1;1;0;2
22783;84832304;22783;21;1;1;7;7;0;2;1;1;0;3
22784;84832304;21602;14;1;1;7;6;0;1;1;1;0;2
22785;84832304;22785;14;1;3;1;6;0;1;1;1;0;2
22786;84833203;22786;13;3;1;7;6;0;1;1;1;0;2
22787;84833203;22787;17;3;1;7;2;1;0;1;2;0;2
22788;84833203;22788;13;1;1;7;4;1;0;1;2;0;2
22789;84833203;22789;13;1;1;7;4;0;1;1;1;0;2
22790;84833207;22790;16;1;1;7;4;0;1;1;1;0;2
22791;84833405;22791;13;3;2;1;6;1;0;1;2;0;2
22792;84834110;22792;72;1;1;7;5;0;2;0;1;0;2
22793;84834110;22793;72;1;1;7;6;0;1;1;1;0;2
22794;84834150;22794;21;1;1;7;6;0;1;4;1;0;5
22795;84834202;22795;51;1;3;2;6;0;1;2;1;0;3
22796;84834202;22796;85;3;6;1;6;0;2;0;1;0;2
22797;84834202;18995;51;1;3;1;7;0;1;1;1;0;2
22798;84834202;22798;16;1;2;1;4;0;1;1;1;0;2
22799;84834202;22799;35;1;1;7;4;0;1;1;1;0;2
22800;84834202;22800;17;1;2;1;2;0;1;1;1;0;2
22801;84834202;22801;81;1;1;1;6;0;1;0;1;0;1
22802;84834202;22802;17;1;3;1;2;0;1;1;1;0;2
22803;84834204;22803;71;3;1;7;5;0;1;1;1;0;2
22804;84834204;22804;14;3;1;7;6;0;1;1;1;0;2
22805;84834205;22805;14;1;1;7;6;1;0;1;2;0;2
22806;84834209;22806;71;1;1;7;6;0;1;1;1;0;2
22807;84834211;22807;16;3;1;7;4;0;2;1;1;0;3
22808;84834302;22808;13;1;1;7;5;1;0;1;2;0;2
22809;84834401;22809;71;5;3;1;6;0;1;1;1;0;2
22810;84834404;22810;31;1;1;7;6;0;1;1;1;0;2
22811;84835201;22811;14;1;1;7;6;0;1;1;1;0;2
22812;84835201;22812;17;3;1;7;1;0;1;1;1;0;2
22813;84835202;22813;16;1;1;7;4;0;1;1;1;0;2
22814;84835203;22814;17;2;1;7;2;0;1;1;1;0;2
22815;84835203;22815;14;3;3;2;6;0;2;0;1;0;2
22816;84835203;22816;71;1;1;7;6;1;0;1;2;0;2
22817;84835203;22817;17;1;1;7;1;0;1;2;1;0;3
22818;84835203;22818;51;3;1;7;4;1;0;1;2;0;2
22819;84835204;22819;21;1;1;7;6;0;1;2;1;0;3
22820;84835204;22820;14;1;1;7;6;0;1;1;1;0;2
22821;84835205;22821;17;1;1;7;1;1;0;1;2;0;2
22822;84835206;22822;14;1;1;7;6;0;1;1;1;0;2
22823;84835402;22823;71;1;1;1;6;1;0;1;2;0;2
22824;84835403;22824;63;1;1;7;5;1;1;1;2;0;3
22825;84836103;22825;16;1;1;7;4;0;1;1;1;0;2
22826;84836103;22826;14;3;1;7;4;0;1;1;1;0;2
22827;84836103;22827;14;2;1;7;6;0;1;1;1;0;2
22828;84836103;22828;14;1;1;7;6;0;2;1;1;0;3
22829;84836103;22829;14;3;1;7;6;0;1;1;1;0;2
22830;84836106;22830;71;1;1;7;6;0;1;1;1;0;2
22831;84836112;22831;16;1;1;7;6;1;0;1;2;0;2
22832;84836112;22832;13;1;1;7;6;0;1;1;1;0;2
22833;84836112;22833;13;1;1;7;8;0;1;1;1;0;2
22834;84836112;22834;13;1;1;7;6;0;1;1;1;0;2
22835;84836201;22835;72;1;1;7;6;0;1;1;1;0;2
22836;84836202;22836;14;1;1;7;3;0;1;2;1;0;3
22837;84836202;22837;14;3;1;7;6;0;1;0;1;0;1
22838;84836202;22838;14;1;1;7;6;0;1;1;1;0;2
22839;84836202;22839;14;1;1;7;6;0;2;0;1;0;2
22840;84836202;22840;14;1;1;7;6;0;1;1;1;0;2
22841;84836202;22841;81;3;1;7;6;0;1;1;1;0;2
22842;84836202;22842;14;1;1;7;6;0;2;0;1;0;2
22843;84836202;22843;14;1;1;7;6;0;1;1;1;0;2
22844;84836202;22844;14;1;1;7;6;0;1;1;1;0;2
22845;84836202;22845;14;1;1;7;5;0;1;1;1;0;2
22846;84836202;22846;81;3;3;1;8;1;0;1;2;0;2
22847;84836202;22847;17;2;1;7;1;0;1;1;1;0;2
22848;84836202;22848;14;1;1;7;3;0;1;1;1;0;2
22849;84836202;22849;14;3;1;7;6;0;1;1;1;0;2
22850;84836202;22850;13;3;1;1;6;0;3;0;1;0;3
22851;84836204;22851;71;1;1;7;6;0;1;1;1;0;2
22852;84836207;22852;14;1;1;1;6;0;1;1;1;0;2
22853;84836301;22853;27;1;1;2;0;0;1;0;1;0;1
22854;84836301;22854;11;3;1;1;6;1;0;2;2;0;3
22855;84836301;22855;51;3;1;1;6;0;1;1;1;0;2
22856;84836301;22856;16;3;3;1;6;0;1;1;1;0;2
22857;84836301;22857;19;1;1;1;6;0;1;1;1;0;2
22858;84836301;22858;51;1;1;1;4;1;1;1;2;0;3
22859;84836301;22859;16;1;1;7;6;0;1;1;1;0;2
22860;84836301;22860;52;3;3;1;0;1;0;0;2;0;1
22861;84836301;22861;16;1;1;7;5;0;0;1;3;0;1
22862;84836301;22862;11;3;1;7;6;0;2;0;1;0;2
22863;84836303;22863;17;3;1;7;2;1;0;1;2;0;2
22864;84836303;22864;31;1;1;7;6;0;1;1;1;0;2
22865;84836303;22865;17;1;1;7;2;0;1;1;1;0;2
22866;84836303;22866;13;1;1;7;6;0;2;0;1;0;2
22867;84836501;22867;63;3;3;2;4;0;1;1;1;0;2
22868;84836501;22868;13;2;1;7;6;0;3;0;1;0;3
22869;84836503;22869;72;1;3;1;6;0;1;1;1;0;2
22870;84836504;22870;16;1;1;7;4;0;1;1;1;0;2
22871;84836504;22871;61;1;3;1;3;0;1;1;1;0;2
22872;84836504;22872;16;1;1;7;6;0;1;1;1;0;2
22873;84836504;22873;31;1;1;7;6;0;1;1;1;0;2
22874;84836504;22874;16;1;1;7;6;0;2;0;1;0;2
22875;84836505;22875;81;1;3;1;6;0;1;1;1;0;2
22876;84836514;22876;81;3;1;7;0;1;0;0;2;0;1
22877;84837104;15338;16;3;1;2;4;0;1;1;1;0;2
22878;84837104;22878;71;1;1;7;6;0;1;1;1;0;2
22879;84837104;22879;16;1;1;7;4;0;1;1;1;0;2
22880;84837104;22880;11;1;1;7;6;0;1;1;1;0;2
22881;84837104;22881;11;1;1;7;5;0;1;1;1;0;2
22882;84837104;22882;81;2;6;1;6;0;1;1;1;0;2
22883;84837104;22883;11;1;1;7;4;0;1;1;1;0;2
22884;84837104;22884;31;3;1;7;6;0;2;0;3;0;2
22885;84837104;22885;17;1;1;7;2;0;1;1;1;0;2
22886;84837104;22886;16;3;3;1;4;0;1;1;1;0;2
22887;84837104;22887;18;1;1;7;5;0;1;1;1;0;2
22888;84837106;22888;19;3;1;1;3;0;1;1;1;0;2
22889;84837202;22889;14;3;1;7;6;0;1;1;1;0;2
22890;84837202;22890;20;1;1;7;6;0;1;1;1;0;2
22891;84837202;22891;17;1;1;1;2;0;1;1;1;0;2
22892;84837204;22892;19;1;1;7;4;1;0;1;2;0;2
22893;84837204;22893;19;3;1;7;6;0;1;1;1;0;2
22894;84837413;22894;17;1;1;7;2;0;1;1;1;0;2
22895;84837413;22895;51;1;1;7;6;0;1;2;1;0;3
22896;84837413;22896;11;1;1;7;6;0;3;1;1;0;4
22897;84837413;22897;16;1;1;1;4;0;1;1;1;0;2
22898;84837413;22898;16;3;1;7;6;0;5;0;1;0;5
22899;84837413;22899;11;3;1;7;6;0;1;1;1;0;2
22900;84837413;22900;19;1;1;7;7;0;1;1;1;0;2
22901;84837413;22901;16;1;1;7;6;1;1;1;2;0;3
22902;84837413;22902;64;1;1;7;6;1;0;1;2;0;2
22903;84837413;22903;11;1;1;7;6;0;2;0;1;0;2
22904;84837413;22904;16;3;1;7;6;1;2;2;2;0;5
22905;84837501;22905;16;3;1;7;4;0;1;1;1;0;2
22906;84837503;22906;14;1;1;7;6;0;3;1;1;0;4
22907;84837503;22907;14;3;3;1;6;0;1;1;1;0;2
22908;84837503;22908;71;5;1;7;6;0;0;1;3;0;1
22909;84842105;22909;11;1;1;7;6;1;0;1;2;0;2
22910;84842105;22910;81;3;1;7;4;0;1;1;1;0;2
22911;84842105;22911;42;1;1;7;6;0;1;3;1;0;4
22912;84842105;22912;17;1;1;7;2;0;1;1;1;0;2
22913;84842105;22913;51;3;1;7;6;0;1;1;1;0;2
22914;84842105;22914;81;1;2;1;6;0;3;0;1;0;3
22915;84842105;22915;11;1;1;7;6;0;1;1;1;0;2
22916;84842105;22916;11;3;1;7;6;0;3;0;1;0;3
22917;84842106;22917;43;1;1;7;6;0;1;1;1;0;2
22918;84842106;15330;43;1;1;7;4;0;1;1;1;0;2
22919;84842110;22919;13;1;1;1;4;0;1;1;1;0;2
22920;84842204;22920;43;3;1;1;6;0;1;1;1;0;2
22921;84842204;22921;42;1;1;7;6;0;2;0;1;0;2
22922;84842302;22922;21;1;1;7;4;0;1;1;1;0;2
22923;84842302;22923;99;1;1;1;6;0;2;1;1;0;3
22924;84842403;22924;14;1;1;7;6;0;2;0;1;0;2
22925;84842403;22925;14;1;1;7;6;0;1;2;1;0;3
22926;84842404;22926;71;1;1;7;6;0;1;1;1;0;2
22927;84844102;22927;17;1;1;7;1;1;0;1;2;0;2
22928;84844203;22928;14;1;1;7;6;0;1;1;1;0;2
22929;84844402;22929;16;3;1;7;4;1;0;1;2;0;2
22930;84844503;22930;14;1;1;7;6;0;1;1;1;0;2
22931;84846101;22931;13;1;1;7;6;0;3;0;1;0;3
22932;84846101;22932;17;1;1;7;2;0;1;1;1;0;2
22933;84846101;22933;13;1;1;7;6;0;3;0;1;0;3
22934;84846102;22934;17;1;1;7;2;1;0;1;2;0;2
22935;84846201;22935;18;1;3;2;6;0;1;1;1;0;2
22936;84846203;22936;14;1;1;7;6;0;1;1;1;0;2
22937;84846405;22937;13;1;1;7;5;0;1;1;1;0;2
22938;84846501;22938;11;1;1;7;6;0;1;1;1;0;2
22939;84846501;6853;42;1;1;7;4;0;1;1;1;0;2
22940;84846501;22940;43;2;1;7;6;0;2;0;1;0;2
22941;84846501;22941;11;1;1;7;6;0;3;0;1;0;3
22942;84846501;22942;11;3;1;7;6;0;2;1;1;0;3
22943;84846501;22943;36;1;1;7;3;1;0;1;2;0;2
22944;84846501;22944;16;3;1;7;6;0;2;0;1;0;2
22945;84846501;22945;15;1;1;7;6;0;1;1;1;0;2
22946;84846501;22946;19;3;1;7;6;1;2;0;2;0;3
22947;84846501;22947;11;1;1;7;6;0;2;0;1;0;2
22948;84846501;22948;11;1;1;7;6;0;3;2;1;0;5
22949;84846501;22949;11;3;6;7;6;0;1;1;1;0;2
22950;84846501;22950;11;3;1;7;6;1;0;1;2;0;2
22951;84846501;22951;11;1;3;1;6;1;0;1;2;0;2
22952;84846501;22952;11;3;3;1;6;0;2;0;1;0;2
22953;84846501;22953;11;1;2;1;6;0;1;1;1;0;2
22954;84846501;22954;42;3;2;1;6;0;3;0;1;0;3
22955;84846501;22955;16;3;1;7;6;0;4;0;1;0;4
22956;84846502;22956;12;1;3;2;5;1;0;1;2;0;2
22957;84846502;22957;17;1;1;7;2;1;0;1;2;0;2
22958;84846502;11925;43;3;1;7;6;0;1;1;1;0;2
22959;84846502;22959;43;1;1;7;4;0;1;1;1;0;2
22960;84846502;22960;71;1;1;7;6;0;1;1;1;0;2
22961;84846503;22961;42;1;1;7;6;0;3;0;1;0;3
22962;84846503;22962;42;1;1;7;6;0;1;1;1;0;2
22963;84846503;22963;43;3;3;1;6;0;1;1;1;0;2
22964;84847123;22964;52;3;1;7;6;0;1;1;1;0;2
22965;84847123;22965;13;2;1;7;6;1;0;1;2;0;2
22966;84847123;22966;81;3;1;7;8;0;1;2;1;0;3
22967;84847123;22967;85;3;1;7;6;0;1;1;1;0;2
22968;84847205;22968;13;1;1;7;5;0;1;1;1;0;2
22969;84847316;22969;21;1;1;7;4;1;0;1;2;0;2
22970;84847323;22970;16;1;1;7;6;0;1;1;1;0;2
22971;84847323;22971;16;3;1;7;4;0;1;1;1;0;2
22972;84847324;22972;72;1;1;7;6;0;1;1;1;0;2
22973;84847324;22973;16;3;1;7;4;1;0;1;2;0;2
22974;84847324;19114;16;3;2;2;4;0;1;1;1;0;2
22975;84847324;22975;16;3;1;7;4;0;2;1;1;0;3
22976;84847324;22970;16;1;1;7;6;0;1;1;1;0;2
22977;84847402;22977;41;1;1;7;6;0;2;1;1;0;3
22978;84847402;2229;51;1;1;7;6;1;0;1;2;0;2
22979;84847508;22979;12;1;1;7;6;0;1;1;1;0;2
22980;84851303;22980;71;1;1;7;6;0;1;1;1;0;2
22981;84851311;22981;14;1;1;7;6;0;1;1;1;0;2
22982;84851401;22982;16;1;1;7;3;0;1;1;1;0;2
22983;84851401;22983;16;1;1;7;6;1;0;1;2;0;2
22984;84851401;22984;16;1;1;7;4;0;1;1;1;0;2
22985;84851401;22985;51;1;1;7;6;0;1;0;1;0;1
22986;84851401;22986;41;1;1;7;4;0;1;1;1;0;2
22987;84851401;22987;71;3;1;7;6;0;1;1;1;0;2
22988;84851401;22988;16;3;3;1;6;0;2;0;1;0;2
22989;84851401;22989;31;1;1;1;6;0;1;0;1;0;1
22990;84851404;22990;71;1;3;2;6;0;1;1;1;0;2
22991;84851404;22991;16;3;1;7;4;0;1;1;1;0;2
22992;84851404;22992;23;1;1;7;6;0;1;5;1;0;6
22993;84851404;22993;71;1;1;7;6;0;1;1;1;0;2
22994;84851404;22994;16;1;1;1;6;0;1;1;1;0;2
22995;84851407;22995;16;3;1;7;4;0;1;1;1;0;2
22996;84851409;22996;19;3;1;7;4;0;1;2;1;0;3
22997;84851409;22997;19;1;1;7;6;0;1;1;1;0;2
22998;84851409;22998;51;1;3;1;6;0;1;1;1;0;2
22999;84851501;22999;71;1;1;7;6;0;1;1;1;0;2
23000;84851502;23000;52;3;1;7;0;1;0;0;2;0;1
23001;84851502;23001;51;2;1;7;3;0;1;1;1;0;2
23002;84851502;23002;35;1;1;7;3;0;1;1;1;0;2
23003;84852406;23003;16;1;1;7;4;0;1;1;1;0;2
23004;84852406;23004;72;4;3;2;6;1;0;1;2;0;2
23005;84852406;23005;51;1;1;7;6;0;1;1;1;0;2
23006;84852409;23006;53;1;1;7;2;0;1;1;1;0;2
23007;84852409;23007;16;1;1;2;4;1;0;1;2;0;2
23008;84852409;23008;11;3;1;7;6;0;1;1;1;0;2
23009;84852409;23009;81;3;6;1;0;0;1;0;1;0;1
23010;84852409;23010;61;1;1;7;4;0;1;1;1;0;2
23011;84852409;23011;11;1;1;7;6;0;1;1;1;0;2
23012;84852409;23012;51;1;1;7;6;0;1;2;1;0;3
23013;84852504;23013;71;1;1;7;6;0;1;1;1;0;2
23014;84853502;23014;19;1;3;1;6;0;1;1;1;0;2
23015;84853502;23015;19;1;1;7;4;0;1;1;1;0;2
23016;84853502;23016;19;1;1;7;6;0;2;0;1;0;2
23017;84853502;23017;19;1;1;7;6;0;1;1;1;0;2
23018;84853502;23018;19;1;1;7;6;0;2;1;1;0;3
23019;84853502;23019;19;1;1;7;6;0;1;1;1;0;2
23020;84853502;23020;19;1;1;7;4;0;2;0;1;0;2
23021;84853502;23021;19;1;1;7;6;0;1;0;1;0;1
23022;84853502;23022;19;1;1;2;4;0;1;1;1;0;2
23023;84853502;23023;23;1;1;7;4;0;1;1;1;0;2
23024;84853502;23024;19;1;1;7;6;1;0;1;2;0;2
23025;84853502;23025;17;1;1;7;2;0;1;1;1;0;2
23026;84853502;23026;19;1;1;7;6;0;1;2;1;0;3
23027;84853502;23027;19;1;1;7;6;0;1;1;1;0;2
23028;84853502;23028;81;1;1;7;6;0;1;1;1;0;2
23029;84853502;23029;19;1;3;1;8;0;1;1;1;0;2
23030;84853502;23030;11;3;2;1;6;0;1;1;1;0;2
23031;84853503;23031;16;1;1;1;6;0;1;1;1;0;2
23032;84854106;23032;13;1;1;7;4;0;1;1;1;0;2
23033;84854106;23033;17;1;1;7;1;0;2;1;1;0;3
23034;84854106;23034;81;1;1;7;6;0;1;2;1;0;3
23035;84854203;23035;16;1;1;2;4;0;1;1;1;0;2
23036;84854402;23036;21;1;1;7;6;0;1;1;1;0;2
23037;84854402;23037;14;1;1;1;6;0;1;1;1;0;2
23038;84854402;23038;14;1;1;7;6;0;2;1;1;0;3
23039;84854402;23039;17;1;1;1;2;0;1;1;1;0;2
23040;84854402;23040;71;3;3;1;6;0;1;1;1;0;2
23041;84854403;23041;16;2;3;2;6;0;1;1;1;0;2
23042;84854403;23042;19;3;1;1;6;0;3;0;1;0;3
23043;84854403;23043;17;3;1;1;2;0;1;1;1;0;2
23044;84854403;23044;17;1;1;7;1;0;0;1;3;0;1
23045;84854403;23045;16;3;1;7;4;1;0;1;2;0;2
23046;84854405;23046;19;1;1;7;6;0;3;0;1;0;3
23047;84854405;23047;14;1;1;7;3;0;1;1;1;0;2
23048;84854405;23048;19;1;1;7;6;0;1;1;1;0;2
23049;84854405;23049;13;1;1;2;4;0;1;1;1;0;2
23050;84854405;23050;71;1;1;7;4;1;0;1;2;0;2
23051;84854405;23051;19;1;1;7;4;1;0;1;2;0;2
23052;84854405;23052;19;1;1;1;6;0;1;1;1;0;2
23053;84854405;23053;19;1;1;7;6;0;1;1;1;0;2
23054;84854405;23054;17;3;1;7;2;0;1;1;1;0;2
23055;84854501;23055;19;1;1;1;4;0;1;1;1;0;2
23056;84854505;23056;14;1;3;1;4;0;1;1;1;0;2
23057;84854505;23057;14;1;1;7;6;0;1;1;1;0;2
23058;84855105;23058;21;1;1;1;6;0;4;0;1;0;4
23059;84855107;23059;14;3;3;1;6;0;1;1;1;0;2
23060;84855107;23060;14;3;3;2;6;0;2;0;1;0;2
23061;84855201;5020;71;1;2;1;6;0;1;1;1;0;2
23062;84855302;6458;14;1;1;7;4;0;1;1;1;0;2
23063;84855401;23063;17;3;1;7;2;1;0;1;2;0;2
23064;84855401;23064;14;3;1;7;6;0;1;1;1;0;2
23065;84855401;23065;71;1;2;1;6;0;2;1;1;0;3
23066;84855401;23066;81;3;1;7;4;0;1;1;1;0;2
23067;84855401;23067;14;1;1;7;6;0;1;3;1;0;4
23068;84855403;23068;14;1;1;7;6;0;2;1;1;0;3
23069;84855403;23069;67;3;1;7;5;0;1;1;1;0;2
23070;84855403;23070;17;2;1;7;2;1;1;1;2;0;3
23071;84855403;23071;17;2;1;7;2;0;1;1;1;0;2
23072;84856205;23072;23;1;1;7;5;0;0;1;3;0;1
23073;84856205;23073;14;1;1;7;6;0;1;1;1;0;2
23074;84856303;23074;99;1;1;7;3;0;0;1;3;0;1
23075;84856303;23075;14;3;1;7;6;0;1;1;1;0;2
23076;84856303;23076;14;3;1;7;6;0;1;1;1;0;2
23077;84856303;23077;16;1;1;7;6;0;1;1;1;0;2
23078;84856303;23078;14;4;1;7;6;0;1;1;1;0;2
23079;84856303;23079;16;1;3;2;3;0;1;1;1;0;2
23080;84856303;23080;86;1;1;7;6;0;1;1;1;0;2
23081;84856401;23081;42;2;1;7;6;0;0;1;3;0;1
23082;84856404;23082;17;1;1;7;2;1;0;1;2;0;2
23083;84856405;23083;22;1;1;7;3;0;1;1;1;0;2
23084;84856406;23084;81;1;3;1;6;0;1;1;1;0;2
23085;84856501;23085;32;1;1;7;6;0;1;1;1;0;2
23086;84856501;23086;17;1;1;7;1;0;1;1;1;0;2
23087;84856501;23087;17;1;1;7;2;0;1;1;1;0;2
23088;84856501;23088;23;1;1;7;6;0;1;1;1;0;2
23089;84856501;23089;64;1;1;7;6;0;1;1;1;0;2
23090;84856502;23090;72;1;1;7;3;0;2;0;1;0;2
23091;84857205;23091;11;1;1;7;6;0;1;1;1;0;2
23092;84857205;23092;71;1;1;7;6;0;2;0;1;0;2
23093;84857209;23093;11;3;2;2;6;0;1;1;1;0;2
23094;84857209;23094;35;1;1;7;4;0;1;1;1;0;2
23095;84857209;23095;11;1;1;7;6;0;1;1;1;0;2
23096;84857209;23096;11;1;1;7;6;0;1;1;1;0;2
23097;84857209;23097;11;2;1;7;6;0;3;0;1;0;3
23098;84857209;16423;71;1;1;7;6;0;0;1;3;0;1
23099;84857209;23099;32;1;1;1;7;0;1;1;1;0;2
23100;84857209;23100;16;1;1;7;9;0;1;1;1;0;2
23101;84857209;23101;11;1;1;7;6;0;1;1;1;0;2
23102;84857209;23102;11;3;7;6;6;0;1;3;1;0;4
23103;84857209;23103;71;1;1;7;2;1;0;1;2;0;2
23104;84857209;23104;16;1;1;7;6;0;1;0;1;0;1
23105;84857209;23105;16;1;1;7;6;1;1;0;2;0;2
23106;84857209;23106;16;1;1;7;6;0;1;1;1;0;2
23107;84857209;23107;52;1;2;1;6;0;1;2;1;0;3
23108;84857303;23108;13;1;1;7;6;0;1;1;1;0;2
23109;84857303;23109;31;1;1;7;6;0;1;2;1;0;3
23110;84857404;23110;11;4;1;7;6;0;2;0;1;0;2
23111;84857404;23111;17;1;3;2;2;1;0;1;2;0;2
23112;84857404;6726;14;3;1;7;8;1;0;1;2;0;2
23113;84857404;23113;51;1;1;7;7;0;1;1;1;0;2
23114;84857404;23114;11;3;1;7;6;0;1;1;1;0;2
23115;84857404;23115;11;1;1;7;6;0;1;1;1;0;2
23116;84857404;23116;11;3;1;7;6;0;3;0;1;0;3
23117;84857404;23117;12;1;1;7;6;0;1;3;1;0;4
23118;84857404;23118;11;1;3;2;6;0;1;1;1;0;2
23119;84857404;23119;51;1;1;7;6;0;1;1;1;0;2
23120;84857404;23120;11;1;1;7;6;0;1;0;1;0;1
23121;84857404;23121;11;1;1;7;6;0;1;1;1;0;2
23122;84857501;2080;11;3;1;7;6;0;1;1;1;0;2
23123;84857501;23123;11;3;1;7;4;0;2;0;1;0;2
23124;84857501;23124;11;1;1;7;6;0;1;0;3;0;1
23125;84857501;23125;51;1;1;7;6;0;1;1;1;0;2
23126;84857501;23126;15;1;1;7;6;0;2;0;1;0;2
23127;84857501;23127;11;1;1;7;6;0;3;0;1;0;3
23128;84857501;23128;17;3;1;7;2;0;1;1;1;0;2
23129;84857501;23129;11;1;3;1;6;0;1;1;1;0;2
23130;84857501;23130;71;3;1;7;6;0;1;1;1;0;2
23131;84857505;22052;19;1;3;2;4;1;0;1;2;0;2
23132;84857505;23132;11;1;1;7;6;0;1;1;1;0;2
23133;84857507;23133;14;1;1;7;6;0;1;1;1;0;2
23134;84857507;23134;17;1;1;7;4;0;1;1;1;0;2
23135;84857507;23135;17;1;1;7;2;0;1;1;1;0;2
23136;84857507;23136;19;1;1;7;4;0;1;1;1;0;2
23137;84857507;23137;51;1;1;7;6;0;1;1;1;0;2