accident_id;lieu_id;date_id;cause_id;lum_id;intemp_id;etat_surface_id;impliq_id;nb_blesses_graves;nb_blesses_legers;nb_indemnes;gravite;nb_morts;nb_impliqués
23138;84857507;23138;41;1;1;7;4;0;2;0;1;0;2
23139;84861104;3464;17;1;1;1;1;0;1;1;1;0;2
23140;84861104;23140;52;1;3;1;0;0;1;0;1;0;1
23141;84861104;23141;14;1;1;7;6;1;0;1;2;0;2
23142;84861203;23142;14;1;1;1;6;0;1;1;1;0;2
23143;84861203;23143;81;3;1;1;6;1;0;2;2;0;3
23144;84861303;23144;51;1;1;7;6;0;1;1;1;0;2
23145;84861303;23145;31;1;1;7;6;0;1;1;1;0;2
23146;84861403;23146;14;3;3;1;6;0;3;0;1;0;3
23147;84861403;23147;14;1;1;7;6;0;1;1;1;0;2
23148;84861405;23148;31;1;1;7;6;0;1;1;1;0;2
23149;84861408;23149;23;1;3;1;5;0;1;1;1;0;2
23150;84861501;23150;13;1;3;1;6;0;1;1;1;0;2
23151;84861501;23151;51;3;1;7;6;0;1;1;1;0;2
23152;84861501;23152;17;1;1;7;2;1;0;1;2;0;2
23153;84861501;23153;16;3;1;1;4;0;1;1;1;0;2
23154;84861501;23154;13;3;1;1;6;0;3;0;1;0;3
23155;84861501;23155;71;1;1;7;6;1;0;1;2;0;2
23156;84861501;23156;17;2;4;4;2;0;1;1;1;0;2
23157;84861501;23157;17;1;1;7;2;0;1;1;1;0;2
23158;84861501;23158;17;1;3;1;2;1;0;1;2;0;2
23159;84861501;23159;17;1;2;1;2;0;1;1;1;0;2
23160;84861501;23160;17;1;1;1;2;1;0;1;2;0;2
23161;84861501;23161;13;3;1;7;4;0;1;1;1;0;2
23162;84861501;23162;13;1;1;7;4;0;1;1;1;0;2
23163;84861501;23163;13;3;1;1;4;0;1;1;1;0;2
23164;84861503;23164;81;3;1;7;5;1;0;1;2;0;2
23165;84861505;23165;72;1;1;7;6;0;1;1;1;0;2
23166;84862101;23166;19;1;1;7;4;0;1;1;1;0;2
23167;84862101;23167;19;3;1;7;4;1;0;1;2;0;2
23168;84862101;23168;16;1;1;7;6;0;1;2;1;0;3
23169;84862101;2413;19;1;1;7;4;0;1;1;1;0;2
23170;84862101;23170;14;1;1;7;4;0;1;1;1;0;2
23171;84862101;23171;16;1;1;7;4;0;1;1;1;0;2
23172;84862101;23172;19;1;6;1;6;0;1;1;1;0;2
23173;84862101;23173;51;1;1;7;6;0;1;1;1;0;2
23174;84862101;23174;19;3;3;2;4;1;0;1;2;0;2
23175;84862101;23175;35;1;3;2;4;0;1;1;1;0;2
23176;84862101;23176;19;1;1;7;4;0;1;1;1;0;2
23177;84862101;23177;17;1;1;7;1;0;1;1;1;0;2
23178;84862101;13159;19;1;3;1;4;0;1;1;1;0;2
23179;84862101;23179;19;1;1;7;6;0;1;1;1;0;2
23180;84862101;23180;19;1;1;7;4;0;1;1;1;0;2
23181;84862101;23181;19;1;1;1;3;1;0;1;2;0;2
23182;84862101;23182;19;1;3;1;4;0;1;2;1;0;3
23183;84862101;23183;19;2;1;7;4;0;1;1;1;0;2
23184;84862101;23184;19;3;1;4;6;0;3;0;1;0;3
23185;84862101;23185;19;1;1;7;4;0;1;1;1;0;2
23186;84862101;23186;19;3;1;7;4;0;1;1;1;0;2
23187;84862102;11620;16;1;1;7;4;0;1;1;1;0;2
23188;84862102;23188;19;3;1;1;4;1;0;1;2;0;2
23189;84862102;23189;17;1;1;7;1;0;1;1;1;0;2
23190;84862103;23190;52;3;1;1;0;0;2;0;1;0;2
23191;84862103;23191;72;1;1;7;6;0;1;1;1;0;2
23192;84862103;23192;51;3;1;7;4;1;0;1;2;0;2
23193;84862206;23193;14;1;1;7;6;0;1;1;1;0;2
23194;84862206;23194;14;1;1;7;4;1;0;1;2;0;2
23195;84862206;23195;14;1;1;7;6;0;2;0;1;0;2
23196;84862206;13703;14;1;1;7;6;0;2;0;1;0;2
23197;84862206;23197;19;3;1;7;6;0;3;0;1;0;3
23198;84862206;23198;19;3;1;7;4;0;1;1;1;0;2
23199;84862206;23199;19;2;1;7;6;0;1;1;1;0;2
23200;84862206;23200;17;3;2;1;1;1;0;1;2;0;2
23201;84862206;23201;19;1;3;1;6;0;2;0;1;0;2
23202;84862403;23202;13;2;1;7;5;0;1;1;1;0;2
23203;84862403;23203;17;1;1;7;2;1;0;1;2;0;2
23204;84862403;23204;13;3;1;7;6;0;1;1;1;0;2
23205;84862405;23205;71;2;1;7;5;0;1;0;3;0;1
23206;84862405;23206;17;1;1;2;2;0;1;1;1;0;2
23207;84862405;23207;16;2;1;7;6;0;1;1;1;0;2
23208;84862405;23208;81;3;1;1;4;0;1;1;1;0;2
23209;84862405;23209;16;2;1;7;6;0;1;1;1;0;2
23210;84862405;23210;16;2;1;7;6;0;1;1;1;0;2
23211;84862405;23211;13;3;1;7;6;0;5;0;1;0;5
23212;84862502;23212;21;1;1;7;6;0;1;1;1;0;2
23213;84863105;23213;16;1;1;7;3;0;1;1;1;0;2
23214;84863203;23214;81;1;1;7;6;0;1;1;1;0;2
23215;84863203;23215;19;1;1;7;4;0;1;1;1;0;2
23216;84863203;23216;19;2;1;7;6;0;1;1;1;0;2
23217;84863206;21897;19;1;1;7;6;0;1;1;1;0;2
23218;84863206;23218;17;1;3;2;1;0;1;1;1;0;2
23219;84863206;23219;17;3;1;1;2;0;1;1;1;0;2
23220;84863206;23220;19;1;1;1;4;0;1;1;1;0;2
23221;84863206;23221;71;1;1;7;6;0;1;1;1;0;2
23222;84863303;23222;11;3;3;1;4;0;1;1;1;0;2
23223;84863303;23223;11;1;1;7;6;0;1;1;1;0;2
23224;84863303;23224;11;1;1;7;6;0;1;1;1;0;2
23225;84863303;23225;71;1;1;7;6;0;1;1;1;0;2
23226;84863303;23226;15;3;3;1;6;0;1;1;1;0;2
23227;84863303;23227;15;3;1;7;6;0;1;1;1;0;2
23228;84863303;23228;16;3;1;1;6;0;1;1;1;0;2
23229;84863303;23229;16;1;1;7;6;0;1;0;1;0;1
23230;84863303;23230;16;1;1;7;4;0;1;1;1;0;2
23231;84863303;23231;17;1;1;7;2;0;1;1;1;0;2
23232;84863303;23232;17;1;1;7;2;0;1;1;1;0;2
23233;84863303;23233;51;1;1;7;6;0;1;1;1;0;2
23234;84863303;23234;17;1;1;7;2;0;1;1;1;0;2
23235;84863303;23235;17;1;1;7;1;1;0;1;2;0;2
23236;84863401;23236;16;1;1;7;4;1;0;1;2;0;2
23237;84863401;23237;72;1;1;1;6;0;1;1;1;0;2
23238;84863401;23238;16;1;1;7;4;0;1;1;1;0;2
23239;84863401;23239;16;1;1;7;4;0;1;1;1;0;2
23240;84863401;14726;17;1;1;7;2;0;1;1;1;0;2
23241;84863402;23241;71;1;1;7;6;0;1;1;1;0;2
23242;84863402;23242;13;2;1;2;6;0;1;1;1;0;2
23243;84863402;23243;13;1;1;7;6;0;2;0;1;0;2
23244;84863402;23244;51;1;1;7;3;0;1;1;1;0;2
23245;84863402;23245;81;1;1;7;6;1;0;1;2;0;2
23246;84863402;23246;13;1;1;7;5;0;1;1;1;0;2
23247;84863402;23247;13;1;1;7;4;1;1;1;2;0;3
23248;84863402;23248;16;1;1;7;6;0;1;1;1;0;2
23249;84863404;23249;14;3;2;1;6;0;1;1;1;0;2
23250;84863506;23250;25;1;1;1;6;0;1;1;1;0;2
23251;84863506;23251;81;3;1;7;4;1;0;1;2;0;2
23252;84864202;23252;14;1;1;7;4;0;1;1;1;0;2
23253;84864202;23253;16;1;1;7;4;0;1;0;1;0;1
23254;84864202;23254;41;1;1;7;6;1;0;1;2;0;2
23255;84864301;23255;14;1;3;1;6;0;1;2;1;0;3
23256;84864301;23256;14;1;1;1;6;0;1;1;1;0;2
23257;84864305;23257;16;1;1;1;7;0;1;1;1;0;2
23258;84864305;23258;17;3;1;2;2;0;1;1;1;0;2
23259;84864305;23259;14;1;3;1;6;0;1;1;1;0;2
23260;84864305;23260;14;3;1;1;6;0;2;0;1;0;2
23261;84864305;23261;14;1;1;1;6;0;2;0;1;0;2
23262;84864305;23262;14;1;3;1;6;0;1;1;1;0;2
23263;84864305;23263;14;3;3;1;6;0;1;1;1;0;2
23264;84864305;23264;21;1;2;1;6;0;1;1;1;0;2
23265;84864305;23265;86;1;1;7;2;0;1;1;1;0;2
23266;84864305;23266;19;3;3;1;6;0;4;0;1;0;4
23267;84864305;23267;19;1;1;7;4;0;1;1;1;0;2
23268;84864502;23268;51;1;1;7;7;0;1;1;1;0;2
23269;84864502;23269;13;1;1;2;4;0;1;1;1;0;2
23270;84864508;23270;81;2;1;7;0;1;1;0;2;0;2
23271;84864510;23271;71;1;1;7;6;0;1;1;1;0;2
23272;84864510;12960;13;1;1;7;4;0;1;1;1;0;2
23273;84864511;1773;16;1;1;7;4;0;1;1;1;0;2
23274;84864511;23274;85;1;1;7;6;0;1;1;1;0;2
23275;84864511;23275;16;1;3;1;6;0;1;1;1;0;2
23276;84864511;23276;71;1;1;7;6;0;1;1;1;0;2
23277;84864512;23277;13;1;3;2;6;0;1;1;1;0;2
23278;84864512;23278;13;1;1;7;4;0;1;1;1;0;2
23279;84864512;23279;16;1;1;7;4;0;1;1;1;0;2
23280;84864512;23280;16;3;1;1;4;1;0;1;2;0;2
23281;84864512;23281;71;1;3;1;6;1;0;1;2;0;2
23282;84864512;23282;13;1;1;1;6;0;1;1;1;0;2
23283;84864512;23283;23;3;1;7;4;0;1;1;1;0;2
23284;84864512;23284;13;3;3;1;4;0;1;0;1;0;1
23285;84864514;23285;19;1;1;7;6;0;1;1;1;0;2
23286;84864514;23286;71;2;1;7;6;0;1;1;1;0;2
23287;84865102;23287;71;1;1;7;6;0;1;1;1;0;2
23288;84865102;23288;11;1;1;7;6;0;1;1;1;0;2
23289;84865102;23289;16;2;1;7;4;0;1;1;1;0;2
23290;84865102;23290;16;1;1;7;4;0;1;0;1;0;1
23291;84865103;23291;21;1;1;7;8;0;1;1;1;0;2
23292;84865103;23292;14;3;3;1;6;0;1;1;1;0;2
23293;84865206;23293;11;1;1;7;2;0;2;0;1;0;2
23294;84865210;23294;71;1;1;7;5;0;1;1;1;0;2
23295;84865210;23295;11;1;1;7;6;1;0;1;2;0;2
23296;84865210;23296;52;3;3;1;2;0;1;1;1;0;2
23297;84865302;23297;11;1;1;7;3;0;1;1;1;0;2
23298;84865302;14600;16;3;1;7;6;0;2;0;1;0;2
23299;84865302;2674;11;1;1;7;3;1;0;1;2;0;2
23300;84865302;23300;16;1;1;7;3;0;1;1;1;0;2
23301;84865302;23301;81;3;1;7;6;0;4;0;1;0;4
23302;84865302;23302;11;3;1;1;6;0;1;2;1;0;3
23303;84865302;23303;19;3;3;1;6;0;6;0;1;0;6
23304;84865302;23304;11;1;1;7;6;0;2;3;1;0;5
23305;84865304;23305;15;1;1;2;3;0;1;1;1;0;2
23306;84865304;23306;81;3;6;4;6;0;1;1;1;0;2
23307;84865304;23307;11;1;3;1;6;0;1;1;1;0;2
23308;84865304;23308;52;3;1;4;0;1;0;0;2;0;1
23309;84865304;13626;51;2;3;1;6;0;1;3;1;0;4
23310;84866105;23310;81;1;1;7;4;1;0;1;2;0;2
23311;84866203;23311;16;1;3;1;4;0;2;0;1;0;2
23312;84866203;23312;14;1;1;7;6;0;1;1;1;0;2
23313;84866203;23313;14;1;1;7;4;0;1;1;1;0;2
23314;84866203;23314;17;1;1;7;2;0;1;1;1;0;2
23315;84866203;23315;17;2;1;7;2;1;0;1;2;0;2
23316;84866301;23316;11;1;1;7;4;0;1;1;1;0;2
23317;84866301;23317;51;1;3;2;6;0;1;1;1;0;2
23318;84866301;23318;71;1;1;1;6;0;1;1;1;0;2
23319;84866402;23319;11;3;1;1;4;1;0;1;2;0;2
23320;84866402;23320;14;1;2;2;6;0;1;1;1;0;2
23321;84866402;23321;71;1;1;5;6;0;1;1;1;0;2
23322;84866402;23322;19;3;1;7;6;0;1;1;1;0;2
23323;84866402;23323;14;1;3;1;3;0;1;1;1;0;2
23324;84866402;23324;11;3;1;7;6;0;1;1;1;0;2
23325;84866402;23325;11;1;1;7;6;0;1;0;1;0;1
23326;84866402;23326;11;1;1;7;6;0;1;1;1;0;2
23327;84866501;23327;11;1;1;7;6;0;1;1;1;0;2
23328;84866505;23328;52;1;1;1;7;0;1;1;1;0;2
23329;84866506;23329;52;1;1;7;5;0;2;1;1;0;3
23330;84866512;23330;72;1;1;1;6;0;1;1;1;0;2
23331;84867107;23331;86;1;1;7;6;0;1;1;1;0;2
23332;84867107;23332;51;1;1;1;3;0;1;2;1;0;3
23333;84867107;23333;17;1;1;7;1;0;1;1;1;0;2
23334;84867201;23334;17;1;1;7;1;0;1;1;1;0;2
23335;84867206;23335;14;2;3;2;6;0;1;1;1;0;2
23336;84867206;13261;14;1;1;7;4;0;1;1;1;0;2
23337;84867206;23337;51;1;1;7;6;0;1;1;1;0;2
23338;84867206;23338;16;2;1;7;5;0;1;1;1;0;2
23339;84867206;23339;16;3;1;7;3;1;0;1;2;0;2
23340;84867206;23340;51;1;3;1;6;0;1;1;1;0;2
23341;84867206;23341;17;1;1;7;2;0;1;1;1;0;2
23342;84867206;23342;51;1;1;7;6;0;1;0;1;0;1
23343;84867206;23343;16;3;2;1;4;0;2;1;1;0;3
23344;84867305;23344;13;1;1;1;2;0;1;1;1;0;2
23345;84867305;23345;16;1;1;7;6;0;1;1;1;0;2
23346;84867306;23346;17;1;1;7;6;0;1;1;1;0;2
23347;84867306;23347;71;1;3;2;6;0;1;1;1;0;2
23348;84867306;23348;17;1;1;7;2;0;2;0;1;0;2
23349;84867306;23349;71;1;1;7;6;0;1;1;1;0;2
23350;84867306;23350;71;1;1;7;6;0;1;1;1;0;2
23351;84867308;23351;81;3;1;7;6;0;2;0;1;0;2
23352;84867308;23352;16;3;1;7;6;0;1;1;1;0;2
23353;84867308;23353;11;2;1;7;6;0;1;1;1;0;2
23354;84867308;23354;17;1;3;1;2;1;0;1;2;0;2
23355;84867308;23355;52;1;1;7;3;0;1;1;1;0;2
23356;84867318;23356;81;3;1;1;2;0;1;1;1;0;2
23357;84867318;23357;16;3;1;7;3;0;1;1;1;0;2
23358;84867318;23358;17;1;1;7;2;0;1;1;1;0;2
23359;84867318;16715;16;3;1;7;3;0;1;1;1;0;2
23360;84867403;23360;51;1;1;7;6;0;1;1;1;0;2
23361;84867403;23361;11;3;1;1;6;1;0;1;2;0;2
23362;84867403;23362;11;1;1;1;6;0;1;0;1;0;1
23363;84871108;23363;81;3;1;7;5;1;0;1;2;0;2
23364;84871108;23364;12;1;1;7;6;0;2;0;1;0;2
23365;84871108;23365;11;3;1;7;6;0;1;1;1;0;2
23366;84871108;7805;11;1;1;7;6;0;1;1;1;0;2
23367;84871108;23367;16;1;1;7;4;0;1;1;1;0;2
23368;84871108;23368;51;1;1;7;6;0;1;3;1;0;4
23369;84871108;23369;16;1;1;1;6;0;1;1;1;0;2
23370;84871108;23370;19;1;1;7;6;0;1;1;1;0;2
23371;84871108;8525;16;1;1;7;4;0;1;1;1;0;2
23372;84871108;23372;11;1;1;7;6;0;2;1;1;0;3
23373;84871108;23373;16;3;1;7;5;1;2;1;2;0;4
23374;84871108;23374;16;2;1;7;6;1;5;0;2;0;6
23375;84871108;23375;16;1;1;7;6;0;2;0;1;0;2
23376;84871108;23376;16;1;1;7;6;0;1;1;1;0;2
23377;84871108;23377;14;1;1;7;5;0;1;1;1;0;2
23378;84871108;21125;11;1;3;2;6;0;2;0;1;0;2
23379;84871108;23379;11;1;1;2;6;0;3;0;1;0;3
23380;84871108;23380;16;1;3;2;6;0;2;1;1;0;3
23381;84871108;23381;16;1;1;1;4;0;1;1;1;0;2
23382;84871108;23382;51;1;4;5;6;0;1;1;1;0;2
23383;84871108;23383;81;3;1;7;6;0;1;1;1;0;2
23384;84871108;23384;52;3;1;7;0;0;2;0;1;0;2
23385;84871108;23385;11;1;1;7;6;0;4;0;1;0;4
23386;84871108;23386;52;3;1;4;0;0;2;0;1;0;2
23387;84871108;23387;18;1;1;7;3;0;1;1;1;0;2
23388;84871108;23388;11;5;1;7;6;0;3;0;1;0;3
23389;84871108;23389;11;1;1;7;6;0;2;1;1;0;3
23390;84871108;23390;11;3;1;7;6;0;1;1;1;0;2
23391;84871108;23391;11;3;1;7;6;1;0;1;2;0;2
23392;84871108;23392;11;1;1;7;6;0;1;1;1;0;2
23393;84871108;23393;71;1;1;1;6;0;1;1;1;0;2
23394;84871108;23394;11;1;3;1;6;0;1;1;1;0;2
23395;84871306;23395;13;1;1;7;6;0;1;1;1;0;2
23396;84871306;23396;13;1;1;7;6;0;2;0;1;0;2
23397;84871503;23397;52;1;1;1;0;0;1;0;1;0;1
23398;84871503;23398;14;3;1;1;6;0;1;1;1;0;2
23399;84871503;23399;51;1;1;7;6;0;2;2;1;0;4
23400;84871503;23400;13;1;1;7;6;0;3;0;1;0;3
23401;84871505;23401;71;1;1;1;5;0;1;1;1;0;2
23402;84872103;23402;16;1;1;7;3;0;1;1;1;0;2
23403;84872104;23403;13;1;1;7;4;0;1;1;1;0;2
23404;84872104;23404;13;2;6;7;4;1;0;1;2;0;2
23405;84872205;23405;18;1;1;7;6;0;2;1;1;0;3
23406;84872205;23406;13;1;1;7;6;1;2;0;2;0;3
23407;84872205;23407;71;1;1;7;6;1;0;1;2;0;2
23408;84872205;23408;23;1;1;7;5;1;0;1;2;0;2
23409;84872205;23409;13;1;1;7;6;0;1;1;1;0;2
23410;84872205;23410;17;1;1;7;2;0;1;1;1;0;2
23411;84872301;23411;13;1;1;7;6;0;2;1;1;0;3
23412;84872302;23412;35;1;1;7;6;0;1;1;1;0;2
23413;84872402;20602;23;1;3;1;4;0;1;1;1;0;2
23414;84872402;23414;14;1;1;7;6;0;3;1;1;0;4
23415;84872403;23415;16;1;2;2;6;0;1;1;1;0;2
23416;84872403;23416;52;2;1;7;0;0;2;0;1;0;2
23417;84872404;23417;31;1;1;7;6;0;1;1;1;0;2
23418;84872507;23418;14;1;3;2;6;0;2;0;1;0;2
23419;84873102;23419;13;1;3;1;6;0;1;1;1;0;2
23420;84873103;23420;17;4;1;7;2;0;1;1;1;0;2
23421;84873103;23421;64;3;1;7;4;0;1;1;1;0;2
23422;84873103;23422;16;1;1;7;5;0;2;1;1;0;3
23423;84873103;23423;17;1;1;7;1;1;0;1;2;0;2
23424;84873103;23424;17;1;1;1;2;0;1;1;1;0;2
23425;84873103;23425;71;1;1;1;6;0;1;1;1;0;2
23426;84873103;23426;16;1;1;7;6;0;3;0;1;0;3
23427;84873103;23427;17;1;1;7;2;0;1;1;1;0;2
23428;84873107;23428;35;1;1;7;3;0;1;1;1;0;2
23429;84873202;23429;21;2;1;1;6;0;3;0;1;0;3
23430;84873303;23430;16;1;1;7;4;0;1;1;1;0;2
23431;84873303;23431;16;3;1;7;6;1;0;1;2;0;2
23432;84873303;23432;11;3;1;1;6;0;3;1;1;0;4
23433;84873303;23433;17;1;1;7;2;0;1;1;1;0;2
23434;84873303;23434;16;1;1;7;6;0;1;1;1;0;2
23435;84873303;23435;81;5;1;7;6;0;1;1;1;0;2
23436;84873303;23436;16;1;1;7;6;1;1;1;2;0;3
23437;84873303;23437;51;3;3;1;6;0;1;2;1;0;3
23438;84873303;23438;15;1;1;7;6;1;0;1;2;0;2
23439;84873303;23439;16;3;1;7;6;0;1;1;1;0;2
23440;84873303;3198;11;3;1;7;2;0;1;1;1;0;2
23441;84873303;23441;16;1;1;7;6;0;2;0;1;0;2
23442;84873303;23442;51;1;1;7;3;0;1;1;1;0;2
23443;84873303;23443;11;3;1;7;6;0;0;1;3;0;1
23444;84873303;23444;51;3;3;2;6;0;1;1;1;0;2
23445;84873303;23445;17;1;1;7;2;0;1;1;1;0;2
23446;84873303;23446;17;1;1;7;2;0;1;1;1;0;2
23447;84873303;23447;11;1;1;7;6;0;1;1;1;0;2
23448;84873303;23448;71;3;1;7;6;1;0;1;2;0;2
23449;84873303;23449;15;3;1;7;6;0;3;0;1;0;3
23450;84873303;23450;11;3;1;7;6;0;1;1;1;0;2
23451;84873303;23451;17;2;1;1;2;1;0;1;2;0;2
23452;84873303;23452;11;3;3;1;6;0;3;0;1;0;3
23453;84873303;23453;11;1;1;7;6;0;2;1;1;0;3
23454;84873303;23454;19;3;2;1;6;0;2;0;1;0;2
23455;84873303;23455;81;3;4;1;6;0;2;1;1;0;3
23456;84873303;23456;12;1;1;7;6;0;6;0;1;0;6
23457;84873501;23457;16;1;1;7;6;0;1;1;1;0;2
23458;84873504;10193;52;1;1;7;0;1;0;0;3;0;1
23459;84873505;23459;14;1;3;2;3;1;0;1;2;0;2
23460;84874104;23460;72;2;1;7;6;0;1;1;1;0;2
23461;84874104;23461;52;3;1;7;0;0;1;0;1;0;1
23462;84874201;23462;71;1;1;7;8;0;1;1;1;0;2
23463;84874201;23463;14;1;1;7;6;0;1;1;1;0;2
23464;84874307;23464;31;1;1;7;6;0;1;1;1;0;2
23465;84874402;23465;19;1;1;7;7;2;3;1;2;0;6
23466;84874402;23466;41;3;1;7;6;0;1;1;1;0;2
23467;84874402;13671;11;1;1;7;6;2;3;0;2;0;5
23468;84874402;23468;18;1;1;7;4;0;1;1;1;0;2
23469;84874402;23469;22;1;1;2;6;0;1;1;1;0;2
23470;84874402;23470;17;1;1;7;2;1;1;1;2;0;3
23471;84874402;23471;11;3;3;2;6;1;6;0;2;0;7
23472;84874402;23472;71;1;1;1;6;0;1;1;1;0;2
23473;84874402;23473;52;3;1;7;0;2;2;0;2;0;4
23474;84874402;23474;11;1;1;1;2;0;1;1;1;0;2
23475;84874402;23475;51;1;1;7;6;1;0;1;2;0;2
23476;84874402;23476;11;3;1;1;6;0;2;0;1;0;2
23477;84874402;23477;35;3;1;7;4;0;1;1;1;0;2
23478;84874402;23478;16;1;2;1;6;0;1;1;1;0;2
23479;84875101;23479;71;3;1;7;6;1;0;1;2;0;2
23480;84875103;23480;17;1;1;7;1;0;1;1;1;0;2
23481;84875105;23481;19;1;1;7;6;0;0;2;0;0;2
23482;84875105;23482;71;1;1;7;6;0;1;1;1;0;2
23483;84875204;8598;17;1;2;2;1;0;1;1;1;0;2
23484;84875204;23484;13;3;1;7;6;0;2;0;1;0;2
23485;84875204;23485;13;1;1;7;5;0;2;1;1;0;3
23486;84875209;23486;17;1;1;7;1;1;1;1;2;0;3
23487;84875210;23487;35;1;1;7;4;0;1;1;1;0;2
23488;84875210;23488;17;1;1;7;2;0;1;1;1;0;2
23489;84875301;23489;14;1;1;7;6;0;1;1;1;0;2
23490;84875301;23490;14;3;3;1;6;0;3;1;1;0;4
23491;84875301;23491;81;3;1;7;6;0;4;0;1;0;4
23492;84875301;23492;71;1;1;1;6;0;1;1;1;0;2
23493;84875301;23493;14;3;1;7;6;0;2;0;1;0;2
23494;84875302;23494;21;1;1;7;7;0;1;1;1;0;2
23495;84875303;23495;51;1;1;7;6;0;1;1;1;0;2
23496;84875305;23496;14;1;1;2;6;0;1;1;1;0;2
23497;84875403;23497;14;1;1;7;6;0;1;1;1;0;2
23498;84875501;23498;11;3;2;2;6;1;0;1;2;0;2
23499;84875501;5158;81;1;1;7;6;0;2;0;1;0;2
23500;84875501;23500;17;1;1;7;2;0;2;1;1;0;3
23501;84875501;23501;17;1;1;7;2;0;1;1;1;0;2
23502;84875501;23502;11;3;1;1;6;0;2;0;1;0;2
23503;84875501;23503;81;3;3;1;6;2;2;1;2;0;5
23504;84875501;6501;22;1;1;1;3;1;0;1;2;0;2
23505;84875501;23505;51;2;1;2;6;0;1;1;1;0;2
23506;84875501;23506;53;1;1;7;6;0;2;0;1;0;2
23507;84875501;23507;51;1;1;7;3;0;1;1;1;0;2
23508;84875502;23508;51;1;3;1;6;0;2;1;1;0;3
23509;84875502;23509;17;3;6;1;2;0;1;1;1;0;2
23510;84875502;23510;16;3;3;1;5;1;0;1;2;0;2
23511;84875502;23511;13;1;1;1;5;1;1;1;2;0;3
23512;84875502;23512;63;1;3;1;6;0;2;0;1;0;2
23513;84875502;23513;16;1;1;7;4;0;1;1;1;0;2
23514;84875502;23514;71;1;1;7;6;0;1;1;1;0;2
23515;84876101;23515;71;1;1;7;6;0;1;1;1;0;2
23516;84876101;23516;72;1;3;1;6;0;1;0;1;0;1
23517;84876104;23517;31;1;3;2;3;0;1;1;1;0;2
23518;84876107;23518;72;1;1;7;6;0;1;1;1;0;2
23519;84876205;23519;72;3;1;7;6;0;1;1;1;0;2
23520;84876212;23520;14;1;1;7;6;0;1;1;1;0;2
23521;84876506;23521;13;1;3;2;6;0;1;1;1;0;2
23522;84876506;23522;13;1;1;1;5;1;0;1;2;0;2
23523;84876506;23523;16;1;1;1;6;1;1;0;3;0;2
23524;84876506;23524;22;1;1;7;6;0;4;0;1;0;4
23525;84876506;23525;31;1;1;7;7;0;1;1;1;0;2
23526;84876506;23526;71;3;1;7;6;0;0;1;3;0;1
23527;84876506;23527;17;1;1;7;2;0;1;1;1;0;2
23528;84876506;23528;16;3;3;1;6;0;1;1;1;0;2
23529;84876506;23529;11;2;1;1;5;0;1;1;1;0;2
23530;84876506;23530;13;2;3;1;6;0;2;2;1;0;4
23531;84876506;23531;51;1;1;7;6;0;1;1;1;0;2
23532;84876506;23532;52;3;3;1;5;1;0;1;2;0;2
23533;84876506;23533;16;1;3;1;6;0;1;1;1;0;2
23534;84876506;23534;16;3;1;7;6;0;1;1;1;0;2
23535;84876506;23535;52;3;1;7;0;0;1;0;1;0;1
23536;84876506;23536;51;1;1;7;6;0;1;3;1;0;4
23537;84876506;2428;52;1;1;1;0;0;2;0;1;0;2
23538;84876506;23538;64;1;1;7;6;0;1;1;1;0;2
23539;84876507;23539;13;1;1;7;4;0;1;1;1;0;2
23540;84876507;23540;13;1;1;7;6;0;1;2;1;0;3
23541;84876507;23541;17;1;1;1;2;0;1;1;1;0;2
23542;84876507;23542;13;1;1;7;6;0;3;1;1;0;4
23543;84876507;23543;13;1;1;7;4;0;1;1;1;0;2
23544;84876507;23544;23;1;1;7;5;1;0;1;2;0;2
23545;84877103;23545;71;1;1;7;6;0;1;1;1;0;2
23546;84877104;23546;14;1;3;1;6;0;1;1;1;0;2
23547;84877104;23547;14;1;1;7;4;0;1;1;1;0;2
23548;84877104;23548;51;1;1;7;6;0;1;1;1;0;2
23549;84877104;23549;14;3;1;1;6;0;1;0;1;0;1
23550;84877208;23550;17;1;1;7;1;0;1;1;1;0;2
23551;84877208;23551;14;1;3;2;6;0;1;1;1;0;2
23552;84877208;23552;14;3;3;2;6;0;1;1;1;0;2
23553;84877208;23553;14;1;1;7;6;0;1;1;1;0;2
23554;84877208;23554;14;1;3;1;6;0;1;1;1;0;2