accident_id;lieu_id;date_id;cause_id;lum_id;intemp_id;etat_surface_id;impliq_id;nb_blesses_graves;nb_blesses_legers;nb_indemnes;gravite;nb_morts;nb_impliqués
23555;84877208;23555;14;1;1;7;6;0;2;0;1;0;2
23556;84877208;23556;14;1;1;7;6;0;1;1;1;0;2
23557;84877208;23557;14;3;3;1;6;0;1;1;1;0;2
23558;84877208;23558;14;1;1;7;6;0;1;1;1;0;2
23559;84877208;23559;14;1;1;7;6;0;2;0;1;0;2
23560;84877212;23560;73;1;1;7;6;0;1;1;1;0;2
23561;84877213;23561;17;1;1;7;2;0;1;1;1;0;2
23562;84877213;23562;81;1;1;1;6;0;1;1;1;0;2
23563;84877213;23563;14;1;1;7;6;0;1;1;1;0;2
23564;84877213;23564;64;1;1;1;6;0;2;0;1;0;2
23565;84877301;23565;17;1;2;1;2;0;1;1;1;0;2
23566;84877304;23566;14;1;1;7;4;0;1;1;1;0;2
23567;84877304;2035;25;1;1;7;6;0;1;1;1;0;2
23568;84877304;23568;14;1;1;7;6;0;1;1;1;0;2
23569;84877304;23569;14;1;1;7;4;0;1;1;1;0;2
23570;84877306;23570;14;1;1;7;6;0;1;1;1;0;2
23571;84877306;23571;14;1;1;7;6;0;1;1;1;0;2
23572;84877401;23572;14;1;1;1;6;0;1;1;1;0;2
23573;84877402;23573;14;1;1;7;6;0;2;2;1;0;4
23574;84877402;23574;14;1;1;7;6;1;0;1;2;0;2
23575;84877402;23575;16;3;1;7;6;1;0;1;2;0;2
23576;84877402;23576;14;1;1;7;6;1;4;0;2;0;5
23577;84877402;23577;14;1;1;7;6;0;1;1;1;0;2
23578;84877402;23578;14;3;1;7;6;0;1;2;1;0;3
23579;84877402;23579;72;1;1;7;6;1;0;1;2;0;2
23580;84877406;23580;25;3;1;7;6;0;2;0;1;0;2
23581;84877406;23581;51;3;1;7;3;0;1;1;1;0;2
23582;84877406;23582;16;1;1;7;6;0;1;1;1;0;2
23583;84877407;23583;14;1;2;2;3;0;1;1;1;0;2
23584;84877506;23584;22;1;1;7;6;1;0;2;2;0;3
23585;84877506;23585;16;1;1;7;4;0;1;1;1;0;2
23586;84877506;23586;13;3;1;4;5;0;1;1;1;0;2
23587;84877506;23587;81;3;1;1;6;0;1;1;1;0;2
23588;84877506;1931;13;1;1;7;4;0;1;1;1;0;2
23589;84877506;23589;51;1;1;7;6;0;2;2;1;0;4
23590;84877506;9101;17;1;1;7;2;0;1;1;1;0;2
23591;84877506;23591;17;5;3;1;2;0;0;1;3;0;1
23592;84877507;23592;13;3;1;7;6;0;1;1;1;0;2
23593;84877507;23593;71;1;1;7;5;1;1;0;2;0;2
23594;84877513;23594;52;3;1;7;0;2;0;0;2;0;2
23595;84877513;23595;13;3;3;1;3;0;1;1;1;0;2
23596;84877513;23596;13;1;1;7;3;0;1;1;1;0;2
23597;84877513;23597;13;1;1;7;4;1;0;1;2;0;2
23598;84877513;23598;13;1;4;1;4;0;1;1;1;0;2
23599;84877513;23599;13;3;1;7;6;0;1;1;1;0;2
23600;84877513;23600;13;2;1;1;3;0;1;1;1;0;2
23601;84877513;23601;18;1;1;7;6;0;1;1;1;0;2
23602;84877513;23602;13;3;3;2;6;0;1;1;1;0;2
23603;84877513;23603;72;1;1;7;7;0;0;1;3;0;1
23604;84882104;23604;14;1;1;7;6;0;1;1;1;0;2
23605;84882104;23605;14;1;1;1;6;0;1;1;1;0;2
23606;84882104;23606;85;3;1;7;6;0;1;1;1;0;2
23607;84882104;23607;19;1;1;7;6;0;1;1;1;0;2
23608;84882104;23608;21;1;1;2;6;0;2;0;1;0;2
23609;84882104;23609;19;1;1;7;6;0;3;1;1;0;4
23610;84882104;23610;19;3;3;1;4;0;1;1;1;0;2
23611;84882104;23611;19;1;1;1;6;0;2;2;1;0;4
23612;84882104;23612;19;1;1;7;6;0;2;3;1;0;5
23613;84882104;23613;19;1;1;7;6;0;1;1;1;0;2
23614;84882104;23614;19;1;1;7;6;0;2;0;1;0;2
23615;84882104;23615;19;1;1;7;6;0;1;2;1;0;3
23616;84882104;23616;19;1;1;7;6;0;1;1;1;0;2
23617;84882104;23617;19;1;1;7;6;0;1;1;1;0;2
23618;84882104;4798;13;3;3;1;6;1;0;0;3;0;1
23619;84882104;23619;13;1;1;1;6;0;2;1;1;0;3
23620;84882104;23620;13;1;1;7;6;1;1;0;3;0;2
23621;84882104;23621;13;1;1;7;6;0;1;0;1;0;1
23622;84882304;23622;13;1;1;7;4;0;1;1;1;0;2
23623;84882304;23623;16;3;7;7;5;1;0;1;2;0;2
23624;84882304;23624;13;1;6;7;6;0;1;0;1;0;1
23625;84882304;23625;81;3;1;7;6;0;3;0;1;0;3
23626;84883202;23626;19;1;1;7;3;0;1;1;1;0;2
23627;84883204;23627;13;1;1;7;6;1;1;0;2;0;2
23628;84883204;23628;13;1;1;2;6;0;1;1;1;0;2
23629;84883204;23629;16;1;1;7;3;0;1;1;1;0;2
23630;84883204;23630;13;1;1;7;5;0;1;2;1;0;3
23631;84883204;23631;13;1;1;1;6;0;1;1;1;0;2
23632;84883501;23632;43;3;1;7;6;2;0;0;2;0;2
23633;84883501;23633;51;3;1;7;5;0;2;0;1;0;2
23634;84883501;23634;73;3;1;1;6;0;2;0;1;0;2
23635;84884103;23635;52;1;1;7;1;1;0;1;2;0;2
23636;84884107;23636;31;1;1;7;6;0;1;1;1;0;2
23637;84884301;23637;19;1;1;7;3;0;1;1;1;0;2
23638;84885402;23638;11;1;1;7;6;1;0;1;2;0;2
23639;84885402;10828;51;1;6;2;6;0;1;1;1;0;2
23640;84885402;23640;11;1;2;2;6;1;0;1;2;0;2
23641;84885402;23641;51;1;3;2;6;0;2;0;1;0;2
23642;84885402;23642;11;1;1;7;3;0;1;1;1;0;2
23643;84885402;23643;11;1;1;7;6;0;1;1;1;0;2
23644;84885402;23644;16;3;1;7;6;0;2;0;1;0;2
23645;84885402;23645;16;1;1;7;4;1;0;1;2;0;2
23646;84885402;23646;16;1;1;7;4;0;1;1;1;0;2
23647;84885402;23647;16;1;1;7;6;0;2;0;1;0;2
23648;84885402;23648;16;1;1;7;6;0;1;1;1;0;2
23649;84885402;23649;11;3;1;7;6;0;2;1;1;0;3
23650;84885402;23650;16;3;3;1;6;1;1;0;2;0;2
23651;84885402;23651;19;1;1;7;7;0;1;1;1;0;2
23652;84885402;23652;11;3;3;1;6;0;1;1;1;0;2
23653;84885402;23653;16;1;1;7;6;0;1;0;1;0;1
23654;84885402;23654;81;3;3;1;6;0;3;0;1;0;3
23655;84885402;23655;16;3;1;7;6;0;1;1;1;0;2
23656;84885402;23656;16;3;1;7;6;0;1;1;1;0;2
23657;84886406;23657;72;1;1;7;6;0;1;1;1;0;2
23658;84887307;23658;14;1;1;7;3;0;1;1;1;0;2
23659;84887510;23659;64;2;1;7;6;1;0;1;2;0;2
23660;84887510;23660;14;1;1;7;6;0;1;0;1;0;1
23661;84891414;23661;42;1;1;7;7;0;1;1;1;0;2
23662;84893103;23662;13;1;1;7;6;0;1;1;1;0;2
23663;84893103;23663;13;1;3;1;6;0;4;1;1;0;5
23664;84893103;23664;13;1;1;7;6;0;1;1;1;0;2
23665;84893103;23665;13;1;3;1;6;0;1;2;1;0;3
23666;84893103;23666;13;1;1;7;6;0;1;1;1;0;2
23667;84893103;23667;14;1;1;7;6;0;3;0;1;0;3
23668;84895104;23668;22;1;1;7;6;0;1;1;1;0;2
23669;84895104;23669;16;3;1;7;4;1;0;1;2;0;2
23670;84895201;23670;72;1;1;7;8;1;0;1;2;0;2
23671;84895207;23671;14;1;1;7;7;0;1;1;1;0;2
23672;84896205;23672;52;3;1;7;0;0;2;0;1;0;2
23673;84896210;23673;14;1;3;2;6;0;1;1;1;0;2
23674;84896210;23674;14;1;1;7;6;0;1;1;1;0;2
23675;84896210;23675;14;1;1;7;5;0;1;1;1;0;2
23676;84896210;23676;14;1;1;7;6;1;0;1;2;0;2
23677;84896210;23677;14;1;3;2;6;0;1;1;1;0;2
23678;84896210;23678;52;3;3;4;0;0;1;0;1;0;1
23679;84896210;23679;14;1;1;7;6;0;2;0;1;0;2
23680;84896210;23680;64;1;1;7;6;0;1;1;1;0;2
23681;84896304;23681;14;1;1;7;6;0;1;1;1;0;2
23682;84896304;23682;14;1;1;7;6;0;1;1;1;0;2
23683;84896304;23683;16;1;2;2;4;0;1;1;1;0;2
23684;84897502;23684;52;2;1;7;6;0;1;1;1;0;2
23685;84907402;23685;16;2;6;1;4;0;1;1;1;0;2
23686;84907402;23686;23;3;3;2;6;1;0;1;2;0;2
23687;84907402;23687;16;3;1;2;4;0;1;2;1;0;3
23688;84907402;23688;16;3;1;2;6;0;2;0;1;0;2
23689;84907402;23689;81;3;1;2;6;1;1;0;2;0;2
23690;84907406;23690;16;1;1;7;6;0;1;1;1;0;2
23691;84907503;23691;13;3;1;7;6;0;1;0;1;0;1
23692;84907503;23692;13;1;1;7;4;0;1;1;1;0;2
23693;84911401;23693;52;1;1;7;0;0;2;0;1;0;2
23694;84911401;23694;17;5;3;1;2;1;0;1;2;0;2
23695;84913503;23695;72;1;1;1;6;0;1;2;1;0;3
23696;84913503;23696;71;3;1;7;6;1;0;1;2;0;2
23697;84913505;23697;13;1;1;7;6;0;1;1;1;0;2
23698;84914401;23698;52;1;2;1;7;0;2;1;1;0;3
23699;85714514;23699;19;5;1;7;6;0;3;2;1;0;5
23700;85714514;23700;19;1;1;7;6;0;1;1;1;0;2
23701;85715102;23701;15;1;1;7;6;1;0;3;2;0;4
23702;85715304;23702;14;1;1;7;6;1;0;1;2;0;2
23703;85715307;23703;17;1;1;7;2;1;1;1;2;0;3
23704;85732506;23704;11;3;1;7;6;1;0;1;2;0;2
23705;85732506;23705;11;3;1;7;6;1;1;2;2;0;4
23706;85732506;23706;12;1;1;7;6;0;1;1;1;0;2
23707;85732506;23707;52;1;1;7;0;1;0;0;2;0;1
23708;85732506;23708;16;1;1;7;6;0;2;1;1;0;3
23709;85732506;23709;51;1;1;7;6;1;1;1;2;0;3
23710;85732506;23710;16;1;1;7;3;1;0;1;2;0;2
23711;85732506;23711;11;1;1;7;7;0;3;1;1;0;4
23712;85732506;23712;17;1;1;7;3;0;1;1;1;0;2
23713;85732506;23713;16;1;1;7;6;0;1;1;1;0;2
23714;85732506;23714;11;1;1;7;6;0;3;1;1;0;4
23715;85732506;23715;18;3;1;7;6;0;1;1;1;0;2
23716;85732506;23716;11;1;1;7;6;0;1;2;1;0;3
23717;85732506;23717;11;3;1;7;6;0;3;1;1;0;4
23718;85732506;23718;12;1;1;7;6;0;1;2;1;0;3
23719;85732506;23719;16;1;1;7;5;1;0;1;2;0;2
23720;85733502;23720;13;1;1;7;3;0;1;1;1;0;2
23721;85733510;23721;17;1;1;1;4;0;1;1;1;0;2
23722;85734405;23722;13;3;6;2;6;0;2;0;1;0;2
23723;85735407;19288;19;1;1;7;3;0;1;1;1;0;2
23724;85735407;23724;71;1;1;7;6;0;1;1;1;0;2
23725;85735407;23725;71;3;3;2;6;0;1;1;1;0;2
23726;85737403;23726;16;2;6;1;7;0;1;1;1;0;2
23727;85741204;23727;81;1;1;7;6;0;4;1;1;0;5
23728;85741204;23728;23;1;2;2;6;0;3;1;1;0;4
23729;85741301;17038;13;1;1;7;6;0;1;1;1;0;2
23730;85741301;23730;12;1;1;7;3;0;2;0;1;0;2
23731;85741301;23731;13;2;1;7;3;0;1;1;1;0;2
23732;85742402;23732;13;1;1;7;4;0;1;1;1;0;2
23733;85742503;23733;16;1;1;7;6;1;0;1;2;0;2
23734;85742504;23734;16;1;1;1;4;0;1;1;1;0;2
23735;85743305;23735;21;1;1;7;6;0;1;1;1;0;2
23736;85743405;23736;19;1;1;7;5;1;0;1;2;0;2
23737;85743405;23737;52;2;3;2;6;0;1;0;1;0;1
23738;85744101;23738;19;1;1;7;6;1;0;1;2;0;2
23739;85744101;23739;19;5;1;7;6;0;2;2;1;0;4
23740;85744101;23740;19;1;1;7;6;0;1;1;1;0;2
23741;85744101;23741;16;1;1;7;7;0;1;1;1;0;2
23742;85744408;23742;19;1;4;2;6;0;1;2;1;0;3
23743;85747401;23743;16;3;1;7;4;0;1;1;1;0;2
23744;85747401;23744;17;1;1;7;1;0;1;1;1;0;2
23745;85752202;23745;16;1;1;7;6;1;0;1;2;0;2
23746;85753103;8227;16;1;1;7;6;0;2;2;1;0;4
23747;85753103;23747;71;3;1;7;6;0;1;1;1;0;2
23748;85753107;23748;14;1;1;7;6;1;0;1;2;0;2
23749;85753107;23749;81;1;1;7;4;1;0;1;2;0;2
23750;85753203;23750;63;3;1;2;6;0;1;1;1;0;2
23751;85771308;23751;17;3;3;2;2;1;0;1;2;0;2
23752;85771308;23752;31;4;3;2;6;0;1;1;1;0;2
23753;85771308;23753;19;3;1;7;6;0;1;1;1;0;2
23754;85771308;23754;21;3;6;2;6;0;3;1;1;0;4
23755;85771308;23755;52;3;1;2;0;1;1;0;2;0;2
23756;85771423;23756;19;1;1;2;6;0;1;1;1;0;2
23757;85771423;23757;19;1;1;7;6;0;0;1;3;0;1
23758;85771423;23758;19;1;3;2;6;0;1;1;1;0;2
23759;85771508;23759;11;1;1;7;6;0;2;0;1;0;2
23760;85772403;23760;72;1;1;7;6;0;1;1;1;0;2
23761;85772405;23761;17;5;1;1;2;0;1;1;1;0;2
23762;85772405;23762;16;1;1;7;5;0;1;2;1;0;3
23763;85772405;23763;17;1;1;7;2;0;1;1;1;0;2
23764;85772501;23764;11;3;3;2;6;0;4;0;1;0;4
23765;85772501;23765;11;1;1;1;6;0;2;0;3;0;2
23766;85772501;23766;11;1;1;7;8;1;1;0;2;0;2
23767;85772501;23767;51;3;1;7;7;0;1;1;1;0;2
23768;85772501;23768;11;1;1;7;6;1;0;1;2;0;2
23769;85772501;23769;11;1;1;7;6;0;1;1;1;0;2
23770;85772501;23770;11;1;1;7;6;0;2;0;1;0;2
23771;85772501;23771;11;3;1;7;6;0;3;2;1;0;5
23772;85772501;23772;11;3;1;7;6;0;1;2;1;0;3
23773;85772501;23773;11;1;1;7;6;1;0;1;2;0;2
23774;85772501;6033;19;1;1;7;7;1;0;1;2;0;2
23775;85772501;23775;11;2;1;7;6;0;5;1;1;0;6
23776;85772501;23776;11;1;1;7;6;0;2;0;1;0;2
23777;85772501;23777;11;1;1;7;6;1;0;1;2;0;2
23778;85772501;23778;11;3;1;7;6;0;2;0;1;0;2
23779;85772501;8260;51;1;1;1;6;1;1;1;2;0;3
23780;85772501;23780;11;1;1;7;4;0;1;1;1;0;2
23781;85772501;23781;15;2;1;7;6;3;1;1;2;0;5
23782;85772501;22461;11;1;1;2;6;0;1;1;1;0;2
23783;85772501;23783;51;1;1;7;6;1;0;1;2;0;2
23784;85772501;23784;11;3;1;7;6;0;1;1;1;0;2
23785;85772501;23785;11;1;1;7;6;0;2;1;1;0;3
23786;85772501;23786;51;1;1;7;6;0;3;2;1;0;5
23787;85772501;23787;51;1;1;7;6;0;2;2;1;0;4
23788;85772501;23788;51;1;1;7;8;0;2;1;1;0;3
23789;85772501;23789;11;1;1;7;6;0;2;1;1;0;3
23790;85772501;23790;42;1;1;7;5;0;2;1;1;0;3
23791;85772501;23791;11;1;1;7;6;1;0;1;2;0;2
23792;85772501;23792;11;1;1;7;6;1;0;0;2;0;1
23793;85772501;23793;11;1;1;7;6;0;2;1;1;0;3
23794;85772501;23794;81;3;1;7;6;0;2;1;1;0;3
23795;85772501;23795;11;3;1;7;6;0;1;1;1;0;2
23796;85772501;10604;51;5;1;7;6;0;2;1;1;0;3
23797;85772501;23797;11;1;1;7;6;0;1;1;1;0;2
23798;85772501;23798;11;3;1;7;6;1;0;1;2;0;2
23799;85772501;23799;51;1;1;7;6;0;2;3;1;0;5
23800;85772501;23800;11;1;1;7;6;1;0;1;2;0;2
23801;85772501;23801;11;3;1;7;6;0;3;1;1;0;4
23802;85772501;23802;11;1;1;7;6;0;2;0;1;0;2
23803;85774401;23803;14;1;1;7;3;0;1;1;1;0;2
23804;85782103;23804;16;1;1;7;4;0;1;1;1;0;2
23805;85782103;23805;19;1;1;7;5;1;0;1;2;0;2
23806;85782103;23806;85;2;1;7;6;0;1;1;1;0;2
23807;85783201;23807;52;1;1;7;0;0;0;0;3;0;0
23808;85784225;23808;11;3;1;7;6;1;0;1;2;0;2
23809;85784225;23809;19;3;1;1;6;0;2;1;1;0;3
23810;85785203;23810;11;3;1;7;6;0;1;1;1;0;2
23811;85785203;23811;11;1;1;7;6;0;1;1;1;0;2
23812;85785203;23812;51;3;1;1;6;0;3;0;1;0;3
23813;85785203;23813;11;3;1;7;6;0;1;1;1;0;2
23814;85785203;23814;51;1;6;1;7;0;2;1;1;0;3
23815;85785203;23815;11;1;1;7;4;0;1;1;1;0;2
23816;85785203;23816;11;1;1;7;5;1;0;1;2;0;2
23817;85785203;23817;11;3;1;7;4;1;0;1;2;0;2
23818;85785203;23818;19;2;1;1;6;0;1;0;1;0;1
23819;85785203;23819;51;1;1;7;6;0;2;1;1;0;3
23820;85785203;23820;11;1;1;7;6;1;0;1;2;0;2
23821;85785203;23821;19;2;1;7;6;0;1;1;1;0;2
23822;85785203;23822;15;1;1;7;6;0;1;1;1;0;2
23823;85785203;23823;19;1;1;7;6;0;4;2;1;0;6
23824;85785203;23824;11;2;1;7;6;0;1;1;1;0;2
23825;85785203;23825;81;3;1;7;6;0;1;2;1;0;3
23826;85785203;23826;51;3;3;1;6;0;1;2;1;0;3
23827;85785203;23827;11;1;1;7;6;0;1;1;1;0;2
23828;85786406;23828;53;1;1;7;6;0;1;1;1;0;2
23829;85786406;23829;14;1;3;1;6;0;1;1;1;0;2
23830;85786503;23830;11;1;3;1;4;1;0;1;2;0;2
23831;85786503;23831;51;1;1;7;6;0;1;1;1;0;2
23832;85786503;23832;16;1;1;7;6;0;1;1;1;0;2
23833;85786503;23833;11;3;1;2;6;0;2;0;1;0;2
23834;85786503;23834;11;3;1;2;6;0;2;0;1;0;2
23835;85786503;23835;51;1;1;7;6;0;1;1;1;0;2
23836;85786503;23836;19;1;1;7;7;1;0;1;2;0;2
23837;85786503;23837;51;1;6;1;6;0;2;0;1;0;2
23838;85786503;23838;51;1;1;7;6;0;1;2;1;0;3
23839;85786503;23839;19;1;3;2;6;0;3;1;1;0;4
23840;85786503;23840;51;1;1;7;6;1;1;3;2;0;5
23841;85786503;23841;42;3;1;7;6;0;1;2;1;0;3
23842;85786503;23842;51;1;1;7;6;0;1;1;1;0;2
23843;85786503;23843;52;1;1;7;6;1;1;1;2;0;3
23844;85786503;23844;19;1;1;7;7;0;1;3;1;0;4
23845;85786503;23845;42;1;1;7;6;0;1;1;1;0;2
23846;85786503;23846;42;1;1;7;6;0;4;1;1;0;5
23847;85786503;23847;51;1;1;7;6;0;1;0;1;0;1
23848;85786503;23848;19;2;2;1;6;1;1;2;2;0;4
23849;85786503;5501;11;1;1;7;6;0;1;1;1;0;2
23850;85786503;23850;51;1;1;7;6;1;0;1;2;0;2
23851;85786503;23851;18;3;1;7;6;0;1;1;1;0;2
23852;85792501;23852;13;1;1;7;6;1;0;1;2;0;2
23853;85792501;23853;16;3;1;7;4;0;1;1;1;0;2
23854;85793402;23854;51;3;1;4;6;0;2;1;1;0;3
23855;85794203;23855;14;2;1;7;6;1;0;1;2;0;2
23856;85801107;23856;51;1;1;7;3;0;1;1;1;0;2
23857;85801502;23857;81;3;1;7;6;0;1;0;1;0;1
23858;85801502;23858;51;3;1;7;0;1;0;0;2;0;1
23859;85801502;23859;13;1;1;1;6;0;3;2;1;0;5
23860;85802404;23860;14;1;1;7;6;1;0;1;2;0;2
23861;85802404;23861;71;1;1;7;6;1;0;1;2;0;2
23862;85804204;23862;52;1;1;7;0;0;2;0;1;0;2
23863;85806103;23863;14;1;3;2;6;0;1;1;1;0;2
23864;85806103;23864;14;1;1;7;6;0;1;2;1;0;3
23865;85806103;23865;14;1;1;7;6;0;2;0;1;0;2
23866;85806402;23866;16;1;3;1;4;0;1;1;1;0;2
23867;85806402;23867;51;1;1;7;6;0;1;1;1;0;2
23868;85806402;23868;19;1;1;7;4;0;1;1;1;0;2
23869;85806402;23869;23;1;1;7;4;0;1;1;1;0;2
23870;85806402;23870;31;1;1;7;6;0;1;1;1;0;2
23871;85807207;23871;14;1;1;7;6;0;1;1;1;0;2
23872;85807305;23872;72;1;1;7;6;0;1;1;1;0;2
23873;85807306;23873;14;1;1;1;3;0;1;1;1;0;2
23874;85807306;23874;14;3;1;7;3;0;1;1;1;0;2
23875;85807501;23875;15;1;1;2;6;0;1;1;1;0;2
23876;85807501;23876;15;3;1;7;6;0;1;1;1;0;2
23877;85807501;23877;16;3;1;7;3;0;1;1;1;0;2
23878;85807501;23878;11;1;1;7;6;1;0;4;2;0;5
23879;85807501;23879;15;3;1;7;6;0;1;2;1;0;3
23880;85807501;23880;11;2;1;7;6;0;1;1;1;0;2
23881;85807501;23881;51;3;1;7;6;0;1;2;1;0;3
23882;85807501;23882;16;3;1;7;6;0;1;1;1;0;2
23883;85807501;23883;11;1;1;7;6;1;0;1;2;0;2
23884;85807501;23884;16;1;1;7;6;0;1;1;1;0;2
23885;85807501;23885;11;1;1;7;4;0;1;1;1;0;2
23886;85807501;23886;16;1;3;2;6;0;1;1;1;0;2
23887;85807501;23887;11;1;1;7;6;0;1;1;1;0;2
23888;85807501;23888;51;1;1;1;3;0;1;0;1;0;1
23889;85807501;23889;16;1;1;7;6;0;1;1;1;0;2
23890;85807501;23890;11;3;1;7;6;0;2;1;3;2;5
23891;85807501;23891;16;2;1;7;4;0;1;1;1;0;2
23892;85807501;23892;11;3;1;7;6;0;3;1;1;0;4
23893;85807501;23893;11;1;2;1;6;0;3;0;1;0;3
23894;85807502;23894;52;1;1;1;6;0;1;1;1;0;2
23895;85807502;23895;13;1;1;7;6;0;1;6;1;0;7
23896;85807502;23896;17;3;1;7;2;1;0;1;2;0;2
23897;85807502;23897;51;3;1;7;6;0;1;1;1;0;2
23898;85807502;23898;17;3;1;7;2;0;1;1;1;0;2
23899;85807502;23899;13;1;1;7;6;0;3;0;1;0;3
23900;85807502;23900;16;3;1;7;6;0;3;0;1;0;3
23901;85811105;23901;51;3;1;7;6;0;1;1;1;0;2
23902;85811105;23902;51;1;1;7;3;0;1;1;1;0;2
23903;85811105;23903;13;1;1;2;6;0;2;1;1;0;3
23904;85811105;23904;13;1;1;7;6;0;1;0;1;0;1
23905;85811105;23905;13;1;1;7;6;0;3;2;1;0;5
23906;85811105;23906;85;5;1;7;6;0;1;1;1;0;2
23907;85811105;23907;52;1;1;7;0;0;1;0;1;0;1
23908;85811105;23908;19;1;1;7;6;0;1;1;1;0;2
23909;85811203;23909;14;1;1;7;6;0;3;0;1;0;3
23910;85811403;23910;13;1;1;7;6;0;1;1;1;0;2
23911;85811403;23911;51;1;1;7;2;0;1;1;1;0;2
23912;85811405;23912;13;1;1;7;6;1;0;1;2;0;2
23913;85811405;23913;17;3;2;2;2;0;1;1;1;0;2
23914;85811405;23914;17;1;6;1;2;1;0;1;2;0;2
23915;85811505;23915;21;1;1;7;6;0;3;2;1;0;5
23916;85811505;23916;35;1;1;7;3;0;1;1;1;0;2
23917;85811505;23917;64;1;1;7;6;0;1;1;1;0;2
23918;85811509;23918;14;3;1;7;6;0;3;1;1;0;4
23919;85811509;23919;16;1;1;7;4;1;0;1;2;0;2
23920;85811509;23920;16;1;1;7;4;0;1;1;1;0;2
23921;85811509;23921;71;1;1;7;6;0;1;1;1;0;2
23922;85811509;23922;17;1;1;7;2;0;1;1;1;0;2
23923;85812203;23923;17;3;1;7;2;0;1;1;1;0;2
23924;85812203;23924;51;1;1;7;6;0;1;2;1;0;3
23925;85812203;23925;16;1;1;7;6;0;3;0;1;0;3
23926;85812203;23926;16;3;1;7;6;0;4;3;1;0;7
23927;85812203;23927;11;3;1;7;6;0;1;1;1;0;2
23928;85812203;23928;16;1;1;7;4;0;1;1;1;0;2
23929;85812203;23929;16;3;1;7;6;0;1;2;1;0;3
23930;85812203;23930;16;1;1;7;5;0;1;1;1;0;2
23931;85812203;23931;16;3;1;7;6;0;3;0;1;0;3
23932;85812203;23932;11;1;1;7;6;0;1;1;1;0;2
23933;85812203;23933;51;1;1;7;6;0;1;0;1;0;1
23934;85812203;23934;11;3;1;7;6;0;2;1;1;0;3
23935;85812203;23935;11;5;1;7;6;2;0;1;2;0;3
23936;85812203;23936;81;3;3;1;6;0;3;1;1;0;4
23937;85812203;23937;16;3;1;7;5;0;2;1;1;0;3
23938;85812203;23938;11;1;3;1;6;0;1;1;1;0;2
23939;85812203;23939;16;1;1;7;4;0;1;1;1;0;2
23940;85812203;23940;11;1;1;7;6;0;1;1;1;0;2
23941;85812203;23941;11;3;1;7;6;0;1;1;1;0;2
23942;85812203;23942;16;3;1;7;6;0;1;1;1;0;2
23943;85812203;23943;11;1;3;1;2;0;1;1;1;0;2
23944;85812203;23944;16;3;1;7;5;0;1;1;1;0;2
23945;85812401;23945;14;1;2;2;6;0;1;1;1;0;2
23946;85812401;23946;14;1;1;7;6;0;1;1;1;0;2
23947;85813205;23947;31;1;1;7;3;0;1;2;1;0;3
23948;85813205;23948;14;1;1;7;6;2;0;1;2;0;3
23949;85813205;23949;19;1;1;7;4;0;1;1;1;0;2
23950;85813205;23950;14;1;1;7;3;1;0;1;2;0;2
23951;85813205;23951;16;1;3;1;4;1;0;1;2;0;2
23952;85813205;23952;14;1;2;1;6;0;1;2;1;0;3
23953;85813205;23953;71;3;1;7;6;0;1;1;1;0;2
23954;85813206;23954;14;1;1;7;6;0;2;1;1;0;3
23955;85813206;23955;52;3;6;7;0;1;3;0;2;0;4
23956;85813206;23956;52;1;1;7;0;0;1;0;1;0;1
23957;85813303;23957;21;1;1;7;6;0;6;0;1;0;6
23958;85813303;23958;16;1;1;7;5;0;2;1;1;0;3
23959;85813303;23959;52;3;1;7;0;1;0;0;2;0;1
23960;85813303;23960;16;3;1;1;3;0;1;1;1;0;2
23961;85813303;23961;16;1;1;1;4;0;1;1;1;0;2
23962;85813501;23962;11;1;1;7;6;0;1;1;1;0;2
23963;85813501;23963;17;1;1;7;1;0;1;1;1;0;2
23964;85813501;23964;11;1;1;1;4;1;0;2;2;0;3
23965;85813501;23965;11;1;1;7;6;0;2;2;1;0;4
23966;85813501;23966;17;2;1;7;2;0;1;0;1;0;1
23967;85813501;23967;16;1;1;7;3;0;1;1;1;0;2
23968;85813501;23968;16;1;3;1;6;0;2;0;1;0;2
23969;85813501;23969;16;1;3;1;4;0;1;1;1;0;2
23970;85813501;23970;51;3;1;7;6;0;3;1;1;0;4
23971;85813501;23971;51;1;1;7;6;0;1;1;1;0;2