accident_id;lieu_id;date_id;cause_id;lum_id;intemp_id;etat_surface_id;impliq_id;nb_blesses_graves;nb_blesses_legers;nb_indemnes;gravite;nb_morts;nb_impliqués
23972;85814103;23972;19;1;1;7;5;0;1;1;1;0;2
23973;85814103;23973;12;1;1;7;2;0;1;1;1;0;2
23974;85814201;23974;16;1;1;7;4;0;1;1;1;0;2
23975;85814201;23975;16;1;1;7;4;0;1;1;1;0;2
23976;85814201;23976;17;3;1;7;1;0;1;1;1;0;2
23977;85814201;10840;11;1;1;7;4;0;1;1;1;0;2
23978;85814201;23978;16;1;1;7;6;0;1;2;1;0;3
23979;85814201;23979;16;1;1;7;6;0;1;1;1;0;2
23980;85814201;23980;51;1;1;7;6;0;1;1;1;0;2
23981;85814201;23981;16;3;3;1;6;0;1;1;1;0;2
23982;85814201;23982;11;3;1;7;6;0;1;0;1;0;1
23983;85814403;23983;64;1;1;7;4;0;2;0;1;0;2
23984;85814403;23984;41;1;3;2;6;1;0;2;2;0;3
23985;85814403;23985;64;1;1;7;6;0;1;1;1;0;2
23986;85814405;23986;11;3;1;7;6;0;2;1;1;0;3
23987;85814405;23987;15;3;3;1;6;0;3;2;1;0;5
23988;85814405;23988;17;1;1;7;2;0;1;1;1;0;2
23989;85814405;23989;11;3;1;7;2;1;0;1;2;0;2
23990;85814405;23990;41;1;1;2;6;0;1;2;1;0;3
23991;85814405;23991;18;1;1;7;6;1;0;3;2;0;4
23992;85814405;23992;17;1;1;7;4;0;1;1;1;0;2
23993;85814405;23993;16;3;1;7;4;0;1;1;1;0;2
23994;85814405;23994;17;2;1;7;2;1;0;1;2;0;2
23995;85814405;23995;16;1;1;7;6;0;1;0;1;0;1
23996;85814405;23996;16;3;1;7;4;0;1;1;1;0;2
23997;85814405;23997;11;1;3;2;2;1;0;0;2;0;1
23998;85814405;23998;11;2;1;7;4;0;1;1;1;0;2
23999;85814405;23999;17;1;3;1;2;0;1;1;1;0;2
24000;85814405;24000;35;1;1;7;6;0;1;1;1;0;2
24001;85814405;24001;11;1;1;7;6;0;1;1;1;0;2
24002;85814405;24002;17;1;1;7;4;0;1;1;1;0;2
24003;85814405;24003;16;3;1;7;5;0;1;1;1;0;2
24004;85814405;24004;17;1;1;7;2;1;0;1;2;0;2
24005;85814405;24005;11;3;1;1;6;0;2;1;1;0;3
24006;85814405;24006;17;3;1;7;2;0;1;1;1;0;2
24007;85814405;24007;51;1;1;7;6;0;1;3;1;0;4
24008;85814405;24008;11;1;1;7;6;0;1;1;1;0;2
24009;85814405;24009;53;1;1;7;6;0;2;1;1;0;3
24010;85814405;24010;11;3;1;7;2;0;0;1;3;0;1
24011;85814405;24011;16;1;1;7;6;0;1;2;1;0;3
24012;85814405;24012;16;1;1;7;6;0;1;3;1;0;4
24013;85814405;24013;71;1;1;7;9;0;1;1;1;0;2
24014;85814405;24014;16;1;1;7;4;0;1;1;1;0;2
24015;85814405;24015;11;1;1;7;4;0;1;0;1;0;1
24016;85814501;24016;18;1;1;7;4;0;1;1;1;0;2
24017;85814502;24017;16;3;1;7;4;0;1;1;1;0;2
24018;85814502;24018;71;1;1;7;6;0;1;1;1;0;2
24019;85814503;24019;14;3;1;7;6;0;1;1;1;0;2
24020;85814503;24020;14;1;1;1;6;0;1;1;1;0;2
24021;85814503;24021;14;1;3;1;4;0;1;1;1;0;2
24022;85814503;24022;17;2;1;7;2;0;1;1;1;0;2
24023;85814504;24023;21;1;3;2;4;0;1;1;1;0;2
24024;85815302;22808;74;1;1;7;6;0;1;1;1;0;2
24025;85815302;24025;19;1;1;7;6;0;1;1;1;0;2
24026;85815302;24026;19;1;3;1;6;0;2;0;1;0;2
24027;85815302;24027;19;1;1;7;4;0;1;1;1;0;2
24028;85815302;24028;51;3;3;1;0;0;1;0;1;0;1
24029;85815302;24029;51;3;3;1;0;0;1;0;1;0;1
24030;85815302;24030;51;3;1;7;0;0;1;0;1;0;1
24031;85815302;24031;19;1;1;7;6;0;1;2;1;0;3
24032;85815302;24032;19;1;1;7;6;0;2;0;1;0;2
24033;85815302;24033;17;3;1;7;2;0;1;1;1;0;2
24034;85815302;24034;19;1;1;1;4;0;1;3;1;0;4
24035;85815302;24035;19;1;1;7;6;0;1;1;1;0;2
24036;85815302;24036;17;3;3;1;2;0;1;1;1;0;2
24037;85815303;24037;16;3;1;7;6;0;1;1;1;0;2
24038;85815303;24038;51;3;1;7;0;0;2;0;1;0;2
24039;85815303;24039;14;1;1;7;3;1;0;1;2;0;2
24040;85815303;24040;51;1;1;7;6;0;1;0;1;0;1
24041;85815401;24041;19;1;1;7;6;0;2;2;1;0;4
24042;85815401;24042;19;1;1;7;5;1;0;1;2;0;2
24043;85815401;24043;19;1;1;7;5;0;1;1;1;0;2
24044;85815401;24044;72;1;1;7;6;0;1;1;1;0;2
24045;85815401;24045;19;1;1;7;4;0;1;1;1;0;2
24046;85815401;24046;19;1;1;1;6;0;1;0;1;0;1
24047;85815501;3420;51;3;1;7;6;0;1;1;1;0;2
24048;85815501;24048;11;3;1;7;6;0;3;0;1;0;3
24049;85815501;11314;17;1;1;7;2;0;1;1;1;0;2
24050;85815501;24050;11;1;1;7;4;0;1;1;1;0;2
24051;85815501;24051;17;2;1;7;2;0;1;1;1;0;2
24052;85815501;24052;75;1;1;7;6;0;1;1;1;0;2
24053;85815501;24053;51;1;3;2;6;0;1;1;1;0;2
24054;85815501;24054;11;3;2;2;2;0;1;1;1;0;2
24055;85815501;24055;16;1;1;7;5;0;1;1;1;0;2
24056;85815501;24056;11;3;1;1;6;0;1;1;1;0;2
24057;85815501;24057;11;3;1;7;6;0;2;0;1;0;2
24058;85815501;24058;51;1;1;7;6;0;1;1;1;0;2
24059;85815501;24059;51;3;1;7;6;0;2;2;1;0;4
24060;85815501;24060;11;1;1;7;6;0;1;1;1;0;2
24061;85815501;24061;11;1;1;7;6;0;1;1;1;0;2
24062;85815501;24062;11;3;3;1;6;0;1;1;1;0;2
24063;85815502;24063;17;3;3;1;4;0;1;1;1;0;2
24064;85815502;24064;18;1;1;7;6;0;2;1;1;0;3
24065;85815502;24065;14;1;1;7;6;0;1;1;1;0;2
24066;85815502;24066;16;2;1;7;4;0;1;1;1;0;2
24067;85815502;24067;16;1;1;7;4;0;1;1;1;0;2
24068;85815502;24068;72;1;1;7;4;0;2;0;1;0;2
24069;85815502;24069;13;1;1;7;6;0;1;1;1;0;2
24070;85815502;24070;21;3;1;7;4;0;1;1;1;0;2
24071;85815502;24071;13;3;1;7;6;0;1;1;1;0;2
24072;85815502;24072;13;3;3;1;6;0;1;1;1;0;2
24073;85815502;24073;12;1;1;7;9;0;1;1;1;0;2
24074;85815502;24074;52;3;3;1;0;0;2;0;1;0;2
24075;85815502;24075;11;1;1;7;9;0;1;0;1;0;1
24076;85816101;24076;16;1;1;7;6;0;1;1;1;0;2
24077;85816101;24077;13;1;1;7;6;0;2;2;1;0;4
24078;85816101;24078;16;1;1;7;6;0;2;0;1;0;2
24079;85816101;24079;13;3;1;7;6;0;3;1;1;0;4
24080;85816101;24080;13;3;1;7;4;0;1;1;1;0;2
24081;85816101;24081;13;1;1;7;6;0;1;1;1;0;2
24082;85816101;24082;51;2;2;1;7;1;0;1;2;0;2
24083;85816101;24083;16;3;1;7;6;0;1;1;1;0;2
24084;85816101;24084;35;1;1;7;4;0;1;2;1;0;3
24085;85816201;24085;14;1;1;7;6;0;1;1;1;0;2
24086;85816201;24086;74;1;1;1;6;0;1;1;1;0;2
24087;85816401;24087;19;1;1;7;6;0;1;1;1;0;2
24088;85816401;24088;19;2;3;2;6;0;3;0;1;0;3
24089;85816401;24089;51;3;1;7;0;0;2;2;1;0;4
24090;85816401;24090;21;2;3;1;6;0;1;1;1;0;2
24091;85817103;24091;14;1;1;7;5;1;0;1;2;0;2
24092;85817201;24092;16;3;1;7;3;0;1;1;1;0;2
24093;85817201;24093;16;3;1;4;4;0;1;1;1;0;2
24094;85817201;24094;19;2;2;1;4;0;1;1;1;0;2
24095;85817201;24095;16;3;2;1;3;0;2;0;1;0;2
24096;85817201;24096;16;5;1;7;6;0;1;0;1;0;1
24097;85817201;24097;16;3;2;1;3;0;1;1;1;0;2
24098;85817402;24098;19;1;1;7;6;0;1;1;1;0;2
24099;85817402;24099;19;1;1;7;6;0;2;1;1;0;3
24100;85817402;24100;19;1;1;7;6;0;4;0;1;0;4
24101;85817402;24101;41;1;1;1;6;0;1;1;1;0;2
24102;85817402;24102;13;1;3;2;6;0;1;2;1;0;3
24103;85817402;24103;13;1;2;2;6;0;1;2;1;0;3
24104;85817402;24104;19;3;1;7;6;0;1;1;1;0;2
24105;85817402;24105;13;1;1;7;6;0;3;1;1;0;4
24106;85817402;24106;13;1;1;7;6;0;4;2;1;0;6
24107;85817402;24107;13;3;1;4;6;0;5;1;1;0;6
24108;85817501;24108;18;1;1;7;6;0;1;1;1;0;2
24109;85817501;24109;11;1;1;7;6;0;1;1;1;0;2
24110;85817501;24110;16;1;1;7;5;0;1;1;1;0;2
24111;85817501;24111;11;1;1;7;2;0;1;0;1;0;1
24112;85817501;24112;11;1;1;7;6;0;1;2;1;0;3
24113;85817502;24113;11;1;1;7;6;0;1;3;1;0;4
24114;85817506;24114;15;3;1;7;6;0;2;0;1;0;2
24115;85817506;24115;11;1;1;7;6;0;2;0;1;0;2
24116;85817506;24116;11;1;1;7;6;0;1;2;1;0;3
24117;85817506;24117;11;1;1;7;6;0;2;0;1;0;2
24118;85817506;24118;51;1;1;7;3;0;0;1;3;0;1
24119;85817506;8596;11;1;1;7;6;0;1;1;1;0;2
24120;85817506;24120;11;1;1;7;6;0;1;1;1;0;2
24121;85817506;24121;32;1;1;7;6;0;1;1;1;0;2
24122;85817506;24122;11;1;1;7;6;0;2;0;1;0;2
24123;85817506;24123;11;1;1;7;4;0;1;1;1;0;2
24124;85817506;24124;11;1;1;7;6;0;2;0;1;0;2
24125;85817507;24125;19;1;1;7;6;0;2;1;1;0;3
24126;85821115;24126;31;1;2;2;6;0;1;3;1;0;4
24127;85821115;24127;23;1;1;7;4;0;1;1;1;0;2
24128;85821203;24128;85;3;1;7;6;1;0;1;2;0;2
24129;85821203;24129;14;1;2;2;6;0;1;3;1;0;4
24130;85821203;24130;23;3;1;7;4;0;1;1;1;0;2
24131;85821203;24131;14;1;1;1;6;0;1;0;1;0;1
24132;85821203;24132;16;1;3;2;6;0;3;0;1;0;3
24133;85821203;24133;61;1;1;4;6;0;1;1;1;0;2
24134;85821203;24134;16;1;1;7;4;0;1;1;1;0;2
24135;85821203;24135;16;2;2;1;6;0;1;1;1;0;2
24136;85821203;24136;16;1;1;7;4;0;1;1;1;0;2
24137;85821203;24137;16;1;1;7;6;0;1;1;1;0;2
24138;85821203;24138;17;1;1;7;2;0;2;0;1;0;2
24139;85821205;24139;32;3;1;7;6;0;1;1;1;0;2
24140;85821307;24140;17;1;1;7;2;0;1;1;1;0;2
24141;85821307;24141;17;1;1;7;1;0;1;2;1;0;3
24142;85821307;24142;16;3;1;7;4;0;1;1;1;0;2
24143;85821307;24143;14;1;1;7;6;0;1;2;1;0;3
24144;85821307;1925;16;1;1;7;3;0;1;1;1;0;2
24145;85821307;24145;17;3;1;7;2;0;1;1;1;0;2
24146;85821307;24146;17;1;1;7;1;0;2;0;1;0;2
24147;85821307;24147;71;3;3;1;6;0;1;1;1;0;2
24148;85821307;24148;71;3;1;7;6;0;1;1;1;0;2
24149;85821307;24149;17;1;3;1;2;0;2;1;1;0;3
24150;85821312;24150;51;3;1;7;4;0;1;1;1;0;2
24151;85821312;24151;14;1;1;7;4;0;1;2;1;0;3
24152;85821312;24152;17;3;3;1;2;0;1;1;1;0;2
24153;85821312;24153;17;3;1;7;2;0;1;1;1;0;2
24154;85821312;24154;17;1;1;7;2;0;1;1;1;0;2
24155;85821312;24155;17;1;1;7;2;0;1;1;1;0;2
24156;85821312;24156;14;3;1;7;4;0;1;1;1;0;2
24157;85821408;24157;14;1;3;2;6;0;2;0;1;0;2
24158;85821501;24158;74;1;1;7;6;0;1;1;1;0;2
24159;85821501;24159;31;1;1;7;4;0;1;1;1;0;2
24160;85821501;24160;11;3;1;7;6;0;6;0;1;0;6
24161;85821501;24161;11;1;1;7;6;0;2;1;1;0;3
24162;85821505;24162;19;1;3;1;6;0;1;2;1;0;3
24163;85822104;7460;99;1;1;7;4;0;1;1;1;0;2
24164;85822104;24164;17;1;1;7;2;0;1;1;1;0;2
24165;85822107;24165;19;1;1;7;6;0;1;0;1;0;1
24166;85822107;24166;19;3;1;7;6;0;1;0;1;0;1
24167;85822107;24167;17;1;1;1;1;0;1;1;1;0;2
24168;85822107;24168;19;3;1;1;6;0;1;1;1;0;2
24169;85822107;24169;19;1;1;7;6;0;1;3;1;0;4
24170;85822107;24170;19;1;1;7;6;0;1;1;1;0;2
24171;85822107;24171;17;1;1;7;2;0;1;0;1;0;1
24172;85822107;24172;81;1;1;7;4;0;1;1;1;0;2
24173;85822201;24173;14;1;3;2;6;0;1;1;1;0;2
24174;85822204;24174;17;1;1;7;1;0;1;1;1;0;2
24175;85822301;24175;17;1;1;7;2;0;1;1;1;0;2
24176;85822301;24176;21;1;1;7;6;0;1;1;1;0;2
24177;85822302;24177;52;1;1;7;6;1;0;1;2;0;2
24178;85822307;24178;14;3;1;7;6;0;1;1;1;0;2
24179;85822402;24179;17;1;1;7;2;0;1;1;1;0;2
24180;85822402;24180;16;1;1;7;6;0;2;0;1;0;2
24181;85822402;24181;14;3;1;1;6;0;1;1;1;0;2
24182;85822402;24182;16;1;1;7;3;0;1;1;1;0;2
24183;85822403;24183;72;1;1;7;7;0;1;1;1;0;2
24184;85822403;24184;71;1;1;7;6;0;1;1;1;0;2
24185;85822404;24185;71;1;1;7;6;0;1;1;1;0;2
24186;85822404;24186;16;3;1;7;4;0;1;1;1;0;2
24187;85822404;24187;16;1;1;7;3;0;1;0;1;0;1
24188;85822406;24188;17;1;3;1;2;0;1;1;1;0;2
24189;85822406;24189;14;3;1;7;6;0;1;1;1;0;2
24190;85822406;24190;41;3;3;2;6;0;3;4;1;0;7
24191;85822406;24191;32;3;1;1;6;0;1;2;1;0;3
24192;85822406;24192;11;3;1;7;6;0;1;1;1;0;2
24193;85822406;24193;51;1;1;7;6;0;1;1;1;0;2
24194;85822406;24194;11;3;1;7;6;0;1;0;1;0;1
24195;85822406;24195;81;3;1;7;6;0;2;0;1;0;2
24196;85822406;24196;11;3;1;7;6;0;1;1;1;0;2
24197;85822406;24197;17;1;1;7;2;0;1;1;1;0;2
24198;85822406;24198;16;1;1;7;4;0;1;1;1;0;2
24199;85822406;24199;11;3;1;7;6;0;3;1;1;0;4
24200;85822406;24200;71;1;1;7;4;0;1;1;1;0;2
24201;85822406;24201;11;1;2;1;6;0;1;1;1;0;2
24202;85822406;24202;11;3;1;7;6;0;1;1;1;0;2
24203;85822406;24203;17;3;3;1;2;1;0;0;2;0;1
24204;85822406;24204;11;1;1;7;6;0;1;1;1;0;2
24205;85822409;24205;51;1;4;1;6;0;1;3;1;0;4
24206;85822409;24206;17;2;1;7;2;0;1;1;1;0;2
24207;85822504;24207;21;1;1;7;6;0;1;1;1;0;2
24208;85822505;24208;35;1;1;7;3;0;1;1;1;0;2
24209;85822507;24209;14;1;1;7;6;0;2;0;1;0;2
24210;85822507;24210;19;1;1;7;6;0;1;1;1;0;2
24211;85822507;24211;19;1;1;7;6;0;1;1;1;0;2
24212;85822507;24212;19;1;1;7;6;0;2;1;1;0;3
24213;85822507;24213;19;1;3;1;6;0;1;0;1;0;1
24214;85823103;24214;16;3;1;7;3;0;1;1;1;0;2
24215;85823104;24215;72;1;1;7;6;0;1;1;1;0;2
24216;85823109;24216;13;3;3;2;6;0;2;1;1;0;3
24217;85823109;24217;13;3;1;7;6;0;1;1;1;0;2
24218;85823109;24218;13;1;1;7;6;0;2;2;1;0;4
24219;85823109;24219;13;3;1;7;6;0;1;1;1;0;2
24220;85823109;24220;13;1;1;7;5;0;1;2;1;0;3
24221;85823109;24221;13;2;1;7;3;0;1;1;1;0;2
24222;85823109;24222;51;1;3;1;4;0;1;1;1;0;2
24223;85823109;24223;71;1;1;7;6;0;1;0;1;0;1
24224;85823201;24224;19;1;1;7;4;0;1;1;1;0;2
24225;85823201;24225;19;1;1;7;6;0;1;2;1;0;3
24226;85823201;24226;19;1;1;7;6;0;1;1;1;0;2
24227;85823201;24227;19;1;1;7;6;0;2;0;1;0;2
24228;85823201;24228;71;1;1;7;6;0;1;1;1;0;2
24229;85823201;24229;19;3;1;7;6;0;2;2;1;0;4
24230;85823201;24230;19;1;1;7;6;0;2;2;1;0;4
24231;85823201;24231;19;1;1;7;6;1;2;0;2;0;3
24232;85823202;24232;63;1;1;7;6;0;1;3;1;0;4
24233;85823301;24233;19;1;1;7;6;0;1;1;1;0;2
24234;85823301;24234;19;1;1;7;6;0;1;1;1;0;2
24235;85823301;24235;19;1;1;7;6;0;1;1;1;0;2
24236;85823301;24236;19;1;1;7;6;0;5;3;1;0;8
24237;85823301;24237;19;2;1;7;6;0;1;1;1;0;2
24238;85823301;24238;19;1;1;7;6;0;1;2;1;0;3
24239;85823303;24239;18;1;1;7;5;1;1;1;2;0;3
24240;85823304;24240;14;1;1;1;6;0;1;2;1;0;3
24241;85823304;21241;14;1;3;2;6;0;1;2;1;0;3
24242;85823304;24242;14;1;1;7;6;0;1;1;1;0;2
24243;85823304;24243;19;1;1;7;3;0;1;1;1;0;2
24244;85823304;24244;19;3;1;7;4;0;1;2;1;0;3
24245;85823304;24245;19;3;3;1;3;0;1;1;1;0;2
24246;85823304;24246;81;1;1;7;0;0;3;1;1;0;4
24247;85823304;24247;64;1;1;7;6;0;1;1;1;0;2
24248;85823306;24248;17;1;1;7;1;0;1;0;1;0;1
24249;85823307;24249;71;1;1;7;6;0;1;1;1;0;2
24250;85823402;24250;18;1;1;7;3;0;1;1;1;0;2
24251;85823501;24251;35;1;1;7;4;0;1;1;1;0;2
24252;85823501;24252;71;1;1;7;6;0;1;1;1;0;2
24253;85823504;24253;14;1;1;7;6;0;1;1;1;0;2
24254;85823504;24254;81;3;1;7;6;0;1;1;1;0;2
24255;85823504;24255;17;1;1;7;2;0;1;1;1;0;2
24256;85823504;24256;21;1;3;1;3;0;1;1;1;0;2
24257;85823504;24257;11;3;1;7;4;0;1;0;1;0;1
24258;85823504;24258;17;3;3;1;1;0;1;1;1;0;2
24259;85823504;24259;11;3;1;7;6;0;1;1;1;0;2
24260;85823504;24260;11;1;1;7;2;0;1;1;1;0;2
24261;85823504;24261;17;3;3;1;2;0;1;1;1;0;2
24262;85823504;24262;51;3;3;1;4;0;1;0;1;0;1
24263;85823504;24263;51;1;1;7;6;0;1;1;1;0;2
24264;85823504;24264;11;1;1;7;6;2;1;1;2;0;4
24265;85824101;24265;35;1;1;7;4;0;1;1;1;0;2
24266;85824101;24266;19;1;1;7;4;0;1;1;1;0;2
24267;85824103;24267;17;1;1;7;2;0;1;0;1;0;1
24268;85824103;24268;19;1;1;7;4;0;1;1;1;0;2
24269;85824103;24269;19;3;3;2;6;0;1;3;1;0;4
24270;85824201;24270;13;1;1;7;6;0;1;1;1;0;2
24271;85824201;24271;13;1;1;7;3;0;1;2;1;0;3
24272;85824201;24272;13;2;1;7;5;1;0;1;3;0;2
24273;85824201;24273;13;3;1;7;6;0;1;1;1;0;2
24274;85824201;24274;13;1;3;2;3;0;1;0;1;0;1
24275;85824201;24275;13;1;1;7;4;0;1;1;1;0;2
24276;85824201;24276;13;1;3;2;4;0;1;1;1;0;2
24277;85824201;24277;13;1;1;7;6;0;1;1;1;0;2
24278;85824201;24278;21;1;1;7;3;0;1;0;1;0;1
24279;85824202;24279;19;1;1;7;6;0;1;1;1;0;2
24280;85824202;24280;19;1;1;7;6;0;1;1;1;0;2
24281;85824202;24281;19;1;1;7;6;0;1;1;1;0;2
24282;85824202;24282;71;1;1;7;6;0;1;1;1;0;2
24283;85824202;24283;19;1;1;7;6;0;1;1;1;0;2
24284;85824202;24284;19;1;1;1;6;0;1;1;1;0;2
24285;85824202;24285;19;3;1;7;6;0;1;1;1;0;2
24286;85824202;24286;19;3;1;7;6;0;1;2;1;0;3
24287;85824202;24287;19;1;1;7;6;0;1;2;1;0;3
24288;85824202;24288;19;1;1;7;6;0;2;2;1;0;4
24289;85824203;24289;19;3;3;2;6;0;1;2;1;0;3
24290;85824203;24290;19;1;1;7;6;0;4;0;1;0;4
24291;85824203;24291;19;1;1;7;4;1;0;1;2;0;2
24292;85824203;24292;19;3;1;7;6;0;1;1;1;0;2
24293;85824203;24293;18;3;3;1;6;0;1;1;1;0;2
24294;85824203;24294;41;3;3;1;6;0;1;1;1;0;2
24295;85824204;24295;51;1;3;1;6;0;1;0;1;0;1
24296;85824302;24296;11;1;1;7;4;0;1;1;1;0;2
24297;85824302;24297;11;1;1;7;6;0;1;0;1;0;1
24298;85824302;24298;11;3;1;2;6;0;1;2;1;0;3
24299;85824302;24299;18;1;1;7;5;0;1;1;1;0;2
24300;85824302;24300;14;1;1;7;6;1;0;1;2;0;2
24301;85824302;24301;41;3;1;7;6;0;1;0;1;0;1
24302;85824302;24302;11;3;3;1;6;0;1;5;3;0;6
24303;85824302;24303;18;1;1;7;3;0;1;1;1;0;2
24304;85824302;24304;11;3;3;1;6;0;1;1;1;0;2
24305;85824302;24305;11;3;1;7;3;0;1;0;1;0;1
24306;85824302;24306;11;3;1;7;6;0;3;0;1;0;3
24307;85824302;24307;11;2;1;7;6;0;1;1;1;0;2
24308;85824302;24308;11;1;3;1;6;0;3;1;1;0;4
24309;85824401;24309;72;1;3;1;6;0;1;1;1;0;2
24310;85824403;24310;16;2;1;2;4;0;1;2;1;0;3
24311;85824403;24311;14;1;1;7;6;1;0;2;2;0;3
24312;85824501;24312;14;3;1;2;6;0;1;1;1;0;2
24313;85824501;24313;14;1;1;7;4;0;1;1;1;0;2
24314;85824501;24314;21;1;1;7;4;0;2;0;1;0;2
24315;85824501;24315;21;3;1;7;6;0;1;3;1;0;4
24316;85824501;14175;17;1;1;7;2;0;1;1;1;0;2
24317;85825203;24317;31;1;1;7;6;0;1;1;1;0;2
24318;85825203;24318;64;3;1;7;4;0;1;1;1;0;2
24319;85825203;24319;64;1;1;7;6;0;1;1;1;0;2
24320;85825206;24320;74;3;4;3;6;0;2;1;1;0;3
24321;85825304;24321;41;3;1;7;6;0;1;1;1;0;2
24322;85825401;24322;19;3;1;7;6;1;0;1;2;0;2
24323;85825401;24323;19;1;3;2;6;0;3;1;1;0;4
24324;85825401;24324;19;1;3;2;6;0;1;1;1;0;2
24325;85825401;24325;17;3;1;7;2;0;1;1;1;0;2
24326;85825401;24326;19;1;1;2;6;0;2;2;1;0;4
24327;85825401;24327;19;1;1;7;6;0;2;1;1;0;3
24328;85825401;24328;19;1;1;7;6;0;1;2;1;0;3
24329;85825401;24329;19;1;1;7;6;0;1;0;1;0;1
24330;85825401;24330;63;3;1;7;4;0;1;1;1;0;2
24331;85825401;24331;19;3;1;7;6;0;1;1;1;0;2
24332;85825401;24332;19;2;2;1;6;0;2;3;1;0;5
24333;85825401;24333;19;1;1;7;3;0;1;1;1;0;2
24334;85825401;24334;19;1;1;7;6;0;1;2;1;0;3
24335;85825401;23089;51;1;1;7;4;0;1;0;1;0;1
24336;85825401;24336;19;1;1;7;3;0;1;0;1;0;1
24337;85825401;24337;19;1;1;1;6;0;1;1;1;0;2
24338;85825401;24338;19;1;3;1;3;0;1;1;1;0;2
24339;85825401;24339;19;1;1;7;6;0;1;4;1;0;5
24340;85825401;24340;19;1;1;7;6;0;3;1;1;0;4
24341;85825401;24341;52;3;1;7;2;0;1;1;1;0;2
24342;85825401;5197;17;1;1;7;2;0;1;1;1;0;2
24343;85825401;24343;19;1;1;7;6;0;1;1;1;0;2
24344;85825401;24344;19;3;1;7;4;1;0;1;2;0;2
24345;85825401;24345;19;1;3;1;6;0;2;1;1;0;3
24346;85825403;24346;14;1;1;7;6;0;1;2;1;0;3
24347;85825403;24347;14;1;1;7;4;1;1;2;2;0;4
24348;85825403;24348;14;1;1;7;3;0;1;1;1;0;2
24349;85825403;24349;19;1;1;7;6;0;1;1;1;0;2
24350;85825403;24350;19;1;1;7;6;0;1;1;1;0;2
24351;85825403;24351;19;3;1;7;6;0;1;1;1;0;2
24352;85825403;24352;71;3;1;7;5;0;1;1;1;0;2
24353;85825506;24353;16;1;1;7;6;0;2;3;1;0;5
24354;85825506;24354;11;1;1;7;6;0;2;1;1;0;3
24355;85825506;24355;71;1;1;7;6;0;1;1;1;0;2
24356;85825506;24356;16;1;1;7;3;0;1;1;1;0;2
24357;85825506;24357;16;3;1;7;8;0;1;1;1;0;2
24358;85825506;24358;51;3;1;7;6;0;1;3;1;0;4
24359;85825506;24359;11;1;1;7;6;0;1;2;1;0;3
24360;85825506;24360;11;1;3;1;6;0;1;3;1;0;4
24361;85825506;24361;11;1;1;7;6;0;1;2;1;0;3
24362;85825506;24362;51;1;1;7;0;0;1;1;1;0;2
24363;85825506;24363;16;3;3;1;6;0;1;1;1;0;2
24364;85825506;24364;23;3;3;2;6;2;2;0;2;0;4
24365;85825506;24365;11;1;1;7;6;0;1;1;1;0;2
24366;85825506;24366;16;1;1;7;5;0;1;1;1;0;2
24367;85825506;24367;41;1;1;7;6;0;2;1;1;0;3
24368;85825506;24368;17;1;1;7;2;1;0;1;2;0;2
24369;85825506;24369;16;1;3;1;6;0;3;2;1;0;5
24370;85825506;24370;11;1;1;7;6;0;1;1;1;0;2
24371;85825506;24371;11;3;3;1;6;0;2;1;1;0;3
24372;85825506;24372;11;1;1;7;6;0;2;2;1;0;4
24373;85825506;24373;16;1;1;7;4;0;1;1;1;0;2
24374;85825506;24374;18;1;1;7;4;0;1;2;1;0;3
24375;85825506;24375;14;1;1;7;6;0;1;1;1;0;2
24376;85825506;24376;11;1;1;7;6;0;1;2;1;0;3
24377;85826101;24377;11;1;6;1;6;0;1;1;1;0;2
24378;85826101;24378;51;1;1;7;7;0;0;1;0;0;1
24379;85826101;24379;51;3;1;7;6;0;2;0;1;0;2
24380;85826101;24380;26;1;1;1;3;0;1;1;1;0;2
24381;85826101;2219;16;3;1;7;4;0;1;1;1;0;2
24382;85826101;24382;17;1;1;7;4;0;1;0;1;0;1
24383;85826101;24383;17;1;1;7;4;0;1;1;1;0;2
24384;85826101;24384;11;1;1;7;6;0;1;2;1;0;3
24385;85826101;24385;51;1;1;7;6;0;1;0;1;0;1
24386;85826101;24386;41;1;1;7;6;0;1;1;1;0;2
24387;85826101;24387;11;1;1;7;4;0;1;1;1;0;2
24388;85826101;24388;82;1;1;7;6;0;1;2;1;0;3