accident_id;lieu_id;date_id;cause_id;lum_id;intemp_id;etat_surface_id;impliq_id;nb_blesses_graves;nb_blesses_legers;nb_indemnes;gravite;nb_morts;nb_impliqués
24389;85826102;24389;51;3;1;7;6;0;1;2;1;0;3
24390;85826102;24390;51;3;1;1;6;0;2;1;1;0;3
24391;85826102;24391;11;1;3;2;6;0;2;1;1;0;3
24392;85826102;24392;12;1;1;7;6;0;4;0;1;0;4
24393;85826102;24393;11;1;1;7;6;0;1;1;1;0;2
24394;85826102;24394;16;1;1;7;6;0;1;2;1;0;3
24395;85826102;24395;17;3;1;7;2;0;1;1;1;0;2
24396;85826102;24396;51;2;1;7;0;0;1;1;1;0;2
24397;85826102;24397;31;3;1;7;6;0;1;0;1;0;1
24398;85826102;24398;16;3;1;7;3;0;1;1;1;0;2
24399;85826102;24399;17;1;1;7;2;0;1;1;1;0;2
24400;85826102;24400;11;1;1;7;4;0;1;1;1;0;2
24401;85826102;7867;11;1;1;7;6;0;1;1;1;0;2
24402;85826201;24402;19;1;1;7;6;0;1;2;1;0;3
24403;85826204;24403;20;1;1;7;6;0;1;1;1;0;2
24404;85826204;24404;71;5;1;7;4;0;1;1;1;0;2
24405;85826205;24405;71;1;1;7;6;1;0;2;2;0;3
24406;85826205;24406;19;1;1;7;4;0;1;1;1;0;2
24407;85826205;24407;71;3;1;7;4;0;1;1;1;0;2
24408;85826205;24408;19;1;1;7;4;0;1;1;1;0;2
24409;85826205;24409;17;1;1;7;2;0;2;1;1;0;3
24410;85826205;24410;19;1;1;7;4;0;1;1;1;0;2
24411;85826205;24411;41;1;1;7;5;0;2;0;1;0;2
24412;85826205;24412;81;1;1;7;3;0;0;1;3;0;1
24413;85826205;24413;81;3;1;7;6;0;1;1;1;0;2
24414;85826205;24414;17;1;1;7;2;0;1;1;1;0;2
24415;85826205;24415;17;1;1;7;1;0;1;1;1;0;2
24416;85826205;24416;13;3;1;7;6;0;1;1;1;0;2
24417;85826205;24417;17;1;1;7;2;0;1;1;1;0;2
24418;85826205;24418;16;1;7;7;6;0;2;2;1;0;4
24419;85826301;24419;13;3;1;7;6;0;1;1;1;0;2
24420;85826302;24420;14;1;1;7;4;0;1;1;1;0;2
24421;85826302;24421;14;1;1;7;6;0;2;1;1;0;3
24422;85826302;24422;41;1;1;7;6;0;2;1;1;0;3
24423;85826303;24423;71;1;1;7;6;0;1;1;1;0;2
24424;85826303;12321;19;1;1;7;6;0;0;1;3;0;1
24425;85826303;24425;35;1;1;7;5;0;2;1;1;0;3
24426;85826303;24426;17;3;3;1;2;0;1;1;1;0;2
24427;85826303;24427;17;1;1;7;2;0;1;0;1;0;1
24428;85826303;24428;24;1;1;7;2;0;0;1;3;0;1
24429;85826303;24429;71;3;1;7;6;0;1;1;1;0;2
24430;85826303;24430;19;3;1;7;4;0;1;1;1;0;2
24431;85826403;2364;41;1;1;7;6;1;0;1;2;0;2
24432;85826403;24432;25;1;1;7;7;0;1;1;1;0;2
24433;85826403;24433;41;3;1;1;6;0;2;2;1;0;4
24434;85826403;24434;18;1;1;7;3;0;1;0;1;0;1
24435;85826403;24435;17;1;1;7;2;0;1;0;1;0;1
24436;85826403;24436;18;1;1;7;4;0;1;1;1;0;2
24437;85826501;24437;41;1;1;7;2;0;1;0;1;0;1
24438;85826503;24438;17;3;1;7;2;0;1;1;3;0;2
24439;85826505;24439;17;1;3;2;2;0;1;1;1;0;2
24440;85826505;24440;72;3;3;2;6;0;1;1;1;0;2
24441;85826505;24441;71;1;1;7;6;0;2;1;1;0;3
24442;85826505;24442;22;1;1;7;7;0;1;1;1;0;2
24443;85826505;24443;77;1;1;7;8;0;1;0;1;0;1
24444;85826505;24444;22;1;1;7;6;0;1;1;1;0;2
24445;85826505;24445;17;1;1;7;1;1;0;1;2;0;2
24446;85826505;24446;17;1;1;7;2;0;1;1;1;0;2
24447;85826505;24447;51;1;1;7;6;0;3;0;1;0;3
24448;85826505;24448;41;1;1;7;6;0;1;1;1;0;2
24449;85826505;24449;51;3;3;1;6;0;1;2;1;0;3
24450;85827104;24450;51;1;1;7;6;0;1;1;1;0;2
24451;85827104;24451;14;1;1;7;3;0;1;1;1;0;2
24452;85827105;24452;14;1;1;7;6;0;1;2;1;0;3
24453;85827107;24453;17;1;1;7;2;0;1;1;1;0;2
24454;85827107;24454;11;3;1;7;6;0;1;1;1;0;2
24455;85827107;24455;19;3;1;7;6;0;1;4;1;0;5
24456;85827107;24456;19;3;1;7;5;0;3;1;1;0;4
24457;85827107;24457;17;3;3;1;2;0;1;1;1;0;2
24458;85827107;24458;41;1;1;7;6;0;1;1;1;0;2
24459;85827107;24459;31;1;1;7;5;0;1;1;1;0;2
24460;85827107;24460;11;3;1;7;4;0;1;1;1;0;2
24461;85827203;24461;25;3;1;7;6;0;1;3;1;0;4
24462;85827203;515;52;3;1;7;0;0;2;0;1;0;2
24463;85827204;24463;71;1;1;7;6;0;1;1;1;0;2
24464;85827204;24464;51;1;1;7;2;0;1;1;1;0;2
24465;85827303;24465;11;3;1;7;2;0;1;1;1;0;2
24466;85827303;24466;63;1;1;7;6;0;1;2;1;0;3
24467;85827303;24467;11;1;1;7;6;0;1;1;1;0;2
24468;85827303;24468;11;1;1;7;6;0;1;1;1;0;2
24469;85827303;24469;81;1;1;7;6;0;2;1;1;0;3
24470;85827303;24470;11;1;1;7;6;0;1;1;1;0;2
24471;85827303;24471;11;3;1;7;6;0;1;1;1;0;2
24472;85827304;24472;17;1;1;7;3;0;1;1;1;0;2
24473;85827304;24473;15;3;1;7;6;0;4;0;1;0;4
24474;85827304;24474;16;3;1;7;6;0;2;1;1;0;3
24475;85827304;24475;17;1;3;2;2;0;1;1;1;0;2
24476;85827304;24476;11;3;1;7;6;0;1;1;1;0;2
24477;85827304;24477;11;1;1;7;6;0;1;2;1;0;3
24478;85827304;24478;16;1;1;7;4;0;1;1;1;0;2
24479;85827304;24479;14;3;3;2;6;0;1;0;1;0;1
24480;85827304;24480;16;1;1;7;3;0;1;1;1;0;2
24481;85827304;24481;17;3;3;2;2;0;1;1;1;0;2
24482;85827304;24482;11;1;1;7;6;0;1;2;1;0;3
24483;85827304;24483;19;1;1;7;6;0;1;1;1;0;2
24484;85827304;24484;16;1;1;7;4;0;1;1;1;0;2
24485;85827304;24485;32;1;1;7;4;0;1;1;1;0;2
24486;85827304;24486;11;1;1;7;6;0;1;1;1;0;2
24487;85827304;24487;16;1;1;7;3;0;1;1;1;0;2
24488;85827304;24488;16;1;7;7;6;0;0;1;3;0;1
24489;85827304;24489;16;1;2;1;6;0;1;1;1;0;2
24490;85827305;24490;18;3;3;2;4;0;1;1;1;0;2
24491;85827309;24491;35;1;1;7;4;0;1;1;1;0;2
24492;85827403;24492;52;3;1;7;2;1;0;1;2;0;2
24493;85827405;24493;41;1;1;7;6;0;1;1;1;0;2
24494;85827405;24494;18;1;1;7;6;0;1;4;1;0;5
24495;85827405;24495;52;3;3;1;2;0;1;3;1;0;4
24496;85827405;24496;24;3;1;7;1;0;1;1;1;0;2
24497;85827406;24497;11;1;1;7;6;0;1;1;1;0;2
24498;85827504;24498;72;1;1;7;6;0;2;1;1;0;3
24499;85827506;24499;19;1;1;7;4;0;1;1;1;0;2
24500;85827506;24500;17;1;1;7;2;0;1;1;1;0;2
24501;85831103;24501;17;1;1;7;1;0;1;1;1;0;2
24502;85831105;24502;52;3;1;7;2;0;1;1;1;0;2
24503;85831107;24503;11;1;1;7;6;0;2;0;1;0;2
24504;85831107;24504;11;1;1;7;8;0;1;1;1;0;2
24505;85831107;24505;17;1;1;7;2;0;1;1;1;0;2
24506;85831107;24506;15;3;1;7;4;0;1;1;1;0;2
24507;85831107;24507;11;3;1;7;6;0;2;0;1;0;2
24508;85831107;24508;11;1;1;7;6;0;1;1;1;0;2
24509;85831107;24509;11;1;1;7;6;0;1;1;1;0;2
24510;85831107;24510;11;3;3;1;6;0;2;1;1;0;3
24511;85831107;24511;51;1;1;7;6;0;1;1;1;0;2
24512;85831107;24512;11;2;1;7;6;0;2;1;1;0;3
24513;85831107;24513;11;1;1;7;6;0;1;1;1;0;2
24514;85831107;24514;11;1;1;7;6;0;1;1;1;0;2
24515;85831107;24515;17;1;1;7;2;0;1;1;1;0;2
24516;85831201;24516;71;1;1;7;6;0;1;2;1;0;3
24517;85831202;24517;14;3;1;5;6;0;1;2;1;0;3
24518;85831202;24518;14;1;1;7;7;0;1;1;1;0;2
24519;85831303;24519;14;3;1;1;6;0;1;1;1;0;2
24520;85831303;24520;16;1;1;7;4;0;2;0;1;0;2
24521;85831303;24521;16;1;1;7;6;0;1;1;1;0;2
24522;85831303;24522;16;1;1;7;6;0;2;0;1;0;2
24523;85831303;24523;19;1;1;7;4;0;1;1;1;0;2
24524;85831303;24524;16;1;1;7;6;0;2;0;1;0;2
24525;85831303;24525;31;1;1;7;6;0;2;6;1;0;8
24526;85831303;24526;17;1;3;1;1;0;2;0;1;0;2
24527;85831303;24527;16;3;1;7;4;0;1;1;1;0;2
24528;85831304;24528;19;1;1;7;6;0;1;1;1;0;2
24529;85831305;24529;51;1;1;7;4;1;0;1;2;0;2
24530;85831402;24530;19;1;1;7;6;0;1;0;1;0;1
24531;85831402;24531;19;1;1;7;6;0;3;2;1;0;5
24532;85831402;24532;31;1;3;1;6;0;1;1;1;0;2
24533;85831402;24533;19;1;3;1;6;0;2;0;1;0;2
24534;85831403;24534;16;3;2;2;4;0;1;1;1;0;2
24535;85831502;24535;81;1;3;2;6;0;1;1;1;0;2
24536;85831502;24536;16;2;1;1;3;0;1;1;1;0;2
24537;85831502;24537;23;1;1;7;6;0;2;0;1;0;2
24538;85831504;24538;63;2;3;1;5;0;1;1;1;0;2
24539;85832101;24539;51;1;3;2;7;1;1;1;2;0;3
24540;85832101;24540;16;1;1;7;6;0;1;1;1;0;2
24541;85832101;24541;17;1;1;7;2;0;1;1;1;0;2
24542;85832105;24542;52;3;1;2;0;0;4;0;1;0;4
24543;85832105;24543;11;1;1;7;4;0;1;0;1;0;1
24544;85832105;24544;15;1;1;1;6;0;2;2;1;0;4
24545;85832203;24545;19;3;1;7;6;0;2;0;1;0;2
24546;85832203;24546;19;1;1;7;4;0;1;1;1;0;2
24547;85832203;24547;17;3;3;1;2;0;1;1;1;0;2
24548;85832203;24548;17;1;1;7;2;0;1;1;1;0;2
24549;85832501;24549;11;1;1;7;4;0;1;1;1;0;2
24550;85832501;24550;16;3;1;7;3;0;1;1;1;0;2
24551;85832501;24551;51;3;1;7;0;0;1;1;1;0;2
24552;85832501;24552;16;1;1;7;6;0;1;1;1;0;2
24553;85832501;24553;81;1;3;1;2;0;1;1;1;0;2
24554;85833103;24554;14;1;1;7;6;0;1;1;1;0;2
24555;85833103;24555;14;1;1;7;6;0;2;0;1;0;2
24556;85833103;24556;19;3;1;1;6;0;1;0;1;0;1
24557;85833205;24557;51;3;1;7;6;0;1;3;1;0;4
24558;85833205;24558;18;1;1;7;6;0;1;1;1;0;2
24559;85833208;24559;52;1;1;7;2;0;1;1;1;0;2
24560;85833208;24560;72;2;1;7;6;0;1;1;1;0;2
24561;85833208;24561;41;1;1;7;6;0;1;1;1;0;2
24562;85833208;24562;17;1;1;7;2;0;1;1;1;0;2
24563;85833208;24563;72;1;1;7;6;0;1;3;1;0;4
24564;85833208;24564;17;1;1;7;2;0;1;1;1;0;2
24565;85833211;24565;11;1;1;7;6;0;1;1;1;0;2
24566;85833211;24566;11;1;1;7;6;1;0;2;2;0;3
24567;85833211;24567;11;1;1;7;6;0;1;3;1;0;4
24568;85833211;24568;11;1;1;7;7;0;2;1;1;0;3
24569;85833211;24569;12;1;1;7;4;0;1;1;1;0;2
24570;85833211;24570;15;3;3;1;6;0;2;0;1;0;2
24571;85833211;24571;51;1;1;7;6;0;2;2;1;0;4
24572;85833211;24572;11;1;1;7;6;0;1;1;1;0;2
24573;85833211;24573;16;1;1;7;6;0;1;1;1;0;2
24574;85833211;24574;11;3;1;7;6;0;1;2;1;0;3
24575;85833211;24575;11;1;3;2;6;0;1;2;1;0;3
24576;85833211;24576;16;1;1;7;6;0;2;0;1;0;2
24577;85833211;24577;11;1;1;7;6;1;0;1;2;0;2
24578;85833211;24578;42;1;1;7;6;0;1;3;1;0;4
24579;85833211;24579;16;1;1;7;6;0;1;2;1;0;3
24580;85833211;24580;42;1;1;7;4;0;1;1;1;0;2
24581;85833211;24581;16;3;3;1;6;0;1;2;1;0;3
24582;85833301;24582;71;1;1;7;6;0;1;1;1;0;2
24583;85833301;24583;17;3;3;2;1;0;1;1;1;0;2
24584;85833301;24584;17;3;1;1;2;0;1;1;1;0;2
24585;85833301;24585;18;1;1;7;4;0;1;1;1;0;2
24586;85833301;19672;71;3;1;7;5;0;1;1;1;0;2
24587;85833301;24587;17;1;1;7;2;0;1;1;1;0;2
24588;85833305;24588;72;1;1;7;6;0;1;0;1;0;1
24589;85833306;24589;23;1;1;7;4;0;1;1;1;0;2
24590;85833306;24590;35;1;1;7;3;0;1;1;1;0;2
24591;85833306;24591;51;1;1;7;6;0;1;1;1;0;2
24592;85833308;24592;41;1;1;7;6;0;1;3;1;0;4
24593;85833308;24593;41;1;3;2;6;0;1;1;1;0;2
24594;85833308;24594;19;1;1;7;4;0;1;1;1;0;2
24595;85833401;24595;18;1;1;7;4;0;1;1;1;0;2
24596;85833401;24596;42;1;1;7;4;0;1;0;1;0;1
24597;85833401;24597;17;1;1;7;2;1;0;1;2;0;2
24598;85834101;24598;51;3;1;7;4;0;1;0;1;0;1
24599;85834102;24599;17;1;1;7;2;1;0;1;2;0;2
24600;85834102;24600;19;1;1;1;4;0;1;1;1;0;2
24601;85834102;24601;23;1;1;7;6;0;2;1;1;0;3
24602;85834102;24602;14;1;1;7;5;0;1;1;1;0;2
24603;85834103;24603;14;1;1;7;6;0;2;2;1;0;4
24604;85834103;24604;41;1;1;7;6;0;1;0;1;0;1
24605;85834103;24605;41;3;1;7;6;0;5;1;1;0;6
24606;85834103;24606;14;1;1;7;6;0;1;0;1;0;1
24607;85834103;24607;14;1;1;7;6;0;1;0;1;0;1
24608;85834104;24608;16;1;3;2;6;0;1;2;1;0;3
24609;85834104;24609;18;1;1;7;5;0;2;0;1;0;2
24610;85834104;12573;81;1;1;7;6;0;1;3;1;0;4
24611;85834104;24611;16;3;1;7;6;0;1;1;1;0;2
24612;85834104;24612;16;1;1;7;6;0;1;3;1;0;4
24613;85834104;24613;52;3;1;7;0;0;1;1;1;0;2
24614;85834104;24614;16;3;1;7;6;0;2;0;1;0;2
24615;85834104;24615;17;1;3;7;2;0;1;1;1;0;2
24616;85834104;24616;16;1;1;7;6;0;2;1;1;0;3
24617;85834104;24617;16;1;1;7;6;0;1;1;1;0;2
24618;85834104;24618;16;1;1;7;6;0;1;2;1;0;3
24619;85834104;24619;17;3;2;1;2;0;1;1;1;0;2
24620;85834104;24620;16;3;1;7;6;0;1;2;1;0;3
24621;85834104;24621;16;1;1;7;6;0;3;0;1;0;3
24622;85834106;24622;51;1;1;7;2;0;1;2;1;0;3
24623;85834106;24623;19;1;1;7;6;0;1;0;1;0;1
24624;85834106;24624;23;2;1;2;2;1;0;2;2;0;3
24625;85834106;24625;17;3;1;7;2;1;0;1;2;0;2
24626;85834106;24626;17;1;1;7;2;0;1;1;1;0;2
24627;85834107;24627;21;3;3;2;6;0;1;1;1;0;2
24628;85834210;24628;15;1;1;7;6;0;2;0;1;0;2
24629;85834210;24629;11;1;1;7;6;0;2;4;1;0;6
24630;85834210;24630;16;1;1;7;6;0;1;1;1;0;2
24631;85834210;10667;11;1;1;7;6;0;1;1;1;0;2
24632;85834210;24632;51;1;1;7;6;0;1;1;1;0;2
24633;85834210;24633;31;1;1;7;6;0;1;1;1;0;2
24634;85834210;6671;17;1;1;7;2;0;1;1;1;0;2
24635;85834210;24635;11;1;1;7;6;0;1;2;1;0;3
24636;85834210;24636;16;3;1;1;6;0;2;1;1;0;3
24637;85834210;24637;18;2;1;7;4;0;1;0;1;0;1
24638;85834210;24638;11;2;1;7;6;0;1;1;1;0;2
24639;85834302;24639;19;1;1;7;4;0;1;0;1;0;1
24640;85834302;24640;64;1;1;7;4;0;1;2;1;0;3
24641;85834302;24641;17;3;1;7;2;0;1;1;1;0;2
24642;85834308;24642;51;1;1;7;6;0;1;3;1;0;4
24643;85834308;24643;11;1;1;1;6;1;0;1;2;0;2
24644;85834308;24644;11;1;1;7;4;0;1;1;1;0;2
24645;85834308;24645;15;1;1;7;4;0;1;1;1;0;2
24646;85834308;24646;18;1;1;7;6;0;1;1;1;0;2
24647;85834308;24647;16;1;1;7;6;0;1;2;1;0;3
24648;85834308;24648;11;1;3;2;6;0;1;1;1;0;2
24649;85834308;24649;11;1;1;2;2;0;0;2;3;0;2
24650;85834308;24650;16;1;1;7;4;0;1;1;1;0;2
24651;85834308;24651;11;1;3;1;6;0;3;0;1;0;3
24652;85834308;2184;51;3;1;1;6;0;1;0;1;0;1
24653;85834308;24653;14;3;1;7;6;0;3;3;1;0;6
24654;85834308;24654;11;1;1;7;6;0;1;1;1;0;2
24655;85834308;24655;17;1;1;7;2;0;1;1;1;0;2
24656;85834308;24656;11;1;1;7;6;0;1;1;1;0;2
24657;85834308;24657;11;1;3;1;6;0;1;1;1;0;2
24658;85834308;24658;42;1;1;7;6;1;0;1;2;0;2
24659;85834308;24659;71;1;1;7;6;0;1;1;1;0;2
24660;85834308;24660;42;1;1;7;2;0;1;1;1;0;2
24661;85834308;24661;35;1;1;7;4;0;1;1;1;0;2
24662;85834308;24662;16;1;1;7;4;0;1;1;1;0;2
24663;85834308;24663;16;3;1;7;6;0;2;2;1;0;4
24664;85834308;2245;17;1;1;1;2;0;1;1;1;0;2
24665;85834308;24665;11;1;1;7;6;0;1;1;1;0;2
24666;85834308;24666;81;3;1;1;6;1;8;0;2;0;9
24667;85834308;24667;16;1;3;1;6;0;1;2;1;0;3
24668;85834308;24668;16;2;1;7;6;0;1;1;1;0;2
24669;85834308;24669;81;3;1;7;6;0;1;3;1;0;4
24670;85834308;24670;17;1;1;7;2;0;1;1;1;0;2
24671;85834308;24671;11;1;1;7;2;1;0;2;2;0;3
24672;85834308;24672;12;2;3;1;7;0;4;0;1;0;4
24673;85834308;24673;71;3;1;7;6;0;1;1;1;0;2
24674;85834308;24674;11;3;1;1;2;0;1;1;1;0;2
24675;85834308;24675;11;3;1;7;6;0;1;1;1;0;2
24676;85834402;24676;31;3;1;7;3;0;1;0;1;0;1
24677;85834407;24677;18;1;1;7;5;0;2;0;1;0;2
24678;85834407;24678;41;3;1;7;6;0;1;1;1;0;2
24679;85834407;24679;19;1;1;7;6;0;1;2;1;0;3
24680;85834407;24680;16;1;3;1;6;0;1;2;1;0;3
24681;85834409;24681;17;1;1;7;6;0;1;1;1;0;2
24682;85834504;24682;21;1;1;7;6;0;2;1;1;0;3
24683;85834507;24683;72;1;1;7;6;0;1;1;1;0;2
24684;85835102;24684;81;3;1;7;6;0;1;1;1;0;2
24685;85835104;24685;17;1;1;7;1;0;1;1;1;0;2
24686;85835104;24686;19;3;1;7;3;0;1;0;1;0;1
24687;85835104;24687;16;1;1;7;6;0;1;3;1;0;4
24688;85835104;24688;63;1;1;7;6;0;2;1;1;0;3
24689;85835109;24689;19;1;1;1;6;0;2;1;1;0;3
24690;85835109;24690;19;3;1;7;6;0;1;1;1;0;2
24691;85835109;24691;52;1;1;7;6;0;1;1;1;0;2
24692;85835109;24692;17;1;1;4;2;0;1;1;1;0;2
24693;85835109;24693;41;2;1;7;5;0;1;1;1;0;2
24694;85835207;24694;71;3;1;7;6;0;2;1;1;0;3
24695;85835212;24695;19;1;1;7;6;0;2;0;1;0;2
24696;85835212;24696;19;1;1;7;4;0;1;1;1;0;2
24697;85835212;24697;18;1;1;7;6;0;1;2;1;0;3
24698;85835212;24698;19;3;1;7;4;0;1;1;1;0;2
24699;85835212;24699;19;1;3;1;6;0;3;2;1;0;5
24700;85835212;24700;19;1;1;7;4;0;1;1;1;0;2
24701;85835212;24701;19;3;1;7;4;0;1;1;1;0;2
24702;85835212;24702;19;1;4;3;3;0;1;1;1;0;2
24703;85835212;22374;19;1;1;7;4;0;1;1;1;0;2
24704;85835212;24704;19;1;1;7;6;0;1;0;1;0;1
24705;85835212;24705;19;1;1;7;6;0;2;2;1;0;4
24706;85835212;24706;19;1;1;7;6;0;1;2;1;0;3
24707;85835212;24707;71;3;1;7;6;0;0;1;3;0;1
24708;85835212;24708;51;1;1;7;3;0;0;1;3;0;1
24709;85835212;24709;16;1;1;7;6;0;2;1;1;0;3
24710;85835212;24710;19;1;1;7;4;0;1;2;1;0;3
24711;85835212;24711;19;3;1;1;4;1;0;2;2;0;3
24712;85835212;24712;19;1;1;7;6;0;1;3;1;0;4
24713;85835212;24713;19;1;1;7;6;0;5;1;1;0;6
24714;85835212;24714;19;1;3;2;4;0;1;1;1;0;2
24715;85835212;24715;19;1;1;7;3;0;1;1;1;0;2
24716;85835212;24716;17;3;1;7;2;0;1;0;1;0;1
24717;85835212;24717;19;2;1;7;5;0;1;1;1;0;2
24718;85835212;24718;19;1;3;2;6;0;1;1;1;0;2
24719;85835212;24719;19;3;3;2;4;0;1;0;1;0;1
24720;85835212;24720;19;1;1;7;6;0;2;1;1;0;3
24721;85835212;24721;19;1;3;2;6;0;2;4;1;0;6
24722;85835212;24722;19;1;1;7;4;0;1;1;1;0;2
24723;85835212;24723;19;1;1;7;3;0;1;1;1;0;2
24724;85835212;24724;19;1;1;7;6;0;3;2;1;0;5
24725;85835212;24725;19;3;1;1;4;0;1;1;1;0;2
24726;85835212;24726;16;1;1;7;6;0;1;0;1;0;1
24727;85835212;4642;17;1;1;7;4;0;1;1;1;0;2
24728;85835212;24728;18;1;1;7;6;0;2;1;1;0;3
24729;85835212;24729;19;1;1;1;4;0;1;2;1;0;3
24730;85835212;24730;19;2;3;1;6;0;3;1;1;0;4
24731;85835212;24731;11;1;1;7;6;0;1;1;1;0;2
24732;85835212;24732;11;1;1;7;6;0;1;1;1;0;2
24733;85835212;24733;16;1;1;7;6;0;1;1;1;0;2
24734;85835212;24734;51;1;1;7;6;0;1;1;1;0;2
24735;85835303;24735;99;3;1;7;4;0;1;1;1;0;2
24736;85835303;24736;75;1;1;7;0;0;1;2;1;0;3
24737;85835303;24737;71;1;1;7;6;0;1;1;1;0;2
24738;85835303;24738;14;1;1;7;6;0;1;1;1;0;2
24739;85835303;24739;14;1;1;7;6;0;1;2;1;0;3
24740;85835303;24740;14;1;1;7;6;0;1;0;1;0;1
24741;85835303;24741;14;2;1;7;6;0;2;0;1;0;2
24742;85835303;24742;14;1;1;7;4;1;0;1;2;0;2
24743;85835303;24743;72;1;1;7;6;0;1;1;1;0;2
24744;85835304;24744;14;3;3;2;3;0;1;2;1;0;3
24745;85835401;24745;71;1;3;2;6;0;1;1;1;0;2
24746;85835401;24746;71;1;1;7;6;0;1;1;1;0;2
24747;85835401;24747;18;1;1;7;6;0;1;1;1;0;2
24748;85835401;24748;71;1;1;7;6;0;1;1;1;0;2
24749;85835401;24749;16;1;1;7;4;1;0;1;2;0;2
24750;85835401;24750;11;1;1;7;8;0;3;3;1;0;6
24751;85835401;24751;21;3;1;7;6;0;1;3;1;0;4
24752;85835401;4276;16;1;1;7;4;0;2;1;1;0;3
24753;85835405;24753;14;1;3;2;6;0;1;1;1;0;2
24754;85835405;24754;19;3;2;2;4;0;1;1;1;0;2
24755;85835405;24755;71;1;1;7;6;1;0;1;2;0;2
24756;85835405;24756;17;1;1;7;1;0;1;1;1;0;2
24757;85835405;24757;19;3;1;7;5;0;4;0;1;0;4
24758;85835405;24758;19;1;1;7;6;0;1;1;1;0;2
24759;85835406;24759;14;1;3;2;6;0;1;4;1;0;5
24760;85835406;24760;14;1;1;1;6;0;1;1;1;0;2
24761;85835406;24761;14;3;1;7;6;0;1;1;1;0;2
24762;85835406;24762;14;1;1;7;6;0;1;1;1;0;2
24763;85835406;24763;14;1;1;7;3;0;1;1;1;0;2
24764;85835406;24764;14;1;1;7;6;0;2;0;1;0;2
24765;85835406;24765;81;3;1;7;6;0;1;2;1;0;3
24766;85835407;24766;14;1;1;7;6;0;1;1;1;0;2
24767;85835407;24767;81;1;3;2;2;0;1;1;1;0;2
24768;85835407;24768;14;3;1;7;6;0;1;1;1;0;2
24769;85835407;24769;51;3;1;7;2;0;1;1;1;0;2
24770;85835407;24770;21;1;1;7;6;0;5;0;1;0;5
24771;85835407;24771;17;1;3;1;2;0;1;1;1;0;2
24772;85835506;24772;72;1;1;7;6;0;1;1;1;0;2
24773;85835506;24773;18;1;1;7;6;0;1;1;1;0;2
24774;85835507;24774;72;1;1;7;6;0;1;1;1;0;2
24775;85836106;24775;16;1;1;7;3;0;1;1;1;0;2
24776;85836106;24776;17;1;1;7;2;0;2;0;1;0;2
24777;85836106;24777;16;2;6;1;6;0;1;1;1;0;2
24778;85836106;24778;17;1;1;7;2;1;0;1;2;0;2
24779;85836106;24779;16;1;2;2;6;0;1;1;1;0;2
24780;85836106;24780;51;1;1;7;7;0;2;1;1;0;3
24781;85836106;24781;11;1;1;7;6;0;1;1;1;0;2
24782;85836106;24782;81;1;1;7;6;0;1;3;1;0;4
24783;85836106;24783;11;1;1;7;6;0;1;1;1;0;2
24784;85836106;24784;11;1;1;7;6;1;3;0;2;0;4
24785;85836106;24785;17;3;3;1;2;0;1;1;1;0;2
24786;85836106;24786;31;1;1;7;4;0;1;1;1;0;2
24787;85836106;24787;16;1;3;1;6;0;1;1;1;0;2
24788;85836106;24788;17;1;1;7;2;0;1;1;1;0;2
24789;85836106;24789;51;1;1;7;9;0;1;0;1;0;1
24790;85836106;24790;11;1;1;7;6;0;1;1;1;0;2
24791;85836106;24791;11;1;1;7;6;0;1;1;1;0;2
24792;85836106;24792;16;1;1;7;6;1;6;0;2;0;7
24793;85836106;24793;11;2;1;7;6;0;1;1;1;0;2
24794;85836106;24794;16;3;1;7;6;0;1;2;1;0;3
24795;85836106;24795;11;3;1;7;6;0;2;2;1;0;4
24796;85836106;24796;71;1;1;7;6;0;1;2;1;0;3
24797;85836301;24797;71;1;1;7;6;0;1;1;1;0;2
24798;85836303;24798;14;1;1;7;6;0;1;3;1;0;4
24799;85836303;24799;14;1;1;1;6;0;2;1;1;0;3
24800;85836303;24800;14;1;1;7;6;0;1;1;1;0;2
24801;85836303;24801;14;3;1;7;6;0;1;0;1;0;1
24802;85836303;24802;14;1;1;7;6;0;1;1;1;0;2
24803;85836303;24803;17;1;1;7;1;1;0;1;2;0;2
24804;85836303;24804;41;3;1;7;6;0;1;1;1;0;2
24805;85836303;24805;14;1;1;7;6;0;1;2;1;0;3