accident_id;lieu_id;date_id;cause_id;lum_id;intemp_id;etat_surface_id;impliq_id;nb_blesses_graves;nb_blesses_legers;nb_indemnes;gravite;nb_morts;nb_impliqués
25224;85851406;25224;11;2;1;7;6;1;0;1;2;0;2
25225;85851406;25225;15;2;1;7;6;0;1;1;1;0;2
25226;85851406;25226;15;1;1;7;6;0;1;1;1;0;2
25227;85851406;25227;11;2;1;4;6;0;2;0;1;0;2
25228;85851406;25228;11;1;1;7;6;0;1;1;1;0;2
25229;85851406;25229;11;1;1;7;6;0;1;1;1;0;2
25230;85851406;25230;11;3;1;1;6;0;2;2;1;0;4
25231;85851406;25231;11;1;1;7;6;0;2;1;1;0;3
25232;85851406;25232;81;1;1;7;6;0;2;1;1;0;3
25233;85851406;25233;11;1;1;7;6;0;5;0;1;0;5
25234;85851406;25234;19;1;1;7;6;0;1;1;1;0;2
25235;85851406;25235;11;1;1;7;6;0;3;0;1;0;3
25236;85851406;25236;11;3;3;1;6;0;1;1;1;0;2
25237;85851406;25237;11;3;1;7;6;0;5;0;1;0;5
25238;85851406;25238;11;3;1;1;6;0;1;1;1;0;2
25239;85851406;25239;11;1;1;7;8;0;2;1;1;0;3
25240;85851406;25240;81;3;1;7;6;0;1;1;1;0;2
25241;85851406;25241;81;3;1;7;6;0;2;0;1;0;2
25242;85851406;25242;11;1;1;7;6;0;4;0;1;0;4
25243;85851406;25243;11;3;1;7;4;0;1;1;1;0;2
25244;85851406;25244;11;1;1;7;6;0;1;1;1;0;2
25245;85851406;25245;81;3;1;7;6;0;3;0;1;0;3
25246;85851406;25246;11;3;3;1;6;0;1;1;1;0;2
25247;85851406;25247;11;3;1;7;6;0;1;1;1;0;2
25248;85851406;25248;11;1;1;7;6;1;0;1;2;0;2
25249;85851406;25249;11;2;3;1;6;0;1;2;1;0;3
25250;85851406;25250;17;3;3;1;2;0;1;1;1;0;2
25251;85851406;25251;51;1;1;7;3;0;1;1;1;0;2
25252;85851406;25252;11;1;1;7;6;0;1;1;1;0;2
25253;85852106;25253;14;3;1;1;7;0;1;2;1;0;3
25254;85852106;25254;14;1;3;1;6;0;1;1;1;0;2
25255;85852106;25255;14;1;1;7;3;0;1;1;1;0;2
25256;85852106;25256;14;1;1;7;7;0;1;1;1;0;2
25257;85852106;25257;14;1;1;1;6;0;1;1;1;0;2
25258;85852106;25258;14;1;1;7;6;0;1;0;1;0;1
25259;85852106;25259;14;1;1;7;6;0;2;1;1;0;3
25260;85852106;25260;13;1;3;2;4;0;1;1;1;0;2
25261;85852106;25261;13;1;1;7;3;0;1;1;1;0;2
25262;85852106;25262;13;2;1;7;6;1;0;1;2;0;2
25263;85852106;25263;13;1;1;7;3;0;1;1;1;0;2
25264;85852201;25264;71;1;1;7;6;0;1;1;1;0;2
25265;85852402;25265;11;3;1;7;6;0;3;0;1;0;3
25266;85852402;25266;16;1;2;2;6;0;1;1;1;0;2
25267;85852402;25267;11;3;1;1;6;0;2;0;1;0;2
25268;85852402;25268;17;1;3;1;2;1;1;1;2;0;3
25269;85852402;25269;14;3;1;7;6;0;2;0;1;0;2
25270;85852402;25270;51;1;1;7;6;0;1;3;1;0;4
25271;85852402;25271;16;1;1;7;6;0;1;1;1;0;2
25272;85852402;25272;11;1;1;7;6;0;1;1;1;0;2
25273;85852402;25273;16;1;1;1;6;0;1;1;1;0;2
25274;85852402;25274;11;1;1;7;6;1;0;1;2;0;2
25275;85852402;25275;81;1;3;1;2;1;0;1;2;0;2
25276;85852402;25276;71;1;1;1;7;0;1;1;1;0;2
25277;85852402;25277;81;3;1;7;6;1;0;1;2;0;2
25278;85852402;25278;11;2;1;7;8;1;1;1;2;0;3
25279;85852402;25279;16;1;1;7;5;0;2;1;1;0;3
25280;85852402;25280;11;1;1;7;8;0;3;0;1;0;3
25281;85852402;25281;32;1;1;7;6;0;1;1;1;0;2
25282;85852403;25282;18;1;1;7;3;1;0;1;2;0;2
25283;85852403;25283;19;3;1;1;6;0;1;0;1;0;1
25284;85852403;25284;16;1;1;7;6;0;1;1;1;0;2
25285;85852403;25285;35;1;1;7;3;1;0;1;2;0;2
25286;85852403;25286;16;1;1;7;4;0;1;1;1;0;2
25287;85852403;25287;16;1;1;7;4;0;1;1;1;0;2
25288;85852403;25288;21;1;1;7;6;0;1;1;1;0;2
25289;85852403;25289;41;2;3;1;6;0;1;2;1;0;3
25290;85852407;25290;14;1;3;1;6;0;1;1;1;0;2
25291;85852407;25291;14;1;3;2;4;0;1;1;1;0;2
25292;85852410;25292;71;3;2;2;6;0;1;1;1;0;2
25293;85852410;25293;18;1;1;7;6;0;1;1;1;0;2
25294;85852503;25294;11;1;1;1;6;0;2;0;1;0;2
25295;85852503;25295;11;1;1;7;6;0;1;1;1;0;2
25296;85852503;25296;16;1;1;7;6;0;2;0;1;0;2
25297;85852503;25297;16;1;1;7;4;0;3;0;1;0;3
25298;85852503;25298;17;3;2;2;2;0;1;1;1;0;2
25299;85852503;25299;11;1;1;7;2;1;1;0;2;0;2
25300;85852503;25300;81;3;4;3;6;0;1;1;1;0;2
25301;85852503;25301;81;1;1;7;6;0;1;3;1;0;4
25302;85852503;25302;17;1;1;1;2;0;1;1;1;0;2
25303;85853202;25303;22;1;1;7;4;0;1;2;1;0;3
25304;85853202;25304;16;3;1;7;6;0;1;1;1;0;2
25305;85853202;25305;52;3;1;2;6;0;1;2;1;0;3
25306;85853202;25306;52;1;1;7;6;0;1;1;1;0;2
25307;85853202;25307;81;3;1;7;8;1;0;1;2;0;2
25308;85853202;25308;13;1;1;7;5;0;1;1;1;0;2
25309;85853202;25309;16;1;1;7;6;0;2;0;1;0;2
25310;85853303;25310;51;3;3;1;6;0;1;1;1;0;2
25311;85853303;25311;81;3;1;2;3;0;1;1;1;0;2
25312;85853303;25312;51;3;1;7;4;1;0;1;2;0;2
25313;85853303;25313;13;1;1;7;4;0;1;1;1;0;2
25314;85853404;25314;21;1;1;7;3;0;1;1;1;0;2
25315;85853404;25315;14;3;3;1;6;0;2;0;1;0;2
25316;85853404;25316;41;2;1;7;6;1;0;1;2;0;2
25317;85853404;25317;21;2;1;7;6;0;1;0;1;0;1
25318;85853405;25318;52;3;6;7;0;0;1;0;1;0;1
25319;85853405;25319;81;3;1;7;0;0;1;0;1;0;1
25320;85853405;25320;71;1;1;7;6;0;1;1;1;0;2
25321;85853406;25321;16;3;1;7;6;0;3;1;1;0;4
25322;85853406;25322;11;1;1;7;6;1;0;1;2;0;2
25323;85853406;25323;11;1;1;7;6;0;1;1;1;0;2
25324;85853406;25324;11;3;1;1;6;1;0;1;2;0;2
25325;85853406;25325;16;3;1;7;3;0;1;1;1;0;2
25326;85853406;25326;11;1;1;7;6;0;1;1;1;0;2
25327;85853406;25327;11;3;1;1;6;0;1;2;1;0;3
25328;85853406;25328;16;3;1;1;6;0;1;2;1;0;3
25329;85853406;25329;16;3;3;1;6;0;2;0;1;0;2
25330;85853406;25330;16;1;1;7;4;0;1;1;1;0;2
25331;85853406;25331;81;1;1;7;6;1;0;1;2;0;2
25332;85853406;25332;11;1;2;1;5;0;2;0;1;0;2
25333;85853406;25333;16;1;1;7;5;1;0;1;2;0;2
25334;85853406;25334;11;3;3;1;6;1;0;1;2;0;2
25335;85854104;25335;71;1;1;7;6;1;0;1;2;0;2
25336;85854106;7580;51;1;1;7;4;0;1;1;1;0;2
25337;85854106;25337;52;4;1;7;0;0;1;0;1;0;1
25338;85854106;25338;51;1;3;2;3;0;1;1;1;0;2
25339;85854106;25339;11;2;1;7;3;0;1;1;1;0;2
25340;85854106;25340;11;1;1;7;6;0;2;1;1;0;3
25341;85854106;25341;11;1;1;7;6;1;0;1;2;0;2
25342;85854106;2973;16;1;1;2;6;0;1;1;1;0;2
25343;85854106;25343;16;1;3;2;4;0;1;1;1;0;2
25344;85854106;25344;11;1;1;7;5;0;1;1;1;0;2
25345;85854106;25345;71;2;1;7;6;0;1;1;1;0;2
25346;85854106;25346;11;1;1;1;6;0;1;1;1;0;2
25347;85854106;25347;11;3;1;7;6;0;1;0;1;0;1
25348;85854106;25348;51;1;3;1;6;0;3;0;1;0;3
25349;85854106;25349;81;1;1;7;6;0;2;0;1;0;2
25350;85854106;25350;51;1;3;1;6;1;0;1;2;0;2
25351;85854106;25351;17;1;1;7;2;0;1;1;1;0;2
25352;85854201;25352;14;1;1;7;7;0;1;1;1;0;2
25353;85854201;25353;14;1;1;7;4;0;2;0;1;0;2
25354;85854201;25354;71;1;1;7;6;0;1;1;1;0;2
25355;85854201;25355;14;1;1;7;4;1;0;1;2;0;2
25356;85854302;25356;14;1;5;1;7;0;1;1;1;0;2
25357;85854302;25357;52;1;1;7;0;0;1;0;1;0;1
25358;85854401;6554;81;3;3;1;6;2;0;0;2;0;2
25359;85854401;25359;41;1;1;7;4;0;1;1;1;0;2
25360;85854401;25360;17;3;1;7;2;0;1;1;1;0;2
25361;85854401;25361;81;3;1;7;7;0;1;1;1;0;2
25362;85854401;25362;19;3;1;4;3;0;1;1;1;0;2
25363;85854401;25363;19;1;1;7;4;0;1;1;1;0;2
25364;85854401;25364;17;1;1;7;2;0;1;1;1;0;2
25365;85854401;25365;19;1;1;2;3;0;1;1;1;0;2
25366;85854401;25366;19;3;1;1;3;0;1;1;1;0;2
25367;85854401;25367;19;1;3;2;6;0;1;1;1;0;2
25368;85854401;21915;19;3;3;1;6;0;2;0;1;0;2
25369;85854401;25369;19;1;1;7;6;1;0;1;2;0;2
25370;85854401;25370;19;1;3;1;3;0;1;1;1;0;2
25371;85854401;25371;19;1;1;7;3;0;1;1;1;0;2
25372;85854402;25372;51;1;7;7;4;0;1;1;1;0;2
25373;85854402;25373;19;1;1;5;4;0;1;1;1;0;2
25374;85854402;25374;52;1;3;1;6;0;1;1;1;0;2
25375;85854501;25375;72;1;2;2;6;0;1;1;1;0;2
25376;85854501;25376;14;1;3;1;6;0;1;1;1;0;2
25377;85854502;25377;16;1;1;7;6;0;1;1;1;0;2
25378;85854502;25378;11;1;3;2;3;0;1;1;1;0;2
25379;85854502;25379;17;1;3;2;2;0;1;1;1;0;2
25380;85854502;25380;16;1;1;7;6;0;4;2;1;0;6
25381;85854502;25381;11;1;1;7;4;0;1;1;1;0;2
25382;85854502;25382;17;1;1;7;2;0;1;1;1;0;2
25383;85855202;25383;14;1;1;7;6;0;1;1;1;0;2
25384;85855302;25384;14;1;1;7;6;0;1;1;1;0;2
25385;85855305;25385;14;1;3;1;6;0;1;1;1;0;2
25386;85855503;25386;14;3;3;2;3;0;1;1;1;0;2
25387;85855503;25387;51;1;1;7;4;0;1;1;1;0;2
25388;85855503;6028;52;3;1;1;0;0;1;0;1;0;1
25389;85855503;25389;17;1;1;7;2;0;1;1;1;0;2
25390;85855503;25390;17;1;3;4;2;0;1;1;1;0;2
25391;85855503;25391;13;1;3;2;3;0;1;1;1;0;2
25392;85855503;25392;52;3;2;4;6;0;1;1;1;0;2
25393;85855503;25393;52;1;3;1;6;0;1;1;1;0;2
25394;85855503;25394;13;3;1;7;4;0;1;1;1;0;2
25395;85855503;25395;21;1;3;1;6;0;1;1;1;0;2
25396;85855503;25396;14;1;1;7;3;0;1;1;1;0;2
25397;85855503;25397;13;1;1;7;6;0;1;1;1;0;2
25398;85855503;25398;51;1;1;7;3;0;1;1;1;0;2
25399;85855503;25399;14;1;2;1;6;0;1;1;1;0;2
25400;85855503;25400;14;3;6;1;3;0;1;1;1;0;2
25401;85855503;25401;17;2;3;1;2;0;1;1;1;0;2
25402;85855503;25402;14;1;1;7;6;0;1;1;1;0;2
25403;85855504;25403;52;1;3;1;0;0;1;0;1;0;1
25404;85856116;25404;18;1;1;7;6;0;1;1;1;0;2
25405;85856209;25405;16;5;1;7;4;0;1;1;1;0;2
25406;85856303;25406;13;1;1;7;4;0;1;1;1;0;2
25407;85856303;25407;13;1;1;7;6;0;2;0;1;0;2
25408;85856303;25408;52;1;1;7;0;0;1;0;1;0;1
25409;85856303;25409;13;1;1;7;3;0;1;1;1;0;2
25410;85856303;25410;85;3;1;7;6;0;1;1;1;0;2
25411;85856303;25411;16;1;1;7;4;1;0;0;2;0;1
25412;85856303;25412;16;1;1;7;4;0;1;2;1;0;3
25413;85856306;25413;16;3;6;2;6;0;1;1;1;0;2
25414;85856306;25414;16;3;1;7;4;1;0;1;2;0;2
25415;85856306;3638;21;1;1;7;6;0;1;1;1;0;2
25416;85856306;16912;16;1;3;1;7;1;1;1;2;0;3
25417;85856306;25417;52;1;3;1;6;1;1;1;2;0;3
25418;85856306;25418;16;1;1;1;6;0;3;0;1;0;3
25419;85856306;25419;16;3;3;1;6;0;1;2;1;0;3
25420;85856306;25420;16;3;1;7;6;0;2;0;1;0;2
25421;85856306;25421;14;1;3;1;6;1;0;0;2;0;1
25422;85856405;25422;52;3;1;2;0;1;0;0;2;0;1
25423;85857103;25423;72;1;1;7;6;0;1;1;1;0;2
25424;85857103;25424;13;1;1;7;4;0;1;1;1;0;2
25425;85857104;25425;72;1;1;7;4;0;1;1;1;0;2
25426;85857106;25426;14;3;4;3;4;0;1;1;1;0;2
25427;85857106;25427;81;3;1;7;5;1;4;0;2;0;5
25428;85857106;25428;51;1;1;7;6;0;1;1;1;0;2
25429;85857106;25429;16;1;1;7;6;0;1;0;1;0;1
25430;85857106;25430;16;1;1;7;5;0;2;1;1;0;3
25431;85857106;25431;16;1;1;7;6;0;1;2;1;0;3
25432;85857106;25432;16;5;1;1;6;0;3;2;1;0;5
25433;85857106;25433;17;2;1;7;2;1;0;0;2;0;1
25434;85857109;25434;17;1;3;1;2;0;1;1;1;0;2
25435;85857202;25435;14;1;1;2;6;0;1;1;1;0;2
25436;85857303;25436;14;1;1;1;5;0;1;1;1;0;2
25437;85857303;25437;85;3;1;7;6;0;1;1;1;0;2
25438;85857311;25438;81;2;3;1;6;0;2;1;1;0;3
25439;85857402;25439;14;1;1;7;6;0;1;1;1;0;2
25440;85857503;25440;16;1;1;7;6;0;2;0;1;0;2
25441;85857503;25441;22;1;1;7;2;0;2;0;1;0;2
25442;85857503;25442;17;3;2;2;2;0;1;1;1;0;2
25443;85857503;25443;51;1;1;7;7;0;1;1;1;0;2
25444;85857503;25444;16;3;1;7;4;0;1;1;1;0;2
25445;85857503;25445;16;3;3;1;4;0;1;1;1;0;2
25446;85857503;25446;51;1;1;7;6;0;1;2;1;0;3
25447;85861101;25447;22;1;1;7;3;0;1;1;1;0;2
25448;85861101;25448;71;1;1;7;6;1;0;1;2;0;2
25449;85861102;25449;71;1;1;7;8;0;1;1;1;0;2
25450;85861102;25450;11;1;1;7;6;0;1;1;1;0;2
25451;85861102;25451;18;1;1;7;5;0;1;1;1;0;2
25452;85861102;25452;11;1;1;7;6;0;1;1;1;0;2
25453;85861102;25453;11;1;1;7;6;0;2;1;1;0;3
25454;85861102;25454;11;1;3;1;6;1;0;1;2;0;2
25455;85861104;25455;14;3;1;7;6;0;1;1;1;0;2
25456;85861104;25456;71;1;1;7;6;0;1;1;1;0;2
25457;85861104;25457;71;1;1;7;6;0;1;1;1;0;2
25458;85861107;25458;18;1;1;7;3;0;1;1;1;0;2
25459;85861107;25459;51;3;1;7;6;0;1;1;1;0;2
25460;85861107;25460;32;3;1;7;5;0;2;0;1;0;2
25461;85861107;25461;71;1;1;7;6;0;1;1;1;0;2
25462;85861107;25462;64;1;3;2;4;0;1;1;1;0;2
25463;85861107;25463;41;1;1;7;6;0;2;0;1;0;2
25464;85861107;25464;64;3;2;1;4;0;1;1;1;0;2
25465;85861107;25465;24;1;1;7;2;0;1;1;1;0;2
25466;85861107;25466;17;2;3;1;2;0;1;1;1;0;2
25467;85861107;25467;64;3;1;7;3;0;1;1;1;0;2
25468;85861204;25468;11;1;1;1;8;0;1;1;1;0;2
25469;85861204;25469;71;1;1;7;8;0;1;1;1;0;2
25470;85861204;25470;11;3;1;7;6;1;0;1;2;0;2
25471;85861205;25471;11;1;1;7;8;0;1;1;1;0;2
25472;85861205;25472;11;1;1;7;8;0;2;1;1;0;3
25473;85861205;25473;71;1;1;7;6;0;1;1;1;0;2
25474;85861205;25474;18;1;1;7;4;0;1;1;1;0;2
25475;85861205;25475;11;1;1;7;2;0;1;1;1;0;2
25476;85861205;25476;11;1;1;7;8;0;1;1;1;0;2
25477;85861205;25477;12;1;1;7;5;0;1;1;1;0;2
25478;85861205;25478;11;1;2;1;4;0;1;1;1;0;2
25479;85861211;25479;51;1;1;7;4;0;1;1;1;0;2
25480;85861211;25480;17;1;1;7;2;0;1;1;1;0;2
25481;85861211;2221;17;1;1;1;2;0;1;1;1;0;2
25482;85861211;25482;17;1;3;2;2;0;1;1;1;0;2
25483;85861211;25483;36;1;1;7;3;0;1;1;1;0;2
25484;85861211;25484;14;3;3;1;6;0;1;0;1;0;1
25485;85861211;25485;71;1;1;7;4;0;1;1;1;0;2
25486;85861211;25486;51;1;1;7;6;0;1;1;1;0;2
25487;85861211;25487;11;1;1;7;6;0;1;1;1;0;2
25488;85861211;25488;71;1;1;7;6;1;0;1;2;0;2
25489;85861217;25489;24;1;1;7;2;0;1;1;1;0;2
25490;85861301;25490;11;1;1;7;6;0;1;1;1;0;2
25491;85861301;25491;11;3;1;7;6;1;0;1;2;0;2
25492;85861301;25492;11;1;1;7;2;0;1;1;1;0;2
25493;85861302;25493;71;2;2;2;6;0;1;1;1;0;2
25494;85861302;25494;71;1;1;7;4;1;1;0;2;0;2
25495;85861302;25495;13;1;1;7;4;0;1;1;1;0;2
25496;85861302;23252;51;1;1;7;6;0;1;1;1;0;2
25497;85861302;25497;35;1;1;7;3;0;1;1;1;0;2
25498;85861302;25498;16;3;1;1;5;0;1;1;1;0;2
25499;85861302;25499;81;3;3;1;6;2;3;0;2;0;5
25500;85861302;25500;17;1;2;1;2;1;0;1;2;0;2
25501;85861304;25501;31;1;1;7;6;0;1;1;1;0;2
25502;85861304;25502;35;1;1;7;3;0;1;1;1;0;2
25503;85861304;25503;13;1;1;7;6;0;1;1;1;0;2
25504;85861304;25504;17;1;1;7;2;0;1;1;1;0;2
25505;85861304;25505;52;3;1;7;0;0;1;0;1;0;1
25506;85861401;25506;41;1;2;2;6;0;1;1;1;0;2
25507;85861401;25507;41;1;3;1;6;0;1;1;1;0;2
25508;85861401;25508;19;1;1;7;6;0;1;1;1;0;2
25509;85861401;9987;64;1;1;7;6;0;1;1;1;0;2
25510;85861401;25510;19;1;1;7;6;0;1;1;1;0;2
25511;85861502;25511;52;3;3;1;0;0;1;0;1;0;1
25512;85861502;25512;72;2;1;7;6;0;1;1;1;0;2
25513;85861502;25513;15;1;1;7;4;0;1;1;1;0;2
25514;85861502;25514;11;2;1;7;3;0;1;1;1;0;2
25515;85861502;25515;17;3;7;1;2;1;0;1;2;0;2
25516;85861502;25516;81;3;1;7;6;0;2;1;1;0;3
25517;85861502;25517;11;3;1;7;4;0;1;1;1;0;2
25518;85861503;25518;17;1;1;7;2;0;1;1;1;0;2
25519;85861503;25519;51;1;3;1;6;0;1;1;1;0;2
25520;85861505;25520;52;1;1;7;6;0;1;1;1;0;2
25521;85861505;25521;17;1;1;7;2;0;1;2;1;0;3
25522;85862101;25522;81;3;1;7;6;0;3;0;1;0;3
25523;85862101;25523;71;1;1;1;6;1;0;1;2;0;2
25524;85862101;25524;16;1;1;7;6;0;1;1;1;0;2
25525;85862101;25525;14;2;1;7;6;0;1;1;1;0;2
25526;85862101;25526;16;1;3;1;6;0;1;1;1;0;2
25527;85862101;25527;14;1;1;7;6;0;1;1;1;0;2
25528;85862101;25528;11;1;1;7;6;0;2;0;1;0;2
25529;85862101;25529;16;1;1;1;6;0;1;1;1;0;2
25530;85862101;25530;19;1;1;7;6;0;2;1;1;0;3
25531;85862101;25531;11;3;3;1;6;0;3;0;1;0;3
25532;85862101;25532;71;1;1;2;6;0;2;1;1;0;3
25533;85862101;13316;11;1;1;7;6;1;0;1;2;0;2
25534;85862101;25534;11;1;7;1;6;0;1;1;1;0;2
25535;85862101;25535;11;1;1;7;6;0;1;1;1;0;2
25536;85862101;25536;11;1;1;7;6;0;2;0;1;0;2
25537;85862101;25537;11;1;1;7;6;0;1;1;1;0;2
25538;85862101;25538;15;1;1;7;6;0;1;2;1;0;3
25539;85862101;25539;11;3;1;7;6;0;3;0;1;0;3
25540;85862101;25540;11;1;1;7;6;0;1;1;1;0;2
25541;85862101;25541;17;1;1;7;2;0;2;0;1;0;2
25542;85862101;25542;81;3;1;7;6;0;1;1;1;0;2
25543;85862101;18445;11;3;1;7;6;0;2;0;1;0;2
25544;85862101;25544;19;1;1;7;6;0;4;2;1;0;6
25545;85862101;25545;15;3;3;1;6;0;1;0;1;0;1
25546;85862103;25546;52;3;1;1;0;0;1;0;1;0;1
25547;85862201;25547;71;1;1;7;4;0;1;1;1;0;2
25548;85862201;25548;71;1;3;1;6;0;1;1;1;0;2
25549;85862201;25549;17;1;1;7;2;0;1;1;1;0;2
25550;85862203;25550;51;1;1;7;3;0;1;0;1;0;1
25551;85862203;25551;21;3;3;5;5;0;1;1;1;0;2
25552;85862204;25552;21;1;1;1;6;0;1;1;1;0;2
25553;85862204;25553;16;1;1;7;4;0;1;1;1;0;2
25554;85862301;25554;11;1;1;7;6;1;0;1;2;0;2
25555;85862301;25555;11;1;3;1;3;0;2;0;1;0;2
25556;85862301;25556;11;3;3;1;6;0;1;0;1;0;1
25557;85862306;25557;13;1;1;7;6;0;1;1;1;0;2
25558;85862306;25558;13;1;1;7;6;0;1;0;1;0;1
25559;85862306;25559;13;1;1;7;6;0;1;1;1;0;2
25560;85862306;25560;51;2;3;2;6;0;1;2;1;0;3
25561;85862306;25561;13;1;1;7;5;0;1;1;1;0;2
25562;85862306;25562;16;1;1;7;4;0;1;1;1;0;2
25563;85862320;25563;71;1;1;7;6;0;1;1;1;0;2
25564;85862403;25564;14;1;3;1;6;0;1;1;1;0;2
25565;85862406;25565;32;1;1;7;6;0;1;1;1;0;2
25566;85862406;25566;41;3;3;1;6;0;1;1;1;0;2
25567;85862406;25567;11;1;3;1;6;0;1;1;1;0;2
25568;85862407;25568;11;1;1;7;6;0;1;1;1;0;2
25569;85862407;25569;81;1;1;7;0;0;1;0;1;0;1
25570;85862407;25570;11;1;1;1;6;0;2;0;1;0;2
25571;85862503;25571;71;1;1;7;5;0;2;0;1;0;2
25572;85863101;25572;20;1;1;7;6;0;1;1;1;0;2
25573;85863105;25573;11;1;1;1;6;0;1;1;1;0;2
25574;85863202;25574;11;1;1;7;6;0;3;1;1;0;4
25575;85863202;25575;11;1;1;7;6;0;1;1;1;0;2
25576;85863202;25576;11;1;1;7;6;0;1;1;1;0;2
25577;85863202;25577;11;1;1;7;6;0;1;1;1;0;2
25578;85863202;25578;51;1;1;7;6;0;1;1;1;0;2
25579;85863210;25579;72;1;1;7;6;0;1;1;1;0;2
25580;85863303;25580;51;3;3;1;6;1;0;1;2;0;2
25581;85863303;25581;51;3;1;7;6;0;1;0;1;0;1
25582;85863401;25582;11;3;2;1;6;0;1;2;1;0;3
25583;85863401;25583;11;1;3;2;6;1;0;1;2;0;2
25584;85863401;25584;11;1;1;7;6;0;3;0;1;0;3
25585;85863401;25585;51;1;1;7;3;0;1;1;1;0;2
25586;85863401;25586;11;1;1;1;6;0;1;1;1;0;2
25587;85863401;25587;11;1;3;1;6;0;1;1;1;0;2
25588;85863401;25588;11;1;1;7;6;0;1;2;1;0;3
25589;85863401;25589;81;3;1;7;6;0;2;0;1;0;2
25590;85863401;25590;23;1;1;7;4;0;1;1;1;0;2
25591;85863401;25591;11;3;1;7;6;0;1;1;1;0;2
25592;85863401;25592;17;3;3;1;2;0;1;1;1;0;2
25593;85863401;25593;11;3;1;1;4;0;2;1;1;0;3
25594;85863401;25594;31;2;1;7;4;0;1;1;1;0;2
25595;85863401;25595;17;1;3;1;2;0;1;1;1;0;2
25596;85863402;25596;81;3;1;7;6;0;1;1;1;0;2
25597;85863402;25597;13;3;1;1;5;1;0;1;2;0;2
25598;85863402;25598;71;2;1;7;5;0;2;0;1;0;2
25599;85863402;25599;17;1;1;7;1;0;1;0;1;0;1
25600;85863402;25600;41;3;4;3;6;0;2;1;1;0;3
25601;85863402;25601;41;3;1;4;6;0;1;0;1;0;1
25602;85863402;25602;13;1;1;2;4;0;1;1;1;0;2
25603;85863402;25603;16;1;1;7;5;0;1;1;1;0;2
25604;85863402;25604;41;1;3;1;6;0;3;0;1;0;3
25605;85863402;25605;16;3;1;7;4;0;1;1;1;0;2
25606;85863402;25606;16;1;1;7;6;0;1;1;1;0;2
25607;85863402;25607;16;1;1;7;4;0;1;1;1;0;2
25608;85863402;25608;13;1;3;1;6;0;1;1;1;0;2
25609;85863402;25609;17;1;1;7;1;0;1;1;1;0;2
25610;85863402;25610;41;1;1;7;6;0;1;1;1;0;2
25611;85863502;25611;14;1;1;7;6;0;1;1;1;0;2
25612;85863502;25612;14;2;3;2;3;0;1;1;1;0;2
25613;85863502;25613;14;1;1;7;6;0;3;1;1;0;4
25614;85863502;25614;14;1;1;7;6;0;1;1;1;0;2
25615;85863502;25615;14;1;1;1;6;0;1;1;1;0;2
25616;85863502;25616;19;1;1;7;6;0;1;1;1;0;2
25617;85863502;25617;19;1;1;7;6;1;2;0;2;0;3
25618;85863502;25618;19;1;1;7;5;0;1;1;1;0;2
25619;85863502;25619;19;1;1;7;3;0;1;1;1;0;2
25620;85863502;25620;19;3;1;7;6;0;1;0;1;0;1
25621;85863502;25621;19;3;1;7;4;0;1;1;1;0;2
25622;85864102;25622;11;1;1;7;6;1;0;1;2;0;2
25623;85864102;25623;19;1;2;1;6;0;1;1;1;0;2
25624;85864102;25624;81;3;1;7;6;0;3;0;1;0;3
25625;85864102;25625;11;3;2;1;6;0;1;1;1;0;2
25626;85864102;25626;11;1;1;7;6;0;4;1;1;0;5
25627;85864102;25627;11;1;1;7;6;0;1;1;1;0;2
25628;85864102;25628;11;1;3;1;6;0;5;0;1;0;5
25629;85864201;25629;81;1;1;7;6;0;1;1;1;0;2
25630;85864201;25630;52;3;1;7;0;0;2;0;1;0;2
25631;85864201;25631;24;1;1;7;3;0;1;1;1;0;2
25632;85864201;25632;19;1;1;7;6;0;1;1;1;0;2
25633;85864201;25633;19;1;2;1;6;1;0;1;2;0;2
25634;85864204;25634;19;3;1;7;4;0;1;1;1;0;2
25635;85864204;19399;19;1;1;7;4;0;1;1;1;0;2
25636;85864204;25636;72;1;1;7;6;0;1;1;1;0;2
25637;85864204;25637;19;1;2;2;6;0;1;2;1;0;3
25638;85864204;25638;71;3;1;2;5;0;1;1;1;0;2
25639;85864204;25639;19;1;1;7;6;0;5;0;1;0;5
25640;85864204;25640;19;3;2;1;6;0;1;1;1;0;2