accident_id;lieu_id;date_id;cause_id;lum_id;intemp_id;etat_surface_id;impliq_id;nb_blesses_graves;nb_blesses_legers;nb_indemnes;gravite;nb_morts;nb_impliqués
25641;85864204;25641;81;1;3;1;6;0;2;0;1;0;2
25642;85864204;25642;19;3;1;7;6;0;2;0;1;0;2
25643;85864401;25643;14;1;1;7;6;0;2;1;1;0;3
25644;85864401;25644;14;1;1;7;6;0;1;1;1;0;2
25645;85864401;25645;14;1;1;1;6;0;1;1;1;0;2
25646;85864401;25646;14;3;1;7;6;0;3;0;1;0;3
25647;85864401;25647;81;3;1;7;6;0;1;1;1;0;2
25648;85864401;25648;14;1;3;1;6;0;3;0;1;0;3
25649;85864401;25649;14;1;1;7;4;0;1;1;1;0;2
25650;85864401;25650;13;1;1;7;6;1;0;1;2;0;2
25651;85864401;25651;71;1;1;7;6;1;0;1;2;0;2
25652;85864401;25652;14;1;1;7;4;0;1;1;1;0;2
25653;85864401;25653;16;3;1;1;3;0;2;1;1;0;3
25654;85864401;25654;14;1;1;7;6;0;1;1;1;0;2
25655;85864401;25655;14;3;1;7;6;0;1;1;1;0;2
25656;85864401;25656;14;1;1;7;6;0;1;0;1;0;1
25657;85864403;25657;41;1;1;7;6;0;1;1;1;0;2
25658;85864403;25658;14;3;4;2;6;1;0;1;2;0;2
25659;85864403;25659;14;1;1;7;6;0;1;1;1;0;2
25660;85864503;25660;13;2;3;2;4;0;1;1;1;0;2
25661;85864503;25661;19;1;1;7;6;0;1;1;1;0;2
25662;85864503;25662;13;1;1;7;4;0;2;1;1;0;3
25663;85864503;25663;17;1;1;7;2;0;1;1;1;0;2
25664;85864503;25664;19;1;3;1;3;0;1;1;1;0;2
25665;85864503;25665;19;1;1;7;4;0;1;1;1;0;2
25666;85864504;25666;13;3;3;1;6;0;2;0;1;0;2
25667;85864504;25667;81;2;1;7;4;1;0;1;2;0;2
25668;85864504;25668;13;1;1;7;4;1;0;2;2;0;3
25669;85864504;25669;63;1;1;7;4;0;1;1;1;0;2
25670;85864504;25670;13;1;1;7;4;0;1;1;1;0;2
25671;85864504;25671;13;2;1;1;6;0;1;3;1;0;4
25672;85864504;25672;16;1;1;7;6;0;1;2;1;0;3
25673;85864504;25673;23;3;3;1;6;0;1;1;1;0;2
25674;85864504;25674;18;3;1;7;5;0;1;1;1;0;2
25675;85865102;25675;16;1;1;7;4;0;1;1;1;0;2
25676;85865102;25676;11;1;3;2;6;1;0;1;2;0;2
25677;85865102;19544;11;1;1;7;6;0;0;1;3;0;1
25678;85865102;25678;11;1;1;7;6;0;2;1;1;0;3
25679;85865103;25679;72;1;6;1;6;1;0;1;2;0;2
25680;85865103;25680;51;1;1;7;6;0;1;1;1;0;2
25681;85865103;25681;72;1;1;7;6;0;1;1;1;0;2
25682;85865103;25682;71;1;1;7;6;1;0;1;2;0;2
25683;85865205;25683;71;1;1;7;4;0;2;0;1;0;2
25684;85865207;25684;17;1;1;7;2;0;1;1;1;0;2
25685;85865207;25685;16;1;1;7;4;1;0;1;2;0;2
25686;85865207;25686;16;1;1;7;4;1;0;1;2;0;2
25687;85865207;25687;72;1;1;7;6;0;1;1;1;0;2
25688;85865207;25688;17;1;3;1;2;0;1;1;1;0;2
25689;85865207;25689;17;1;1;7;1;1;0;1;2;0;2
25690;85865305;25690;18;1;1;7;6;0;1;1;1;0;2
25691;85865306;25691;13;3;1;7;6;0;2;0;1;0;2
25692;85865306;25692;13;1;1;7;6;0;1;1;1;0;2
25693;85865306;25693;16;1;1;7;6;0;1;2;1;0;3
25694;85865306;25694;13;2;3;1;4;0;1;1;1;0;2
25695;85865306;25695;13;1;1;2;6;0;2;1;1;0;3
25696;85865306;25696;52;1;1;7;0;0;2;1;1;0;3
25697;85865306;25697;13;1;1;7;6;0;1;1;1;0;2
25698;85865306;25698;16;1;1;7;6;1;0;1;2;0;2
25699;85865306;25699;13;1;1;7;4;0;1;1;1;0;2
25700;85865306;25700;81;1;1;7;6;0;1;1;1;0;2
25701;85865306;25701;17;1;1;7;2;0;1;1;1;0;2
25702;85865306;25702;13;1;1;7;6;0;1;1;1;0;2
25703;85865306;25703;13;1;1;7;6;0;3;0;1;0;3
25704;85865306;25704;13;1;1;7;4;0;1;1;1;0;2
25705;85865306;25705;13;1;1;7;6;0;2;0;1;0;2
25706;85865306;25706;13;1;1;7;4;0;1;1;1;0;2
25707;85865306;25707;13;1;1;7;6;0;1;1;1;0;2
25708;85865306;25708;13;2;1;7;6;0;2;0;1;0;2
25709;85865306;25709;13;3;1;1;3;0;1;1;1;0;2
25710;85865306;25710;13;3;3;1;3;0;1;1;1;0;2
25711;85865306;25711;13;1;1;7;6;1;0;1;2;0;2
25712;85865306;25712;13;1;1;7;6;0;1;1;1;0;2
25713;85865306;25713;13;3;1;7;6;1;0;1;2;0;2
25714;85865306;25714;13;1;3;1;6;0;1;1;1;0;2
25715;85865306;25715;16;1;1;7;6;0;2;0;1;0;2
25716;85865306;25716;11;1;2;1;6;0;1;1;1;0;2
25717;85865306;25717;51;2;1;7;4;0;1;1;1;0;2
25718;85865401;25718;14;1;1;7;5;0;1;1;1;0;2
25719;85865502;25719;21;1;1;7;6;0;1;1;1;0;2
25720;85865502;25720;14;1;1;7;6;0;1;1;1;0;2
25721;85865503;25721;14;3;1;7;6;0;1;1;1;0;2
25722;85865503;25722;81;3;1;7;0;0;3;0;1;0;3
25723;85865503;25723;51;1;1;7;4;1;0;1;2;0;2
25724;85865503;25724;14;1;1;1;6;0;1;1;1;0;2
25725;85865503;25725;14;3;1;7;6;0;4;0;1;0;4
25726;85865503;25726;14;5;1;7;6;0;1;1;1;0;2
25727;85865504;25727;14;3;1;7;6;0;1;1;1;0;2
25728;85865504;25728;16;1;3;1;6;0;2;1;1;0;3
25729;85865505;25729;52;2;1;7;0;1;0;0;2;0;1
25730;85865505;25730;71;1;1;7;6;0;1;1;1;0;2
25731;85865507;25731;72;1;1;7;6;0;1;1;1;0;2
25732;85866102;25732;13;3;1;1;6;0;1;1;1;0;2
25733;85866103;25733;71;3;3;1;6;0;1;1;1;0;2
25734;85866207;25734;82;1;1;7;6;0;1;0;1;0;1
25735;85866304;25735;14;1;1;7;6;0;2;1;1;0;3
25736;85866304;25736;19;1;1;7;4;0;1;1;1;0;2
25737;85866304;25737;17;1;1;7;1;1;0;1;2;0;2
25738;85866304;25738;13;3;3;2;4;0;1;1;1;0;2
25739;85866304;25739;19;2;1;7;6;0;1;1;1;0;2
25740;85866304;25740;19;3;3;1;6;0;1;1;1;0;2
25741;85866304;13833;19;3;1;7;6;0;2;0;1;0;2
25742;85866304;25742;19;1;1;7;6;0;1;2;1;0;3
25743;85866304;25743;19;1;1;7;6;0;1;3;1;0;4
25744;85866304;25744;19;1;1;7;7;0;2;0;1;0;2
25745;85866307;25745;51;1;1;7;6;0;1;1;1;0;2
25746;85866307;25746;21;3;1;7;6;0;1;1;1;0;2
25747;85866309;25747;51;2;1;2;3;0;1;1;1;0;2
25748;85866402;25748;14;2;1;7;6;0;1;1;1;0;2
25749;85866402;25749;21;1;1;1;6;0;2;1;1;0;3
25750;85866402;25750;14;1;6;7;6;0;1;2;1;0;3
25751;85866502;25751;21;1;1;1;6;0;1;1;1;0;2
25752;85866502;25752;22;1;1;7;6;0;1;1;1;0;2
25753;85866505;25753;41;1;1;7;6;0;1;1;1;0;2
25754;85866515;25754;21;1;1;7;3;0;1;1;1;0;2
25755;85867102;25755;14;1;1;7;5;0;3;0;1;0;3
25756;85867201;23619;14;1;2;1;6;0;1;1;1;0;2
25757;85867202;25757;52;1;1;1;7;1;0;1;2;0;2
25758;85867203;25758;28;1;1;7;9;0;1;1;1;0;2
25759;85867204;25759;14;2;1;7;6;0;1;1;1;0;2
25760;85867306;25760;17;1;1;7;1;0;1;1;1;0;2
25761;85867407;25761;19;1;1;7;6;0;1;1;1;0;2
25762;85867502;13257;14;1;1;7;6;0;3;0;1;0;3
25763;85867502;25763;14;1;1;7;6;0;5;0;1;0;5
25764;85867502;25764;17;1;1;1;1;0;2;1;1;0;3
25765;85867502;25765;21;1;1;7;6;0;1;1;1;0;2
25766;85867502;25766;71;1;1;7;6;0;1;1;1;0;2
25767;85867502;25767;71;2;1;1;6;0;1;1;1;0;2
25768;85867502;25768;16;3;1;7;3;0;1;1;1;0;2
25769;85867502;25769;21;1;1;7;3;0;1;1;1;0;2
25770;85867502;25770;17;1;1;7;1;0;1;1;1;0;2
25771;85867502;25771;71;1;1;7;6;0;1;1;1;0;2
25772;85871109;25772;71;3;2;2;6;0;1;1;1;0;2
25773;85871109;25773;81;1;1;7;2;0;1;1;1;0;2
25774;85871109;25774;64;1;1;7;6;0;2;0;1;0;2
25775;85871109;25775;14;1;1;7;3;0;1;1;1;0;2
25776;85871111;25776;85;3;1;7;6;0;1;1;1;0;2
25777;85871111;25777;81;3;1;7;3;0;1;1;1;0;2
25778;85871111;25778;13;1;3;1;6;0;1;1;1;0;2
25779;85871111;25779;13;1;2;1;6;0;1;1;1;0;2
25780;85871111;25780;17;3;1;7;2;0;1;1;1;0;2
25781;85871202;25781;31;1;1;7;6;0;1;1;1;0;2
25782;85871202;25782;52;1;1;7;2;1;0;1;2;0;2
25783;85871202;25783;71;1;1;7;4;0;2;0;1;0;2
25784;85871202;25784;13;1;1;7;3;0;1;2;1;0;3
25785;85871202;25785;51;1;1;7;6;0;1;1;1;0;2
25786;85871202;25786;22;1;1;7;6;0;2;2;1;0;4
25787;85871202;25787;11;1;1;1;4;0;1;1;1;0;2
25788;85871202;25788;13;1;1;7;4;0;1;1;1;0;2
25789;85871202;25789;21;1;1;7;8;0;1;1;1;0;2
25790;85871206;14347;13;1;1;7;5;0;1;1;1;0;2
25791;85871206;25791;13;2;3;2;4;0;1;1;1;0;2
25792;85871206;25792;13;1;1;7;4;0;2;0;1;0;2
25793;85871206;25793;71;3;4;1;6;0;1;1;1;0;2
25794;85871206;25794;17;1;1;7;1;0;1;1;1;0;2
25795;85871206;25795;13;1;1;7;4;0;1;1;1;0;2
25796;85871206;25796;17;3;2;1;2;0;1;1;1;0;2
25797;85871206;25797;16;3;1;7;4;0;1;1;1;0;2
25798;85871206;25798;73;2;1;7;6;0;1;1;1;0;2
25799;85871206;25799;23;3;1;1;4;0;1;1;1;0;2
25800;85871207;25800;13;3;3;2;4;0;2;1;1;0;3
25801;85871207;25801;81;3;1;7;0;0;1;0;1;0;1
25802;85871207;25802;63;3;1;7;4;0;1;1;1;0;2
25803;85871208;25803;52;1;1;7;0;0;1;0;1;0;1
25804;85871208;25804;13;1;1;7;4;0;1;1;1;0;2
25805;85871208;25805;13;3;1;1;6;0;1;1;1;0;2
25806;85871308;25806;14;3;1;7;6;0;1;2;1;0;3
25807;85871308;25807;71;1;3;1;6;0;1;1;1;0;2
25808;85871308;25808;19;3;3;1;6;0;4;0;1;0;4
25809;85871308;25809;19;1;1;7;6;0;1;0;1;0;1
25810;85871311;25810;23;1;1;7;6;1;1;2;2;0;4
25811;85872105;25811;24;2;1;1;3;0;1;1;1;0;2
25812;85872107;25812;31;1;1;7;6;1;0;2;2;0;3
25813;85872113;25813;21;3;1;7;6;0;4;0;1;0;4
25814;85872113;25814;21;1;1;7;6;1;1;1;2;0;3
25815;85872301;2444;21;1;3;1;6;0;2;0;1;0;2
25816;85872301;25816;21;1;1;1;6;0;1;1;1;0;2
25817;85872302;25817;13;2;3;2;6;0;2;0;1;0;2
25818;85872302;25818;13;1;1;7;4;0;1;1;1;0;2
25819;85872302;25819;13;2;3;1;4;0;1;1;1;0;2
25820;85872302;25820;13;1;1;7;5;1;0;1;2;0;2
25821;85872302;25821;16;2;1;7;4;0;1;1;1;0;2
25822;85872302;25822;13;1;3;1;6;0;2;0;1;0;2
25823;85872302;25823;13;3;1;7;6;0;1;1;1;0;2
25824;85872302;25824;13;3;3;1;6;0;1;1;1;0;2
25825;85872302;25825;16;1;1;7;4;0;1;1;1;0;2
25826;85872304;25826;21;2;1;5;3;1;0;1;2;0;2
25827;85872304;25827;13;1;1;7;6;0;1;2;1;0;3
25828;85872304;25828;52;2;1;7;6;0;1;2;1;0;3
25829;85872304;25829;13;3;1;1;4;0;1;1;1;0;2
25830;85872306;25830;72;1;1;7;6;0;1;1;1;0;2
25831;85872306;25831;71;1;1;7;5;1;0;1;2;0;2
25832;85872306;25832;51;3;1;7;6;0;1;1;1;0;2
25833;85872306;25833;16;3;1;1;3;0;2;1;1;0;3
25834;85872306;25834;13;2;3;1;6;0;1;1;1;0;2
25835;85872401;25835;75;1;3;2;6;0;1;1;1;0;2
25836;85872401;25836;13;1;1;7;5;1;2;0;2;0;3
25837;85872401;25837;52;1;1;7;0;0;1;0;1;0;1
25838;85872401;25838;71;1;3;1;6;0;1;1;1;0;2
25839;85872401;25839;16;3;3;1;4;0;1;1;1;0;2
25840;85872402;25840;14;1;1;7;6;0;1;1;1;0;2
25841;85872402;25841;14;1;1;7;4;1;0;1;2;0;2
25842;85872404;25842;13;1;3;1;6;0;3;0;1;0;3
25843;85872502;25843;31;3;1;7;6;0;2;1;1;0;3
25844;85872502;3539;16;1;1;7;4;0;1;1;1;0;2
25845;85872502;4083;16;1;3;2;6;0;1;0;1;0;1
25846;85873104;25846;14;1;1;7;6;0;1;1;1;0;2
25847;85873104;25847;19;1;1;7;6;0;1;1;1;0;2
25848;85873104;25848;19;3;1;7;6;1;0;1;2;0;2
25849;85873104;25849;35;1;1;7;3;1;0;1;2;0;2
25850;85873104;25850;19;3;1;7;4;0;1;1;1;0;2
25851;85873104;25851;16;1;1;7;6;0;1;1;1;0;2
25852;85873104;25852;19;1;1;1;4;0;1;1;1;0;2
25853;85873104;25853;71;3;1;7;6;0;1;1;1;0;2
25854;85873104;25854;19;1;1;1;6;0;2;0;1;0;2
25855;85873105;25855;71;1;1;7;6;1;0;1;2;0;2
25856;85873105;12615;19;1;1;7;3;0;1;1;1;0;2
25857;85873106;25857;14;1;3;2;6;0;2;1;1;0;3
25858;85873106;25858;16;1;1;7;4;0;1;1;1;0;2
25859;85873106;25859;19;1;1;1;6;0;1;1;1;0;2
25860;85873203;25860;72;1;1;7;6;1;0;1;2;0;2
25861;85873203;25861;51;2;3;1;3;0;1;1;1;0;2
25862;85873203;25862;16;3;1;7;4;0;1;1;1;0;2
25863;85873203;25863;16;1;1;7;3;0;1;1;1;0;2
25864;85873203;25864;16;3;1;1;3;0;1;1;1;0;2
25865;85873205;25865;71;1;1;7;6;0;1;1;1;0;2
25866;85873205;25866;17;1;1;7;2;1;0;1;2;0;2
25867;85873304;25867;72;1;3;1;6;0;1;1;1;0;2
25868;85873305;25868;71;1;1;7;6;0;1;1;1;0;2
25869;85873408;25869;14;1;1;7;6;0;1;1;1;0;2
25870;85873501;25870;14;1;1;7;4;0;1;1;1;0;2
25871;85873501;25871;14;1;1;7;6;0;1;1;1;0;2
25872;85873501;25872;14;1;1;7;6;1;1;0;2;0;2
25873;85873501;25873;14;1;1;7;6;0;1;1;1;0;2
25874;85873501;25874;14;1;1;7;6;0;1;1;1;0;2
25875;85873501;25875;14;1;1;7;6;0;1;1;1;0;2
25876;85873509;25876;17;1;1;7;1;0;1;1;1;0;2
25877;85874104;25877;16;3;1;7;6;0;3;0;1;0;3
25878;85874104;25878;13;1;1;7;5;1;0;1;2;0;2
25879;85874104;25879;13;1;3;2;6;0;2;1;1;0;3
25880;85874104;25880;16;3;1;1;4;0;1;1;1;0;2
25881;85874104;25881;16;2;1;7;3;0;1;1;1;0;2
25882;85874104;7570;13;1;1;7;4;0;1;1;1;0;2
25883;85874104;25883;16;1;2;2;6;0;1;1;1;0;2
25884;85874104;25884;13;1;1;7;6;0;2;0;1;0;2
25885;85874104;25885;13;1;1;7;6;1;1;0;2;0;2
25886;85874104;25886;17;3;1;1;2;0;1;1;1;0;2
25887;85874104;25887;18;1;1;1;6;0;1;1;1;0;2
25888;85874104;25888;51;1;1;7;6;0;1;2;1;0;3
25889;85874104;25889;17;1;1;7;2;0;1;1;1;0;2
25890;85874104;25890;81;3;6;1;6;0;1;1;1;0;2
25891;85874104;25891;16;1;1;1;4;0;1;1;1;0;2
25892;85874104;25892;16;2;1;7;5;0;2;1;1;0;3
25893;85874105;25893;71;2;1;7;6;1;0;1;2;0;2
25894;85874202;25894;16;1;1;7;4;0;1;1;1;0;2
25895;85874202;25895;72;1;1;2;6;0;1;1;1;0;2
25896;85874206;25896;51;3;3;1;5;0;1;1;1;0;2
25897;85874210;25897;13;1;1;7;6;0;2;2;1;0;4
25898;85874210;25898;17;1;1;7;2;0;1;1;1;0;2
25899;85874210;25899;13;1;1;7;6;0;3;0;1;0;3
25900;85874304;25900;16;1;1;7;6;0;1;1;1;0;2
25901;85874304;25901;51;3;1;1;6;0;1;3;1;0;4
25902;85874304;25902;11;1;1;7;6;0;1;1;1;0;2
25903;85874304;25903;11;1;1;7;6;0;2;1;1;0;3
25904;85874304;25904;16;1;3;1;6;0;1;1;1;0;2
25905;85874401;25905;64;1;1;7;6;0;1;1;1;0;2
25906;85874401;25906;71;3;1;1;6;1;0;1;2;0;2
25907;85874402;25907;19;1;1;7;4;1;0;1;2;0;2
25908;85874501;25908;35;1;1;7;4;0;1;1;1;0;2
25909;85874501;25909;17;1;1;7;2;0;2;1;1;0;3
25910;85874501;25910;11;3;2;1;6;1;0;1;2;0;2
25911;85874507;16216;13;1;1;7;6;1;0;2;2;0;3
25912;85874508;25912;11;3;1;7;6;0;1;1;1;0;2
25913;85874508;25913;16;1;1;7;5;1;1;1;2;0;3
25914;85874508;25914;19;2;3;2;6;0;2;0;1;0;2
25915;85874508;25915;11;1;1;7;6;0;2;1;1;0;3
25916;85874508;25916;42;2;1;7;5;1;0;1;2;0;2
25917;85874508;25917;16;1;3;5;6;0;1;1;1;0;2
25918;85874508;25918;18;3;1;1;6;0;3;0;1;0;3
25919;85874508;25919;16;1;1;7;6;0;1;1;1;0;2
25920;85874508;25920;11;1;1;7;6;0;1;1;1;0;2
25921;85874508;25921;15;3;3;2;6;0;1;3;1;0;4
25922;85874508;25922;16;1;1;7;6;0;1;1;1;0;2
25923;85874508;25923;16;1;1;7;6;0;1;1;1;0;2
25924;85874508;25924;51;1;1;7;6;0;1;1;1;0;2
25925;85874508;25925;51;1;1;7;6;0;1;1;1;0;2
25926;85874508;25926;11;1;3;2;6;0;3;0;1;0;3
25927;85874508;25927;16;1;1;7;6;0;4;0;1;0;4
25928;85874508;25928;16;1;1;7;6;0;1;1;1;0;2
25929;85874508;25929;16;1;1;7;6;0;2;0;1;0;2
25930;85874508;25930;86;1;1;7;3;1;0;1;2;0;2
25931;85874508;25931;11;1;1;7;6;0;1;1;1;0;2
25932;85874508;25932;11;3;1;1;6;0;3;0;1;0;3
25933;85874508;25933;11;1;1;7;6;0;3;0;1;0;3
25934;85874508;25934;16;1;1;7;6;1;0;1;2;0;2
25935;85874508;25935;11;1;1;1;7;1;0;1;2;0;2
25936;85874508;25936;42;1;1;7;4;0;1;1;1;0;2
25937;85874508;25937;51;1;1;7;6;0;1;0;1;0;1
25938;85874508;25938;81;3;1;7;6;0;2;0;3;0;2
25939;85874508;25939;71;1;1;7;6;0;1;1;1;0;2
25940;85874508;25940;11;2;1;7;6;0;1;1;1;0;2
25941;85874510;25941;41;1;1;7;6;0;1;1;1;0;2
25942;85875102;25942;31;1;1;7;6;0;1;1;1;0;2
25943;85875102;25943;71;1;1;7;6;0;1;1;1;0;2
25944;85875102;25944;81;3;2;1;6;0;3;0;1;0;3
25945;85875104;25945;51;1;1;7;6;0;1;1;1;0;2
25946;85875110;25946;14;1;1;7;6;0;1;1;1;0;2
25947;85875501;25947;81;1;1;7;6;0;4;0;1;0;4
25948;85875501;25948;51;3;1;7;6;2;0;0;2;0;2
25949;85875501;25949;16;1;3;2;3;1;0;1;2;0;2
25950;85875501;25950;51;1;1;7;6;0;1;1;1;0;2
25951;85875501;25951;11;1;1;7;6;0;1;1;1;0;2
25952;85875501;25952;16;3;3;1;6;0;3;4;1;0;7
25953;85875501;25953;11;1;1;7;4;0;1;1;1;0;2
25954;85875501;25954;51;3;6;1;3;0;1;1;1;0;2
25955;85875501;25955;16;3;3;1;6;0;1;0;1;0;1
25956;85875502;25956;17;1;3;1;2;0;1;1;1;0;2
25957;85875502;25957;14;1;1;7;6;0;1;1;1;0;2
25958;85875502;25958;41;1;1;7;4;0;1;0;1;0;1
25959;85875502;25959;14;1;1;7;6;0;1;1;1;0;2
25960;85875502;25960;14;1;1;7;4;0;1;1;1;0;2
25961;85875502;25961;14;1;1;7;5;0;2;1;1;0;3
25962;85875502;25962;14;1;7;7;6;0;1;1;1;0;2
25963;85875502;25963;14;3;1;7;6;0;1;1;1;0;2
25964;85875502;25964;14;1;1;7;6;0;1;1;1;0;2
25965;85875502;25965;19;1;1;1;6;0;1;3;1;0;4
25966;85876101;20459;71;2;1;7;6;1;0;1;2;0;2
25967;85876107;25967;25;3;1;7;6;0;2;1;1;0;3
25968;85876201;25968;21;1;3;2;4;0;1;1;1;0;2
25969;85876201;25969;72;1;1;7;6;0;1;1;1;0;2
25970;85876201;25970;14;1;1;1;3;0;1;1;1;0;2
25971;85876301;25971;51;1;1;7;3;0;1;1;1;0;2
25972;85876301;25972;14;1;1;1;6;0;1;1;1;0;2
25973;85876301;25973;14;4;1;2;6;0;1;1;1;0;2
25974;85876301;25974;14;1;1;7;6;0;2;1;1;0;3
25975;85876301;25975;14;1;1;7;6;0;1;1;1;0;2
25976;85876301;25976;14;1;3;1;6;1;3;0;2;0;4
25977;85876301;25977;14;1;2;1;6;1;0;1;2;0;2
25978;85876301;25978;14;1;1;7;6;0;2;0;1;0;2
25979;85876301;25979;13;3;1;7;6;0;5;0;1;0;5
25980;85876402;3548;71;1;1;7;6;1;0;1;2;0;2
25981;85876501;25981;72;1;2;2;6;0;1;1;1;0;2
25982;85876501;25982;11;1;1;7;8;0;2;1;1;0;3
25983;85876501;23780;11;1;1;7;6;0;2;0;1;0;2
25984;85876501;25984;81;3;1;1;6;1;0;1;2;0;2
25985;85876501;25985;11;3;1;7;6;0;5;0;1;0;5
25986;85876501;25986;81;3;3;1;6;0;1;1;1;0;2
25987;85876501;25987;81;3;1;1;5;2;0;1;2;0;3
25988;85876501;25988;11;1;3;1;6;0;2;2;1;0;4
25989;85876501;25989;12;3;1;1;7;0;24;0;1;0;24
25990;85876502;25990;11;1;1;7;6;1;0;2;2;0;3
25991;85876502;25991;16;1;1;7;6;0;1;1;1;0;2
25992;85876502;25992;14;1;1;7;6;0;1;2;1;0;3
25993;85876502;25993;11;1;3;2;6;1;3;0;2;0;4
25994;85876506;25994;71;1;1;7;6;0;1;1;1;0;2
25995;85876520;25995;16;1;1;7;6;0;1;1;1;0;2
25996;85876520;25996;16;3;1;7;4;0;1;1;1;0;2
25997;85876520;25997;16;1;1;7;4;0;1;1;1;0;2
25998;85876520;25998;16;3;1;7;6;1;0;1;3;0;2
25999;85876520;25999;16;3;1;1;4;0;1;1;1;0;2
26000;85877101;26000;17;1;1;7;1;0;1;1;1;0;2
26001;85877102;26001;16;1;1;7;4;1;0;1;2;0;2
26002;85877102;26002;51;1;3;1;4;1;0;1;2;0;2
26003;85877102;26003;61;1;1;7;4;0;1;1;1;0;2
26004;85877102;26004;71;1;2;2;6;0;1;1;1;0;2
26005;85877102;26005;52;1;1;7;7;0;1;1;1;0;2
26006;85877102;26006;81;1;1;1;7;1;0;1;2;0;2
26007;85877203;26007;14;1;1;7;6;0;1;1;1;0;2
26008;85877205;26008;72;1;1;7;6;0;1;1;1;0;2
26009;85877205;26009;13;1;1;7;4;0;1;1;1;0;2
26010;85877205;26010;13;1;3;2;6;2;1;0;2;0;3
26011;85877205;26011;14;1;1;7;6;0;2;1;1;0;3
26012;85877205;2110;13;1;1;1;6;0;1;1;1;0;2
26013;85877205;26013;13;1;1;7;6;0;1;1;1;0;2
26014;85877205;26014;13;1;1;7;4;0;1;1;1;0;2
26015;85877205;21124;13;1;1;7;6;0;1;1;1;0;2
26016;85877404;26016;51;1;1;7;6;0;1;0;1;0;1
26017;85877404;26017;51;3;1;7;7;0;1;1;1;0;2
26018;85877404;26018;17;1;1;7;1;0;1;1;1;0;2
26019;85877404;26019;11;1;1;7;6;0;1;1;1;0;2
26020;85877404;26020;18;1;1;7;6;0;1;1;1;0;2
26021;85877404;26021;11;1;1;7;6;0;1;1;1;0;2
26022;85877404;26022;16;3;1;1;6;0;1;1;1;0;2
26023;85877514;26023;18;1;1;7;3;0;1;1;1;0;2
26024;85877514;26024;14;2;3;1;6;0;2;0;1;0;2
26025;85881102;26025;14;1;1;1;6;0;2;0;1;0;2
26026;85881220;26026;81;3;1;1;0;0;1;0;1;0;1
26027;85881505;26027;16;3;1;1;4;1;0;2;2;0;3
26028;85881505;26028;64;1;1;7;6;0;1;1;1;0;2
26029;85882102;26029;99;1;2;2;7;0;0;1;3;0;1
26030;85882102;26030;11;3;3;1;4;0;1;1;1;0;2
26031;85882102;10399;16;3;3;2;3;0;1;1;1;0;2
26032;85882102;26032;63;1;1;7;3;0;1;1;1;0;2
26033;85882102;26033;16;1;1;7;6;0;1;1;1;0;2
26034;85882102;26034;11;3;1;7;6;0;1;1;1;0;2
26035;85882102;5581;16;3;1;1;4;0;1;1;1;0;2
26036;85882102;26036;11;1;2;2;6;0;1;1;1;0;2
26037;85882102;26037;16;1;1;7;6;0;1;0;1;0;1
26038;85882102;26038;11;3;3;2;6;0;1;1;1;0;2
26039;85882102;26039;17;1;1;7;2;0;1;1;1;0;2
26040;85882102;26040;41;1;1;7;5;0;2;0;1;0;2
26041;85882102;26041;51;1;1;7;6;0;1;1;1;0;2
26042;85882102;26042;52;1;1;7;4;0;1;1;1;0;2
26043;85882102;26043;81;1;3;2;4;0;1;1;1;0;2
26044;85882102;26044;81;3;1;7;6;0;3;1;1;0;4
26045;85882102;26045;51;3;2;2;6;0;1;1;1;0;2
26046;85882102;26046;51;1;1;7;6;0;1;1;1;0;2
26047;85882102;26047;16;1;1;7;6;0;1;2;1;0;3
26048;85882102;26048;81;3;2;1;6;0;4;0;1;0;4
26049;85882102;26049;86;1;1;7;2;1;0;1;2;0;2
26050;85882102;26050;51;1;1;7;6;0;1;1;1;0;2
26051;85882102;26051;16;3;3;1;4;0;1;1;1;0;2
26052;85882102;26052;64;1;3;1;6;0;1;1;1;0;2
26053;85882102;26053;86;1;1;7;2;0;1;1;1;0;2
26054;85882102;26054;11;3;1;7;6;0;1;1;1;0;2
26055;85882104;26055;52;3;1;7;0;0;1;0;1;0;1
26056;85882104;26056;13;1;1;7;4;0;1;1;1;0;2
26057;85882104;26057;13;1;1;7;5;0;1;1;1;0;2