accident_id;lieu_id;date_id;cause_id;lum_id;intemp_id;etat_surface_id;impliq_id;nb_blesses_graves;nb_blesses_legers;nb_indemnes;gravite;nb_morts;nb_impliqués
26892;86817501;26892;19;3;6;1;6;0;1;1;1;0;2
26893;86817501;26893;18;1;1;7;6;0;1;1;1;0;2
26894;86817501;26894;19;1;3;2;6;0;1;0;1;0;1
26895;86817501;26895;17;1;1;7;2;1;0;1;2;0;2
26896;86817501;26896;19;1;1;7;6;0;1;1;1;0;2
26897;86817501;26897;17;3;1;7;2;0;1;1;1;0;2
26898;86817501;26898;19;3;3;1;6;0;1;1;1;0;2
26899;86817502;26899;13;1;1;7;6;0;2;1;1;0;3
26900;86817502;26900;13;1;1;7;6;0;2;1;1;0;3
26901;86817502;26901;13;3;1;7;6;0;1;1;1;0;2
26902;86817502;26902;13;2;3;1;4;0;1;1;1;0;2
26903;86817502;26903;13;1;1;7;6;0;2;1;1;0;3
26904;86817502;26904;16;1;1;7;6;0;1;3;1;0;4
26905;86817502;26905;13;1;1;7;3;0;1;1;1;0;2
26906;86817504;26906;11;1;1;7;6;0;2;1;1;0;3
26907;86817504;26907;15;3;1;7;6;0;1;2;1;0;3
26908;86817504;26908;51;1;1;7;7;0;1;1;1;0;2
26909;86817504;26909;15;3;3;1;7;0;1;1;1;0;2
26910;86817504;26910;51;1;1;7;4;0;1;1;1;0;2
26911;86817504;18356;17;3;1;7;2;0;1;1;1;0;2
26912;86817504;26912;16;1;1;7;6;0;1;2;1;0;3
26913;86817504;26913;16;1;1;7;6;0;2;1;1;0;3
26914;86817504;26914;11;1;1;7;6;0;1;1;1;0;2
26915;86817504;26915;11;3;1;7;6;0;4;2;1;0;6
26916;86817504;26916;11;1;7;7;6;0;1;1;1;0;2
26917;86817504;26917;16;1;1;7;6;0;4;1;1;0;5
26918;86817504;26918;17;3;2;1;2;0;1;1;1;0;2
26919;86817504;26919;51;3;1;7;6;0;1;1;1;0;2
26920;86817504;26920;16;3;1;7;4;0;1;1;1;0;2
26921;86821102;26921;51;3;1;7;2;0;1;2;1;0;3
26922;86821102;26922;51;1;1;7;3;0;1;0;1;0;1
26923;86821105;26923;13;1;1;7;5;0;1;1;1;0;2
26924;86821106;26924;74;1;2;2;4;0;1;1;1;0;2
26925;86821303;26925;13;1;1;7;6;0;1;1;1;0;2
26926;86821303;26926;13;1;1;7;4;0;1;1;1;0;2
26927;86821303;26927;19;1;1;7;6;0;1;2;1;0;3
26928;86821303;26928;13;1;1;7;3;0;1;1;1;0;2
26929;86821303;26929;17;1;1;7;1;0;1;1;1;0;2
26930;86821303;26930;17;1;1;7;2;0;1;1;1;0;2
26931;86821304;26931;13;1;1;7;8;0;2;2;1;0;4
26932;86821402;26932;17;3;2;1;2;0;1;1;1;0;2
26933;86821402;26933;51;3;1;7;6;0;1;2;1;0;3
26934;86821402;26934;11;1;1;7;6;0;1;1;1;0;2
26935;86821402;26935;71;1;1;7;4;0;1;1;1;0;2
26936;86821402;26936;51;3;1;1;5;0;1;1;1;0;2
26937;86821402;26937;18;1;1;7;4;0;1;1;1;0;2
26938;86821402;8275;17;1;1;7;2;0;1;1;1;0;2
26939;86821402;26939;17;1;1;7;2;0;1;0;1;0;1
26940;86821402;26940;17;3;1;7;1;0;1;1;1;0;2
26941;86821402;26941;17;1;1;7;2;0;1;0;1;0;1
26942;86821406;26942;19;1;1;7;9;0;1;3;1;0;4
26943;86821406;26943;51;1;1;7;6;0;1;2;1;0;3
26944;86821406;26944;11;2;1;7;6;0;1;1;1;0;2
26945;86821406;26945;11;1;1;7;5;0;1;2;1;0;3
26946;86821406;26946;11;3;1;7;6;0;1;0;1;0;1
26947;86821406;26947;71;1;1;7;6;0;1;1;1;0;2
26948;86821406;26948;71;1;3;1;6;0;1;1;1;0;2
26949;86821411;26949;17;1;1;7;2;0;1;1;1;0;2
26950;86821411;26950;17;1;1;7;2;0;1;1;1;0;2
26951;86821411;26951;11;3;1;7;6;0;1;1;1;0;2
26952;86821411;26952;11;1;2;1;6;0;0;1;3;0;1
26953;86821411;26953;61;1;1;7;4;0;1;1;1;0;2
26954;86821411;26954;11;1;1;7;2;0;1;1;1;0;2
26955;86821411;26955;14;1;1;7;4;0;1;1;1;0;2
26956;86821411;26956;11;1;1;7;6;0;1;0;1;0;1
26957;86821411;26957;71;1;1;7;6;0;1;1;1;0;2
26958;86821411;26958;11;1;1;7;4;0;1;1;1;0;2
26959;86821411;26959;11;5;1;7;6;0;1;1;1;0;2
26960;86821501;26960;51;3;1;7;0;0;1;1;1;0;2
26961;86821502;26961;51;1;1;7;6;0;1;1;1;0;2
26962;86821502;26962;51;1;1;7;2;0;1;2;1;0;3
26963;86821505;26963;11;3;1;7;6;0;1;1;1;0;2
26964;86821505;26964;11;3;3;2;2;0;1;1;1;0;2
26965;86821505;26965;11;1;1;7;6;0;1;1;1;0;2
26966;86821505;26966;71;1;1;7;6;1;2;1;2;0;4
26967;86821505;26967;71;1;1;7;4;0;2;1;1;0;3
26968;86821505;26968;11;2;3;2;6;1;0;1;2;0;2
26969;86821505;26969;17;1;1;7;2;0;0;2;3;0;2
26970;86821505;26970;11;3;1;7;6;0;1;1;1;0;2
26971;86821505;26971;35;1;1;7;4;0;1;1;1;0;2
26972;86821505;26972;51;1;1;7;6;0;1;1;1;0;2
26973;86821505;26973;11;1;1;7;8;0;1;1;1;0;2
26974;86821505;26974;11;1;1;7;9;1;0;0;2;0;1
26975;86821505;26975;71;3;1;7;6;1;0;1;2;0;2
26976;86821505;26976;17;1;1;7;2;0;1;1;1;0;2
26977;86821505;26977;36;1;1;7;3;0;1;0;1;0;1
26978;86821505;26978;11;3;3;1;8;0;1;1;1;0;2
26979;86821505;26979;11;1;1;7;2;1;0;1;2;0;2
26980;86821505;26980;11;1;1;7;6;0;1;1;1;0;2
26981;86821505;26981;17;1;1;7;2;0;1;1;1;0;2
26982;86821505;26982;11;3;1;7;6;0;2;0;1;0;2
26983;86822103;26983;14;1;1;7;6;0;1;1;1;0;2
26984;86822103;26984;14;1;1;7;6;0;2;0;1;0;2
26985;86822103;26985;14;1;1;7;5;0;1;2;1;0;3
26986;86822105;26986;72;1;1;7;3;0;2;0;1;0;2
26987;86822105;26987;81;1;3;2;6;1;0;1;2;0;2
26988;86822105;26988;72;1;7;1;6;0;1;1;1;0;2
26989;86822201;26989;17;1;1;7;2;0;1;1;1;0;2
26990;86822201;26990;13;1;1;7;6;0;1;2;1;0;3
26991;86822202;26991;72;1;1;7;6;0;1;1;1;0;2
26992;86822202;26992;31;1;1;7;6;0;1;2;3;1;4
26993;86822203;26993;13;1;3;2;6;0;1;4;1;0;5
26994;86822203;26994;13;2;1;7;6;0;1;2;1;0;3
26995;86822203;26995;13;1;1;7;4;0;1;1;1;0;2
26996;86822203;26996;13;1;1;1;4;0;1;1;1;0;2
26997;86822203;26997;13;1;1;7;6;0;1;1;1;0;2
26998;86822203;26998;71;1;1;7;6;0;1;1;1;0;2
26999;86822203;26999;13;1;1;7;6;0;1;0;1;0;1
27000;86822203;27000;13;1;1;7;8;0;1;1;1;0;2
27001;86822203;27001;13;1;1;7;6;0;2;1;1;0;3
27002;86822203;27002;13;1;3;1;4;0;1;1;1;0;2
27003;86822203;27003;13;1;3;1;9;0;1;2;1;0;3
27004;86822203;27004;13;1;1;7;6;0;1;1;1;0;2
27005;86822203;27005;13;1;1;7;4;0;1;1;1;0;2
27006;86822203;27006;13;1;1;7;6;0;1;0;1;0;1
27007;86822203;27007;13;1;1;7;6;0;1;3;1;0;4
27008;86822203;27008;13;3;1;7;3;0;1;1;1;0;2
27009;86822203;27009;20;1;1;7;1;0;1;1;1;0;2
27010;86822301;27010;11;1;1;7;6;0;3;0;1;0;3
27011;86822301;27011;15;3;1;2;6;0;1;1;1;0;2
27012;86822301;27012;11;1;1;7;6;0;2;1;1;0;3
27013;86822301;27013;11;1;1;7;5;0;1;1;1;0;2
27014;86822301;27014;14;1;1;7;5;0;1;1;1;0;2
27015;86822301;27015;11;1;3;2;8;0;2;1;1;0;3
27016;86822301;27016;31;1;1;7;6;0;2;0;1;0;2
27017;86822301;27017;11;1;3;1;6;0;1;5;1;0;6
27018;86822301;27018;11;1;3;2;7;0;1;1;1;0;2
27019;86822301;27019;35;1;1;7;3;0;1;1;1;0;2
27020;86822301;27020;18;1;1;7;3;0;1;1;1;0;2
27021;86822301;27021;11;2;1;7;6;0;1;2;1;0;3
27022;86822301;27022;35;2;1;7;4;0;1;1;1;0;2
27023;86822301;27023;17;1;1;7;2;0;1;1;1;0;2
27024;86822303;27024;14;1;1;7;3;0;1;1;1;0;2
27025;86822303;27025;14;1;1;7;6;0;1;1;1;0;2
27026;86822303;27026;14;1;1;7;6;0;1;1;1;0;2
27027;86822307;27027;71;1;1;7;4;0;1;1;1;0;2
27028;86822407;27028;72;1;1;7;6;0;1;2;1;0;3
27029;86822407;27029;71;1;1;7;6;0;1;1;1;0;2
27030;86822407;27030;51;1;3;1;4;0;1;1;1;0;2
27031;86822502;27031;11;1;2;2;6;0;1;1;1;0;2
27032;86822502;27032;18;1;1;7;6;0;1;2;1;0;3
27033;86822502;27033;11;3;1;7;6;0;1;1;1;0;2
27034;86822502;27034;51;1;1;7;6;0;1;2;1;0;3
27035;86822502;27035;35;1;1;7;4;0;1;1;1;0;2
27036;86822502;27036;11;1;1;7;6;0;1;1;1;0;2
27037;86822502;27037;11;3;1;7;6;1;1;1;2;0;3
27038;86822502;27038;11;1;1;7;4;0;1;1;1;0;2
27039;86822502;27039;14;1;1;7;6;0;1;1;1;0;2
27040;86822502;27040;11;1;1;7;6;0;2;2;1;0;4
27041;86822502;27041;17;1;1;7;2;0;1;1;1;0;2
27042;86822502;27042;51;1;1;7;6;0;1;2;1;0;3
27043;86822502;27043;11;1;1;7;6;0;2;0;1;0;2
27044;86822502;27044;63;3;1;7;4;0;1;1;1;0;2
27045;86822502;27045;17;3;1;7;2;0;1;1;1;0;2
27046;86822502;27046;11;1;1;7;5;0;1;1;1;0;2
27047;86822502;27047;11;1;1;7;6;0;2;1;1;0;3
27048;86822503;27048;71;1;1;7;6;0;1;1;1;0;2
27049;86823104;27049;14;3;1;7;6;0;2;1;1;0;3
27050;86823104;27050;17;1;1;7;2;0;1;1;1;0;2
27051;86823104;27051;16;1;1;7;6;0;1;1;1;0;2
27052;86823104;27052;11;3;1;2;6;0;1;4;1;0;5
27053;86823104;27053;16;1;1;7;4;0;1;1;1;0;2
27054;86823104;27054;15;3;1;1;6;0;5;0;1;0;5
27055;86823104;27055;11;1;1;1;6;0;1;1;1;0;2
27056;86823104;27056;35;1;1;7;4;0;1;1;1;0;2
27057;86823104;27057;11;1;1;7;6;0;1;1;1;0;2
27058;86823104;27058;11;3;1;7;6;0;1;2;1;0;3
27059;86823104;27059;11;2;1;1;4;1;1;3;2;0;5
27060;86823104;27060;11;1;1;7;6;0;1;1;1;0;2
27061;86823104;27061;21;1;1;7;3;0;1;0;1;0;1
27062;86823104;27062;16;1;1;7;6;0;1;1;1;0;2
27063;86823104;27063;17;3;6;7;1;0;1;1;1;0;2
27064;86823108;27064;24;1;1;7;2;0;1;1;1;0;2
27065;86823108;27065;19;1;1;7;6;0;1;1;1;0;2
27066;86823108;27066;17;2;1;7;1;0;1;1;1;0;2
27067;86823108;27067;31;1;3;1;4;0;1;1;1;0;2
27068;86823108;27068;72;1;1;7;6;0;1;0;1;0;1
27069;86823108;27069;19;1;1;7;6;0;3;0;1;0;3
27070;86823112;27070;19;1;1;7;4;0;1;1;1;0;2
27071;86823112;27071;19;1;1;7;4;0;1;1;1;0;2
27072;86823112;27072;19;1;1;7;6;0;1;1;1;0;2
27073;86823203;27073;61;1;1;7;4;0;1;1;1;0;2
27074;86823203;27074;72;3;1;7;6;2;0;1;2;0;3
27075;86823301;27075;14;3;2;2;6;0;1;1;1;0;2
27076;86823301;27076;14;1;1;7;6;0;1;1;1;0;2
27077;86823301;27077;17;1;1;7;2;0;1;1;1;0;2
27078;86823301;27078;14;1;3;1;6;0;1;1;1;0;2
27079;86823301;27079;14;3;3;2;6;0;1;2;1;0;3
27080;86823301;27080;81;3;1;7;6;0;1;1;1;0;2
27081;86823301;27081;51;3;3;2;8;0;1;1;1;0;2
27082;86823301;27082;16;1;1;7;4;0;1;1;1;0;2
27083;86823301;27083;14;3;1;7;6;0;2;2;1;0;4
27084;86823301;27084;14;1;1;7;6;0;1;1;1;0;2
27085;86823301;27085;14;1;1;7;3;0;1;1;1;0;2
27086;86823301;27086;15;3;1;7;6;0;1;1;1;0;2
27087;86823301;27087;17;3;2;2;2;0;2;1;1;0;3
27088;86823301;27088;81;1;1;7;2;0;1;1;1;0;2
27089;86823301;27089;19;1;2;2;6;0;1;0;1;0;1
27090;86823301;27090;51;1;1;7;6;0;1;1;1;0;2
27091;86823301;27091;17;3;3;1;2;1;0;1;2;0;2
27092;86823301;27092;19;1;1;7;3;1;0;1;2;0;2
27093;86823301;27093;71;3;1;1;6;1;0;1;2;0;2
27094;86823301;27094;17;1;1;7;2;0;1;1;1;0;2
27095;86823301;27095;17;1;1;7;2;0;1;4;1;0;5
27096;86823304;27096;72;1;3;1;6;0;1;1;1;0;2
27097;86823304;27097;19;1;1;7;6;0;1;1;1;0;2
27098;86823304;4355;19;1;1;7;6;0;1;1;1;0;2
27099;86823304;27099;17;1;1;7;2;0;1;1;1;0;2
27100;86823304;27100;17;1;1;1;2;0;1;1;1;0;2
27101;86823304;27101;71;3;3;1;6;0;1;1;1;0;2
27102;86823304;27102;35;1;1;7;3;0;1;1;1;0;2
27103;86823304;27103;17;1;1;7;2;0;1;1;1;0;2
27104;86823304;27104;13;1;1;7;6;0;1;1;1;0;2
27105;86823305;27105;19;3;1;7;5;0;1;1;1;0;2
27106;86823305;24897;71;3;3;1;6;0;1;1;1;0;2
27107;86823305;27107;17;1;1;7;2;0;1;1;1;0;2
27108;86823305;27108;64;1;1;7;6;0;1;1;1;0;2
27109;86823305;27109;17;1;3;1;2;0;1;2;1;0;3
27110;86823305;27110;17;3;6;1;2;1;0;1;2;0;2
27111;86823305;27111;26;1;1;7;2;0;1;2;1;0;3
27112;86823305;27112;17;1;1;1;1;0;1;1;1;0;2
27113;86823305;27113;17;1;1;7;2;0;1;1;1;0;2
27114;86823307;27114;16;3;1;7;6;0;1;2;1;0;3
27115;86823307;27115;16;1;1;7;4;0;1;1;1;0;2
27116;86823307;27116;17;1;1;7;1;0;1;1;1;0;2
27117;86823307;27117;19;1;1;7;6;0;1;1;1;0;2
27118;86823307;27118;19;1;1;7;4;0;1;1;1;0;2
27119;86823307;27119;19;3;3;2;6;0;2;1;1;0;3
27120;86823307;27120;71;3;1;7;6;0;1;1;1;0;2
27121;86823307;4909;19;3;3;2;4;0;1;2;1;0;3
27122;86823307;27122;19;3;1;4;6;0;2;2;1;0;4
27123;86823307;27123;17;1;1;7;2;0;1;1;1;0;2
27124;86823307;27124;19;3;1;7;4;0;1;1;1;0;2
27125;86823307;27125;71;2;1;7;4;0;1;1;1;0;2
27126;86823307;27126;51;3;1;7;3;0;1;1;1;0;2
27127;86823307;19154;19;2;2;2;6;0;1;2;1;0;3
27128;86823307;27128;17;1;1;7;2;0;1;1;1;0;2
27129;86823307;27129;16;1;1;1;4;0;1;1;1;0;2
27130;86823307;27130;19;1;1;7;4;0;2;1;1;0;3
27131;86823307;27131;19;1;1;7;6;0;2;1;1;0;3
27132;86823307;27132;71;1;1;7;3;0;0;1;3;0;1
27133;86823307;27133;17;1;1;7;2;0;1;1;1;0;2
27134;86823307;27134;26;1;1;7;1;0;1;1;1;0;2
27135;86823307;27135;17;1;1;7;2;0;1;1;1;0;2
27136;86823307;27136;19;1;2;1;6;1;1;0;2;0;2
27137;86823307;27137;71;1;1;1;6;0;1;1;1;0;2
27138;86823307;27138;19;2;1;7;4;0;1;0;1;0;1
27139;86823307;27139;19;3;1;7;6;0;2;2;1;0;4
27140;86823307;27140;24;1;3;1;2;1;0;1;2;0;2
27141;86823307;27141;19;3;1;4;6;0;1;1;1;0;2
27142;86823307;27142;19;3;1;7;6;0;1;1;1;0;2
27143;86823307;27143;25;1;1;7;6;0;2;1;1;0;3
27144;86823406;27144;17;2;1;7;1;0;1;1;1;0;2
27145;86823406;27145;14;3;3;2;4;0;1;1;1;0;2
27146;86823406;27146;17;1;1;7;2;0;1;1;1;0;2
27147;86823406;27147;17;3;1;7;2;1;0;1;2;0;2
27148;86823406;27148;14;1;1;7;6;0;1;1;1;0;2
27149;86823406;27149;31;1;1;7;4;0;1;1;1;0;2
27150;86823406;27150;17;3;1;7;2;0;1;1;1;0;2
27151;86823406;27151;72;1;1;7;6;0;1;1;1;0;2
27152;86823406;27152;51;3;1;7;6;0;1;0;1;0;1
27153;86823406;27153;81;3;6;1;6;0;1;1;1;0;2
27154;86823406;27154;81;3;2;1;6;1;0;1;2;0;2
27155;86823406;21634;17;1;1;1;2;0;1;1;1;0;2
27156;86823406;27156;19;1;1;7;6;0;1;1;1;0;2
27157;86823503;27157;16;1;4;3;6;0;1;1;1;0;2
27158;86823503;27158;11;3;1;7;6;0;1;2;1;0;3
27159;86823503;27159;16;3;1;7;6;0;1;1;1;0;2
27160;86823503;7701;11;1;1;7;6;0;1;1;1;0;2
27161;86823503;27161;11;3;1;7;6;0;4;1;1;0;5
27162;86823503;27162;16;1;1;7;6;0;2;2;1;0;4
27163;86823503;27163;16;1;1;7;5;0;1;1;1;0;2
27164;86823503;27164;11;3;1;7;6;2;4;1;2;0;7
27165;86823503;27165;16;1;1;7;6;0;1;2;1;0;3
27166;86823503;27166;51;1;1;7;4;0;1;1;1;0;2
27167;86823503;27167;25;1;1;7;6;0;1;1;1;0;2
27168;86823503;27168;12;3;1;7;6;0;2;2;1;0;4
27169;86823503;27169;12;3;1;7;6;0;3;0;1;0;3
27170;86823503;27170;11;3;1;7;6;0;0;1;3;0;1
27171;86823503;27171;14;1;1;7;4;0;1;1;1;0;2
27172;86823503;27172;11;1;3;2;6;0;1;1;1;0;2
27173;86823503;27173;11;3;1;1;6;0;2;0;1;0;2
27174;86823503;27174;64;1;1;7;5;0;2;0;1;0;2
27175;86823503;27175;11;1;1;7;5;1;0;2;2;0;3
27176;86823503;27176;18;1;1;7;4;0;2;1;1;0;3
27177;86823503;27177;11;3;1;7;6;0;2;2;1;0;4
27178;86823503;27178;15;3;1;7;6;0;1;1;1;0;2
27179;86823503;27179;11;2;1;7;4;0;1;1;1;0;2
27180;86823503;27180;11;2;1;7;6;0;1;1;1;0;2
27181;86823503;27181;16;1;1;7;6;0;2;1;1;0;3
27182;86823503;27182;16;3;1;1;6;0;1;2;1;0;3
27183;86823503;27183;16;1;1;7;4;0;1;1;1;0;2
27184;86823503;27184;81;3;1;7;6;0;1;1;1;0;2
27185;86823503;27185;11;3;3;2;3;0;0;1;3;0;1
27186;86823503;27186;17;3;1;7;2;0;1;1;1;0;2
27187;86823503;27187;81;3;1;7;6;1;2;0;3;0;3
27188;86823503;27188;17;1;1;7;2;0;1;2;1;0;3
27189;86823503;27189;11;3;1;7;6;0;1;1;1;0;2
27190;86823503;27190;35;1;1;7;3;0;0;1;3;0;1
27191;86823503;27191;35;1;1;7;3;0;1;2;1;0;3
27192;86823503;27192;81;3;1;7;6;0;2;0;1;0;2
27193;86823503;27193;35;1;1;7;3;0;1;0;1;0;1
27194;86823503;27194;32;1;1;7;8;0;1;1;1;0;2
27195;86823503;27195;11;3;1;7;5;0;3;0;1;0;3
27196;86823503;27196;11;3;7;1;2;0;1;1;1;0;2
27197;86823503;27197;81;3;3;1;6;0;1;1;1;0;2
27198;86823503;27198;51;1;1;7;6;0;1;4;1;0;5
27199;86823503;27199;51;2;1;7;4;0;1;0;1;0;1
27200;86823503;27200;11;3;1;7;6;0;1;1;1;0;2
27201;86823503;27201;18;1;1;7;3;1;0;1;2;0;2
27202;86823505;27202;35;1;1;7;4;0;1;1;1;0;2
27203;86823505;27203;16;3;1;7;5;0;1;1;1;0;2
27204;86824101;27204;71;1;3;1;6;0;1;1;1;0;2
27205;86824102;27205;14;1;1;7;6;0;3;1;1;0;4
27206;86824102;27206;14;1;1;7;6;0;1;1;1;0;2
27207;86824109;27207;72;1;1;7;6;0;1;1;1;0;2
27208;86824204;27208;16;1;1;7;4;0;1;1;1;0;2
27209;86824204;27209;16;1;3;1;3;0;1;1;1;0;2
27210;86824204;27210;71;1;3;2;6;0;1;1;1;0;2
27211;86824204;27211;17;1;1;7;2;0;1;1;1;0;2
27212;86824204;27212;17;3;7;2;2;0;2;1;1;0;3
27213;86824204;27213;17;3;3;2;2;1;0;1;2;0;2
27214;86824204;27214;11;1;1;7;6;0;1;1;1;0;2
27215;86824204;27215;11;1;1;7;2;0;1;1;1;0;2
27216;86824204;27216;35;1;1;7;3;0;1;1;1;0;2
27217;86824204;27217;81;1;1;7;6;0;4;1;1;0;5
27218;86824204;27218;11;3;1;7;6;0;2;7;1;0;9
27219;86824204;27219;11;1;1;7;6;0;1;1;1;0;2
27220;86824204;27220;11;3;1;7;6;0;1;2;1;0;3
27221;86824204;27221;11;1;1;7;6;0;0;1;3;0;1
27222;86824204;27222;81;3;3;1;6;0;1;0;1;0;1
27223;86824204;27223;16;3;1;7;6;0;1;2;1;0;3
27224;86824204;27224;51;2;1;7;6;0;1;1;1;0;2
27225;86824206;27225;99;3;1;7;3;0;1;1;1;0;2
27226;86824206;27226;17;1;2;1;1;0;1;1;1;0;2
27227;86824207;27227;19;1;1;7;4;0;1;1;1;0;2
27228;86824207;27228;51;3;3;1;6;0;1;1;1;0;2
27229;86824207;27229;71;1;1;7;6;0;1;1;1;0;2
27230;86824301;27230;14;3;1;7;4;0;2;1;1;0;3
27231;86824301;27231;14;1;1;7;6;0;1;2;1;0;3
27232;86824301;27232;14;1;1;7;6;0;2;3;1;0;5
27233;86824301;27233;14;3;1;1;6;0;2;1;1;0;3
27234;86824301;27234;19;1;1;7;4;0;2;2;1;0;4
27235;86824301;27235;19;1;1;7;6;0;1;2;1;0;3
27236;86824301;27236;19;3;3;1;6;1;0;1;2;0;2
27237;86824301;13307;19;1;1;7;6;0;3;1;1;0;4
27238;86824301;27238;19;1;1;1;3;0;1;2;1;0;3
27239;86824301;27239;19;3;3;1;6;0;1;1;1;0;2
27240;86824301;27240;19;1;1;7;6;0;2;4;1;0;6
27241;86824301;27241;19;1;1;7;6;0;1;1;1;0;2
27242;86824301;27242;19;1;1;7;6;0;1;2;1;0;3
27243;86824301;27243;19;1;3;1;6;0;1;2;1;0;3
27244;86824404;27244;15;3;3;2;6;0;2;0;1;0;2
27245;86824404;27245;17;1;3;2;2;0;1;1;1;0;2
27246;86824404;27246;15;3;1;7;6;0;2;1;1;0;3
27247;86824404;27247;17;1;3;2;2;0;1;1;1;0;2
27248;86824404;27248;11;1;1;7;6;0;1;1;1;0;2
27249;86824404;27249;17;1;1;7;2;0;1;1;1;0;2
27250;86824404;27250;16;3;1;7;4;1;0;1;2;0;2
27251;86824404;6439;16;1;1;7;6;0;1;2;1;0;3
27252;86824404;27252;16;3;1;7;6;0;1;1;1;0;2
27253;86824404;27253;17;1;1;7;2;0;1;1;1;0;2
27254;86824404;27254;71;1;1;7;6;0;1;1;1;0;2
27255;86824404;27255;51;1;1;7;6;0;1;5;1;0;6
27256;86824404;27256;15;2;1;7;6;0;2;0;1;0;2
27257;86824404;27257;16;1;1;7;6;0;1;1;1;0;2
27258;86824404;27258;17;1;1;7;2;0;2;1;1;0;3
27259;86824404;27259;16;1;1;7;4;0;1;1;1;0;2
27260;86824404;27260;11;3;1;5;6;1;1;6;2;0;8
27261;86824404;27261;11;1;3;1;6;0;1;1;1;0;2
27262;86824404;27262;17;1;1;7;2;1;0;1;2;0;2
27263;86824404;27263;17;3;1;7;2;0;1;0;1;0;1
27264;86824404;27264;51;1;1;7;3;0;1;0;1;0;1
27265;86824404;27265;16;1;1;7;4;0;1;2;1;0;3
27266;86824404;27266;16;1;1;7;4;0;1;1;1;0;2
27267;86824404;27267;16;2;1;7;6;0;1;2;1;0;3
27268;86824404;27268;16;3;1;7;4;0;2;1;1;0;3
27269;86824404;27269;16;1;1;7;4;0;1;1;1;0;2
27270;86824406;27270;72;1;1;7;6;0;2;1;1;0;3
27271;86824406;27271;72;1;3;1;6;0;1;1;1;0;2
27272;86824407;27272;13;1;1;7;6;0;1;1;1;0;2
27273;86824407;27273;17;1;1;7;2;0;1;1;1;0;2
27274;86824407;27274;18;1;1;7;6;0;1;1;1;0;2
27275;86824407;27275;16;1;1;7;6;0;1;3;1;0;4
27276;86824407;27276;13;1;1;7;4;1;0;1;2;0;2
27277;86824407;27277;71;1;1;7;6;0;1;1;1;0;2
27278;86824407;9329;19;1;1;7;4;0;1;1;1;0;2
27279;86824407;27279;13;3;1;7;4;0;1;1;1;0;2
27280;86824407;27280;71;1;3;2;6;0;1;1;1;0;2
27281;86824407;27281;17;1;3;2;2;0;1;1;1;0;2
27282;86824407;27282;17;1;1;7;1;0;1;1;1;0;2
27283;86824407;27283;13;3;1;7;6;0;2;0;1;0;2
27284;86824407;27284;51;1;1;7;2;0;1;1;1;0;2
27285;86824407;27285;51;3;1;7;6;0;1;8;1;0;9
27286;86824502;27286;17;1;1;7;2;0;2;0;1;0;2
27287;86824502;27287;18;1;1;7;4;0;1;1;1;0;2
27288;86824502;27288;17;1;1;7;2;0;1;1;1;0;2
27289;86824502;27289;17;1;1;7;2;0;1;1;1;0;2
27290;86824502;27290;17;1;1;7;2;0;1;1;1;0;2
27291;86824502;27291;17;3;1;7;1;0;1;1;1;0;2
27292;86824502;27292;18;1;1;7;4;0;1;1;1;0;2
27293;86824502;27293;18;1;1;7;6;0;1;0;1;0;1
27294;86824502;27294;17;3;1;7;2;0;1;0;1;0;1
27295;86824502;27295;16;1;1;7;4;0;1;1;1;0;2
27296;86824502;27296;18;1;1;7;7;0;1;1;1;0;2
27297;86824502;27297;17;1;1;7;2;0;1;1;1;0;2
27298;86824502;27298;17;2;1;7;2;0;1;1;1;0;2
27299;86824502;27299;17;1;1;7;2;0;1;1;1;0;2
27300;86824503;27300;41;1;1;7;6;0;1;1;1;0;2
27301;86824504;27301;19;1;1;7;6;0;1;1;1;0;2
27302;86824504;27302;72;2;3;1;6;0;1;1;1;0;2
27303;86824505;5585;17;3;3;2;2;0;1;1;1;0;2
27304;86824505;27304;18;1;1;7;3;0;1;1;1;0;2
27305;86824505;27305;19;2;2;1;3;0;1;1;1;0;2
27306;86824505;27306;17;1;1;7;2;0;1;1;1;0;2
27307;86824509;27307;81;3;1;7;3;0;1;1;1;0;2
27308;86825101;27308;18;1;1;7;4;0;1;1;1;0;2