accident_id;lieu_id;date_id;cause_id;lum_id;intemp_id;etat_surface_id;impliq_id;nb_blesses_graves;nb_blesses_legers;nb_indemnes;gravite;nb_morts;nb_impliqués
28143;86845105;28143;41;1;1;7;6;0;1;1;1;0;2
28144;86845105;28144;41;3;1;7;6;0;4;0;1;0;4
28145;86845105;28145;72;3;1;7;6;1;0;1;2;0;2
28146;86845105;28146;41;1;1;7;6;0;1;1;1;0;2
28147;86845105;28147;13;1;1;7;6;0;1;1;1;0;2
28148;86845105;28148;13;1;1;7;4;0;1;1;1;0;2
28149;86845105;28149;13;1;1;7;6;0;1;1;1;0;2
28150;86845105;28150;13;1;1;7;3;0;1;1;1;0;2
28151;86845105;28151;13;3;4;4;6;0;1;1;1;0;2
28152;86845105;28152;13;1;1;7;4;0;1;1;1;0;2
28153;86845105;28153;41;1;1;7;6;2;3;0;2;0;5
28154;86845106;19317;17;1;1;7;2;0;1;0;1;0;1
28155;86845301;28155;14;1;3;1;6;0;3;4;1;0;7
28156;86845301;28156;14;1;1;7;6;0;1;1;1;0;2
28157;86845505;28157;36;1;1;7;3;1;0;1;2;0;2
28158;86845505;28158;18;1;1;7;4;0;1;1;1;0;2
28159;86846101;28159;16;1;3;2;4;0;1;1;1;0;2
28160;86846101;28160;18;1;6;7;4;0;1;1;1;0;2
28161;86846101;28161;19;1;1;7;4;0;1;1;1;0;2
28162;86846101;28162;51;3;1;7;6;0;2;1;1;0;3
28163;86846201;28163;19;1;1;7;6;0;1;1;1;0;2
28164;86846201;28164;19;1;1;7;4;0;1;1;1;0;2
28165;86846201;28165;19;1;1;7;4;0;1;1;1;0;2
28166;86846201;28166;19;3;1;7;6;0;1;0;1;0;1
28167;86846201;28167;19;1;1;7;3;0;1;1;1;0;2
28168;86846201;28168;19;1;1;7;6;0;1;1;1;0;2
28169;86846201;28169;17;1;3;1;2;0;1;1;1;0;2
28170;86846201;28170;19;3;1;7;6;1;2;0;2;0;3
28171;86846201;11025;19;1;1;7;6;0;2;1;1;0;3
28172;86846201;28172;19;1;1;7;6;0;1;1;1;0;2
28173;86846203;28173;19;3;1;1;6;0;1;2;1;0;3
28174;86846205;28174;19;1;3;1;4;0;1;1;1;0;2
28175;86846505;28175;11;1;1;7;6;0;1;1;1;0;2
28176;86846505;28176;51;1;1;1;6;0;2;0;1;0;2
28177;86846505;28177;51;3;1;7;6;0;2;0;1;0;2
28178;86846505;28178;16;1;1;7;6;0;1;1;1;0;2
28179;86846505;28179;36;1;3;1;3;0;1;1;1;0;2
28180;86846505;28180;16;1;1;7;6;0;1;1;1;0;2
28181;86846505;28181;18;1;1;7;6;0;1;1;1;0;2
28182;86847112;28182;73;1;1;7;6;1;0;1;2;0;2
28183;86847113;28183;21;3;1;7;6;1;0;1;2;0;2
28184;86847113;28184;17;3;1;7;2;0;2;1;1;0;3
28185;86847113;28185;51;1;1;7;4;0;1;1;1;0;2
28186;86847205;28186;14;2;1;7;6;0;1;1;1;0;2
28187;86847205;28187;63;2;1;7;4;0;1;1;1;0;2
28188;86847303;17628;17;3;3;1;2;0;2;0;1;0;2
28189;86847403;28189;19;3;7;2;6;0;1;1;1;0;2
28190;86847403;28190;71;1;1;7;6;0;1;1;1;0;2
28191;86847403;28191;51;1;1;7;6;0;2;0;3;0;2
28192;86847406;28192;11;3;3;2;5;1;0;1;2;0;2
28193;86847406;28193;16;1;3;2;6;0;1;2;1;0;3
28194;86847406;28194;11;1;1;7;6;1;0;1;2;0;2
28195;86847406;28195;51;3;1;7;3;0;1;1;1;0;2
28196;86847406;28196;11;3;3;1;6;0;1;1;1;0;2
28197;86847406;28197;16;1;1;7;4;0;1;1;1;0;2
28198;86847406;28198;51;1;1;7;6;0;1;0;1;0;1
28199;86847406;7161;11;1;3;2;6;0;1;0;1;0;1
28200;86847406;28200;11;1;1;7;6;1;1;0;2;0;2
28201;86847406;28201;71;3;3;1;6;0;1;1;1;0;2
28202;86847406;28202;11;1;1;7;6;0;1;1;1;0;2
28203;86847406;28203;11;1;1;7;4;0;1;0;1;0;1
28204;86847406;28204;11;2;1;7;6;0;2;2;1;0;4
28205;86851105;28205;52;3;1;7;0;0;1;0;1;0;1
28206;86851106;28206;75;1;1;7;6;0;1;1;1;0;2
28207;86851109;28207;14;1;1;7;4;0;1;1;1;0;2
28208;86851109;28208;14;1;1;7;6;0;1;1;1;0;2
28209;86851109;28209;14;1;1;7;6;0;1;1;1;0;2
28210;86851201;28210;16;3;2;2;6;0;1;1;1;0;2
28211;86851202;28211;17;1;1;7;2;0;2;1;1;0;3
28212;86851202;28212;13;3;1;7;3;0;1;1;1;0;2
28213;86851202;28213;31;3;1;7;4;0;2;1;1;0;3
28214;86851203;28214;52;3;1;1;0;0;2;0;1;0;2
28215;86851203;28215;13;3;1;7;5;0;1;1;1;0;2
28216;86851203;28216;24;1;1;7;2;0;2;1;1;0;3
28217;86851206;28217;21;1;1;7;4;1;0;1;2;0;2
28218;86851206;28218;52;3;1;7;6;0;1;1;1;0;2
28219;86851206;28219;15;3;1;7;6;0;1;1;1;0;2
28220;86851206;28220;15;3;1;7;6;0;1;1;1;0;2
28221;86851307;28221;11;3;1;7;5;1;0;1;2;0;2
28222;86851307;28222;51;1;3;2;3;0;0;1;3;0;1
28223;86851307;28223;11;3;1;1;6;0;1;3;1;0;4
28224;86851307;28224;14;3;3;1;6;0;1;0;1;0;1
28225;86851307;28225;15;3;3;1;4;0;1;1;1;0;2
28226;86851307;28226;15;3;1;7;6;0;1;1;1;0;2
28227;86851307;28227;14;3;1;7;6;0;2;2;1;0;4
28228;86851307;28228;51;1;1;7;6;0;2;0;1;0;2
28229;86851307;28229;11;1;1;7;6;0;1;0;1;0;1
28230;86851307;28230;17;1;1;7;2;0;1;1;1;0;2
28231;86851307;28231;17;1;1;7;2;0;1;1;1;0;2
28232;86851312;28232;32;3;3;2;6;0;1;1;1;0;2
28233;86851502;28233;20;1;1;7;6;0;1;1;1;0;2
28234;86852204;28234;41;3;1;1;6;0;1;1;1;0;2
28235;86852204;28235;14;1;1;7;6;0;2;0;1;0;2
28236;86852204;28236;14;1;1;1;6;0;2;1;1;0;3
28237;86852204;28237;14;1;3;1;6;0;1;1;1;0;2
28238;86852204;28238;14;1;1;7;6;0;1;2;1;0;3
28239;86852205;9903;19;1;1;7;3;0;1;1;1;0;2
28240;86852301;28240;13;1;1;7;6;0;4;0;1;0;4
28241;86852301;28241;13;1;1;1;6;0;1;1;1;0;2
28242;86852301;28242;13;3;1;7;6;0;1;1;1;0;2
28243;86852301;28243;18;1;3;1;6;0;1;1;1;0;2
28244;86852301;28244;12;3;3;1;6;0;2;5;1;0;7
28245;86852302;28245;71;1;1;7;6;0;1;1;1;0;2
28246;86852402;28246;13;3;1;7;6;0;1;1;1;0;2
28247;86853104;28247;31;3;3;1;4;0;1;1;1;0;2
28248;86853106;28248;77;3;3;1;8;1;0;0;2;0;1
28249;86853106;28249;14;3;2;1;6;0;4;1;1;0;5
28250;86853201;28250;64;1;1;7;3;0;1;1;1;0;2
28251;86853204;28251;16;1;3;1;4;0;1;1;1;0;2
28252;86853212;28252;52;3;1;7;6;0;1;1;1;0;2
28253;86853212;28253;16;1;1;7;4;0;1;0;1;0;1
28254;86853406;28254;16;1;1;7;4;0;1;0;1;0;1
28255;86854206;28255;19;1;1;7;6;0;1;2;1;0;3
28256;86854513;28256;16;1;1;7;5;0;1;1;1;0;2
28257;86855103;28257;71;1;1;7;6;0;1;1;1;0;2
28258;86855103;28258;51;1;3;1;3;0;1;1;1;0;2
28259;86855106;28259;17;1;1;7;2;0;1;1;1;0;2
28260;86855106;28260;19;1;1;7;6;1;0;1;2;0;2
28261;86855106;28261;19;3;1;1;3;1;0;1;2;0;2
28262;86855106;28262;19;1;1;7;6;0;2;0;1;0;2
28263;86855106;28263;32;2;1;7;6;1;0;1;2;0;2
28264;86855106;28264;19;1;4;3;6;0;1;1;1;0;2
28265;86855106;28265;72;3;1;7;6;0;1;1;1;0;2
28266;86855106;28266;16;1;3;1;6;0;1;1;1;0;2
28267;86855201;28267;85;3;1;1;6;1;1;1;2;0;3
28268;86855201;28268;13;1;1;7;4;0;1;1;1;0;2
28269;86855201;28269;23;1;1;7;6;0;2;0;1;0;2
28270;86855201;28270;14;1;1;7;6;0;2;0;1;0;2
28271;86855201;28271;14;1;1;7;7;1;0;1;3;0;2
28272;86855201;28272;14;1;1;7;6;0;1;1;1;0;2
28273;86855201;28273;14;3;3;1;6;0;2;0;1;0;2
28274;86855201;28274;14;1;1;7;6;1;0;0;2;0;1
28275;86855201;28275;14;1;2;1;6;0;2;0;1;0;2
28276;86855201;28276;14;1;1;7;6;0;1;1;1;0;2
28277;86855201;28277;14;3;1;7;6;0;6;1;1;0;7
28278;86855201;28278;14;1;1;7;6;0;1;2;1;0;3
28279;86855201;28279;14;1;1;7;6;0;1;2;1;0;3
28280;86855201;28280;14;1;1;7;6;0;3;4;1;0;7
28281;86855201;28281;14;1;3;1;3;0;1;1;1;0;2
28282;86855201;28282;14;1;1;7;6;0;2;0;1;0;2
28283;86855201;28283;14;1;1;7;6;0;1;1;1;0;2
28284;86855202;5572;21;1;1;7;6;0;1;1;1;0;2
28285;86855502;28285;14;1;1;2;4;0;1;1;1;0;2
28286;86855502;28286;16;1;3;1;6;0;1;1;1;0;2
28287;86855502;28287;35;1;1;7;3;0;1;1;1;0;2
28288;86855502;28288;14;1;1;1;6;0;1;1;1;0;2
28289;86855502;28289;99;1;1;7;4;0;1;0;1;0;1
28290;86855502;28290;14;1;1;7;4;0;1;1;1;0;2
28291;86855502;28291;16;3;1;1;6;0;1;1;1;0;2
28292;86856205;28292;18;1;1;7;6;0;1;1;1;0;2
28293;86856301;28293;14;1;1;7;6;0;1;3;1;0;4
28294;86856301;28294;16;1;1;7;5;0;1;1;1;0;2
28295;86856302;28295;71;1;1;7;6;0;1;1;1;0;2
28296;86856403;28296;14;1;1;7;6;0;2;1;1;0;3
28297;86857102;28297;19;1;1;7;6;1;0;1;2;0;2
28298;86857102;28298;71;1;1;7;6;0;1;1;1;0;2
28299;86857103;28299;18;1;1;7;5;0;3;0;1;0;3
28300;86857107;28300;19;1;1;7;4;0;1;1;1;0;2
28301;86857107;28301;71;1;1;7;6;0;1;1;1;0;2
28302;86857107;28302;41;1;3;1;6;2;3;0;2;0;5
28303;86857107;28303;16;3;1;7;6;0;1;1;1;0;2
28304;86857110;28304;52;1;1;7;0;1;0;0;2;0;1
28305;86857110;28305;71;3;3;1;6;0;1;1;1;0;2
28306;86857110;28306;16;1;1;7;6;0;1;2;1;0;3
28307;86857110;28307;19;4;1;7;6;0;2;0;1;0;2
28308;86857110;28308;51;3;1;7;6;0;8;1;1;0;9
28309;86857110;28309;19;3;1;7;7;0;1;5;1;0;6
28310;86857110;28310;19;1;1;7;6;0;2;1;1;0;3
28311;86857110;28311;19;3;1;7;6;0;1;2;1;0;3
28312;86857110;28312;19;3;3;1;6;0;1;1;1;0;2
28313;86857110;28313;19;3;1;7;6;0;3;0;1;0;3
28314;86857110;28314;19;1;1;7;5;0;1;2;1;0;3
28315;86857110;28315;19;2;1;7;6;0;1;2;1;0;3
28316;86857110;28316;19;1;1;7;6;0;1;0;1;0;1
28317;86857110;28317;19;1;1;7;4;0;1;1;1;0;2
28318;86857110;28318;19;3;1;7;6;0;1;1;1;0;2
28319;86857110;28319;18;1;1;7;6;0;1;2;1;0;3
28320;86857201;28320;16;1;1;7;4;1;0;1;2;0;2
28321;86857201;28321;63;1;3;2;6;0;2;0;1;0;2
28322;86857401;28322;14;1;1;7;6;1;0;1;2;0;2
28323;86857403;28323;18;1;1;7;4;0;1;2;1;0;3
28324;86861101;28324;16;3;1;7;4;1;0;1;2;0;2
28325;86861101;28325;51;1;1;7;6;0;1;1;1;0;2
28326;86861304;28326;14;1;1;7;6;0;1;1;1;0;2
28327;86861304;28327;71;1;1;7;6;0;1;1;1;0;2
28328;86861304;28328;16;3;1;4;6;0;1;0;1;0;1
28329;86861307;28329;16;1;1;7;6;0;1;1;1;0;2
28330;86862201;28330;21;1;1;7;4;0;1;1;1;0;2
28331;86862201;28331;81;3;1;7;0;1;0;0;2;0;1
28332;86862202;28332;11;2;1;7;4;0;2;0;1;0;2
28333;86862202;28333;81;3;1;7;0;0;2;0;1;0;2
28334;86862202;28334;16;1;1;7;5;1;0;1;2;0;2
28335;86862202;28335;16;1;1;7;3;0;2;1;1;0;3
28336;86862202;28336;81;3;1;7;0;1;0;0;2;0;1
28337;86862202;28337;51;1;1;7;6;0;1;1;1;0;2
28338;86862202;28338;51;1;1;7;6;0;1;0;1;0;1
28339;86862202;28339;61;1;1;7;6;0;4;0;1;0;4
28340;86862204;28340;14;1;1;7;5;0;1;1;1;0;2
28341;86862302;28341;16;1;1;7;6;0;2;1;1;0;3
28342;86862302;28342;18;3;1;7;6;0;1;2;1;0;3
28343;86862302;28343;11;1;1;1;6;1;0;1;2;0;2
28344;86862302;28344;11;1;1;7;6;0;1;1;1;0;2
28345;86862302;28345;31;1;1;7;3;0;1;1;1;0;2
28346;86862302;28346;11;1;1;7;6;0;1;1;1;0;2
28347;86862302;28347;16;1;3;1;6;0;1;1;1;0;2
28348;86862302;28348;11;1;1;7;2;1;0;1;2;0;2
28349;86862302;28349;16;1;3;2;6;0;1;1;1;0;2
28350;86862302;28350;81;1;1;7;0;0;1;0;1;0;1
28351;86862302;28351;11;1;1;7;4;0;1;1;1;0;2
28352;86862302;28352;11;1;1;7;6;0;1;1;1;0;2
28353;86862302;28353;11;1;1;7;6;0;1;1;1;0;2
28354;86862302;28354;16;1;1;7;6;0;1;1;1;0;2
28355;86862302;28355;11;1;1;7;6;0;2;1;1;0;3
28356;86862302;28356;11;3;3;1;6;0;2;0;1;0;2
28357;86862302;28357;16;1;1;7;6;0;1;1;1;0;2
28358;86862302;28358;15;3;1;7;6;0;3;0;1;0;3
28359;86862302;28359;15;1;1;7;6;0;1;1;1;0;2
28360;86862302;28360;11;1;3;1;6;0;1;1;1;0;2
28361;86862302;28361;11;1;3;1;6;1;1;0;2;0;2
28362;86862302;28362;51;1;1;7;3;0;1;1;1;0;2
28363;86862302;28363;16;1;1;7;5;1;0;1;2;0;2
28364;86862302;28364;11;1;3;1;6;0;3;0;1;0;3
28365;86862302;28365;23;1;1;7;6;0;1;2;1;0;3
28366;86862501;28366;12;1;1;7;6;0;1;1;1;0;2
28367;86862504;28367;51;1;1;7;6;0;2;0;1;0;2
28368;86862504;28368;13;1;1;2;6;0;1;0;1;0;1
28369;86862504;28369;16;1;3;2;4;0;1;1;1;0;2
28370;86862504;28370;13;1;1;1;6;1;0;1;2;0;2
28371;86862504;28371;23;1;1;7;4;0;1;1;1;0;2
28372;86862504;28372;17;1;1;1;2;1;2;1;2;0;4
28373;86862504;28373;11;1;1;7;6;0;1;1;1;0;2
28374;86863303;28374;13;1;3;2;6;0;1;1;1;0;2
28375;86863303;28375;81;1;1;7;6;0;2;0;1;0;2
28376;86863303;28376;17;1;1;7;2;0;1;1;1;0;2
28377;86863303;28377;13;3;1;7;6;0;2;0;1;0;2
28378;86863303;28378;81;3;1;1;6;0;2;0;1;0;2
28379;86863303;28379;13;3;1;1;6;0;1;2;1;0;3
28380;86863303;28380;13;3;1;7;6;0;4;0;1;0;4
28381;86863303;28381;13;1;1;7;6;0;1;2;1;0;3
28382;86863303;28382;13;3;3;1;6;0;4;0;1;0;4
28383;86863303;28383;13;1;1;7;6;0;1;2;1;0;3
28384;86863303;28384;13;1;1;7;6;0;1;1;1;0;2
28385;86863303;28385;13;3;1;1;6;0;2;2;1;0;4
28386;86863401;28386;21;1;1;7;4;0;1;1;1;0;2
28387;86863401;21546;14;3;1;7;6;0;1;1;1;0;2
28388;86863401;28388;19;1;1;7;7;0;2;0;1;0;2
28389;86863401;28389;14;3;3;2;6;0;6;0;1;0;6
28390;86863401;28390;19;1;1;7;6;1;0;1;2;0;2
28391;86863401;28391;19;1;1;7;6;0;1;1;1;0;2
28392;86863401;28392;19;1;1;7;6;0;2;1;1;0;3
28393;86863401;28393;19;3;1;7;6;0;6;0;1;0;6
28394;86863401;28394;19;2;3;1;3;0;1;1;1;0;2
28395;86863401;28395;19;1;1;7;6;0;2;0;1;0;2
28396;86863401;28396;19;3;1;1;6;0;1;1;1;0;2
28397;86863401;28397;19;1;1;1;6;0;1;1;1;0;2
28398;86863401;28398;52;2;1;7;0;0;1;0;1;0;1
28399;86863401;28399;19;1;1;7;6;0;1;1;1;0;2
28400;86863401;28400;19;1;1;7;6;0;3;1;1;0;4
28401;86863401;28401;19;3;3;1;6;0;1;1;1;0;2
28402;86863401;28402;19;1;3;1;4;0;1;1;1;0;2
28403;86863401;28403;16;1;3;1;6;1;0;1;2;0;2
28404;86863401;28404;13;1;1;7;4;0;1;1;1;0;2
28405;86863401;28405;81;3;3;1;6;0;1;0;1;0;1
28406;86863401;28406;16;1;3;1;6;0;1;0;1;0;1
28407;86864203;28407;17;1;1;7;2;1;0;1;2;0;2
28408;86864203;28408;41;1;1;7;2;0;1;1;1;0;2
28409;86864203;28409;51;1;1;7;6;0;2;1;1;0;3
28410;86865104;28410;19;3;1;7;6;0;1;1;1;0;2
28411;86865202;17227;72;3;1;7;6;0;1;1;1;0;2
28412;86865202;28412;19;1;1;7;6;0;1;1;1;0;2
28413;86865202;28413;32;1;1;7;4;0;1;1;1;0;2
28414;86865303;28414;14;1;1;7;6;0;1;1;1;0;2
28415;86865304;28415;17;1;1;7;2;0;1;1;1;0;2
28416;86865308;28416;21;1;1;7;6;0;2;0;1;0;2
28417;86865310;28417;14;3;1;7;5;1;0;3;2;0;4
28418;86865310;28418;52;1;1;7;2;0;2;1;1;0;3
28419;86865501;28419;22;1;1;7;6;0;1;1;1;0;2
28420;86871109;28420;17;1;1;7;2;1;0;1;2;0;2
28421;86871201;28421;17;3;1;7;2;0;1;1;1;0;2
28422;86871201;28422;17;1;1;7;2;0;1;1;1;0;2
28423;86871202;28423;17;5;3;1;2;1;0;1;2;0;2
28424;86871202;28424;71;1;1;7;6;1;0;1;2;0;2
28425;86871202;28425;17;1;1;7;2;0;1;1;1;0;2
28426;86871205;28426;17;1;1;7;1;0;1;1;1;0;2
28427;86871205;28427;17;1;1;1;2;0;1;1;1;0;2
28428;86871205;28428;13;2;6;2;4;0;1;0;1;0;1
28429;86871205;28429;71;1;1;7;6;0;1;1;1;0;2
28430;86871205;28430;13;1;1;7;6;0;1;1;1;0;2
28431;86871205;2084;17;1;1;7;1;0;1;1;1;0;2
28432;86871205;28432;65;1;1;7;4;0;1;2;1;0;3
28433;86871205;28433;17;1;1;7;2;0;1;1;1;0;2
28434;86871205;28434;81;3;1;7;0;0;1;0;1;0;1
28435;86871205;28435;17;1;1;1;1;0;1;1;1;0;2
28436;86871205;28436;52;1;1;7;0;1;1;0;2;0;2
28437;86871207;28437;13;1;1;7;4;0;1;1;1;0;2
28438;86871210;28438;25;1;1;7;6;0;1;1;1;0;2
28439;86871303;28439;19;1;1;7;6;0;2;0;1;0;2
28440;86871303;28440;19;1;1;7;6;0;1;1;1;0;2
28441;86871303;28441;19;2;1;7;6;0;2;0;1;0;2
28442;86871303;28442;19;1;1;1;6;0;2;0;1;0;2
28443;86871303;28443;52;1;3;2;0;0;1;1;1;0;2
28444;86871303;28444;19;1;1;7;6;0;1;1;1;0;2
28445;86871303;28445;19;1;1;7;6;0;1;1;1;0;2
28446;86871303;28446;19;1;3;2;6;0;2;0;1;0;2
28447;86871303;28447;81;3;1;7;6;0;4;0;1;0;4
28448;86871303;28448;19;1;1;7;6;0;1;1;1;0;2
28449;86871303;28449;19;1;1;7;6;0;1;1;1;0;2
28450;86871303;28450;19;1;1;7;6;0;1;1;1;0;2
28451;86871303;28451;13;1;1;7;4;0;1;1;1;0;2
28452;86871402;28452;17;1;3;1;1;0;1;1;1;0;2
28453;86871402;28453;73;1;1;7;6;1;0;1;2;0;2
28454;86871503;23046;72;1;1;7;6;0;1;1;1;0;2
28455;86871503;3432;14;1;1;1;6;0;1;1;1;0;2
28456;86871503;28456;14;1;2;1;6;1;0;1;2;0;2
28457;86871504;28457;51;1;1;7;6;0;1;1;1;0;2
28458;86872108;28458;21;1;1;7;6;0;1;1;1;0;2
28459;86872210;28459;17;1;1;7;1;0;1;1;1;0;2
28460;86872210;28460;13;1;1;7;6;0;1;1;1;0;2
28461;86872303;28461;11;1;3;2;6;0;1;1;1;0;2
28462;86872303;28462;11;1;1;7;6;1;0;1;2;0;2
28463;86872303;28463;32;1;1;7;3;0;1;1;1;0;2
28464;86872303;28464;17;1;1;7;2;1;0;1;2;0;2
28465;86872303;28465;11;1;1;7;6;0;1;1;1;0;2
28466;86872303;28466;11;1;1;7;6;1;0;1;2;0;2
28467;86872303;28467;16;3;1;1;6;0;4;0;1;0;4
28468;86872303;28468;16;1;1;7;4;0;1;1;1;0;2
28469;86872303;28469;11;1;1;7;6;0;1;1;1;0;2
28470;86872303;28470;18;1;1;7;6;0;1;1;1;0;2
28471;86872303;28471;51;2;1;7;6;0;1;1;1;0;2
28472;86872303;28472;11;1;1;7;6;1;0;1;2;0;2
28473;86872303;28473;11;1;1;7;6;0;3;0;1;0;3
28474;86872303;28474;52;1;1;7;9;1;2;1;2;0;4
28475;86872303;28475;17;2;1;7;2;0;1;1;1;0;2
28476;86872303;28476;17;3;3;1;2;0;1;1;1;0;2
28477;86872303;28477;16;1;1;7;4;0;1;1;1;0;2
28478;86872303;28478;14;1;1;1;6;0;1;1;1;0;2
28479;86872303;28479;81;3;1;7;6;1;2;0;2;0;3
28480;86872303;28480;11;3;6;1;6;0;3;0;1;0;3
28481;86872303;28481;35;1;1;7;3;0;1;1;1;0;2
28482;86872303;28482;11;3;3;1;6;0;1;1;1;0;2
28483;86872303;28483;23;1;1;7;6;0;1;1;1;0;2
28484;86872303;28484;16;2;3;1;7;0;3;1;1;0;4
28485;86872305;28485;31;1;1;7;6;0;1;1;1;0;2
28486;86872503;28486;85;3;1;1;6;0;1;1;1;0;2
28487;86872503;28487;21;3;1;1;5;1;0;1;2;0;2
28488;86872508;28488;14;5;3;1;6;1;0;1;2;0;2
28489;86873203;28489;71;3;1;1;6;0;1;1;1;0;2
28490;86873203;28490;72;1;1;7;6;0;1;1;1;0;2
28491;86873203;28491;51;1;1;7;6;0;1;1;1;0;2
28492;86873203;28492;13;1;1;7;6;1;0;1;2;0;2
28493;86873203;28493;13;3;2;2;6;0;1;1;1;0;2
28494;86873203;28494;13;3;4;3;6;1;1;0;2;0;2
28495;86873203;28495;81;3;1;7;0;1;1;0;2;0;2
28496;86873203;28496;52;1;1;7;0;0;1;0;1;0;1
28497;86873203;28497;71;3;1;1;6;1;0;1;2;0;2
28498;86873203;28498;13;1;1;7;6;0;1;1;1;0;2
28499;86873203;28499;52;3;3;1;0;0;1;0;1;0;1
28500;86873203;28500;13;3;1;7;6;0;1;1;1;0;2
28501;86873203;28501;51;1;3;1;6;0;1;1;1;0;2
28502;86873203;28502;51;1;1;7;3;0;1;1;1;0;2
28503;86873203;28503;86;1;3;1;6;0;2;0;1;0;2
28504;86873303;28504;18;3;1;7;5;1;0;1;2;0;2
28505;86873404;28505;72;1;2;2;7;0;0;1;3;0;1
28506;86873404;28506;13;3;3;1;6;0;1;2;1;0;3
28507;86873404;21484;13;1;2;2;6;0;1;2;1;0;3
28508;86873404;28508;13;3;1;1;4;0;1;1;1;0;2
28509;86873404;28509;13;1;1;1;6;0;1;1;1;0;2
28510;86873404;28510;31;1;1;7;4;0;1;1;1;0;2
28511;86873404;28511;16;1;1;1;3;0;1;1;1;0;2
28512;86873404;28512;16;1;1;1;4;0;1;1;1;0;2
28513;86873404;28513;13;1;2;1;6;0;2;0;1;0;2
28514;86874203;28514;14;1;2;2;3;0;1;1;1;0;2
28515;86874203;28515;21;1;1;7;6;0;1;1;1;0;2
28516;86874203;28516;14;1;3;1;6;0;1;1;1;0;2
28517;86874301;28517;14;1;1;7;6;0;1;0;1;0;1
28518;86874307;28518;21;2;2;1;6;0;2;4;1;0;6
28519;86874403;28519;52;1;1;7;8;1;0;1;2;0;2
28520;86874406;28520;86;1;1;7;2;1;0;1;2;0;2
28521;86874406;28521;81;3;3;2;0;0;1;1;1;0;2
28522;86874406;28522;71;1;3;2;6;0;1;1;1;0;2
28523;86874406;28523;71;1;1;7;6;0;1;1;1;0;2
28524;86874406;28524;13;1;1;1;4;0;1;1;1;0;2
28525;86874406;28525;51;1;1;7;3;0;1;1;1;0;2
28526;86875402;28526;21;1;1;7;4;0;1;1;1;0;2
28527;86875402;28527;63;1;1;7;5;0;1;1;1;0;2
28528;86875403;28528;14;1;1;7;3;1;0;1;2;0;2
28529;86875505;28529;17;2;4;2;1;1;0;1;2;0;2
28530;86875505;28530;13;1;2;1;5;0;1;1;1;0;2
28531;86875506;28531;19;1;3;2;3;0;1;1;1;0;2
28532;86875506;28532;19;1;2;1;6;2;1;0;2;0;3
28533;86875506;28533;19;1;1;7;6;0;1;0;1;0;1
28534;86875507;28534;17;1;1;7;2;0;1;1;1;0;2
28535;86875508;28535;41;1;1;7;6;0;1;1;1;0;2
28536;86875508;28536;51;1;1;7;6;0;1;1;1;0;2
28537;86875509;28537;81;1;1;7;6;0;1;1;1;0;2
28538;86876202;28538;18;1;1;7;6;0;1;1;1;0;2
28539;86876206;28539;19;1;1;7;6;0;1;1;1;0;2
28540;86876206;5964;19;1;1;1;6;0;1;1;1;0;2
28541;86876206;28541;19;1;1;7;6;0;2;0;1;0;2
28542;86876206;28542;18;1;1;7;5;0;1;1;1;0;2
28543;86876303;28543;19;2;1;7;6;0;1;1;1;0;2
28544;86876303;28544;19;3;1;1;4;0;1;1;1;0;2
28545;86876308;28545;52;1;1;7;6;0;2;0;1;0;2
28546;86876404;28546;72;1;1;7;6;0;1;0;1;0;1
28547;86876409;28547;52;3;3;2;0;1;0;2;2;0;3
28548;86876501;28548;13;3;3;1;4;0;1;1;1;0;2
28549;86876502;28549;71;1;1;7;6;0;1;1;1;0;2
28550;86876503;28550;31;1;1;7;4;0;2;1;1;0;3
28551;86876503;28551;71;1;1;1;6;0;1;2;1;0;3
28552;86876503;28552;52;1;3;1;2;0;1;1;1;0;2
28553;86876503;28553;16;1;1;7;6;0;2;0;1;0;2
28554;86881112;28554;14;1;1;7;6;0;1;1;1;0;2
28555;86881114;28555;14;1;6;1;6;0;1;1;1;0;2
28556;86881301;28556;72;1;1;7;6;0;0;1;3;0;1
28557;86881312;28557;23;1;1;7;5;0;1;1;1;0;2
28558;86881312;28558;14;1;1;7;5;0;2;2;1;0;4
28559;86881312;28559;14;3;1;7;6;0;1;1;1;0;2