accident_id;lieu_id;date_id;cause_id;lum_id;intemp_id;etat_surface_id;impliq_id;nb_blesses_graves;nb_blesses_legers;nb_indemnes;gravite;nb_morts;nb_impliqués
28560;86881312;28560;14;1;1;7;4;0;1;1;1;0;2
28561;86881401;28561;72;3;3;2;6;0;1;2;1;0;3
28562;86881401;28562;86;1;1;7;3;0;1;1;1;0;2
28563;86881401;28563;14;3;3;1;6;0;1;1;1;0;2
28564;86881405;28564;72;1;1;7;6;0;1;1;1;0;2
28565;86881501;28565;52;1;1;7;0;0;2;0;1;0;2
28566;86881501;28566;14;1;1;7;6;0;2;0;1;0;2
28567;86881501;28567;14;1;1;7;6;0;1;1;1;0;2
28568;86882310;28568;51;3;4;4;6;0;1;1;1;0;2
28569;86882310;28569;16;3;3;2;3;0;1;1;1;0;2
28570;86882310;28570;31;1;1;7;4;0;1;1;1;0;2
28571;86882310;28571;14;1;3;1;6;0;1;1;1;0;2
28572;86883101;28572;51;1;1;7;6;0;1;1;1;0;2
28573;86883101;28573;17;1;1;7;1;0;1;1;1;0;2
28574;86883104;28574;16;3;1;1;4;0;1;1;1;0;2
28575;86883115;28575;31;1;1;7;4;0;1;1;1;0;2
28576;86883115;28576;16;1;1;7;5;0;1;1;1;0;2
28577;86883120;23181;14;1;1;1;6;0;1;1;1;0;2
28578;86883201;28578;52;3;4;4;0;0;1;0;1;0;1
28579;86883201;23225;64;1;1;7;6;0;1;1;1;0;2
28580;86883201;28580;21;1;1;7;6;0;1;2;1;0;3
28581;86883201;28581;81;3;6;1;0;0;1;0;1;0;1
28582;86883201;28582;51;1;1;7;3;0;1;1;1;0;2
28583;86883301;28583;14;1;1;7;4;0;1;1;1;0;2
28584;86883309;28584;71;1;1;1;7;0;0;1;3;0;1
28585;86883309;28585;17;2;1;1;1;0;1;1;1;0;2
28586;86884101;28586;14;1;1;7;3;1;0;1;2;0;2
28587;86884101;28587;81;2;1;7;2;0;1;1;1;0;2
28588;86884103;24661;51;1;1;7;3;0;1;1;1;0;2
28589;86884103;28589;51;3;1;7;3;0;1;1;1;0;2
28590;86884106;28590;16;3;1;7;4;1;1;1;2;0;3
28591;86892203;28591;31;1;1;7;6;0;1;1;1;0;2
28592;86892203;28592;25;1;1;7;6;0;1;2;1;0;3
28593;87721508;6718;21;1;1;7;3;0;1;1;1;0;2
28594;87725214;28594;72;1;1;1;6;0;1;1;1;0;2
28595;87732501;28595;13;1;3;2;4;1;0;1;2;0;2
28596;87732501;28596;13;3;1;7;6;0;2;1;1;0;3
28597;87735404;28597;85;3;3;1;6;0;1;0;1;0;1
28598;87751303;28598;81;3;3;2;6;1;2;1;2;0;4
28599;87781105;28599;31;3;3;1;6;0;1;1;1;0;2
28600;87791303;28600;17;1;1;7;1;1;0;1;2;0;2
28601;87791507;28601;81;1;1;7;6;0;1;0;1;0;1
28602;87791507;28602;35;1;1;7;6;0;1;1;1;0;2
28603;87791507;28603;21;1;1;7;6;1;0;1;2;0;2
28604;87791507;28604;11;1;1;7;6;0;3;0;1;0;3
28605;87791507;28605;19;1;1;7;6;0;1;1;1;0;2
28606;87791507;28606;11;1;1;7;4;0;1;0;1;0;1
28607;87791507;28607;16;1;1;7;3;0;1;0;1;0;1
28608;87792402;28608;67;1;1;7;5;1;0;1;2;0;2
28609;87792404;28609;17;1;3;2;2;0;1;1;1;0;2
28610;87792404;28610;17;1;1;1;2;1;0;1;2;0;2
28611;87792404;28611;16;3;1;7;4;0;1;1;1;0;2
28612;87792404;28612;16;3;1;7;6;1;0;1;2;0;2
28613;87792404;28613;16;1;2;2;6;1;0;1;2;0;2
28614;87792404;28614;16;1;1;7;3;1;0;1;2;0;2
28615;87792404;28615;13;1;1;7;6;0;2;0;1;0;2
28616;87792404;28616;13;3;1;7;6;1;1;0;2;0;2
28617;87792404;28617;23;1;1;7;6;1;0;1;2;0;2
28618;87792404;28618;13;1;1;7;6;0;1;1;1;0;2
28619;87792404;28619;13;1;1;7;6;0;1;1;1;0;2
28620;87792404;28620;16;1;1;7;6;0;1;0;1;0;1
28621;87792405;28621;27;1;1;7;9;1;0;0;2;0;1
28622;87792412;28622;19;1;1;7;6;0;1;1;1;0;2
28623;87792412;28623;16;1;1;7;4;0;1;1;1;0;2
28624;87792503;28624;14;1;1;7;6;0;1;0;1;0;1
28625;87792503;28625;16;1;1;7;5;0;1;1;1;0;2
28626;87792503;28626;14;1;1;7;4;1;0;1;2;0;2
28627;87792503;28627;14;1;1;7;6;0;1;1;1;0;2
28628;87792503;28628;14;1;1;7;6;1;0;1;2;0;2
28629;87792511;28629;72;3;1;7;6;1;0;1;2;0;2
28630;87793410;28630;23;3;1;7;6;0;1;1;1;0;2
28631;87793505;28631;52;1;1;7;0;1;0;0;2;0;1
28632;87793505;28632;71;1;1;7;6;1;0;1;2;0;2
28633;87793505;28633;16;1;1;7;6;1;0;1;2;0;2
28634;87793505;28634;11;1;1;7;6;1;0;1;2;0;2
28635;87793505;28635;11;3;1;7;6;0;2;0;1;0;2
28636;87793505;28636;16;1;1;7;5;0;1;1;1;0;2
28637;87793505;28637;31;1;1;7;4;0;1;0;1;0;1
28638;87794506;28638;19;1;1;7;4;0;1;1;1;0;2
28639;87794506;28639;19;1;3;2;4;1;0;1;2;0;2
28640;87794506;28640;17;1;1;7;2;0;1;1;1;0;2
28641;87794506;28641;19;3;1;7;4;1;0;1;2;0;2
28642;87794506;28642;19;3;6;1;3;0;1;1;1;0;2
28643;87794506;28643;19;1;1;7;1;0;1;1;1;0;2
28644;87794506;28644;19;2;1;7;6;0;1;1;1;0;2
28645;87794506;28645;19;1;1;7;4;0;1;1;1;0;2
28646;87794506;28646;19;1;1;1;3;0;1;1;1;0;2
28647;87794510;28647;16;1;1;7;6;1;0;1;2;0;2
28648;87796302;28648;21;1;1;7;6;0;1;1;1;0;2
28649;87796501;28649;14;1;1;7;6;0;1;1;1;0;2
28650;87796501;28650;14;1;3;1;6;0;2;2;1;0;4
28651;87797403;28651;14;1;1;7;3;0;1;1;1;0;2
28652;87797410;28652;14;1;1;7;6;1;0;1;2;0;2
28653;87797504;28653;71;1;3;2;6;0;2;1;1;0;3
28654;87797504;28654;13;1;3;1;3;0;2;0;1;0;2
28655;87797504;28655;13;3;1;7;6;0;2;1;1;0;3
28656;87797506;7124;31;3;1;7;6;0;2;1;1;0;3
28657;87797507;28657;71;1;1;7;6;0;1;1;1;0;2
28658;87801106;28658;31;1;1;7;6;0;1;2;1;0;3
28659;87801108;28659;21;3;1;7;6;0;2;0;1;0;2
28660;87801403;28660;51;1;1;7;4;1;0;1;2;0;2
28661;87801504;28661;41;1;1;7;6;0;1;2;1;0;3
28662;87801504;28662;19;3;1;7;4;0;1;1;1;0;2
28663;87801504;28663;41;1;1;7;6;0;1;1;1;0;2
28664;87801504;28664;19;1;1;7;6;0;1;2;1;0;3
28665;87801504;28665;71;1;3;2;6;0;1;1;1;0;2
28666;87801504;28666;19;3;1;7;6;0;2;2;1;0;4
28667;87801504;28667;41;1;1;7;6;0;1;1;1;0;2
28668;87801504;28668;19;1;1;7;6;0;1;0;1;0;1
28669;87801504;28669;19;1;1;7;4;0;1;1;1;0;2
28670;87801504;28670;17;1;1;7;2;0;2;1;1;0;3
28671;87801504;28671;19;3;1;7;6;0;2;1;1;0;3
28672;87801504;28672;19;1;1;7;6;0;2;0;1;0;2
28673;87801504;28673;13;3;1;7;6;0;1;1;1;0;2
28674;87802106;28674;17;1;1;7;1;0;1;1;1;0;2
28675;87802106;28675;14;1;1;7;4;2;0;0;2;0;2
28676;87802106;28676;16;3;1;7;6;0;3;0;1;0;3
28677;87802106;28677;18;1;1;7;6;0;1;1;1;0;2
28678;87802204;28678;31;1;1;7;6;0;1;1;1;0;2
28679;87802205;28679;14;3;1;7;6;0;1;1;1;0;2
28680;87802207;28680;26;1;1;7;2;1;0;1;2;0;2
28681;87802207;28681;52;3;1;4;0;0;1;0;1;0;1
28682;87802211;28682;51;3;1;7;5;0;1;1;1;0;2
28683;87802309;28683;17;3;1;7;2;1;0;1;2;0;2
28684;87802412;28684;72;1;1;7;4;1;0;1;2;0;2
28685;87802412;28685;51;1;1;7;6;0;1;1;1;0;2
28686;87802501;28686;19;1;1;7;6;0;1;2;1;0;3
28687;87802501;28687;19;1;3;1;6;0;2;1;1;0;3
28688;87802501;28688;19;1;3;1;6;0;1;1;1;0;2
28689;87802501;28689;19;1;1;7;6;0;2;3;1;0;5
28690;87802501;28690;19;1;1;1;6;0;1;1;1;0;2
28691;87802501;28691;19;1;1;7;6;0;1;2;1;0;3
28692;87802501;28692;19;1;1;7;4;0;1;1;1;0;2
28693;87802501;28487;19;3;1;7;6;0;3;1;1;0;4
28694;87802501;28694;19;1;1;7;6;0;1;0;1;0;1
28695;87802501;28695;22;1;1;7;6;0;1;1;1;0;2
28696;87802501;28696;19;1;1;7;6;0;2;1;1;0;3
28697;87802501;28697;19;2;1;7;6;0;1;1;1;0;2
28698;87802501;28698;19;3;1;7;6;0;3;1;1;0;4
28699;87802501;28699;19;1;1;7;6;0;4;1;1;0;5
28700;87802501;28700;19;1;1;7;6;0;3;1;1;0;4
28701;87802501;28701;19;1;1;7;6;0;1;3;1;0;4
28702;87802501;28702;51;1;1;7;6;0;1;1;1;0;2
28703;87802501;28703;19;1;1;7;6;0;1;1;1;0;2
28704;87802501;28704;19;1;1;7;6;0;2;0;1;0;2
28705;87802501;28705;16;1;3;1;4;0;1;1;1;0;2
28706;87802501;28706;19;2;1;7;6;0;2;0;1;0;2
28707;87802501;16358;19;1;1;7;6;0;2;1;1;0;3
28708;87802501;24136;19;1;1;7;6;0;1;1;1;0;2
28709;87802501;28709;19;3;1;1;6;0;1;1;1;0;2
28710;87802501;28710;19;1;1;7;6;0;3;0;1;0;3
28711;87802501;28711;19;1;1;7;6;0;1;1;1;0;2
28712;87802501;28712;19;1;1;7;6;0;1;1;1;0;2
28713;87802501;28713;13;1;3;1;6;0;1;1;1;0;2
28714;87802503;28714;41;1;1;7;6;0;1;1;1;0;2
28715;87802507;28715;13;3;1;1;4;0;1;1;1;0;2
28716;87802507;28716;13;1;1;7;6;1;2;0;2;0;3
28717;87802507;28717;13;1;1;7;4;0;1;1;1;0;2
28718;87802507;28718;13;3;1;7;6;1;3;0;3;0;4
28719;87802507;28719;17;2;1;7;2;0;1;1;1;0;2
28720;87802507;28720;16;1;1;7;6;0;4;1;1;0;5
28721;87802509;28721;14;1;1;7;6;0;1;3;1;0;4
28722;87803103;28722;19;1;1;7;3;1;0;1;2;0;2
28723;87803103;28723;19;1;1;7;6;0;1;1;1;0;2
28724;87803105;28724;19;1;1;1;6;0;1;0;1;0;1
28725;87803105;28725;19;1;1;7;4;1;0;1;2;0;2
28726;87803120;28726;14;3;1;7;3;0;1;1;1;0;2
28727;87803205;28727;32;1;1;7;6;0;1;1;1;0;2
28728;87803205;28728;14;1;1;7;6;0;1;2;1;0;3
28729;87803305;28729;31;1;1;7;6;0;1;1;1;0;2
28730;87803305;28730;51;1;1;7;4;2;0;1;2;0;3
28731;87803305;28731;19;1;1;7;3;1;0;1;2;0;2
28732;87803305;28732;81;3;1;7;6;0;1;1;1;0;2
28733;87803309;28733;18;1;1;7;4;0;1;1;1;0;2
28734;87803309;28734;19;1;1;7;6;0;1;1;1;0;2
28735;87803309;28735;18;1;1;7;6;1;0;1;2;0;2
28736;87803309;28736;16;1;1;7;6;0;2;1;1;0;3
28737;87803403;28737;19;1;1;7;6;0;4;0;1;0;4
28738;87803403;28738;19;1;1;7;6;0;1;1;1;0;2
28739;87803403;28739;19;3;1;7;6;0;2;1;1;0;3
28740;87803403;28740;19;1;1;7;6;0;1;1;1;0;2
28741;87803403;28741;19;3;1;7;3;0;1;1;1;0;2
28742;87803403;28742;19;1;1;7;6;0;2;0;1;0;2
28743;87803403;28743;19;1;1;7;6;0;1;1;1;0;2
28744;87803403;28744;19;3;1;7;6;0;1;2;1;0;3
28745;87803408;28745;19;1;3;2;4;0;1;1;1;0;2
28746;87803408;28746;19;1;1;7;4;0;1;1;1;0;2
28747;87803408;28747;31;1;2;2;7;1;0;1;2;0;2
28748;87803408;28748;51;2;3;2;6;0;1;1;1;0;2
28749;87803502;28749;16;3;1;7;6;0;1;1;1;0;2
28750;87803502;28750;16;1;1;7;6;1;2;0;2;0;3
28751;87803502;28751;17;1;3;2;2;0;1;1;1;0;2
28752;87803502;28752;12;3;1;7;7;0;2;2;1;0;4
28753;87803502;28753;71;1;1;7;4;0;1;1;1;0;2
28754;87803502;28754;11;1;1;7;6;0;1;2;1;0;3
28755;87803502;8176;11;2;1;7;6;0;1;1;1;0;2
28756;87803502;28756;17;5;1;7;2;0;1;1;1;0;2
28757;87803511;28757;72;1;1;7;6;0;1;1;1;0;2
28758;87803513;28758;72;1;1;7;4;0;1;2;1;0;3
28759;87804106;28759;14;3;2;1;6;0;2;0;1;0;2
28760;87804106;28760;14;1;1;7;6;0;1;1;1;0;2
28761;87804114;28761;64;1;1;7;4;0;1;1;1;0;2
28762;87804120;28762;14;1;1;1;6;0;1;1;1;0;2
28763;87804315;28763;16;1;1;7;6;0;1;0;1;0;1
28764;87804404;28764;21;3;1;7;4;0;1;1;1;0;2
28765;87804404;28765;72;1;1;7;6;0;1;1;1;0;2
28766;87804405;28766;16;1;1;7;5;0;1;1;1;0;2
28767;87804405;28767;17;1;1;7;2;0;2;1;1;0;3
28768;87804405;28768;17;1;1;7;2;1;0;1;2;0;2
28769;87804405;28769;17;1;1;7;2;0;1;1;1;0;2
28770;87804405;28770;81;1;1;7;3;0;1;1;1;0;2
28771;87804405;28771;51;1;1;7;6;0;1;1;1;0;2
28772;87804405;28772;17;1;1;7;1;0;1;1;1;0;2
28773;87804414;28773;51;2;1;7;6;0;1;1;1;0;2
28774;87804414;28774;19;1;1;7;4;0;1;0;1;0;1
28775;87805104;28775;31;3;1;7;6;0;2;1;1;0;3
28776;87805110;28776;19;1;1;7;4;0;1;1;1;0;2
28777;87805301;26185;19;2;1;7;4;0;2;0;1;0;2
28778;87805301;28778;81;3;1;7;6;0;1;2;1;0;3
28779;87805302;28779;31;1;1;7;6;0;2;1;1;0;3
28780;87805302;28780;17;3;3;1;2;0;1;1;1;0;2
28781;87805302;28781;17;1;1;7;1;0;1;1;1;0;2
28782;87805302;28782;16;3;1;7;5;0;1;1;1;0;2
28783;87805306;28783;18;1;1;7;4;0;1;1;1;0;2
28784;87805306;28784;19;3;6;1;4;0;1;1;1;0;2
28785;87805306;25787;16;1;1;7;4;0;2;1;1;0;3
28786;87805306;28786;17;1;3;2;2;1;0;1;2;0;2
28787;87805306;28787;81;3;1;7;6;1;0;0;2;0;1
28788;87805306;28788;19;3;1;7;4;0;1;1;1;0;2
28789;87805306;28789;19;1;1;7;4;0;1;1;1;0;2
28790;87805408;28790;64;1;1;7;6;1;0;1;2;0;2
28791;87805408;28791;17;1;1;7;1;0;1;1;1;0;2
28792;87805506;28792;21;1;1;7;6;0;1;1;1;0;2
28793;87805509;28793;72;1;1;7;6;0;1;1;1;0;2
28794;87806101;28794;24;1;1;7;5;0;1;1;1;0;2
28795;87806101;28795;11;1;1;7;4;0;1;1;1;0;2
28796;87806203;28796;17;1;1;7;2;1;0;1;2;0;2
28797;87806203;28797;17;1;1;2;2;1;0;1;2;0;2
28798;87806203;28798;11;1;1;7;4;0;2;1;1;0;3
28799;87806205;28799;17;1;1;7;2;0;1;1;1;0;2
28800;87806205;28800;14;1;1;7;4;0;0;1;3;0;1
28801;87806205;28801;14;1;1;7;6;0;1;1;1;0;2
28802;87806205;28802;11;1;1;7;6;0;1;1;1;0;2
28803;87806205;28803;11;1;1;7;3;1;0;1;2;0;2
28804;87806205;28804;17;1;1;7;2;0;1;1;1;0;2
28805;87806205;28805;11;1;1;7;6;0;2;2;1;0;4
28806;87806205;28806;81;3;1;7;6;0;1;1;1;0;2
28807;87806210;28807;19;1;1;7;6;0;1;1;1;0;2
28808;87806303;28808;71;1;1;1;6;0;1;1;1;0;2
28809;87806403;28809;16;1;1;7;6;0;2;1;1;0;3
28810;87806504;28810;19;1;1;7;4;0;1;1;1;0;2
28811;87806504;28811;16;1;3;1;3;1;0;1;2;0;2
28812;87807103;28812;11;3;1;7;6;0;1;1;1;0;2
28813;87807103;28813;35;1;1;7;3;0;1;1;1;0;2
28814;87807103;28814;11;3;1;7;6;0;1;1;1;0;2
28815;87807107;28815;19;3;1;7;8;0;1;1;1;0;2
28816;87807107;27617;17;2;3;2;1;0;1;2;1;0;3
28817;87807107;28817;11;1;3;2;6;0;1;2;1;0;3
28818;87807107;28818;11;1;1;7;6;0;1;1;1;0;2
28819;87807107;28819;51;3;6;1;6;0;1;0;1;0;1
28820;87807305;28820;16;1;1;7;4;0;1;2;1;0;3
28821;87807309;28821;19;3;1;7;6;0;1;2;1;0;3
28822;87807401;28822;19;1;1;7;6;2;0;1;2;0;3
28823;87807401;28823;16;3;1;7;6;0;4;0;1;0;4
28824;87807401;9908;71;1;3;2;6;0;1;1;1;0;2
28825;87807401;28825;19;3;1;7;6;1;2;0;2;0;3
28826;87807401;28826;19;1;3;1;6;0;1;1;1;0;2
28827;87807401;28827;16;1;1;7;6;1;0;1;2;0;2
28828;87807401;28828;19;1;1;7;4;0;1;1;1;0;2
28829;87807401;26488;17;3;3;1;1;0;1;1;1;0;2
28830;87807401;11266;19;3;1;7;6;0;2;1;1;0;3
28831;87807401;28831;52;3;3;1;0;0;1;0;1;0;1
28832;87807408;28832;51;1;1;7;3;1;0;1;2;0;2
28833;87811101;28833;13;1;3;1;4;0;1;1;1;0;2
28834;87811102;28834;17;3;1;7;2;0;1;1;1;0;2
28835;87811102;28835;21;1;1;7;6;0;1;1;1;0;2
28836;87811201;28836;14;3;1;7;6;0;1;1;1;0;2
28837;87811201;28837;15;1;1;7;6;0;1;2;1;0;3
28838;87811201;28838;51;1;1;7;7;0;1;1;1;0;2
28839;87811201;28839;11;3;1;1;6;0;5;0;1;0;5
28840;87811201;28840;16;3;1;7;3;0;1;1;1;0;2
28841;87811201;28841;11;1;1;7;6;0;1;1;1;0;2
28842;87811201;28842;16;1;2;2;4;0;1;1;1;0;2
28843;87811201;28843;18;1;1;7;4;1;0;1;2;0;2
28844;87811201;18258;16;1;1;7;6;0;2;2;1;0;4
28845;87811201;28845;11;1;1;7;6;0;1;1;1;0;2
28846;87811201;28846;16;1;1;7;6;0;1;0;1;0;1
28847;87811201;28847;16;1;1;7;6;0;3;0;1;0;3
28848;87811201;28848;11;3;2;1;6;0;1;1;1;0;2
28849;87811201;28849;71;3;3;1;6;0;1;1;1;0;2
28850;87811201;28850;16;1;1;7;6;0;2;1;1;0;3
28851;87811201;28851;16;1;1;7;6;0;3;0;1;0;3
28852;87811202;28852;16;3;3;2;4;0;1;1;1;0;2
28853;87811202;28853;15;3;2;2;7;0;1;1;1;0;2
28854;87811202;28854;16;1;1;7;6;0;6;1;1;0;7
28855;87811202;28855;16;1;1;2;4;1;0;1;2;0;2
28856;87811202;28856;16;1;3;1;6;0;1;1;1;0;2
28857;87811202;28857;15;2;1;7;6;0;2;0;1;0;2
28858;87811202;28858;16;1;1;7;6;0;2;1;1;0;3
28859;87811202;28859;17;1;1;7;2;0;1;1;1;0;2
28860;87811202;28860;11;1;1;7;6;1;0;1;2;0;2
28861;87811202;28861;16;1;1;7;6;0;3;1;1;0;4
28862;87811202;28862;81;5;3;2;6;0;1;1;1;0;2
28863;87811202;28863;16;1;1;7;6;1;0;1;2;0;2
28864;87811202;28864;16;1;1;7;6;0;3;1;1;0;4
28865;87811202;28865;16;1;1;7;5;1;0;1;2;0;2
28866;87811202;28866;11;3;1;1;6;0;2;1;1;0;3
28867;87811202;28867;16;1;1;7;6;0;1;1;1;0;2
28868;87811202;28868;16;1;3;1;6;0;2;0;1;0;2
28869;87811202;28869;11;1;1;7;8;0;1;1;1;0;2
28870;87811202;28870;11;1;1;7;6;0;3;0;1;0;3
28871;87811202;28871;16;2;1;7;6;0;3;0;1;0;3
28872;87811202;28872;11;3;1;7;6;0;1;1;1;0;2
28873;87811202;28873;11;1;1;7;6;0;3;5;1;0;8
28874;87811202;28874;16;1;1;7;6;0;3;2;1;0;5
28875;87811202;28875;52;3;1;7;0;0;1;2;1;0;3
28876;87811202;28876;16;1;3;2;6;0;1;1;1;0;2
28877;87811202;28877;11;3;1;1;6;0;3;0;3;0;3
28878;87811202;28878;11;1;3;2;6;1;0;1;2;0;2
28879;87811202;28879;23;3;1;7;6;0;2;0;1;0;2
28880;87811202;13737;11;1;1;7;6;0;1;1;1;0;2
28881;87811202;28881;14;3;1;2;6;0;2;4;1;0;6
28882;87811202;28882;11;3;1;7;6;0;2;4;1;0;6
28883;87811202;28883;16;1;1;7;6;0;1;2;1;0;3
28884;87811202;28884;16;1;1;7;6;0;2;1;1;0;3
28885;87811202;28885;16;3;1;1;4;0;1;1;1;0;2
28886;87811202;28886;11;1;3;1;6;0;4;0;1;0;4
28887;87811202;28887;16;3;6;1;6;0;1;2;1;0;3
28888;87811202;28888;16;1;1;7;6;0;1;1;1;0;2
28889;87811202;28889;51;3;1;7;6;0;1;1;1;0;2
28890;87811202;28890;16;1;1;7;6;0;1;1;1;0;2
28891;87811202;28891;11;3;1;7;6;0;1;1;1;0;2
28892;87811202;28892;11;1;1;7;6;0;1;3;1;0;4
28893;87811202;28893;16;3;3;1;4;0;1;1;1;0;2
28894;87811202;28894;11;1;1;7;6;0;1;1;1;0;2
28895;87811202;28895;11;3;1;7;6;2;4;0;2;0;6
28896;87811202;28896;16;1;1;7;6;0;1;2;1;0;3
28897;87811202;28897;17;1;1;4;2;0;1;1;1;0;2
28898;87811202;28898;16;1;1;7;3;0;1;1;1;0;2
28899;87811202;28899;11;3;1;7;6;0;1;1;1;0;2
28900;87811202;28900;35;1;1;7;3;0;1;0;1;0;1
28901;87811202;28901;16;3;3;1;4;0;1;1;1;0;2
28902;87811202;28902;51;1;1;7;6;0;1;1;1;0;2
28903;87811301;28903;19;1;1;7;6;0;1;2;1;0;3
28904;87811301;28904;19;1;3;1;6;0;1;3;1;0;4
28905;87811301;28905;19;1;1;7;6;0;2;0;1;0;2
28906;87811301;28906;32;1;1;7;5;1;0;2;2;0;3
28907;87811404;28907;13;1;1;7;6;0;2;1;1;0;3
28908;87811405;28908;13;1;3;2;6;0;1;2;1;0;3
28909;87811405;28909;13;3;1;7;8;0;1;1;1;0;2
28910;87811405;28910;17;1;1;7;1;0;1;1;1;0;2
28911;87811405;28911;13;1;1;7;4;0;1;1;1;0;2
28912;87811405;28912;13;1;1;7;6;0;1;1;1;0;2
28913;87811405;28913;13;1;1;7;4;0;1;1;1;0;2
28914;87811405;28914;19;1;1;7;6;0;1;0;1;0;1
28915;87811406;28915;13;1;1;7;6;0;2;0;1;0;2
28916;87811406;28916;13;1;1;7;6;0;1;1;1;0;2
28917;87811406;28917;13;1;3;2;6;0;1;1;1;0;2
28918;87811406;28918;13;3;1;7;6;0;1;1;1;0;2
28919;87811406;28919;16;1;1;7;4;0;2;0;1;0;2
28920;87811406;28920;13;1;1;7;6;0;1;1;1;0;2
28921;87811406;28921;13;1;3;2;6;1;0;1;2;0;2
28922;87811406;28922;13;3;1;7;6;0;3;1;1;0;4
28923;87811406;28923;18;1;1;7;4;0;1;1;1;0;2
28924;87811406;2515;13;2;3;1;6;1;0;1;2;0;2
28925;87811406;28925;13;1;1;7;4;0;1;1;1;0;2
28926;87811406;28926;13;3;1;7;6;0;2;1;1;0;3
28927;87811406;28927;13;3;3;1;6;0;4;3;1;0;7
28928;87811406;28928;99;3;1;7;3;0;1;0;1;0;1
28929;87811406;28929;13;3;1;1;6;0;1;1;1;0;2
28930;87811501;28930;25;1;1;7;0;0;1;0;1;0;1
28931;87811501;28931;16;1;1;7;6;0;1;1;1;0;2
28932;87811501;28164;17;1;1;7;2;1;0;1;2;0;2
28933;87811501;28933;16;2;1;7;6;0;1;2;1;0;3
28934;87811501;28934;71;1;1;7;6;0;1;1;1;0;2
28935;87811501;28935;41;3;1;1;6;0;2;3;1;0;5
28936;87811501;28936;71;1;1;7;6;0;1;1;1;0;2
28937;87811501;7785;17;1;2;1;2;0;1;1;1;0;2
28938;87811501;28938;16;1;1;7;6;0;3;0;1;0;3
28939;87812101;5246;16;1;1;7;6;0;1;2;1;0;3
28940;87812101;28940;16;1;1;7;4;0;1;1;1;0;2
28941;87812101;28941;16;1;1;7;6;0;1;1;1;0;2
28942;87812101;28942;19;3;1;7;6;0;2;2;1;0;4
28943;87812101;28943;16;1;1;7;6;0;3;0;1;0;3
28944;87812101;28944;11;3;1;7;6;0;1;1;1;0;2
28945;87812101;28945;32;1;1;7;6;0;1;1;1;0;2
28946;87812101;28946;11;3;3;1;6;0;1;1;1;0;2
28947;87812102;28947;18;2;1;7;4;0;1;1;1;0;2
28948;87812102;28948;17;4;1;7;2;1;0;1;2;0;2
28949;87812102;28949;71;4;1;7;6;0;1;1;1;0;2
28950;87812102;28950;17;3;1;7;2;1;0;1;2;0;2
28951;87812102;28951;17;1;1;7;2;0;1;1;1;0;2
28952;87812102;28952;18;1;3;1;4;0;1;1;1;0;2
28953;87812102;28953;35;1;1;7;3;0;1;1;1;0;2
28954;87812102;28954;16;1;1;7;6;0;1;2;1;0;3
28955;87812201;28955;17;3;1;7;2;0;1;1;1;0;2
28956;87812201;28956;51;3;1;1;4;0;1;0;1;0;1
28957;87812304;28957;16;1;3;1;5;0;1;1;1;0;2
28958;87812304;28958;18;2;1;7;4;0;1;1;1;0;2
28959;87812304;28959;11;1;1;7;6;0;1;1;1;0;2
28960;87812304;19216;17;1;3;1;2;1;0;1;2;0;2
28961;87812304;28961;16;1;3;2;6;0;2;0;1;0;2
28962;87812304;28962;16;1;1;7;6;0;1;1;1;0;2
28963;87812304;28963;16;1;1;7;6;0;3;3;1;0;6
28964;87812304;28964;16;1;1;7;4;1;0;1;2;0;2
28965;87812304;28965;16;1;1;7;6;0;2;0;1;0;2
28966;87812304;28966;16;1;1;1;6;0;1;1;1;0;2
28967;87812304;28967;16;1;1;7;6;0;3;0;1;0;3
28968;87812304;28968;16;1;1;7;6;0;3;2;1;0;5
28969;87812304;28969;16;1;3;1;6;0;1;1;1;0;2
28970;87812304;28970;16;1;1;7;4;0;1;1;1;0;2
28971;87812304;28971;16;1;3;1;6;0;2;2;1;0;4
28972;87812304;28972;16;1;1;7;6;0;1;1;1;0;2
28973;87812304;28973;16;3;3;1;6;0;1;1;1;0;2
28974;87812304;28974;16;1;1;7;6;0;1;1;1;0;2
28975;87813102;28975;11;1;1;7;6;0;1;1;1;0;2
28976;87813102;28976;11;1;1;1;6;0;1;4;1;0;5