accident_id;lieu_id;date_id;cause_id;lum_id;intemp_id;etat_surface_id;impliq_id;nb_blesses_graves;nb_blesses_legers;nb_indemnes;gravite;nb_morts;nb_impliqués
28977;87813102;28977;17;1;1;7;1;0;1;1;1;0;2
28978;87813102;28978;35;2;1;7;4;1;0;1;2;0;2
28979;87813102;28979;11;1;1;7;6;0;3;1;1;0;4
28980;87813102;28980;11;1;1;7;6;1;0;1;2;0;2
28981;87813102;28981;11;1;1;7;6;0;1;4;1;0;5
28982;87813102;28982;17;1;1;7;2;0;1;1;1;0;2
28983;87813102;28983;16;2;3;1;5;0;1;1;1;0;2
28984;87813102;28984;21;3;1;1;6;0;1;2;1;0;3
28985;87813102;28985;16;1;1;7;4;0;1;1;1;0;2
28986;87813103;28986;35;1;1;7;3;0;1;1;1;0;2
28987;87813104;28987;14;1;3;1;6;0;1;1;1;0;2
28988;87813114;28988;16;1;1;7;6;0;1;0;1;0;1
28989;87813114;28989;31;1;1;7;6;0;1;1;1;0;2
28990;87813205;28990;16;3;1;7;3;0;1;1;1;0;2
28991;87813205;28991;14;3;3;1;6;0;1;1;1;0;2
28992;87813205;28992;81;3;1;7;4;0;1;1;1;0;2
28993;87813205;28993;31;1;1;7;6;1;0;1;2;0;2
28994;87813301;28994;16;3;3;1;3;0;1;1;1;0;2
28995;87813301;28995;51;1;1;7;4;0;1;1;1;0;2
28996;87813401;28996;16;1;1;7;6;0;1;1;1;0;2
28997;87813401;28997;11;1;1;7;6;0;1;1;1;0;2
28998;87813401;28998;16;1;1;7;4;0;1;1;1;0;2
28999;87813401;5000;22;1;1;4;6;0;1;1;1;0;2
29000;87813401;29000;11;1;1;7;6;0;1;1;1;0;2
29001;87813401;29001;11;1;1;7;6;0;1;2;1;0;3
29002;87813401;29002;11;1;1;7;4;0;1;1;1;0;2
29003;87813401;29003;11;1;3;2;6;0;1;1;1;0;2
29004;87813401;29004;16;1;3;2;6;0;1;1;1;0;2
29005;87813401;29005;11;1;1;7;6;0;1;1;1;0;2
29006;87813401;29006;11;3;3;1;6;1;0;1;2;0;2
29007;87813401;29007;11;1;1;7;6;0;3;1;1;0;4
29008;87813401;29008;16;1;1;7;6;0;3;0;1;0;3
29009;87813401;29009;11;1;1;7;6;0;1;0;3;0;1
29010;87813401;29010;11;1;1;7;6;0;1;1;1;0;2
29011;87813401;29011;11;1;1;7;6;0;1;0;1;0;1
29012;87813401;29012;16;1;1;7;6;0;6;0;1;0;6
29013;87813401;29013;11;2;1;7;6;0;1;0;1;0;1
29014;87813401;29014;16;3;1;7;6;0;1;4;1;0;5
29015;87813401;29015;16;1;1;7;6;0;1;0;1;0;1
29016;87813401;29016;11;1;2;2;6;1;0;1;2;0;2
29017;87813401;29017;18;3;1;7;6;1;0;1;2;0;2
29018;87813401;29018;51;3;1;2;6;0;2;0;1;0;2
29019;87813401;29019;11;1;1;7;6;0;1;1;1;0;2
29020;87813401;20911;16;1;1;7;6;0;1;1;1;0;2
29021;87813401;29021;11;1;3;2;6;0;1;1;1;0;2
29022;87813401;29022;11;5;3;2;6;0;2;2;1;0;4
29023;87813401;29023;16;1;1;2;6;0;1;2;1;0;3
29024;87813401;29024;11;1;1;7;6;0;1;1;1;0;2
29025;87813401;29025;16;1;1;7;6;0;1;0;1;0;1
29026;87813401;29026;16;1;1;7;6;0;2;3;1;0;5
29027;87813401;29027;16;1;3;2;6;0;1;2;1;0;3
29028;87813401;29028;12;1;1;7;7;0;1;3;1;0;4
29029;87813401;29029;16;3;1;7;6;0;1;2;1;0;3
29030;87813401;26622;11;1;1;7;6;0;1;1;1;0;2
29031;87813401;29031;16;1;3;1;6;0;1;2;1;0;3
29032;87813401;29032;16;1;1;7;6;0;2;1;1;0;3
29033;87813401;29033;16;1;1;7;6;0;1;1;1;0;2
29034;87813401;29034;16;1;1;7;6;0;1;1;1;0;2
29035;87813401;29035;11;1;1;7;6;0;1;1;1;0;2
29036;87813401;8450;11;3;1;1;6;1;3;0;2;0;4
29037;87813401;29037;11;1;1;7;6;0;1;1;1;0;2
29038;87813401;29038;16;1;1;7;6;0;1;1;1;0;2
29039;87813401;29039;16;1;3;1;6;0;1;1;1;0;2
29040;87813401;29040;18;1;1;7;5;0;2;1;1;0;3
29041;87813401;29041;16;1;1;7;6;0;1;2;1;0;3
29042;87813401;29042;11;1;1;1;6;0;1;1;1;0;2
29043;87813401;29043;16;1;3;1;6;0;3;2;1;0;5
29044;87813401;29044;16;1;3;1;6;0;2;1;1;0;3
29045;87813401;29045;16;1;1;7;6;0;1;1;1;0;2
29046;87813401;29046;11;1;1;7;6;0;1;1;1;0;2
29047;87813401;29047;16;3;1;7;6;0;1;1;1;0;2
29048;87813401;29048;11;1;1;7;6;0;1;1;1;0;2
29049;87813401;29049;16;1;1;7;6;0;1;1;1;0;2
29050;87813501;29050;15;1;3;2;8;0;2;1;1;0;3
29051;87813501;29051;81;1;1;7;4;0;1;1;1;0;2
29052;87813501;29052;19;3;1;7;6;0;3;2;1;0;5
29053;87813501;29053;16;2;1;7;6;0;1;2;1;0;3
29054;87813501;29054;11;1;1;7;8;0;1;0;1;0;1
29055;87813501;29055;71;1;1;1;6;0;1;1;1;0;2
29056;87814101;29056;14;1;1;7;4;0;1;1;1;0;2
29057;87814103;29057;14;1;2;2;4;0;1;1;1;0;2
29058;87814104;29058;31;1;1;7;6;0;1;1;1;0;2
29059;87814105;29059;21;1;1;7;6;0;1;1;1;0;2
29060;87814302;29060;51;1;3;2;6;0;1;2;1;0;3
29061;87814305;21131;14;1;1;7;6;0;1;2;1;0;3
29062;87814305;29062;14;2;1;7;6;0;3;5;1;0;8
29063;87814305;29063;14;3;1;1;6;0;4;0;1;0;4
29064;87814305;29064;14;1;3;2;6;0;4;1;1;0;5
29065;87814305;29065;14;1;3;2;6;0;1;1;3;0;2
29066;87814305;29066;14;3;1;2;6;0;2;1;1;0;3
29067;87814305;29067;14;1;1;7;3;0;1;1;1;0;2
29068;87814305;29068;14;1;1;7;6;0;1;0;1;0;1
29069;87814305;29069;14;1;1;7;6;1;0;1;2;0;2
29070;87814305;29070;14;1;1;7;6;0;3;2;1;0;5
29071;87814305;29071;14;2;1;7;6;0;2;2;1;0;4
29072;87814305;29072;13;1;1;7;6;0;1;1;1;0;2
29073;87814305;29073;16;2;1;7;5;1;0;1;2;0;2
29074;87815106;29074;19;1;1;7;6;0;1;1;1;0;2
29075;87815106;29075;21;1;1;7;6;0;1;1;1;0;2
29076;87815109;29076;51;3;1;1;0;0;1;0;1;0;1
29077;87815109;29077;52;3;3;4;0;0;1;0;1;0;1
29078;87815109;29078;17;2;1;7;2;0;1;1;1;0;2
29079;87815401;29079;14;1;1;7;4;0;1;0;1;0;1
29080;87817207;29080;19;2;1;2;3;1;0;1;2;0;2
29081;87817207;29081;13;1;3;1;4;0;1;1;1;0;2
29082;87817304;29082;51;1;3;2;3;1;0;1;2;0;2
29083;87817310;29083;19;1;1;7;6;0;1;1;1;0;2
29084;87817316;29084;52;1;1;7;7;0;1;2;3;1;4
29085;87817316;29085;11;1;1;7;6;0;1;1;1;0;2
29086;87817316;29086;11;3;1;7;6;0;1;2;1;0;3
29087;87817316;29087;11;1;1;7;6;0;3;2;1;0;5
29088;87817316;29088;11;1;1;7;6;0;2;0;1;0;2
29089;87817316;29089;51;1;1;7;3;0;1;0;1;0;1
29090;87817316;29090;18;1;1;7;6;0;1;1;1;0;2
29091;87817316;29091;11;1;1;7;6;0;1;1;1;0;2
29092;87821105;29092;17;2;1;7;2;0;1;1;1;0;2
29093;87821105;29093;71;1;1;1;6;0;1;1;1;0;2
29094;87821105;29094;19;3;1;7;6;0;2;0;1;0;2
29095;87821105;29095;19;1;1;7;6;0;1;0;1;0;1
29096;87821201;29096;11;3;1;7;6;0;1;1;1;0;2
29097;87821202;29097;17;3;1;7;2;0;1;1;1;0;2
29098;87821202;29098;15;1;1;7;6;0;1;2;1;0;3
29099;87821202;29099;11;2;1;7;6;0;1;1;1;0;2
29100;87821202;29100;14;1;1;7;5;0;1;1;1;0;2
29101;87821202;29101;11;1;1;7;6;0;1;1;1;0;2
29102;87821204;29102;71;1;1;7;6;0;1;2;1;0;3
29103;87821204;29103;72;3;1;7;6;0;1;1;1;0;2
29104;87821302;29104;13;1;1;7;6;0;1;1;1;0;2
29105;87821303;29105;11;1;3;2;4;1;0;1;2;0;2
29106;87821303;29106;14;3;1;7;6;0;2;1;1;0;3
29107;87821303;29107;11;1;1;7;6;0;1;1;1;0;2
29108;87821303;29108;12;1;1;7;6;0;3;1;1;0;4
29109;87821303;29109;17;1;1;7;1;0;1;2;1;0;3
29110;87821303;29110;11;2;1;7;6;0;1;1;1;0;2
29111;87821303;29111;16;1;3;2;6;0;1;1;1;0;2
29112;87821303;29112;14;1;3;1;6;0;3;3;1;0;6
29113;87821303;29113;20;1;1;7;2;0;1;1;1;0;2
29114;87821303;29114;11;3;1;7;6;1;1;0;2;0;2
29115;87821303;29115;16;3;1;7;6;0;1;1;1;0;2
29116;87821303;29116;23;1;3;1;5;0;1;1;1;0;2
29117;87821304;29117;71;1;1;7;6;0;1;1;1;0;2
29118;87821304;29118;16;1;1;7;6;0;3;1;1;0;4
29119;87821304;29119;72;1;1;7;6;0;1;1;1;0;2
29120;87821305;19507;51;1;1;7;6;0;1;0;1;0;1
29121;87821401;29121;31;1;1;7;6;0;1;1;1;0;2
29122;87821401;29122;72;1;1;7;6;0;1;1;1;0;2
29123;87821405;29123;31;1;1;7;5;0;1;6;1;0;7
29124;87821501;29124;19;3;1;7;6;0;1;2;1;0;3
29125;87821501;29125;71;2;1;7;6;0;1;1;1;0;2
29126;87821501;29126;51;1;1;7;6;0;2;0;1;0;2
29127;87821501;29127;27;1;1;7;4;0;1;0;1;0;1
29128;87821501;29128;19;1;1;7;6;0;1;2;1;0;3
29129;87821501;29129;17;2;1;7;2;1;1;0;2;0;2
29130;87821501;29130;19;3;1;7;6;0;1;1;1;0;2
29131;87821501;29131;21;1;1;1;6;0;2;1;1;0;3
29132;87821501;29132;17;1;1;7;2;0;1;1;1;0;2
29133;87821501;29133;71;1;1;7;6;0;1;1;1;0;2
29134;87821501;29134;32;1;1;7;6;0;1;1;1;0;2
29135;87821501;29135;19;1;3;1;6;0;2;1;1;0;3
29136;87821501;29136;18;3;1;7;6;1;0;2;3;1;4
29137;87821501;29137;17;3;1;1;2;0;1;1;1;0;2
29138;87821501;29138;17;1;1;7;2;0;1;1;1;0;2
29139;87821501;29139;16;3;3;1;6;0;1;1;1;0;2
29140;87821502;29140;16;3;1;7;3;0;2;0;1;0;2
29141;87821502;29141;16;1;1;7;6;0;1;1;1;0;2
29142;87821502;29142;17;1;3;2;1;0;1;1;1;0;2
29143;87821502;29143;74;3;3;1;6;0;1;1;1;0;2
29144;87821502;29144;81;2;1;1;5;0;2;4;1;0;6
29145;87821502;29145;32;1;1;7;6;0;1;1;1;0;2
29146;87821502;29146;17;3;3;1;2;0;1;1;1;0;2
29147;87821502;29147;16;3;1;7;4;1;0;1;2;0;2
29148;87822104;19070;71;2;1;7;6;0;1;1;1;0;2
29149;87822105;29149;11;1;4;3;6;0;1;1;1;0;2
29150;87822105;29150;16;1;1;7;6;0;3;2;1;0;5
29151;87822105;29151;11;1;1;7;6;0;2;2;1;0;4
29152;87822105;29152;71;3;1;7;6;0;1;1;1;0;2
29153;87822105;29153;16;1;1;1;6;0;1;2;1;0;3
29154;87822105;29154;35;1;1;7;3;0;1;1;1;0;2
29155;87822105;29155;11;1;1;7;6;1;0;1;2;0;2
29156;87822105;29156;16;1;1;7;5;0;1;2;1;0;3
29157;87822105;29157;81;3;1;7;6;1;3;0;2;0;4
29158;87822105;29158;11;1;1;7;6;0;1;1;1;0;2
29159;87822105;29159;11;3;3;1;6;0;1;1;1;0;2
29160;87822201;29160;18;1;1;7;6;0;1;2;1;0;3
29161;87822201;29161;72;3;1;1;6;0;2;1;1;0;3
29162;87822201;29162;18;3;1;7;4;0;2;2;1;0;4
29163;87822201;29163;71;3;1;7;6;0;1;1;1;0;2
29164;87822204;29164;18;1;1;7;6;0;1;1;1;0;2
29165;87822301;29165;14;1;1;7;6;0;3;0;1;0;3
29166;87822303;29166;73;1;1;7;6;0;1;1;1;0;2
29167;87822303;29167;19;1;1;7;4;0;1;1;1;0;2
29168;87822401;29168;14;1;1;7;6;0;1;1;1;0;2
29169;87822401;29169;14;1;1;7;6;0;1;1;1;0;2
29170;87822401;29170;14;3;1;7;6;0;1;2;1;0;3
29171;87822401;29171;14;3;1;7;6;0;1;1;1;0;2
29172;87822401;29172;14;1;1;7;6;0;1;2;1;0;3
29173;87822402;29173;18;1;3;1;5;0;1;1;1;0;2
29174;87822404;29174;14;1;1;1;6;0;1;1;1;0;2
29175;87822404;29175;14;1;1;7;6;0;1;1;1;0;2
29176;87822404;29176;14;1;1;7;6;0;1;1;1;0;2
29177;87822404;29177;19;3;3;2;6;0;1;3;3;1;5
29178;87822404;29178;14;1;1;7;6;0;1;1;1;0;2
29179;87822404;29179;14;2;1;7;6;0;2;1;1;0;3
29180;87822404;29180;19;1;1;1;6;0;1;1;1;0;2
29181;87822404;29181;14;1;1;7;6;0;2;1;1;0;3
29182;87822404;29182;51;1;1;7;6;0;2;1;1;0;3
29183;87822404;29183;19;1;1;7;4;0;1;1;1;0;2
29184;87822404;29184;14;1;1;7;6;0;1;2;1;0;3
29185;87822404;29185;14;1;1;7;6;0;1;1;1;0;2
29186;87822404;29186;14;1;3;1;4;0;1;1;1;0;2
29187;87822404;29187;14;1;1;1;6;0;1;1;1;0;2
29188;87822501;29188;51;3;3;2;6;0;1;1;1;0;2
29189;87822501;29189;17;3;1;1;2;0;1;1;1;0;2
29190;87822501;29190;15;1;1;1;6;0;1;1;1;0;2
29191;87822501;29191;11;1;1;7;6;0;1;1;1;0;2
29192;87822501;29192;35;1;1;7;4;0;1;1;1;0;2
29193;87822501;29193;16;1;1;7;3;0;1;1;1;0;2
29194;87822501;29194;12;3;2;1;7;0;2;4;1;0;6
29195;87822501;29195;11;3;1;1;3;0;1;1;1;0;2
29196;87822501;27970;11;3;1;1;6;0;3;3;1;0;6
29197;87822501;29197;51;1;1;7;6;0;1;2;1;0;3
29198;87822501;29198;17;1;1;7;4;0;1;0;1;0;1
29199;87822501;29199;11;1;1;7;6;0;1;1;1;0;2
29200;87822501;29200;11;1;1;7;6;0;1;1;1;0;2
29201;87823101;29201;14;3;1;7;6;1;0;1;2;0;2
29202;87823102;29202;24;1;1;7;2;0;1;1;1;0;2
29203;87823303;29203;19;1;1;7;4;0;1;3;1;0;4
29204;87823506;29204;51;3;2;2;4;0;1;1;1;0;2
29205;87823511;29205;51;1;4;3;6;0;1;1;1;0;2
29206;87823511;29206;51;1;6;1;6;0;2;2;1;0;4
29207;87824101;29207;21;1;1;7;6;0;1;1;1;0;2
29208;87824101;29208;16;1;1;1;6;0;2;1;1;0;3
29209;87824101;29209;51;1;1;7;0;0;1;0;1;0;1
29210;87824101;29210;16;3;1;7;6;0;2;1;1;0;3
29211;87824103;29211;71;1;1;7;6;0;1;1;1;0;2
29212;87824103;29212;72;3;1;7;6;0;1;1;1;0;2
29213;87824403;29213;14;3;1;7;6;0;1;3;1;0;4
29214;87824403;29214;31;1;1;7;4;0;1;1;1;0;2
29215;87824403;29215;51;1;1;7;6;0;1;3;1;0;4
29216;87824403;29216;31;3;1;7;6;0;1;1;1;0;2
29217;87824403;24274;51;1;1;2;6;0;1;1;1;0;2
29218;87824511;29218;14;3;3;1;6;0;1;1;1;0;2
29219;87824511;29219;16;3;1;1;4;1;0;2;2;0;3
29220;87824511;29220;16;1;1;7;4;0;1;1;1;0;2
29221;87825103;29221;72;1;1;7;6;0;1;1;1;0;2
29222;87825405;29222;51;1;1;7;4;0;1;1;1;0;2
29223;87825405;29223;14;2;1;7;6;0;1;2;1;0;3
29224;87825405;29224;14;1;1;7;6;0;1;1;1;0;2
29225;87825405;29225;51;1;1;7;6;0;2;0;1;0;2
29226;87825405;29226;14;2;1;1;6;0;1;1;1;0;2
29227;87825405;29227;14;1;1;7;6;0;2;0;1;0;2
29228;87825405;29228;14;1;1;1;6;0;1;1;1;0;2
29229;87825405;29229;14;1;1;7;6;0;1;1;1;0;2
29230;87825405;29230;14;1;1;7;6;0;1;1;1;0;2
29231;87825405;29231;14;1;1;7;6;0;2;1;1;0;3
29232;87826101;29232;14;1;3;1;6;0;1;2;1;0;3
29233;87826101;29233;14;1;2;2;6;0;2;4;1;0;6
29234;87826101;29234;14;1;1;7;6;0;1;2;1;0;3
29235;87826101;29235;14;1;1;7;6;0;2;1;1;0;3
29236;87826101;29236;52;1;1;7;0;0;1;2;1;0;3
29237;87826101;29237;14;3;6;1;6;0;1;1;1;0;2
29238;87826101;29238;18;1;1;7;7;0;2;1;1;0;3
29239;87826101;29239;13;1;1;7;3;0;1;1;1;0;2
29240;87826101;29240;13;1;1;7;6;0;2;2;1;0;4
29241;87826101;29241;13;1;3;1;6;0;4;0;1;0;4
29242;87826101;29242;13;1;1;7;4;0;1;1;1;0;2
29243;87826101;29243;13;1;3;1;4;0;1;2;1;0;3
29244;87826101;29244;13;3;1;7;4;0;1;1;1;0;2
29245;87826101;29245;13;3;1;7;4;0;1;1;1;0;2
29246;87826101;29246;72;3;3;1;6;0;1;1;1;0;2
29247;87826101;29247;13;1;1;7;6;0;2;1;1;0;3
29248;87826203;29248;16;1;3;1;5;0;1;1;1;0;2
29249;87826203;29249;16;1;1;7;6;0;2;1;1;0;3
29250;87826203;29250;16;1;3;2;6;0;1;3;1;0;4
29251;87826203;29251;11;1;1;7;6;0;1;3;1;0;4
29252;87826203;29252;16;1;1;7;6;0;1;1;1;0;2
29253;87826203;29253;21;1;1;7;7;0;0;1;3;0;1
29254;87826203;29254;16;1;1;7;6;0;5;3;1;0;8
29255;87826203;29255;11;1;1;7;4;0;1;0;1;0;1
29256;87826203;29256;16;1;1;7;4;0;1;1;1;0;2
29257;87826203;29257;23;1;1;7;6;0;1;2;1;0;3
29258;87826203;29258;24;1;1;7;6;0;1;1;1;0;2
29259;87826203;29259;16;3;1;7;4;0;1;1;1;0;2
29260;87826203;29260;16;3;1;7;4;1;0;1;2;0;2
29261;87826203;29261;15;1;1;7;6;0;1;1;1;0;2
29262;87826203;29262;11;1;1;7;6;0;1;1;1;0;2
29263;87826203;29263;11;1;1;1;6;0;1;1;1;0;2
29264;87826203;29264;16;2;1;7;6;0;1;1;1;0;2
29265;87826203;29265;11;1;3;1;6;0;2;1;1;0;3
29266;87827303;29266;51;2;1;7;6;0;2;1;1;0;3
29267;87827303;29267;14;2;1;4;6;0;6;0;1;0;6
29268;87827303;29268;17;1;1;7;1;0;1;1;1;0;2
29269;87827303;29269;16;1;3;1;4;0;1;1;1;0;2
29270;87831102;29270;81;1;1;7;6;0;2;3;1;0;5
29271;87831201;29271;21;1;1;7;6;0;1;1;1;0;2
29272;87831201;29272;81;3;1;7;6;0;1;2;1;0;3
29273;87831201;29273;52;1;3;2;7;0;0;1;3;0;1
29274;87832218;29274;19;1;3;2;6;0;1;0;1;0;1
29275;87832218;29275;21;1;1;7;4;0;1;1;1;0;2
29276;87832218;29276;19;1;1;7;5;0;1;1;1;0;2
29277;87832218;29277;17;1;1;7;2;0;1;1;1;0;2
29278;87832312;29278;63;1;3;1;4;0;1;1;1;0;2
29279;87832312;29279;16;3;1;7;3;0;2;0;1;0;2
29280;87832317;29280;11;1;1;7;6;1;0;1;2;0;2
29281;87832317;29281;11;3;1;7;6;4;0;2;2;0;6
29282;87832317;6328;72;1;1;7;6;0;1;1;1;0;2
29283;87832501;29283;14;1;1;7;3;1;0;0;2;0;1
29284;87832501;29284;52;2;1;7;0;0;1;1;1;0;2
29285;87833308;29285;81;1;1;7;6;0;1;2;1;0;3
29286;87833313;29286;71;1;1;7;6;1;0;1;2;0;2
29287;87833313;29287;63;1;1;7;4;0;1;1;1;0;2
29288;87833313;29288;17;1;1;7;2;1;0;1;2;0;2
29289;87833313;29289;17;1;1;7;1;0;1;2;1;0;3
29290;87833317;29290;14;3;1;7;6;0;1;1;1;0;2
29291;87833318;29291;11;1;1;7;6;1;0;1;2;0;2
29292;87833318;29292;11;1;1;7;6;0;1;1;1;0;2
29293;87833318;29293;11;2;1;7;6;0;1;1;1;0;2
29294;87833318;29294;11;1;1;7;6;2;0;2;2;0;4
29295;87833318;29295;11;1;1;7;6;0;1;0;1;0;1
29296;87833318;29296;16;1;1;7;4;0;1;1;1;0;2
29297;87833318;29297;11;1;1;7;6;0;2;1;1;0;3
29298;87833417;29298;32;1;1;7;6;0;1;1;1;0;2
29299;87833417;29299;67;1;1;7;6;0;1;1;1;0;2
29300;87833417;29300;64;1;1;7;4;0;1;1;1;0;2
29301;87833422;29301;71;1;1;7;6;0;1;1;1;0;2
29302;87833509;29302;21;1;1;7;6;0;1;2;1;0;3
29303;87834207;29303;85;3;1;7;7;0;1;1;1;0;2
29304;87834207;29304;17;3;3;2;2;0;1;1;1;0;2
29305;87834207;29305;17;3;1;7;1;0;1;1;1;0;2
29306;87834207;29306;17;1;1;7;1;0;1;0;1;0;1
29307;87834207;29307;52;2;1;7;0;0;1;0;1;0;1
29308;87834302;29308;14;1;1;7;6;0;1;0;1;0;1
29309;87834302;29309;14;1;1;7;6;0;1;2;1;0;3
29310;87834302;29310;14;2;3;1;3;0;1;1;1;0;2
29311;87834302;29311;14;1;1;7;6;0;4;0;1;0;4
29312;87834302;29312;14;1;1;7;6;0;1;0;1;0;1
29313;87834302;29313;14;1;3;1;6;0;1;3;1;0;4
29314;87834302;29314;14;1;1;7;4;0;1;1;1;0;2
29315;87834302;29315;14;1;1;7;6;0;1;1;1;0;2
29316;87834303;20948;16;3;3;1;4;0;1;1;1;0;2
29317;87834305;28834;17;2;1;7;2;0;1;1;1;0;2
29318;87834305;29318;32;1;1;7;6;0;1;1;1;0;2
29319;87834305;29319;14;1;1;7;6;0;1;1;1;0;2
29320;87834305;29320;14;1;1;7;6;0;1;1;1;0;2
29321;87834305;29321;12;1;1;7;2;0;1;1;1;0;2
29322;87834307;29322;14;1;1;7;6;0;1;1;1;0;2
29323;87834405;29323;17;3;1;7;2;0;1;1;1;0;2
29324;87834405;29324;11;1;3;1;6;0;1;1;1;0;2
29325;87834405;29325;51;1;1;7;6;0;1;3;1;0;4
29326;87834409;29326;11;1;1;7;6;0;1;2;1;0;3
29327;87834409;29327;41;1;3;2;6;0;1;1;1;0;2
29328;87834409;29328;17;1;1;2;2;2;0;1;2;0;3
29329;87834409;29329;15;1;1;7;6;0;1;1;1;0;2
29330;87834409;29330;11;1;1;7;6;0;1;1;1;0;2
29331;87834409;29331;16;1;1;7;6;0;1;1;1;0;2
29332;87834409;29332;11;1;1;7;6;0;1;0;1;0;1
29333;87834409;29333;72;1;1;7;3;0;2;0;1;0;2
29334;87834409;29334;11;1;2;1;6;0;1;1;1;0;2
29335;87834409;29335;16;1;3;1;5;0;1;1;1;0;2
29336;87834514;29336;16;1;1;7;4;0;1;1;1;0;2
29337;87835102;29337;16;1;1;7;6;0;3;0;1;0;3
29338;87835102;29338;16;1;1;7;6;0;1;0;1;0;1
29339;87835102;29339;16;1;1;7;6;0;1;0;1;0;1
29340;87835102;29340;16;1;1;7;6;0;2;0;1;0;2
29341;87835102;29341;72;1;1;7;7;0;0;1;3;0;1
29342;87835102;29342;16;1;1;7;6;0;1;2;1;0;3
29343;87835102;29343;11;1;1;7;6;1;2;1;2;0;4
29344;87835102;29344;35;1;1;7;3;0;1;1;1;0;2
29345;87835102;29345;11;1;1;7;4;0;1;0;1;0;1
29346;87835102;29346;16;1;1;7;6;0;1;1;1;0;2
29347;87835217;29347;14;1;1;7;6;0;1;1;1;0;2
29348;87835217;29348;14;1;1;7;6;0;1;1;1;0;2
29349;87835217;29349;21;3;3;2;6;0;1;0;1;0;1
29350;87835217;12649;17;3;3;2;2;1;0;1;2;0;2
29351;87835402;29351;19;3;3;1;6;0;1;1;1;0;2
29352;87835402;29352;19;1;1;7;6;0;1;1;1;0;2
29353;87835402;29353;71;1;1;7;5;0;1;1;1;0;2
29354;87835402;29354;19;1;3;1;4;0;2;1;1;0;3
29355;87836401;29355;51;3;1;7;6;0;1;2;1;0;3
29356;87836401;29356;17;1;1;7;2;0;1;1;1;0;2
29357;87836401;29357;72;3;1;7;6;0;0;1;3;0;1
29358;87836401;29358;16;1;1;7;4;0;1;1;1;0;2
29359;87836401;29359;51;1;3;2;6;0;3;0;1;0;3
29360;87836401;29360;17;3;1;7;2;0;1;1;1;0;2
29361;87836409;29361;14;1;1;7;6;0;1;1;1;0;2
29362;87836411;29362;19;3;3;2;6;0;2;0;1;0;2
29363;87836411;29363;14;1;1;7;6;0;1;1;1;0;2
29364;87836411;29364;72;1;1;7;6;0;1;1;1;0;2
29365;87836411;29365;14;1;1;7;6;0;1;1;1;0;2
29366;87836411;29366;14;1;1;1;6;0;1;2;1;0;3
29367;87836503;29367;51;1;1;7;6;0;1;1;1;0;2
29368;87836503;29368;16;1;3;2;6;2;0;0;2;0;2
29369;87836503;29369;71;1;1;7;6;1;0;1;2;0;2
29370;87836503;29370;17;1;1;7;2;0;1;1;1;0;2
29371;87836503;29371;17;1;1;7;2;0;1;1;1;0;2
29372;87836503;29372;17;1;1;7;2;1;0;1;2;0;2
29373;87836503;29373;63;3;1;7;5;0;1;2;1;0;3
29374;87836508;29374;71;1;1;7;6;0;1;1;1;0;2
29375;87837203;29375;14;1;1;1;6;0;1;1;1;0;2
29376;87837203;29376;19;1;1;7;6;0;2;0;1;0;2
29377;87837203;29377;19;1;1;7;6;0;1;1;1;0;2
29378;87837203;29378;81;3;1;7;6;0;2;0;1;0;2
29379;87837203;29379;19;3;1;7;6;0;6;0;1;0;6
29380;87837203;29380;19;1;1;1;6;0;1;1;1;0;2
29381;87837203;29381;19;1;1;7;6;0;2;2;1;0;4
29382;87837203;29382;81;1;1;7;6;0;3;1;1;0;4
29383;87837203;29383;81;3;1;7;6;0;1;3;1;0;4
29384;87837503;29384;11;1;1;7;6;0;1;1;1;0;2
29385;87837503;29385;71;1;1;7;6;1;0;1;2;0;2
29386;87837503;29386;11;3;1;7;6;0;1;0;1;0;1
29387;87837503;29387;15;1;1;7;6;0;1;1;1;0;2
29388;87837503;29388;16;1;1;7;6;0;1;2;1;0;3
29389;87837503;29389;16;1;1;1;4;0;1;1;1;0;2
29390;87837506;29390;16;1;1;7;5;0;1;1;1;0;2
29391;87837506;29391;52;3;1;1;6;0;1;3;1;0;4
29392;87837506;29392;16;1;1;7;6;0;2;0;1;0;2
29393;87837506;29393;71;1;1;7;6;0;1;1;1;0;2